episode_id,zona,tier,tgl_mulai,tgl_akhir,durasi,swh_puncak,swh_rerata_episode,hari_dalam_tahun,musim,tahun,jeda_sebelumnya,u_k
573-A-1-0001,573-A,1,2001-02-06,2001-02-15,10,2.9729,2.5546,37.0,Barat,2001,-1,2.2909
573-A-1-0002,573-A,1,2001-03-20,2001-03-22,3,2.7052,2.621,79.0,Peralihan I,2001,32,2.2909
573-A-1-0003,573-A,1,2001-05-09,2001-05-16,8,2.8539,2.5168,129.0,Peralihan I,2001,47,2.2909
573-A-1-0004,573-A,1,2001-06-03,2001-06-03,1,2.355,2.355,154.0,Timur,2001,17,2.2909
573-A-1-0005,573-A,1,2001-06-17,2001-06-21,5,2.673,2.5632,168.0,Timur,2001,13,2.2909
573-A-1-0006,573-A,1,2001-07-01,2001-07-07,7,2.8085,2.657,182.0,Timur,2001,9,2.2909
573-A-1-0007,573-A,1,2001-07-13,2001-07-15,3,2.5268,2.4542,194.0,Timur,2001,5,2.2909
573-A-1-0008,573-A,1,2001-07-20,2001-07-27,8,2.858,2.5585,201.0,Timur,2001,4,2.2909
573-A-1-0009,573-A,1,2001-07-31,2001-08-14,15,3.0854,2.5838,212.0,Timur,2001,3,2.2909
573-A-1-0010,573-A,1,2001-08-17,2001-08-19,3,2.543,2.4897,229.0,Timur,2001,2,2.2909
573-A-1-0011,573-A,1,2001-09-01,2001-09-01,1,2.2999,2.2999,244.0,Peralihan II,2001,12,2.2909
573-A-1-0012,573-A,1,2001-09-07,2001-09-08,2,2.4706,2.419,250.0,Peralihan II,2001,5,2.2909
573-A-1-0013,573-A,1,2001-09-11,2001-09-13,3,2.93,2.7953,254.0,Peralihan II,2001,2,2.2909
573-A-1-0014,573-A,1,2001-09-21,2001-09-22,2,2.4855,2.4196,264.0,Peralihan II,2001,7,2.2909
573-A-1-0015,573-A,1,2001-10-01,2001-10-02,2,2.3854,2.3386,274.0,Peralihan II,2001,8,2.2909
573-A-1-0016,573-A,1,2001-10-08,2001-10-08,1,2.3462,2.3462,281.0,Peralihan II,2001,5,2.2909
573-A-1-0017,573-A,1,2002-01-12,2002-01-12,1,2.3179,2.3179,12.0,Barat,2002,95,2.2909
573-A-1-0018,573-A,1,2002-02-04,2002-02-04,1,2.349,2.349,35.0,Barat,2002,22,2.2909
573-A-1-0019,573-A,1,2002-05-04,2002-05-05,2,2.5516,2.5303,124.0,Peralihan I,2002,88,2.2909
573-A-1-0020,573-A,1,2002-05-08,2002-05-14,7,2.9263,2.5516,128.0,Peralihan I,2002,2,2.2909
573-A-1-0021,573-A,1,2002-05-22,2002-05-22,1,2.4362,2.4362,142.0,Peralihan I,2002,7,2.2909
573-A-1-0022,573-A,1,2002-05-26,2002-06-02,8,2.7615,2.4565,146.0,Peralihan I,2002,3,2.2909
573-A-1-0023,573-A,1,2002-06-06,2002-06-06,1,2.3244,2.3244,157.0,Timur,2002,3,2.2909
573-A-1-0024,573-A,1,2002-06-09,2002-06-10,2,2.5662,2.5278,160.0,Timur,2002,2,2.2909
573-A-1-0025,573-A,1,2002-07-02,2002-07-04,3,3.0046,2.8436,183.0,Timur,2002,21,2.2909
573-A-1-0026,573-A,1,2002-07-10,2002-07-15,6,2.8214,2.7141,191.0,Timur,2002,5,2.2909
573-A-1-0027,573-A,1,2002-07-19,2002-07-22,4,2.593,2.4338,200.0,Timur,2002,3,2.2909
573-A-1-0028,573-A,1,2002-07-27,2002-07-29,3,2.7761,2.7186,208.0,Timur,2002,4,2.2909
573-A-1-0029,573-A,1,2002-08-05,2002-08-08,4,2.7713,2.5813,217.0,Timur,2002,6,2.2909
573-A-1-0030,573-A,1,2002-08-16,2002-08-19,4,3.5058,2.9636,228.0,Timur,2002,7,2.2909
573-A-1-0031,573-A,1,2002-08-28,2002-08-29,2,2.4896,2.4622,240.0,Timur,2002,8,2.2909
573-A-1-0032,573-A,1,2002-09-03,2002-09-06,4,3.2094,2.8872,246.0,Peralihan II,2002,4,2.2909
573-A-1-0033,573-A,1,2002-09-09,2002-09-09,1,2.3473,2.3473,252.0,Peralihan II,2002,2,2.2909
573-A-1-0034,573-A,1,2002-09-16,2002-09-17,2,2.3147,2.31,259.0,Peralihan II,2002,6,2.2909
573-A-1-0035,573-A,1,2002-09-24,2002-09-26,3,2.4284,2.3675,267.0,Peralihan II,2002,6,2.2909
573-A-1-0036,573-A,1,2002-10-08,2002-10-08,1,2.5653,2.5653,281.0,Peralihan II,2002,11,2.2909
573-A-1-0037,573-A,1,2002-10-23,2002-10-23,1,2.3145,2.3145,296.0,Peralihan II,2002,14,2.2909
573-A-1-0038,573-A,1,2002-10-29,2002-10-30,2,2.4348,2.4025,302.0,Peralihan II,2002,5,2.2909
573-A-1-0039,573-A,1,2003-02-26,2003-03-02,5,2.7136,2.5316,57.0,Barat,2003,118,2.2909
573-A-1-0040,573-A,1,2003-04-06,2003-04-07,2,2.6248,2.5915,96.0,Peralihan I,2003,34,2.2909
573-A-1-0041,573-A,1,2003-04-14,2003-04-14,1,2.4126,2.4126,104.0,Peralihan I,2003,6,2.2909
573-A-1-0042,573-A,1,2003-04-28,2003-04-29,2,2.5903,2.5646,118.0,Peralihan I,2003,13,2.2909
573-A-1-0043,573-A,1,2003-05-23,2003-05-23,1,2.3506,2.3506,143.0,Peralihan I,2003,23,2.2909
573-A-1-0044,573-A,1,2003-05-26,2003-06-02,8,3.0704,2.5786,146.0,Peralihan I,2003,2,2.2909
573-A-1-0045,573-A,1,2003-06-08,2003-06-09,2,2.4406,2.4206,159.0,Timur,2003,5,2.2909
573-A-1-0046,573-A,1,2003-06-26,2003-06-28,3,2.5323,2.408,177.0,Timur,2003,16,2.2909
573-A-1-0047,573-A,1,2003-07-08,2003-07-08,1,2.3789,2.3789,189.0,Timur,2003,9,2.2909
573-A-1-0048,573-A,1,2003-07-16,2003-07-17,2,2.4721,2.3934,197.0,Timur,2003,7,2.2909
573-A-1-0049,573-A,1,2003-07-22,2003-07-25,4,2.6214,2.5184,203.0,Timur,2003,4,2.2909
573-A-1-0050,573-A,1,2003-08-01,2003-08-03,3,2.3652,2.3352,213.0,Timur,2003,6,2.2909
573-A-1-0051,573-A,1,2003-08-09,2003-08-10,2,2.4509,2.4272,221.0,Timur,2003,5,2.2909
573-A-1-0052,573-A,1,2003-08-13,2003-08-14,2,3.1336,3.0599,225.0,Timur,2003,2,2.2909
573-A-1-0053,573-A,1,2003-08-24,2003-08-25,2,2.5581,2.5572,236.0,Timur,2003,9,2.2909
573-A-1-0054,573-A,1,2003-09-04,2003-09-14,11,3.0826,2.6594,247.0,Peralihan II,2003,9,2.2909
573-A-1-0055,573-A,1,2003-09-22,2003-09-26,5,3.2209,2.9109,265.0,Peralihan II,2003,7,2.2909
573-A-1-0056,573-A,1,2003-10-20,2003-10-21,2,2.4617,2.4483,293.0,Peralihan II,2003,23,2.2909
573-A-1-0057,573-A,1,2004-01-01,2004-01-02,2,2.49,2.4618,1.0,Barat,2004,71,2.2909
573-A-1-0058,573-A,1,2004-02-10,2004-02-11,2,2.3915,2.3521,41.0,Barat,2004,38,2.2909
573-A-1-0059,573-A,1,2004-02-16,2004-02-18,3,2.7134,2.5965,47.0,Barat,2004,4,2.2909
573-A-1-0060,573-A,1,2004-04-20,2004-04-21,2,2.6129,2.5511,111.0,Peralihan I,2004,61,2.2909
573-A-1-0061,573-A,1,2004-05-11,2004-05-13,3,2.817,2.6191,132.0,Peralihan I,2004,19,2.2909
573-A-1-0062,573-A,1,2004-05-27,2004-05-30,4,2.7379,2.5882,148.0,Peralihan I,2004,13,2.2909
573-A-1-0063,573-A,1,2004-06-09,2004-06-17,9,2.8804,2.6429,161.0,Timur,2004,9,2.2909
573-A-1-0064,573-A,1,2004-07-02,2004-07-03,2,2.568,2.5272,184.0,Timur,2004,14,2.2909
573-A-1-0065,573-A,1,2004-07-08,2004-07-10,3,2.5563,2.4393,190.0,Timur,2004,4,2.2909
573-A-1-0066,573-A,1,2004-08-03,2004-08-05,3,2.608,2.5273,216.0,Timur,2004,23,2.2909
573-A-1-0067,573-A,1,2004-08-16,2004-08-17,2,2.4455,2.4384,229.0,Timur,2004,10,2.2909
573-A-1-0068,573-A,1,2004-08-24,2004-08-29,6,3.2788,2.7617,237.0,Timur,2004,6,2.2909
573-A-1-0069,573-A,1,2004-09-08,2004-09-09,2,2.3311,2.3302,252.0,Peralihan II,2004,9,2.2909
573-A-1-0070,573-A,1,2004-09-12,2004-09-13,2,2.4386,2.4355,256.0,Peralihan II,2004,2,2.2909
573-A-1-0071,573-A,1,2004-09-22,2004-09-23,2,2.4673,2.3995,266.0,Peralihan II,2004,8,2.2909
573-A-1-0072,573-A,1,2004-10-09,2004-10-09,1,2.3972,2.3972,283.0,Peralihan II,2004,15,2.2909
573-A-1-0073,573-A,1,2005-01-14,2005-01-17,4,2.4247,2.3392,14.0,Barat,2005,96,2.2909
573-A-1-0074,573-A,1,2005-04-25,2005-04-26,2,2.4772,2.4432,115.0,Peralihan I,2005,97,2.2909
573-A-1-0075,573-A,1,2005-05-16,2005-05-22,7,3.0327,2.7024,136.0,Peralihan I,2005,19,2.2909
573-A-1-0076,573-A,1,2005-05-29,2005-05-30,2,2.4024,2.3922,149.0,Peralihan I,2005,6,2.2909
573-A-1-0077,573-A,1,2005-06-28,2005-07-03,6,2.9378,2.6442,179.0,Timur,2005,28,2.2909
573-A-1-0078,573-A,1,2005-07-16,2005-07-24,9,2.8538,2.5239,197.0,Timur,2005,12,2.2909
573-A-1-0079,573-A,1,2005-07-30,2005-08-02,4,2.6282,2.478,211.0,Timur,2005,5,2.2909
573-A-1-0080,573-A,1,2005-08-16,2005-08-20,5,2.8601,2.6824,228.0,Timur,2005,13,2.2909
573-A-1-0081,573-A,1,2005-09-01,2005-09-03,3,2.4949,2.4365,244.0,Peralihan II,2005,11,2.2909
573-A-1-0082,573-A,1,2005-09-06,2005-09-10,5,3.2658,2.8564,249.0,Peralihan II,2005,2,2.2909
573-A-1-0083,573-A,1,2005-09-19,2005-09-26,8,2.9217,2.5435,262.0,Peralihan II,2005,8,2.2909
573-A-1-0084,573-A,1,2005-09-30,2005-10-08,9,2.949,2.5981,273.0,Peralihan II,2005,3,2.2909
573-A-1-0085,573-A,1,2005-10-11,2005-10-12,2,2.3687,2.3416,284.0,Peralihan II,2005,2,2.2909
573-A-1-0086,573-A,1,2005-11-08,2005-11-11,4,3.189,2.8242,312.0,Peralihan II,2005,26,2.2909
573-A-1-0087,573-A,1,2005-12-07,2005-12-08,2,2.3647,2.3318,341.0,Barat,2005,25,2.2909
573-A-1-0088,573-A,1,2006-01-22,2006-01-25,4,2.7082,2.496,22.0,Barat,2006,44,2.2909
573-A-1-0089,573-A,1,2006-04-01,2006-04-01,1,2.3077,2.3077,91.0,Peralihan I,2006,65,2.2909
573-A-1-0090,573-A,1,2006-05-19,2006-05-20,2,2.4902,2.4604,139.0,Peralihan I,2006,47,2.2909
573-A-1-0091,573-A,1,2006-06-06,2006-06-08,3,2.3565,2.3407,157.0,Timur,2006,16,2.2909
573-A-1-0092,573-A,1,2006-06-11,2006-06-13,3,2.4611,2.3949,162.0,Timur,2006,2,2.2909
573-A-1-0093,573-A,1,2006-06-27,2006-06-29,3,2.5042,2.4701,178.0,Timur,2006,13,2.2909
573-A-1-0094,573-A,1,2006-07-06,2006-07-08,3,3.1086,2.9327,187.0,Timur,2006,6,2.2909
573-A-1-0095,573-A,1,2006-07-13,2006-07-14,2,2.7397,2.6554,194.0,Timur,2006,4,2.2909
573-A-1-0096,573-A,1,2006-07-19,2006-07-23,5,2.5839,2.5183,200.0,Timur,2006,4,2.2909
573-A-1-0097,573-A,1,2006-07-26,2006-07-31,6,3.2251,2.8168,207.0,Timur,2006,2,2.2909
573-A-1-0098,573-A,1,2006-08-04,2006-08-11,8,3.3413,2.7651,216.0,Timur,2006,3,2.2909
573-A-1-0099,573-A,1,2006-08-15,2006-08-16,2,2.5407,2.5014,227.0,Timur,2006,3,2.2909
573-A-1-0100,573-A,1,2006-09-03,2006-09-04,2,2.3666,2.3323,246.0,Peralihan II,2006,17,2.2909
573-A-1-0101,573-A,1,2006-09-07,2006-09-08,2,2.4093,2.3668,250.0,Peralihan II,2006,2,2.2909
573-A-1-0102,573-A,1,2006-09-23,2006-09-24,2,2.5235,2.4926,266.0,Peralihan II,2006,14,2.2909
573-A-1-0103,573-A,1,2006-09-30,2006-10-07,8,2.8706,2.5759,273.0,Peralihan II,2006,5,2.2909
573-A-1-0104,573-A,1,2006-10-14,2006-10-16,3,2.6613,2.5603,287.0,Peralihan II,2006,6,2.2909
573-A-1-0105,573-A,1,2006-10-26,2006-10-27,2,2.3416,2.3354,299.0,Peralihan II,2006,9,2.2909
573-A-1-0106,573-A,1,2007-01-02,2007-01-02,1,2.6121,2.6121,2.0,Barat,2007,66,2.2909
573-A-1-0107,573-A,1,2007-03-03,2007-03-08,6,2.5706,2.4486,62.0,Peralihan I,2007,59,2.2909
573-A-1-0108,573-A,1,2007-05-08,2007-05-09,2,2.4299,2.3949,128.0,Peralihan I,2007,60,2.2909
573-A-1-0109,573-A,1,2007-05-17,2007-05-19,3,2.9632,2.7316,137.0,Peralihan I,2007,7,2.2909
573-A-1-0110,573-A,1,2007-06-04,2007-06-05,2,2.3827,2.3708,155.0,Timur,2007,15,2.2909
573-A-1-0111,573-A,1,2007-07-04,2007-07-07,4,2.9676,2.7164,185.0,Timur,2007,28,2.2909
573-A-1-0112,573-A,1,2007-07-10,2007-07-11,2,2.5187,2.5125,191.0,Timur,2007,2,2.2909
573-A-1-0113,573-A,1,2007-07-23,2007-08-04,13,3.0459,2.6207,204.0,Timur,2007,11,2.2909
573-A-1-0114,573-A,1,2007-08-07,2007-08-10,4,2.7018,2.5128,219.0,Timur,2007,2,2.2909
573-A-1-0115,573-A,1,2007-08-15,2007-08-17,3,2.6607,2.555,227.0,Timur,2007,4,2.2909
573-A-1-0116,573-A,1,2007-08-29,2007-09-04,7,2.8171,2.5517,241.0,Timur,2007,11,2.2909
573-A-1-0117,573-A,1,2007-09-09,2007-09-09,1,2.3422,2.3422,252.0,Peralihan II,2007,4,2.2909
573-A-1-0118,573-A,1,2007-09-17,2007-09-21,5,2.8725,2.8001,260.0,Peralihan II,2007,7,2.2909
573-A-1-0119,573-A,1,2007-09-26,2007-09-27,2,2.8324,2.8265,269.0,Peralihan II,2007,4,2.2909
573-A-1-0120,573-A,1,2007-11-22,2007-11-22,1,2.4507,2.4507,326.0,Peralihan II,2007,55,2.2909
573-A-1-0121,573-A,1,2007-12-26,2007-12-27,2,2.5668,2.5109,360.0,Barat,2007,33,2.2909
573-A-1-0122,573-A,1,2007-12-30,2008-01-03,5,2.528,2.4201,364.0,Barat,2007,2,2.2909
573-A-1-0123,573-A,1,2008-02-09,2008-02-23,15,2.9747,2.6119,40.0,Barat,2008,36,2.2909
573-A-1-0124,573-A,1,2008-05-02,2008-05-02,1,2.3936,2.3936,123.0,Peralihan I,2008,68,2.2909
573-A-1-0125,573-A,1,2008-05-10,2008-05-11,2,2.4087,2.3999,131.0,Peralihan I,2008,7,2.2909
573-A-1-0126,573-A,1,2008-05-15,2008-05-16,2,2.4362,2.4137,136.0,Peralihan I,2008,3,2.2909
573-A-1-0127,573-A,1,2008-06-17,2008-06-18,2,2.5972,2.5593,169.0,Timur,2008,31,2.2909
573-A-1-0128,573-A,1,2008-06-22,2008-06-22,1,2.4064,2.4064,174.0,Timur,2008,3,2.2909
573-A-1-0129,573-A,1,2008-06-27,2008-07-02,6,2.5191,2.3474,179.0,Timur,2008,4,2.2909
573-A-1-0130,573-A,1,2008-07-07,2008-07-09,3,2.7001,2.574,189.0,Timur,2008,4,2.2909
573-A-1-0131,573-A,1,2008-07-18,2008-07-22,5,2.6613,2.5065,200.0,Timur,2008,8,2.2909
573-A-1-0132,573-A,1,2008-07-25,2008-07-26,2,2.3948,2.3679,207.0,Timur,2008,2,2.2909
573-A-1-0133,573-A,1,2008-07-30,2008-08-02,4,2.6281,2.4526,212.0,Timur,2008,3,2.2909
573-A-1-0134,573-A,1,2008-08-07,2008-08-07,1,2.3198,2.3198,220.0,Timur,2008,4,2.2909
573-A-1-0135,573-A,1,2008-08-18,2008-08-19,2,2.3221,2.3098,231.0,Timur,2008,10,2.2909
573-A-1-0136,573-A,1,2008-09-01,2008-09-02,2,2.3965,2.3741,245.0,Peralihan II,2008,12,2.2909
573-A-1-0137,573-A,1,2008-09-15,2008-09-18,4,2.5495,2.4272,259.0,Peralihan II,2008,12,2.2909
573-A-1-0138,573-A,1,2008-09-21,2008-09-23,3,3.1024,2.8712,265.0,Peralihan II,2008,2,2.2909
573-A-1-0139,573-A,1,2008-09-28,2008-09-28,1,2.4053,2.4053,272.0,Peralihan II,2008,4,2.2909
573-A-1-0140,573-A,1,2008-10-05,2008-10-05,1,2.3287,2.3287,279.0,Peralihan II,2008,6,2.2909
573-A-1-0141,573-A,1,2008-10-15,2008-10-16,2,2.4035,2.3955,289.0,Peralihan II,2008,9,2.2909
573-A-1-0142,573-A,1,2008-11-08,2008-11-09,2,2.4646,2.4609,313.0,Peralihan II,2008,22,2.2909
573-A-1-0143,573-A,1,2009-01-15,2009-01-15,1,2.3432,2.3432,15.0,Barat,2009,66,2.2909
573-A-1-0144,573-A,1,2009-02-05,2009-02-08,4,2.6488,2.541,36.0,Barat,2009,20,2.2909
573-A-1-0145,573-A,1,2009-05-24,2009-05-25,2,2.5152,2.4564,144.0,Peralihan I,2009,104,2.2909
573-A-1-0146,573-A,1,2009-06-16,2009-06-18,3,2.7646,2.6506,167.0,Timur,2009,21,2.2909
573-A-1-0147,573-A,1,2009-06-26,2009-06-26,1,2.5826,2.5826,177.0,Timur,2009,7,2.2909
573-A-1-0148,573-A,1,2009-06-30,2009-07-03,4,2.639,2.5071,181.0,Timur,2009,3,2.2909
573-A-1-0149,573-A,1,2009-07-12,2009-07-12,1,2.3874,2.3874,193.0,Timur,2009,8,2.2909
573-A-1-0150,573-A,1,2009-07-22,2009-07-24,3,2.9886,2.7738,203.0,Timur,2009,9,2.2909
573-A-1-0151,573-A,1,2009-08-14,2009-08-17,4,2.7244,2.5989,226.0,Timur,2009,20,2.2909
573-A-1-0152,573-A,1,2009-08-21,2009-08-22,2,2.6114,2.5485,233.0,Timur,2009,3,2.2909
573-A-1-0153,573-A,1,2009-08-26,2009-08-26,1,2.408,2.408,238.0,Timur,2009,3,2.2909
573-A-1-0154,573-A,1,2009-09-05,2009-09-08,4,2.5369,2.4591,248.0,Peralihan II,2009,9,2.2909
573-A-1-0155,573-A,1,2009-09-11,2009-09-15,5,3.5127,3.0824,254.0,Peralihan II,2009,2,2.2909
573-A-1-0156,573-A,1,2009-09-25,2009-09-27,3,2.6972,2.5636,268.0,Peralihan II,2009,9,2.2909
573-A-1-0157,573-A,1,2009-10-02,2009-10-02,1,2.3138,2.3138,275.0,Peralihan II,2009,4,2.2909
573-A-1-0158,573-A,1,2009-10-13,2009-10-13,1,2.3092,2.3092,286.0,Peralihan II,2009,10,2.2909
573-A-1-0159,573-A,1,2010-01-13,2010-01-14,2,2.507,2.4906,13.0,Barat,2010,91,2.2909
573-A-1-0160,573-A,1,2010-06-02,2010-06-03,2,2.3212,2.3171,153.0,Timur,2010,138,2.2909
573-A-1-0161,573-A,1,2010-06-18,2010-06-19,2,2.6485,2.5995,169.0,Timur,2010,14,2.2909
573-A-1-0162,573-A,1,2010-06-22,2010-06-26,5,2.7261,2.4978,173.0,Timur,2010,2,2.2909
573-A-1-0163,573-A,1,2010-07-11,2010-07-20,10,3.1525,2.6654,192.0,Timur,2010,14,2.2909
573-A-1-0164,573-A,1,2010-08-04,2010-08-06,3,2.5574,2.4761,216.0,Timur,2010,14,2.2909
573-A-1-0165,573-A,1,2010-08-10,2010-08-15,6,2.5147,2.3264,222.0,Timur,2010,3,2.2909
573-A-1-0166,573-A,1,2010-09-10,2010-09-11,2,2.6041,2.5056,253.0,Peralihan II,2010,25,2.2909
573-A-1-0167,573-A,1,2010-09-19,2010-09-20,2,2.4083,2.3771,262.0,Peralihan II,2010,7,2.2909
573-A-1-0168,573-A,1,2010-09-24,2010-09-24,1,2.4736,2.4736,267.0,Peralihan II,2010,3,2.2909
573-A-1-0169,573-A,1,2010-10-06,2010-10-08,3,2.6089,2.5555,279.0,Peralihan II,2010,11,2.2909
573-A-1-0170,573-A,1,2011-01-02,2011-01-03,2,2.4412,2.4318,2.0,Barat,2011,85,2.2909
573-A-1-0171,573-A,1,2011-01-10,2011-01-17,8,2.5992,2.4444,10.0,Barat,2011,6,2.2909
573-A-1-0172,573-A,1,2011-02-06,2011-02-06,1,2.3043,2.3043,37.0,Barat,2011,19,2.2909
573-A-1-0173,573-A,1,2011-04-27,2011-04-28,2,2.3907,2.3845,117.0,Peralihan I,2011,79,2.2909
573-A-1-0174,573-A,1,2011-05-11,2011-05-11,1,2.315,2.315,131.0,Peralihan I,2011,12,2.2909
573-A-1-0175,573-A,1,2011-06-04,2011-06-05,2,2.4165,2.4074,155.0,Timur,2011,23,2.2909
573-A-1-0176,573-A,1,2011-06-17,2011-06-25,9,2.7688,2.4517,168.0,Timur,2011,11,2.2909
573-A-1-0177,573-A,1,2011-07-01,2011-07-02,2,2.5259,2.4246,182.0,Timur,2011,5,2.2909
573-A-1-0178,573-A,1,2011-07-22,2011-07-25,4,2.4895,2.3924,203.0,Timur,2011,19,2.2909
573-A-1-0179,573-A,1,2011-08-01,2011-08-04,4,2.885,2.6831,213.0,Timur,2011,6,2.2909
573-A-1-0180,573-A,1,2011-08-07,2011-08-08,2,2.3469,2.3468,219.0,Timur,2011,2,2.2909
573-A-1-0181,573-A,1,2011-08-17,2011-08-20,4,3.1896,2.9119,229.0,Timur,2011,8,2.2909
573-A-1-0182,573-A,1,2011-08-24,2011-08-27,4,2.7679,2.5427,236.0,Timur,2011,3,2.2909
573-A-1-0183,573-A,1,2011-09-05,2011-09-05,1,2.3659,2.3659,248.0,Peralihan II,2011,8,2.2909
573-A-1-0184,573-A,1,2011-09-09,2011-09-11,3,2.5373,2.4462,252.0,Peralihan II,2011,3,2.2909
573-A-1-0185,573-A,1,2011-09-21,2011-09-24,4,2.7089,2.4538,264.0,Peralihan II,2011,9,2.2909
573-A-1-0186,573-A,1,2011-10-15,2011-10-19,5,3.2454,2.9136,288.0,Peralihan II,2011,20,2.2909
573-A-1-0187,573-A,1,2012-01-10,2012-01-11,2,2.3501,2.3252,10.0,Barat,2012,82,2.2909
573-A-1-0188,573-A,1,2012-01-23,2012-01-29,7,2.8984,2.6189,23.0,Barat,2012,11,2.2909
573-A-1-0189,573-A,1,2012-03-10,2012-03-11,2,2.4102,2.4037,70.0,Peralihan I,2012,40,2.2909
573-A-1-0190,573-A,1,2012-03-14,2012-03-20,7,2.7797,2.6163,74.0,Peralihan I,2012,2,2.2909
573-A-1-0191,573-A,1,2012-04-04,2012-04-07,4,3.0189,2.7895,95.0,Peralihan I,2012,14,2.2909
573-A-1-0192,573-A,1,2012-04-19,2012-04-21,3,2.9083,2.6903,110.0,Peralihan I,2012,11,2.2909
573-A-1-0193,573-A,1,2012-05-10,2012-05-11,2,2.4633,2.4575,131.0,Peralihan I,2012,18,2.2909
573-A-1-0194,573-A,1,2012-05-25,2012-05-26,2,2.5975,2.5762,146.0,Peralihan I,2012,13,2.2909
573-A-1-0195,573-A,1,2012-06-15,2012-06-17,3,2.4899,2.4296,167.0,Timur,2012,19,2.2909
573-A-1-0196,573-A,1,2012-07-01,2012-07-05,5,2.5928,2.3577,183.0,Timur,2012,13,2.2909
573-A-1-0197,573-A,1,2012-07-19,2012-07-26,8,2.5121,2.3455,201.0,Timur,2012,13,2.2909
573-A-1-0198,573-A,1,2012-08-03,2012-08-04,2,2.3719,2.336,216.0,Timur,2012,7,2.2909
573-A-1-0199,573-A,1,2012-08-09,2012-08-11,3,2.9108,2.7678,222.0,Timur,2012,4,2.2909
573-A-1-0200,573-A,1,2012-08-29,2012-08-30,2,2.6666,2.6271,242.0,Timur,2012,17,2.2909
573-A-1-0201,573-A,1,2012-09-02,2012-09-07,6,2.8532,2.6711,246.0,Peralihan II,2012,2,2.2909
573-A-1-0202,573-A,1,2012-09-23,2012-09-25,3,2.907,2.7549,267.0,Peralihan II,2012,15,2.2909
573-A-1-0203,573-A,1,2012-12-01,2012-12-01,1,2.2955,2.2955,336.0,Barat,2012,66,2.2909
573-A-1-0204,573-A,1,2013-01-06,2013-01-13,8,2.8885,2.6922,6.0,Barat,2013,35,2.2909
573-A-1-0205,573-A,1,2013-02-25,2013-02-27,3,2.5046,2.4686,56.0,Barat,2013,42,2.2909
573-A-1-0206,573-A,1,2013-04-27,2013-04-28,2,2.3584,2.3536,117.0,Peralihan I,2013,58,2.2909
573-A-1-0207,573-A,1,2013-05-09,2013-05-14,6,3.0484,2.6021,129.0,Peralihan I,2013,10,2.2909
573-A-1-0208,573-A,1,2013-06-25,2013-07-02,8,2.8203,2.5653,176.0,Timur,2013,41,2.2909
573-A-1-0209,573-A,1,2013-07-17,2013-07-19,3,2.4339,2.3322,198.0,Timur,2013,14,2.2909
573-A-1-0210,573-A,1,2013-07-26,2013-07-30,5,2.8512,2.5844,207.0,Timur,2013,6,2.2909
573-A-1-0211,573-A,1,2013-08-06,2013-08-07,2,2.5606,2.5416,218.0,Timur,2013,6,2.2909
573-A-1-0212,573-A,1,2013-08-10,2013-08-13,4,2.9039,2.6737,222.0,Timur,2013,2,2.2909
573-A-1-0213,573-A,1,2013-08-18,2013-08-18,1,2.3135,2.3135,230.0,Timur,2013,4,2.2909
573-A-1-0214,573-A,1,2013-09-02,2013-09-07,6,3.4968,3.0501,245.0,Peralihan II,2013,14,2.2909
573-A-1-0215,573-A,1,2013-09-13,2013-09-15,3,2.6741,2.5574,256.0,Peralihan II,2013,5,2.2909
573-A-1-0216,573-A,1,2013-09-19,2013-09-29,11,2.9614,2.5967,262.0,Peralihan II,2013,3,2.2909
573-A-1-0217,573-A,1,2013-10-08,2013-10-15,8,3.4448,2.7199,281.0,Peralihan II,2013,8,2.2909
573-A-1-0218,573-A,1,2014-01-31,2014-01-31,1,2.3104,2.3104,31.0,Barat,2014,107,2.2909
573-A-1-0219,573-A,1,2014-02-04,2014-02-05,2,2.3907,2.3486,35.0,Barat,2014,3,2.2909
573-A-1-0220,573-A,1,2014-04-20,2014-04-21,2,2.4003,2.3626,110.0,Peralihan I,2014,73,2.2909
573-A-1-0221,573-A,1,2014-04-30,2014-05-01,2,2.5536,2.5407,120.0,Peralihan I,2014,8,2.2909
573-A-1-0222,573-A,1,2014-05-10,2014-05-16,7,2.6849,2.4593,130.0,Peralihan I,2014,8,2.2909
573-A-1-0223,573-A,1,2014-05-26,2014-05-27,2,2.3383,2.333,146.0,Peralihan I,2014,9,2.2909
573-A-1-0224,573-A,1,2014-06-06,2014-06-07,2,2.32,2.3107,157.0,Timur,2014,9,2.2909
573-A-1-0225,573-A,1,2014-06-13,2014-06-14,2,2.4661,2.4309,164.0,Timur,2014,5,2.2909
573-A-1-0226,573-A,1,2014-06-19,2014-06-21,3,2.7557,2.5536,170.0,Timur,2014,4,2.2909
573-A-1-0227,573-A,1,2014-06-24,2014-06-29,6,2.9271,2.6104,175.0,Timur,2014,2,2.2909
573-A-1-0228,573-A,1,2014-07-04,2014-07-11,8,2.7868,2.4759,185.0,Timur,2014,4,2.2909
573-A-1-0229,573-A,1,2014-07-17,2014-07-19,3,2.6836,2.5526,198.0,Timur,2014,5,2.2909
573-A-1-0230,573-A,1,2014-07-23,2014-07-24,2,2.3673,2.3663,204.0,Timur,2014,3,2.2909
573-A-1-0231,573-A,1,2014-07-27,2014-07-29,3,2.4807,2.4162,208.0,Timur,2014,2,2.2909
573-A-1-0232,573-A,1,2014-08-05,2014-08-07,3,2.5509,2.5214,217.0,Timur,2014,6,2.2909
573-A-1-0233,573-A,1,2014-08-10,2014-08-12,3,3.0952,2.8672,222.0,Timur,2014,2,2.2909
573-A-1-0234,573-A,1,2014-08-15,2014-08-15,1,2.317,2.317,227.0,Timur,2014,2,2.2909
573-A-1-0235,573-A,1,2014-08-24,2014-08-29,6,3.3002,2.8267,236.0,Timur,2014,8,2.2909
573-A-1-0236,573-A,1,2014-09-10,2014-09-17,8,2.7738,2.5779,253.0,Peralihan II,2014,11,2.2909
573-A-1-0237,573-A,1,2014-09-23,2014-09-27,5,2.7753,2.4645,266.0,Peralihan II,2014,5,2.2909
573-A-1-0238,573-A,1,2014-09-30,2014-09-30,1,2.304,2.304,273.0,Peralihan II,2014,2,2.2909
573-A-1-0239,573-A,1,2014-10-13,2014-10-14,2,2.3896,2.3826,286.0,Peralihan II,2014,12,2.2909
573-A-1-0240,573-A,1,2015-01-09,2015-01-10,2,2.4277,2.3683,9.0,Barat,2015,86,2.2909
573-A-1-0241,573-A,1,2015-04-25,2015-04-25,1,2.4245,2.4245,115.0,Peralihan I,2015,104,2.2909
573-A-1-0242,573-A,1,2015-05-06,2015-05-07,2,2.5945,2.5612,126.0,Peralihan I,2015,10,2.2909
573-A-1-0243,573-A,1,2015-05-30,2015-05-31,2,2.3551,2.3509,150.0,Peralihan I,2015,22,2.2909
573-A-1-0244,573-A,1,2015-06-04,2015-06-08,5,2.7878,2.5903,155.0,Timur,2015,3,2.2909
573-A-1-0245,573-A,1,2015-06-18,2015-06-19,2,2.332,2.3254,169.0,Timur,2015,9,2.2909
573-A-1-0246,573-A,1,2015-06-26,2015-06-30,5,3.2504,2.8783,177.0,Timur,2015,6,2.2909
573-A-1-0247,573-A,1,2015-08-11,2015-08-12,2,2.6452,2.5791,223.0,Timur,2015,41,2.2909
573-A-1-0248,573-A,1,2015-08-30,2015-09-02,4,2.7068,2.5462,242.0,Timur,2015,17,2.2909
573-A-1-0249,573-A,1,2015-09-07,2015-09-09,3,2.5877,2.476,250.0,Peralihan II,2015,4,2.2909
573-A-1-0250,573-A,1,2015-09-14,2015-09-15,2,2.4899,2.4871,257.0,Peralihan II,2015,4,2.2909
573-A-1-0251,573-A,1,2015-09-22,2015-09-22,1,2.4504,2.4504,265.0,Peralihan II,2015,6,2.2909
573-A-1-0252,573-A,1,2015-10-03,2015-10-08,6,2.6045,2.4691,276.0,Peralihan II,2015,10,2.2909
573-A-1-0253,573-A,1,2016-04-27,2016-04-27,1,2.3192,2.3192,118.0,Peralihan I,2016,201,2.2909
573-A-1-0254,573-A,1,2016-05-16,2016-05-19,4,2.788,2.6048,137.0,Peralihan I,2016,18,2.2909
573-A-1-0255,573-A,1,2016-05-23,2016-05-27,5,2.7123,2.3596,144.0,Peralihan I,2016,3,2.2909
573-A-1-0256,573-A,1,2016-05-30,2016-06-05,7,2.8089,2.5333,151.0,Peralihan I,2016,2,2.2909
573-A-1-0257,573-A,1,2016-06-08,2016-06-10,3,3.3256,3.162,160.0,Timur,2016,2,2.2909
573-A-1-0258,573-A,1,2016-06-27,2016-06-29,3,2.6132,2.4132,179.0,Timur,2016,16,2.2909
573-A-1-0259,573-A,1,2016-07-11,2016-07-12,2,2.5518,2.5368,193.0,Timur,2016,11,2.2909
573-A-1-0260,573-A,1,2016-07-17,2016-07-21,5,2.9322,2.7593,199.0,Timur,2016,4,2.2909
573-A-1-0261,573-A,1,2016-07-24,2016-07-24,1,2.3134,2.3134,206.0,Timur,2016,2,2.2909
573-A-1-0262,573-A,1,2016-08-01,2016-08-04,4,3.36,2.9192,214.0,Timur,2016,7,2.2909
573-A-1-0263,573-A,1,2016-08-09,2016-08-11,3,2.3857,2.3497,222.0,Timur,2016,4,2.2909
573-A-1-0264,573-A,1,2016-08-15,2016-08-20,6,2.4675,2.3146,228.0,Timur,2016,3,2.2909
573-A-1-0265,573-A,1,2016-09-05,2016-09-05,1,2.3359,2.3359,249.0,Peralihan II,2016,15,2.2909
573-A-1-0266,573-A,1,2016-09-09,2016-09-13,5,2.9161,2.5664,253.0,Peralihan II,2016,3,2.2909
573-A-1-0267,573-A,1,2016-10-04,2016-10-04,1,2.4263,2.4263,278.0,Peralihan II,2016,20,2.2909
573-A-1-0268,573-A,1,2016-10-10,2016-10-11,2,2.4039,2.3674,284.0,Peralihan II,2016,5,2.2909
573-A-1-0269,573-A,1,2016-10-28,2016-10-29,2,2.3826,2.3427,302.0,Peralihan II,2016,16,2.2909
573-A-1-0270,573-A,1,2016-12-21,2016-12-23,3,2.4947,2.4541,356.0,Barat,2016,52,2.2909
573-A-1-0271,573-A,1,2016-12-26,2016-12-27,2,2.7345,2.6941,361.0,Barat,2016,2,2.2909
573-A-1-0272,573-A,1,2017-01-29,2017-01-30,2,2.3616,2.3613,29.0,Barat,2017,32,2.2909
573-A-1-0273,573-A,1,2017-02-02,2017-02-02,1,2.4066,2.4066,33.0,Barat,2017,2,2.2909
573-A-1-0274,573-A,1,2017-02-07,2017-02-12,6,2.6519,2.4226,38.0,Barat,2017,4,2.2909
573-A-1-0275,573-A,1,2017-03-20,2017-03-22,3,3.0795,2.8959,79.0,Peralihan I,2017,35,2.2909
573-A-1-0276,573-A,1,2017-03-29,2017-03-29,1,2.3251,2.3251,88.0,Peralihan I,2017,6,2.2909
573-A-1-0277,573-A,1,2017-04-24,2017-04-24,1,2.3011,2.3011,114.0,Peralihan I,2017,25,2.2909
573-A-1-0278,573-A,1,2017-05-07,2017-05-08,2,2.5793,2.5171,127.0,Peralihan I,2017,12,2.2909
573-A-1-0279,573-A,1,2017-05-11,2017-05-13,3,2.7635,2.6073,131.0,Peralihan I,2017,2,2.2909
573-A-1-0280,573-A,1,2017-06-04,2017-06-10,7,3.0895,2.6713,155.0,Timur,2017,21,2.2909
573-A-1-0281,573-A,1,2017-06-15,2017-06-18,4,2.6094,2.4392,166.0,Timur,2017,4,2.2909
573-A-1-0282,573-A,1,2017-07-04,2017-07-04,1,2.333,2.333,185.0,Timur,2017,15,2.2909
573-A-1-0283,573-A,1,2017-07-14,2017-07-16,3,3.0417,2.8145,195.0,Timur,2017,9,2.2909
573-A-1-0284,573-A,1,2017-07-21,2017-07-23,3,2.8007,2.6546,202.0,Timur,2017,4,2.2909
573-A-1-0285,573-A,1,2017-07-30,2017-08-06,8,3.082,2.6912,211.0,Timur,2017,6,2.2909
573-A-1-0286,573-A,1,2017-08-11,2017-08-19,9,2.8575,2.5226,223.0,Timur,2017,4,2.2909
573-A-1-0287,573-A,1,2017-09-04,2017-09-05,2,2.3851,2.3782,247.0,Peralihan II,2017,15,2.2909
573-A-1-0288,573-A,1,2017-09-13,2017-09-13,1,2.2935,2.2935,256.0,Peralihan II,2017,7,2.2909
573-A-1-0289,573-A,1,2017-10-18,2017-10-19,2,2.8441,2.769,291.0,Peralihan II,2017,34,2.2909
573-A-1-0290,573-A,1,2017-11-30,2017-12-01,2,2.6813,2.5665,334.0,Peralihan II,2017,41,2.2909
573-A-1-0291,573-A,1,2017-12-20,2017-12-20,1,2.4279,2.4279,354.0,Barat,2017,18,2.2909
573-A-1-0292,573-A,1,2018-01-12,2018-01-14,3,2.6536,2.5258,12.0,Barat,2018,22,2.2909
573-A-1-0293,573-A,1,2018-01-25,2018-01-29,5,2.558,2.4694,25.0,Barat,2018,10,2.2909
573-A-1-0294,573-A,1,2018-04-23,2018-04-23,1,2.4826,2.4826,113.0,Peralihan I,2018,83,2.2909
573-A-1-0295,573-A,1,2018-04-30,2018-04-30,1,2.407,2.407,120.0,Peralihan I,2018,6,2.2909
573-A-1-0296,573-A,1,2018-05-16,2018-05-16,1,2.362,2.362,136.0,Peralihan I,2018,15,2.2909
573-A-1-0297,573-A,1,2018-05-26,2018-05-29,4,3.0769,2.75,146.0,Peralihan I,2018,9,2.2909
573-A-1-0298,573-A,1,2018-06-20,2018-06-21,2,2.4826,2.4623,171.0,Timur,2018,21,2.2909
573-A-1-0299,573-A,1,2018-07-06,2018-07-08,3,2.808,2.5953,187.0,Timur,2018,14,2.2909
573-A-1-0300,573-A,1,2018-07-14,2018-07-31,18,4.2312,2.9744,195.0,Timur,2018,5,2.2909
573-A-1-0301,573-A,1,2018-08-03,2018-08-07,5,3.2244,2.7822,215.0,Timur,2018,2,2.2909
573-A-1-0302,573-A,1,2018-08-12,2018-08-13,2,2.4752,2.4079,224.0,Timur,2018,4,2.2909
573-A-1-0303,573-A,1,2018-08-16,2018-08-16,1,2.3684,2.3684,228.0,Timur,2018,2,2.2909
573-A-1-0304,573-A,1,2018-08-24,2018-08-25,2,2.4557,2.4207,236.0,Timur,2018,7,2.2909
573-A-1-0305,573-A,1,2018-08-31,2018-09-01,2,2.8063,2.7565,243.0,Timur,2018,5,2.2909
573-A-1-0306,573-A,1,2018-09-07,2018-09-08,2,2.6296,2.6123,250.0,Peralihan II,2018,5,2.2909
573-A-1-0307,573-A,1,2018-09-12,2018-09-20,9,2.557,2.3923,255.0,Peralihan II,2018,3,2.2909
573-A-1-0308,573-A,1,2019-01-22,2019-01-22,1,2.3452,2.3452,22.0,Barat,2019,123,2.2909
573-A-1-0309,573-A,1,2019-01-25,2019-01-26,2,2.4199,2.3825,25.0,Barat,2019,2,2.2909
573-A-1-0310,573-A,1,2019-03-20,2019-03-24,5,2.5788,2.3499,79.0,Peralihan I,2019,52,2.2909
573-A-1-0311,573-A,1,2019-04-17,2019-04-23,7,2.7444,2.5502,107.0,Peralihan I,2019,23,2.2909
573-A-1-0312,573-A,1,2019-05-11,2019-05-12,2,2.4075,2.3695,131.0,Peralihan I,2019,17,2.2909
573-A-1-0313,573-A,1,2019-06-02,2019-06-02,1,2.6953,2.6953,153.0,Timur,2019,20,2.2909
573-A-1-0314,573-A,1,2019-06-10,2019-06-14,5,3.3271,2.9421,161.0,Timur,2019,7,2.2909
573-A-1-0315,573-A,1,2019-06-27,2019-06-30,4,3.1789,2.8825,178.0,Timur,2019,12,2.2909
573-A-1-0316,573-A,1,2019-07-03,2019-07-08,6,2.7388,2.4941,184.0,Timur,2019,2,2.2909
573-A-1-0317,573-A,1,2019-07-12,2019-07-12,1,2.3004,2.3004,193.0,Timur,2019,3,2.2909
573-A-1-0318,573-A,1,2019-07-16,2019-07-17,2,2.4811,2.4564,197.0,Timur,2019,3,2.2909
573-A-1-0319,573-A,1,2019-07-22,2019-07-25,4,3.2632,2.9122,203.0,Timur,2019,4,2.2909
573-A-1-0320,573-A,1,2019-08-03,2019-08-03,1,2.3893,2.3893,215.0,Timur,2019,8,2.2909
573-A-1-0321,573-A,1,2019-08-09,2019-08-10,2,2.5087,2.4608,221.0,Timur,2019,5,2.2909
573-A-1-0322,573-A,1,2019-08-19,2019-08-26,8,2.6756,2.4558,231.0,Timur,2019,8,2.2909
573-A-1-0323,573-A,1,2019-09-04,2019-09-05,2,2.5784,2.5553,247.0,Peralihan II,2019,8,2.2909
573-A-1-0324,573-A,1,2019-09-15,2019-09-17,3,2.7765,2.6012,258.0,Peralihan II,2019,9,2.2909
573-A-1-0325,573-A,1,2019-09-22,2019-09-23,2,2.3996,2.3626,265.0,Peralihan II,2019,4,2.2909
573-A-1-0326,573-A,1,2019-09-28,2019-09-28,1,2.4375,2.4375,271.0,Peralihan II,2019,4,2.2909
573-A-1-0327,573-A,1,2019-10-05,2019-10-06,2,2.3387,2.3285,278.0,Peralihan II,2019,6,2.2909
573-A-1-0328,573-A,1,2019-10-24,2019-10-29,6,2.522,2.4586,297.0,Peralihan II,2019,17,2.2909
573-A-1-0329,573-A,1,2020-04-27,2020-04-28,2,2.4424,2.4198,118.0,Peralihan I,2020,180,2.2909
573-A-1-0330,573-A,1,2020-05-04,2020-05-04,1,2.3198,2.3198,125.0,Peralihan I,2020,5,2.2909
573-A-1-0331,573-A,1,2020-05-20,2020-05-21,2,2.4842,2.443,141.0,Peralihan I,2020,15,2.2909
573-A-1-0332,573-A,1,2020-05-26,2020-05-30,5,3.0224,2.7219,147.0,Peralihan I,2020,4,2.2909
573-A-1-0333,573-A,1,2020-06-16,2020-06-21,6,2.7522,2.5933,168.0,Timur,2020,16,2.2909
573-A-1-0334,573-A,1,2020-06-24,2020-06-25,2,2.4596,2.4201,176.0,Timur,2020,2,2.2909
573-A-1-0335,573-A,1,2020-06-30,2020-07-04,5,3.15,2.7681,182.0,Timur,2020,4,2.2909
573-A-1-0336,573-A,1,2020-07-12,2020-07-20,9,2.9913,2.7019,194.0,Timur,2020,7,2.2909
573-A-1-0337,573-A,1,2020-07-27,2020-07-29,3,2.8034,2.6532,209.0,Timur,2020,6,2.2909
573-A-1-0338,573-A,1,2020-08-04,2020-08-04,1,2.3235,2.3235,217.0,Timur,2020,5,2.2909
573-A-1-0339,573-A,1,2020-08-11,2020-08-13,3,2.8597,2.7281,224.0,Timur,2020,6,2.2909
573-A-1-0340,573-A,1,2020-08-29,2020-09-04,7,2.3954,2.318,242.0,Timur,2020,15,2.2909
573-A-1-0341,573-A,1,2020-09-08,2020-09-17,10,3.235,2.722,252.0,Peralihan II,2020,3,2.2909
573-A-1-0342,573-A,1,2020-10-04,2020-10-06,3,2.7337,2.5898,278.0,Peralihan II,2020,16,2.2909
573-A-1-0343,573-A,1,2020-10-12,2020-10-14,3,2.5544,2.4518,286.0,Peralihan II,2020,5,2.2909
573-A-1-0344,573-A,1,2020-10-29,2020-10-31,3,2.9165,2.7739,303.0,Peralihan II,2020,14,2.2909
573-A-1-0345,573-A,1,2020-11-03,2020-11-04,2,2.3222,2.3087,308.0,Peralihan II,2020,2,2.2909
573-A-1-0346,573-A,1,2021-01-31,2021-02-01,2,2.3961,2.3468,31.0,Barat,2021,87,2.2909
573-A-1-0347,573-A,1,2021-02-23,2021-02-24,2,2.3546,2.3477,54.0,Barat,2021,21,2.2909
573-A-1-0348,573-A,1,2021-05-10,2021-05-10,1,2.2963,2.2963,130.0,Peralihan I,2021,74,2.2909
573-A-1-0349,573-A,1,2021-05-26,2021-05-27,2,2.6417,2.5986,146.0,Peralihan I,2021,15,2.2909
573-A-1-0350,573-A,1,2021-06-17,2021-06-19,3,2.3976,2.3591,168.0,Timur,2021,20,2.2909
573-A-1-0351,573-A,1,2021-07-13,2021-07-16,4,2.8495,2.5732,194.0,Timur,2021,23,2.2909
573-A-1-0352,573-A,1,2021-07-26,2021-08-04,10,3.1747,2.7344,207.0,Timur,2021,9,2.2909
573-A-1-0353,573-A,1,2021-08-11,2021-08-14,4,3.3492,2.9934,223.0,Timur,2021,6,2.2909
573-A-1-0354,573-A,1,2021-08-24,2021-08-25,2,2.4534,2.447,236.0,Timur,2021,9,2.2909
573-A-1-0355,573-A,1,2021-08-29,2021-08-30,2,2.4808,2.454,241.0,Timur,2021,3,2.2909
573-A-1-0356,573-A,1,2021-09-02,2021-09-06,5,2.6971,2.5358,245.0,Peralihan II,2021,2,2.2909
573-A-1-0357,573-A,1,2021-09-10,2021-09-11,2,2.3532,2.3466,253.0,Peralihan II,2021,3,2.2909
573-A-1-0358,573-A,1,2021-09-18,2021-09-20,3,2.6683,2.5777,261.0,Peralihan II,2021,6,2.2909
573-A-1-0359,573-A,1,2022-05-15,2022-05-15,1,2.2974,2.2974,135.0,Peralihan I,2022,236,2.2909
573-A-1-0360,573-A,1,2022-05-24,2022-05-25,2,2.6488,2.6451,144.0,Peralihan I,2022,8,2.2909
573-A-1-0361,573-A,1,2022-06-20,2022-06-21,2,2.415,2.4095,171.0,Timur,2022,25,2.2909
573-A-1-0362,573-A,1,2022-06-24,2022-06-26,3,2.4267,2.3685,175.0,Timur,2022,2,2.2909
573-A-1-0363,573-A,1,2022-07-01,2022-07-04,4,2.6282,2.4966,182.0,Timur,2022,4,2.2909
573-A-1-0364,573-A,1,2022-07-12,2022-07-17,6,2.6948,2.4894,193.0,Timur,2022,7,2.2909
573-A-1-0365,573-A,1,2022-07-26,2022-07-29,4,2.7842,2.5743,207.0,Timur,2022,8,2.2909
573-A-1-0366,573-A,1,2022-08-03,2022-08-06,4,2.8238,2.5618,215.0,Timur,2022,4,2.2909
573-A-1-0367,573-A,1,2022-08-11,2022-08-11,1,2.3078,2.3078,223.0,Timur,2022,4,2.2909
573-A-1-0368,573-A,1,2022-08-15,2022-08-20,6,2.46,2.346,227.0,Timur,2022,3,2.2909
573-A-1-0369,573-A,1,2022-08-30,2022-08-31,2,2.9952,2.9201,242.0,Timur,2022,9,2.2909
573-A-1-0370,573-A,1,2022-09-15,2022-09-15,1,2.3225,2.3225,258.0,Peralihan II,2022,14,2.2909
573-A-1-0371,573-A,1,2022-09-22,2022-09-28,7,2.6746,2.4777,265.0,Peralihan II,2022,6,2.2909
573-A-1-0372,573-A,1,2022-12-23,2022-12-24,2,2.6139,2.5468,357.0,Barat,2022,85,2.2909
573-A-1-0373,573-A,1,2023-01-02,2023-01-04,3,2.4529,2.4115,2.0,Barat,2023,8,2.2909
573-A-1-0374,573-A,1,2023-02-04,2023-02-04,1,2.3036,2.3036,35.0,Barat,2023,30,2.2909
573-A-1-0375,573-A,1,2023-04-15,2023-04-17,3,2.7063,2.5758,105.0,Peralihan I,2023,69,2.2909
573-A-1-0376,573-A,1,2023-05-13,2023-05-14,2,2.3262,2.3158,133.0,Peralihan I,2023,25,2.2909
573-A-1-0377,573-A,1,2023-06-08,2023-06-08,1,2.5109,2.5109,159.0,Timur,2023,24,2.2909
573-A-1-0378,573-A,1,2023-06-11,2023-06-12,2,2.5502,2.5416,162.0,Timur,2023,2,2.2909
573-A-1-0379,573-A,1,2023-07-05,2023-07-10,6,3.0457,2.5751,186.0,Timur,2023,22,2.2909
573-A-1-0380,573-A,1,2023-07-13,2023-07-14,2,2.5169,2.4946,194.0,Timur,2023,2,2.2909
573-A-1-0381,573-A,1,2023-07-20,2023-07-22,3,2.7314,2.596,201.0,Timur,2023,5,2.2909
573-A-1-0382,573-A,1,2023-07-26,2023-07-28,3,2.35,2.335,207.0,Timur,2023,3,2.2909
573-A-1-0383,573-A,1,2023-08-02,2023-08-06,5,3.0958,2.6237,214.0,Timur,2023,4,2.2909
573-A-1-0384,573-A,1,2023-08-09,2023-08-09,1,2.328,2.328,221.0,Timur,2023,2,2.2909
573-A-1-0385,573-A,1,2023-08-17,2023-08-19,3,2.4428,2.4265,229.0,Timur,2023,7,2.2909
573-A-1-0386,573-A,1,2023-08-23,2023-08-24,2,2.691,2.671,235.0,Timur,2023,3,2.2909
573-A-1-0387,573-A,1,2023-09-05,2023-09-07,3,2.6258,2.5091,248.0,Peralihan II,2023,11,2.2909
573-A-1-0388,573-A,1,2023-09-14,2023-09-22,9,2.9284,2.5874,257.0,Peralihan II,2023,6,2.2909
573-A-1-0389,573-A,1,2023-10-04,2023-10-06,3,2.9156,2.7496,277.0,Peralihan II,2023,11,2.2909
573-A-1-0390,573-A,1,2024-03-09,2024-03-15,7,2.6832,2.4726,69.0,Peralihan I,2024,154,2.2909
573-A-1-0391,573-A,1,2024-05-28,2024-05-30,3,2.5725,2.4668,149.0,Peralihan I,2024,73,2.2909
573-A-1-0392,573-A,1,2024-06-04,2024-06-08,5,3.0124,2.6301,156.0,Timur,2024,4,2.2909
573-A-1-0393,573-A,1,2024-06-11,2024-06-12,2,2.7345,2.733,163.0,Timur,2024,2,2.2909
573-A-1-0394,573-A,1,2024-07-04,2024-07-05,2,2.613,2.563,186.0,Timur,2024,21,2.2909
573-A-1-0395,573-A,1,2024-07-14,2024-07-15,2,2.3977,2.378,196.0,Timur,2024,8,2.2909
573-A-1-0396,573-A,1,2024-07-31,2024-08-02,3,2.7268,2.5212,213.0,Timur,2024,15,2.2909
573-A-1-0397,573-A,1,2024-08-08,2024-08-10,3,2.5608,2.4231,221.0,Timur,2024,5,2.2909
573-A-1-0398,573-A,1,2024-08-13,2024-08-14,2,2.4506,2.4103,226.0,Timur,2024,2,2.2909
573-A-1-0399,573-A,1,2024-08-19,2024-08-20,2,2.4738,2.4175,232.0,Timur,2024,4,2.2909
573-A-1-0400,573-A,1,2024-08-27,2024-08-27,1,2.4072,2.4072,240.0,Timur,2024,6,2.2909
573-A-1-0401,573-A,1,2024-09-07,2024-09-08,2,2.4775,2.4482,251.0,Peralihan II,2024,10,2.2909
573-A-1-0402,573-A,1,2024-10-04,2024-10-05,2,2.6027,2.4948,278.0,Peralihan II,2024,25,2.2909
573-A-1-0403,573-A,1,2024-10-16,2024-10-18,3,2.7864,2.6153,290.0,Peralihan II,2024,10,2.2909
573-A-1-0404,573-A,1,2024-12-11,2024-12-11,1,2.3174,2.3174,346.0,Barat,2024,53,2.2909
573-A-1-0405,573-A,1,2024-12-18,2024-12-19,2,2.3875,2.3746,353.0,Barat,2024,6,2.2909
573-A-1-0406,573-A,1,2025-01-20,2025-01-21,2,2.5241,2.4421,20.0,Barat,2025,31,2.2909
573-A-1-0407,573-A,1,2025-02-04,2025-02-07,4,2.5874,2.4572,35.0,Barat,2025,13,2.2909
573-A-1-0408,573-A,1,2025-05-05,2025-05-07,3,2.5387,2.4541,125.0,Peralihan I,2025,86,2.2909
573-A-1-0409,573-A,1,2025-06-12,2025-06-13,2,2.4007,2.3956,163.0,Timur,2025,35,2.2909
573-A-1-0410,573-A,1,2025-06-22,2025-06-24,3,2.8738,2.7014,173.0,Timur,2025,8,2.2909
573-A-1-0411,573-A,1,2025-06-28,2025-06-30,3,2.5296,2.446,179.0,Timur,2025,3,2.2909
573-A-1-0412,573-A,1,2025-07-09,2025-07-11,3,2.6561,2.5481,190.0,Timur,2025,8,2.2909
573-A-1-0413,573-A,1,2025-07-18,2025-07-21,4,2.6351,2.5927,199.0,Timur,2025,6,2.2909
573-A-1-0414,573-A,1,2025-07-26,2025-07-31,6,2.8037,2.6263,207.0,Timur,2025,4,2.2909
573-A-1-0415,573-A,1,2025-08-05,2025-08-07,3,3.3677,3.0684,217.0,Timur,2025,4,2.2909
573-A-1-0416,573-A,1,2025-08-12,2025-08-13,2,2.3184,2.3107,224.0,Timur,2025,4,2.2909
573-A-1-0417,573-A,1,2025-08-22,2025-08-23,2,2.4027,2.3583,234.0,Timur,2025,8,2.2909
573-A-1-0418,573-A,1,2025-08-26,2025-08-29,4,2.8031,2.5575,238.0,Timur,2025,2,2.2909
573-A-1-0419,573-A,1,2025-09-08,2025-09-10,3,2.5977,2.5446,251.0,Peralihan II,2025,9,2.2909
573-A-1-0420,573-A,1,2025-09-17,2025-09-18,2,2.4044,2.3508,260.0,Peralihan II,2025,6,2.2909
573-A-1-0421,573-A,1,2025-10-15,2025-10-16,2,2.563,2.5172,288.0,Peralihan II,2025,26,2.2909
573-A-2-0001,573-A,2,2001-02-10,2001-02-15,6,2.9729,2.7428,41.0,Barat,2001,-1,2.4281
573-A-2-0002,573-A,2,2001-03-20,2001-03-22,3,2.7052,2.621,79.0,Peralihan I,2001,32,2.4281
573-A-2-0003,573-A,2,2001-05-09,2001-05-13,5,2.8539,2.6577,129.0,Peralihan I,2001,47,2.4281
573-A-2-0004,573-A,2,2001-06-17,2001-06-20,4,2.673,2.6034,168.0,Timur,2001,34,2.4281
573-A-2-0005,573-A,2,2001-07-01,2001-07-06,6,2.8085,2.7103,182.0,Timur,2001,10,2.4281
573-A-2-0006,573-A,2,2001-07-13,2001-07-14,2,2.5268,2.5034,194.0,Timur,2001,6,2.4281
573-A-2-0007,573-A,2,2001-07-20,2001-07-26,7,2.858,2.579,201.0,Timur,2001,5,2.4281
573-A-2-0008,573-A,2,2001-07-31,2001-08-05,6,3.0854,2.652,212.0,Timur,2001,4,2.4281
573-A-2-0009,573-A,2,2001-08-08,2001-08-14,7,2.846,2.6154,220.0,Timur,2001,2,2.4281
573-A-2-0010,573-A,2,2001-08-18,2001-08-19,2,2.543,2.5288,230.0,Timur,2001,3,2.4281
573-A-2-0011,573-A,2,2001-09-08,2001-09-08,1,2.4706,2.4706,251.0,Peralihan II,2001,19,2.4281
573-A-2-0012,573-A,2,2001-09-11,2001-09-13,3,2.93,2.7953,254.0,Peralihan II,2001,2,2.4281
573-A-2-0013,573-A,2,2001-09-21,2001-09-21,1,2.4855,2.4855,264.0,Peralihan II,2001,7,2.4281
573-A-2-0014,573-A,2,2002-05-04,2002-05-05,2,2.5516,2.5303,124.0,Peralihan I,2002,224,2.4281
573-A-2-0015,573-A,2,2002-05-09,2002-05-14,6,2.9263,2.5895,129.0,Peralihan I,2002,3,2.4281
573-A-2-0016,573-A,2,2002-05-22,2002-05-22,1,2.4362,2.4362,142.0,Peralihan I,2002,7,2.4281
573-A-2-0017,573-A,2,2002-05-26,2002-05-30,5,2.7615,2.5475,146.0,Peralihan I,2002,3,2.4281
573-A-2-0018,573-A,2,2002-06-09,2002-06-10,2,2.5662,2.5278,160.0,Timur,2002,9,2.4281
573-A-2-0019,573-A,2,2002-07-02,2002-07-04,3,3.0046,2.8436,183.0,Timur,2002,21,2.4281
573-A-2-0020,573-A,2,2002-07-10,2002-07-15,6,2.8214,2.7141,191.0,Timur,2002,5,2.4281
573-A-2-0021,573-A,2,2002-07-19,2002-07-20,2,2.593,2.5721,200.0,Timur,2002,3,2.4281
573-A-2-0022,573-A,2,2002-07-27,2002-07-29,3,2.7761,2.7186,208.0,Timur,2002,6,2.4281
573-A-2-0023,573-A,2,2002-08-05,2002-08-08,4,2.7713,2.5813,217.0,Timur,2002,6,2.4281
573-A-2-0024,573-A,2,2002-08-16,2002-08-19,4,3.5058,2.9636,228.0,Timur,2002,7,2.4281
573-A-2-0025,573-A,2,2002-08-28,2002-08-29,2,2.4896,2.4622,240.0,Timur,2002,8,2.4281
573-A-2-0026,573-A,2,2002-09-03,2002-09-06,4,3.2094,2.8872,246.0,Peralihan II,2002,4,2.4281
573-A-2-0027,573-A,2,2002-09-25,2002-09-25,1,2.4284,2.4284,268.0,Peralihan II,2002,18,2.4281
573-A-2-0028,573-A,2,2002-10-08,2002-10-08,1,2.5653,2.5653,281.0,Peralihan II,2002,12,2.4281
573-A-2-0029,573-A,2,2002-10-29,2002-10-29,1,2.4348,2.4348,302.0,Peralihan II,2002,20,2.4281
573-A-2-0030,573-A,2,2003-02-26,2003-03-01,4,2.7136,2.5903,57.0,Barat,2003,119,2.4281
573-A-2-0031,573-A,2,2003-04-06,2003-04-07,2,2.6248,2.5915,96.0,Peralihan I,2003,35,2.4281
573-A-2-0032,573-A,2,2003-04-28,2003-04-29,2,2.5903,2.5646,118.0,Peralihan I,2003,20,2.4281
573-A-2-0033,573-A,2,2003-05-26,2003-05-29,4,3.0704,2.8906,146.0,Peralihan I,2003,26,2.4281
573-A-2-0034,573-A,2,2003-06-08,2003-06-08,1,2.4406,2.4406,159.0,Timur,2003,9,2.4281
573-A-2-0035,573-A,2,2003-06-27,2003-06-27,1,2.5323,2.5323,178.0,Timur,2003,18,2.4281
573-A-2-0036,573-A,2,2003-07-17,2003-07-17,1,2.4721,2.4721,198.0,Timur,2003,19,2.4281
573-A-2-0037,573-A,2,2003-07-23,2003-07-25,3,2.6214,2.5733,204.0,Timur,2003,5,2.4281
573-A-2-0038,573-A,2,2003-08-09,2003-08-09,1,2.4509,2.4509,221.0,Timur,2003,14,2.4281
573-A-2-0039,573-A,2,2003-08-13,2003-08-14,2,3.1336,3.0599,225.0,Timur,2003,3,2.4281
573-A-2-0040,573-A,2,2003-08-24,2003-08-25,2,2.5581,2.5572,236.0,Timur,2003,9,2.4281
573-A-2-0041,573-A,2,2003-09-04,2003-09-12,9,3.0826,2.7233,247.0,Peralihan II,2003,9,2.4281
573-A-2-0042,573-A,2,2003-09-22,2003-09-26,5,3.2209,2.9109,265.0,Peralihan II,2003,9,2.4281
573-A-2-0043,573-A,2,2003-10-20,2003-10-21,2,2.4617,2.4483,293.0,Peralihan II,2003,23,2.4281
573-A-2-0044,573-A,2,2004-01-01,2004-01-02,2,2.49,2.4618,1.0,Barat,2004,71,2.4281
573-A-2-0045,573-A,2,2004-02-16,2004-02-18,3,2.7134,2.5965,47.0,Barat,2004,44,2.4281
573-A-2-0046,573-A,2,2004-04-20,2004-04-21,2,2.6129,2.5511,111.0,Peralihan I,2004,61,2.4281
573-A-2-0047,573-A,2,2004-05-11,2004-05-13,3,2.817,2.6191,132.0,Peralihan I,2004,19,2.4281
573-A-2-0048,573-A,2,2004-05-28,2004-05-30,3,2.7379,2.6619,149.0,Peralihan I,2004,14,2.4281
573-A-2-0049,573-A,2,2004-06-09,2004-06-16,8,2.8804,2.6817,161.0,Timur,2004,9,2.4281
573-A-2-0050,573-A,2,2004-07-02,2004-07-03,2,2.568,2.5272,184.0,Timur,2004,15,2.4281
573-A-2-0051,573-A,2,2004-07-08,2004-07-09,2,2.5563,2.5008,190.0,Timur,2004,4,2.4281
573-A-2-0052,573-A,2,2004-08-03,2004-08-04,2,2.608,2.6032,216.0,Timur,2004,24,2.4281
573-A-2-0053,573-A,2,2004-08-16,2004-08-17,2,2.4455,2.4384,229.0,Timur,2004,11,2.4281
573-A-2-0054,573-A,2,2004-08-26,2004-08-28,3,3.2788,3.1714,239.0,Timur,2004,8,2.4281
573-A-2-0055,573-A,2,2004-09-12,2004-09-13,2,2.4386,2.4355,256.0,Peralihan II,2004,14,2.4281
573-A-2-0056,573-A,2,2004-09-22,2004-09-22,1,2.4673,2.4673,266.0,Peralihan II,2004,8,2.4281
573-A-2-0057,573-A,2,2005-04-26,2005-04-26,1,2.4772,2.4772,116.0,Peralihan I,2005,215,2.4281
573-A-2-0058,573-A,2,2005-05-16,2005-05-21,6,3.0327,2.757,136.0,Peralihan I,2005,19,2.4281
573-A-2-0059,573-A,2,2005-06-28,2005-07-03,6,2.9378,2.6442,179.0,Timur,2005,37,2.4281
573-A-2-0060,573-A,2,2005-07-20,2005-07-24,5,2.8538,2.6675,201.0,Timur,2005,16,2.4281
573-A-2-0061,573-A,2,2005-07-30,2005-08-01,3,2.6282,2.5404,211.0,Timur,2005,5,2.4281
573-A-2-0062,573-A,2,2005-08-16,2005-08-20,5,2.8601,2.6824,228.0,Timur,2005,14,2.4281
573-A-2-0063,573-A,2,2005-09-01,2005-09-02,2,2.4949,2.4781,244.0,Peralihan II,2005,11,2.4281
573-A-2-0064,573-A,2,2005-09-06,2005-09-10,5,3.2658,2.8564,249.0,Peralihan II,2005,3,2.4281
573-A-2-0065,573-A,2,2005-09-19,2005-09-25,7,2.9217,2.5612,262.0,Peralihan II,2005,8,2.4281
573-A-2-0066,573-A,2,2005-09-30,2005-10-03,4,2.949,2.6505,273.0,Peralihan II,2005,4,2.4281
573-A-2-0067,573-A,2,2005-10-06,2005-10-08,3,2.8477,2.7161,279.0,Peralihan II,2005,2,2.4281
573-A-2-0068,573-A,2,2005-11-08,2005-11-11,4,3.189,2.8242,312.0,Peralihan II,2005,30,2.4281
573-A-2-0069,573-A,2,2006-01-24,2006-01-25,2,2.7082,2.6425,24.0,Barat,2006,73,2.4281
573-A-2-0070,573-A,2,2006-05-19,2006-05-20,2,2.4902,2.4604,139.0,Peralihan I,2006,113,2.4281
573-A-2-0071,573-A,2,2006-06-12,2006-06-12,1,2.4611,2.4611,163.0,Timur,2006,22,2.4281
573-A-2-0072,573-A,2,2006-06-27,2006-06-28,2,2.5042,2.4914,178.0,Timur,2006,14,2.4281
573-A-2-0073,573-A,2,2006-07-06,2006-07-08,3,3.1086,2.9327,187.0,Timur,2006,7,2.4281
573-A-2-0074,573-A,2,2006-07-13,2006-07-14,2,2.7397,2.6554,194.0,Timur,2006,4,2.4281
573-A-2-0075,573-A,2,2006-07-19,2006-07-23,5,2.5839,2.5183,200.0,Timur,2006,4,2.4281
573-A-2-0076,573-A,2,2006-07-26,2006-07-31,6,3.2251,2.8168,207.0,Timur,2006,2,2.4281
573-A-2-0077,573-A,2,2006-08-04,2006-08-07,4,3.3413,3.0486,216.0,Timur,2006,3,2.4281
573-A-2-0078,573-A,2,2006-08-10,2006-08-11,2,2.7405,2.6448,222.0,Timur,2006,2,2.4281
573-A-2-0079,573-A,2,2006-08-15,2006-08-16,2,2.5407,2.5014,227.0,Timur,2006,3,2.4281
573-A-2-0080,573-A,2,2006-09-23,2006-09-24,2,2.5235,2.4926,266.0,Peralihan II,2006,37,2.4281
573-A-2-0081,573-A,2,2006-09-30,2006-10-07,8,2.8706,2.5759,273.0,Peralihan II,2006,5,2.4281
573-A-2-0082,573-A,2,2006-10-14,2006-10-16,3,2.6613,2.5603,287.0,Peralihan II,2006,6,2.4281
573-A-2-0083,573-A,2,2007-01-02,2007-01-02,1,2.6121,2.6121,2.0,Barat,2007,77,2.4281
573-A-2-0084,573-A,2,2007-03-04,2007-03-07,4,2.5706,2.4855,63.0,Peralihan I,2007,60,2.4281
573-A-2-0085,573-A,2,2007-05-08,2007-05-08,1,2.4299,2.4299,128.0,Peralihan I,2007,61,2.4281
573-A-2-0086,573-A,2,2007-05-17,2007-05-19,3,2.9632,2.7316,137.0,Peralihan I,2007,8,2.4281
573-A-2-0087,573-A,2,2007-07-04,2007-07-06,3,2.9676,2.8138,185.0,Timur,2007,45,2.4281
573-A-2-0088,573-A,2,2007-07-10,2007-07-11,2,2.5187,2.5125,191.0,Timur,2007,3,2.4281
573-A-2-0089,573-A,2,2007-07-23,2007-08-04,13,3.0459,2.6207,204.0,Timur,2007,11,2.4281
573-A-2-0090,573-A,2,2007-08-07,2007-08-08,2,2.7018,2.666,219.0,Timur,2007,2,2.4281
573-A-2-0091,573-A,2,2007-08-16,2007-08-17,2,2.6607,2.6356,228.0,Timur,2007,7,2.4281
573-A-2-0092,573-A,2,2007-08-31,2007-09-04,5,2.8171,2.6526,243.0,Timur,2007,13,2.4281
573-A-2-0093,573-A,2,2007-09-17,2007-09-21,5,2.8725,2.8001,260.0,Peralihan II,2007,12,2.4281
573-A-2-0094,573-A,2,2007-09-26,2007-09-27,2,2.8324,2.8265,269.0,Peralihan II,2007,4,2.4281
573-A-2-0095,573-A,2,2007-11-22,2007-11-22,1,2.4507,2.4507,326.0,Peralihan II,2007,55,2.4281
573-A-2-0096,573-A,2,2007-12-26,2007-12-27,2,2.5668,2.5109,360.0,Barat,2007,33,2.4281
573-A-2-0097,573-A,2,2008-01-01,2008-01-03,3,2.528,2.5097,1.0,Barat,2008,4,2.4281
573-A-2-0098,573-A,2,2008-02-09,2008-02-16,8,2.8511,2.633,40.0,Barat,2008,36,2.4281
573-A-2-0099,573-A,2,2008-02-19,2008-02-22,4,2.9747,2.7874,50.0,Barat,2008,2,2.4281
573-A-2-0100,573-A,2,2008-05-15,2008-05-15,1,2.4362,2.4362,136.0,Peralihan I,2008,82,2.4281
573-A-2-0101,573-A,2,2008-06-17,2008-06-18,2,2.5972,2.5593,169.0,Timur,2008,32,2.4281
573-A-2-0102,573-A,2,2008-07-01,2008-07-01,1,2.5191,2.5191,183.0,Timur,2008,12,2.4281
573-A-2-0103,573-A,2,2008-07-07,2008-07-09,3,2.7001,2.574,189.0,Timur,2008,5,2.4281
573-A-2-0104,573-A,2,2008-07-18,2008-07-22,5,2.6613,2.5065,200.0,Timur,2008,8,2.4281
573-A-2-0105,573-A,2,2008-07-30,2008-08-02,4,2.6281,2.4526,212.0,Timur,2008,7,2.4281
573-A-2-0106,573-A,2,2008-09-15,2008-09-16,2,2.5495,2.5248,259.0,Peralihan II,2008,43,2.4281
573-A-2-0107,573-A,2,2008-09-21,2008-09-23,3,3.1024,2.8712,265.0,Peralihan II,2008,4,2.4281
573-A-2-0108,573-A,2,2008-11-08,2008-11-09,2,2.4646,2.4609,313.0,Peralihan II,2008,45,2.4281
573-A-2-0109,573-A,2,2009-02-05,2009-02-08,4,2.6488,2.541,36.0,Barat,2009,87,2.4281
573-A-2-0110,573-A,2,2009-05-25,2009-05-25,1,2.5152,2.5152,145.0,Peralihan I,2009,105,2.4281
573-A-2-0111,573-A,2,2009-06-16,2009-06-18,3,2.7646,2.6506,167.0,Timur,2009,21,2.4281
573-A-2-0112,573-A,2,2009-06-26,2009-06-26,1,2.5826,2.5826,177.0,Timur,2009,7,2.4281
573-A-2-0113,573-A,2,2009-07-01,2009-07-02,2,2.639,2.6383,182.0,Timur,2009,4,2.4281
573-A-2-0114,573-A,2,2009-07-22,2009-07-23,2,2.9886,2.9766,203.0,Timur,2009,19,2.4281
573-A-2-0115,573-A,2,2009-08-14,2009-08-17,4,2.7244,2.5989,226.0,Timur,2009,21,2.4281
573-A-2-0116,573-A,2,2009-08-21,2009-08-22,2,2.6114,2.5485,233.0,Timur,2009,3,2.4281
573-A-2-0117,573-A,2,2009-09-05,2009-09-08,4,2.5369,2.4591,248.0,Peralihan II,2009,13,2.4281
573-A-2-0118,573-A,2,2009-09-11,2009-09-15,5,3.5127,3.0824,254.0,Peralihan II,2009,2,2.4281
573-A-2-0119,573-A,2,2009-09-25,2009-09-27,3,2.6972,2.5636,268.0,Peralihan II,2009,9,2.4281
573-A-2-0120,573-A,2,2010-01-13,2010-01-14,2,2.507,2.4906,13.0,Barat,2010,107,2.4281
573-A-2-0121,573-A,2,2010-06-18,2010-06-19,2,2.6485,2.5995,169.0,Timur,2010,154,2.4281
573-A-2-0122,573-A,2,2010-06-23,2010-06-25,3,2.7261,2.5869,174.0,Timur,2010,3,2.4281
573-A-2-0123,573-A,2,2010-07-11,2010-07-20,10,3.1525,2.6654,192.0,Timur,2010,15,2.4281
573-A-2-0124,573-A,2,2010-08-04,2010-08-05,2,2.5574,2.5006,216.0,Timur,2010,14,2.4281
573-A-2-0125,573-A,2,2010-08-14,2010-08-15,2,2.5147,2.5132,226.0,Timur,2010,8,2.4281
573-A-2-0126,573-A,2,2010-09-10,2010-09-10,1,2.6041,2.6041,253.0,Peralihan II,2010,25,2.4281
573-A-2-0127,573-A,2,2010-09-24,2010-09-24,1,2.4736,2.4736,267.0,Peralihan II,2010,13,2.4281
573-A-2-0128,573-A,2,2010-10-06,2010-10-08,3,2.6089,2.5555,279.0,Peralihan II,2010,11,2.4281
573-A-2-0129,573-A,2,2011-01-03,2011-01-03,1,2.4412,2.4412,3.0,Barat,2011,86,2.4281
573-A-2-0130,573-A,2,2011-01-11,2011-01-16,6,2.5992,2.4816,11.0,Barat,2011,7,2.4281
573-A-2-0131,573-A,2,2011-06-18,2011-06-22,5,2.7688,2.5258,169.0,Timur,2011,152,2.4281
573-A-2-0132,573-A,2,2011-07-01,2011-07-01,1,2.5259,2.5259,182.0,Timur,2011,8,2.4281
573-A-2-0133,573-A,2,2011-07-23,2011-07-23,1,2.4895,2.4895,204.0,Timur,2011,21,2.4281
573-A-2-0134,573-A,2,2011-08-02,2011-08-04,3,2.885,2.7982,214.0,Timur,2011,9,2.4281
573-A-2-0135,573-A,2,2011-08-17,2011-08-19,3,3.1896,3.0932,229.0,Timur,2011,12,2.4281
573-A-2-0136,573-A,2,2011-08-24,2011-08-27,4,2.7679,2.5427,236.0,Timur,2011,4,2.4281
573-A-2-0137,573-A,2,2011-09-10,2011-09-11,2,2.5373,2.5009,253.0,Peralihan II,2011,13,2.4281
573-A-2-0138,573-A,2,2011-09-21,2011-09-22,2,2.7089,2.6265,264.0,Peralihan II,2011,9,2.4281
573-A-2-0139,573-A,2,2011-10-15,2011-10-18,4,3.2454,3.0394,288.0,Peralihan II,2011,22,2.4281
573-A-2-0140,573-A,2,2012-01-23,2012-01-28,6,2.8984,2.6603,23.0,Barat,2012,96,2.4281
573-A-2-0141,573-A,2,2012-03-14,2012-03-19,6,2.7797,2.6576,74.0,Peralihan I,2012,45,2.4281
573-A-2-0142,573-A,2,2012-04-04,2012-04-07,4,3.0189,2.7895,95.0,Peralihan I,2012,15,2.4281
573-A-2-0143,573-A,2,2012-04-19,2012-04-21,3,2.9083,2.6903,110.0,Peralihan I,2012,11,2.4281
573-A-2-0144,573-A,2,2012-05-10,2012-05-11,2,2.4633,2.4575,131.0,Peralihan I,2012,18,2.4281
573-A-2-0145,573-A,2,2012-05-25,2012-05-26,2,2.5975,2.5762,146.0,Peralihan I,2012,13,2.4281
573-A-2-0146,573-A,2,2012-06-15,2012-06-16,2,2.4899,2.4894,167.0,Timur,2012,19,2.4281
573-A-2-0147,573-A,2,2012-07-04,2012-07-04,1,2.5928,2.5928,186.0,Timur,2012,17,2.4281
573-A-2-0148,573-A,2,2012-07-19,2012-07-19,1,2.5121,2.5121,201.0,Timur,2012,14,2.4281
573-A-2-0149,573-A,2,2012-08-09,2012-08-11,3,2.9108,2.7678,222.0,Timur,2012,20,2.4281
573-A-2-0150,573-A,2,2012-08-29,2012-08-30,2,2.6666,2.6271,242.0,Timur,2012,17,2.4281
573-A-2-0151,573-A,2,2012-09-02,2012-09-07,6,2.8532,2.6711,246.0,Peralihan II,2012,2,2.4281
573-A-2-0152,573-A,2,2012-09-23,2012-09-25,3,2.907,2.7549,267.0,Peralihan II,2012,15,2.4281
573-A-2-0153,573-A,2,2013-01-06,2013-01-13,8,2.8885,2.6922,6.0,Barat,2013,102,2.4281
573-A-2-0154,573-A,2,2013-02-25,2013-02-26,2,2.5046,2.5003,56.0,Barat,2013,42,2.4281
573-A-2-0155,573-A,2,2013-05-09,2013-05-13,5,3.0484,2.6507,129.0,Peralihan I,2013,71,2.4281
573-A-2-0156,573-A,2,2013-06-27,2013-07-01,5,2.8203,2.7203,178.0,Timur,2013,44,2.4281
573-A-2-0157,573-A,2,2013-07-19,2013-07-19,1,2.4339,2.4339,200.0,Timur,2013,17,2.4281
573-A-2-0158,573-A,2,2013-07-26,2013-07-29,4,2.8512,2.6517,207.0,Timur,2013,6,2.4281
573-A-2-0159,573-A,2,2013-08-06,2013-08-07,2,2.5606,2.5416,218.0,Timur,2013,7,2.4281
573-A-2-0160,573-A,2,2013-08-10,2013-08-13,4,2.9039,2.6737,222.0,Timur,2013,2,2.4281
573-A-2-0161,573-A,2,2013-09-02,2013-09-07,6,3.4968,3.0501,245.0,Peralihan II,2013,19,2.4281
573-A-2-0162,573-A,2,2013-09-13,2013-09-14,2,2.6741,2.6595,256.0,Peralihan II,2013,5,2.4281
573-A-2-0163,573-A,2,2013-09-20,2013-09-27,8,2.9614,2.6699,263.0,Peralihan II,2013,5,2.4281
573-A-2-0164,573-A,2,2013-10-08,2013-10-15,8,3.4448,2.7199,281.0,Peralihan II,2013,10,2.4281
573-A-2-0165,573-A,2,2014-04-30,2014-05-01,2,2.5536,2.5407,120.0,Peralihan I,2014,196,2.4281
573-A-2-0166,573-A,2,2014-05-12,2014-05-16,5,2.6849,2.5443,132.0,Peralihan I,2014,10,2.4281
573-A-2-0167,573-A,2,2014-06-14,2014-06-14,1,2.4661,2.4661,165.0,Timur,2014,28,2.4281
573-A-2-0168,573-A,2,2014-06-19,2014-06-20,2,2.7557,2.665,170.0,Timur,2014,4,2.4281
573-A-2-0169,573-A,2,2014-06-24,2014-06-28,5,2.9271,2.6662,175.0,Timur,2014,3,2.4281
573-A-2-0170,573-A,2,2014-07-07,2014-07-07,1,2.4742,2.4742,188.0,Timur,2014,8,2.4281
573-A-2-0171,573-A,2,2014-07-10,2014-07-11,2,2.7868,2.7427,191.0,Timur,2014,2,2.4281
573-A-2-0172,573-A,2,2014-07-17,2014-07-18,2,2.6836,2.6515,198.0,Timur,2014,5,2.4281
573-A-2-0173,573-A,2,2014-07-27,2014-07-28,2,2.4807,2.4606,208.0,Timur,2014,8,2.4281
573-A-2-0174,573-A,2,2014-08-05,2014-08-07,3,2.5509,2.5214,217.0,Timur,2014,7,2.4281
573-A-2-0175,573-A,2,2014-08-10,2014-08-12,3,3.0952,2.8672,222.0,Timur,2014,2,2.4281
573-A-2-0176,573-A,2,2014-08-24,2014-08-29,6,3.3002,2.8267,236.0,Timur,2014,11,2.4281
573-A-2-0177,573-A,2,2014-09-10,2014-09-15,6,2.7738,2.6844,253.0,Peralihan II,2014,11,2.4281
573-A-2-0178,573-A,2,2014-09-23,2014-09-24,2,2.7753,2.7373,266.0,Peralihan II,2014,7,2.4281
573-A-2-0179,573-A,2,2015-05-06,2015-05-07,2,2.5945,2.5612,126.0,Peralihan I,2015,223,2.4281
573-A-2-0180,573-A,2,2015-06-05,2015-06-08,4,2.7878,2.652,156.0,Timur,2015,28,2.4281
573-A-2-0181,573-A,2,2015-06-27,2015-06-30,4,3.2504,3.0197,178.0,Timur,2015,18,2.4281
573-A-2-0182,573-A,2,2015-08-11,2015-08-12,2,2.6452,2.5791,223.0,Timur,2015,41,2.4281
573-A-2-0183,573-A,2,2015-08-31,2015-09-02,3,2.7068,2.6262,243.0,Timur,2015,18,2.4281
573-A-2-0184,573-A,2,2015-09-07,2015-09-08,2,2.5877,2.5621,250.0,Peralihan II,2015,4,2.4281
573-A-2-0185,573-A,2,2015-09-14,2015-09-15,2,2.4899,2.4871,257.0,Peralihan II,2015,5,2.4281
573-A-2-0186,573-A,2,2015-09-22,2015-09-22,1,2.4504,2.4504,265.0,Peralihan II,2015,6,2.4281
573-A-2-0187,573-A,2,2015-10-03,2015-10-05,3,2.6045,2.5482,276.0,Peralihan II,2015,10,2.4281
573-A-2-0188,573-A,2,2016-05-16,2016-05-18,3,2.788,2.6999,137.0,Peralihan I,2016,223,2.4281
573-A-2-0189,573-A,2,2016-05-23,2016-05-24,2,2.7123,2.6553,144.0,Peralihan I,2016,4,2.4281
573-A-2-0190,573-A,2,2016-05-30,2016-06-03,5,2.8089,2.5971,151.0,Peralihan I,2016,5,2.4281
573-A-2-0191,573-A,2,2016-06-08,2016-06-10,3,3.3256,3.162,160.0,Timur,2016,4,2.4281
573-A-2-0192,573-A,2,2016-06-28,2016-06-28,1,2.6132,2.6132,180.0,Timur,2016,17,2.4281
573-A-2-0193,573-A,2,2016-07-11,2016-07-12,2,2.5518,2.5368,193.0,Timur,2016,12,2.4281
573-A-2-0194,573-A,2,2016-07-17,2016-07-20,4,2.9322,2.858,199.0,Timur,2016,4,2.4281
573-A-2-0195,573-A,2,2016-08-01,2016-08-04,4,3.36,2.9192,214.0,Timur,2016,11,2.4281
573-A-2-0196,573-A,2,2016-08-16,2016-08-16,1,2.4675,2.4675,229.0,Timur,2016,11,2.4281
573-A-2-0197,573-A,2,2016-09-09,2016-09-11,3,2.9161,2.7139,253.0,Peralihan II,2016,23,2.4281
573-A-2-0198,573-A,2,2016-12-21,2016-12-22,2,2.4947,2.4848,356.0,Barat,2016,100,2.4281
573-A-2-0199,573-A,2,2016-12-26,2016-12-27,2,2.7345,2.6941,361.0,Barat,2016,3,2.4281
573-A-2-0200,573-A,2,2017-02-09,2017-02-11,3,2.6519,2.5282,40.0,Barat,2017,43,2.4281
573-A-2-0201,573-A,2,2017-03-20,2017-03-22,3,3.0795,2.8959,79.0,Peralihan I,2017,36,2.4281
573-A-2-0202,573-A,2,2017-05-07,2017-05-08,2,2.5793,2.5171,127.0,Peralihan I,2017,45,2.4281
573-A-2-0203,573-A,2,2017-05-11,2017-05-12,2,2.7635,2.7234,131.0,Peralihan I,2017,2,2.4281
573-A-2-0204,573-A,2,2017-06-05,2017-06-06,2,3.0895,3.0389,156.0,Timur,2017,23,2.4281
573-A-2-0205,573-A,2,2017-06-09,2017-06-10,2,2.7975,2.7925,160.0,Timur,2017,2,2.4281
573-A-2-0206,573-A,2,2017-06-16,2017-06-17,2,2.6094,2.5723,167.0,Timur,2017,5,2.4281
573-A-2-0207,573-A,2,2017-07-14,2017-07-16,3,3.0417,2.8145,195.0,Timur,2017,26,2.4281
573-A-2-0208,573-A,2,2017-07-21,2017-07-22,2,2.8007,2.7978,202.0,Timur,2017,4,2.4281
573-A-2-0209,573-A,2,2017-07-30,2017-08-06,8,3.082,2.6912,211.0,Timur,2017,7,2.4281
573-A-2-0210,573-A,2,2017-08-11,2017-08-18,8,2.8575,2.5388,223.0,Timur,2017,4,2.4281
573-A-2-0211,573-A,2,2017-10-18,2017-10-19,2,2.8441,2.769,291.0,Peralihan II,2017,60,2.4281
573-A-2-0212,573-A,2,2017-11-30,2017-12-01,2,2.6813,2.5665,334.0,Peralihan II,2017,41,2.4281
573-A-2-0213,573-A,2,2018-01-13,2018-01-14,2,2.6536,2.623,13.0,Barat,2018,42,2.4281
573-A-2-0214,573-A,2,2018-01-26,2018-01-29,4,2.558,2.4843,26.0,Barat,2018,11,2.4281
573-A-2-0215,573-A,2,2018-04-23,2018-04-23,1,2.4826,2.4826,113.0,Peralihan I,2018,83,2.4281
573-A-2-0216,573-A,2,2018-05-27,2018-05-29,3,3.0769,2.8813,147.0,Peralihan I,2018,33,2.4281
573-A-2-0217,573-A,2,2018-06-20,2018-06-21,2,2.4826,2.4623,171.0,Timur,2018,21,2.4281
573-A-2-0218,573-A,2,2018-07-07,2018-07-08,2,2.808,2.74,188.0,Timur,2018,15,2.4281
573-A-2-0219,573-A,2,2018-07-15,2018-07-21,7,3.6461,2.8602,196.0,Timur,2018,6,2.4281
573-A-2-0220,573-A,2,2018-07-24,2018-07-31,8,4.2312,3.3511,205.0,Timur,2018,2,2.4281
573-A-2-0221,573-A,2,2018-08-03,2018-08-06,4,3.2244,2.8721,215.0,Timur,2018,2,2.4281
573-A-2-0222,573-A,2,2018-08-12,2018-08-12,1,2.4752,2.4752,224.0,Timur,2018,5,2.4281
573-A-2-0223,573-A,2,2018-08-24,2018-08-24,1,2.4557,2.4557,236.0,Timur,2018,11,2.4281
573-A-2-0224,573-A,2,2018-08-31,2018-09-01,2,2.8063,2.7565,243.0,Timur,2018,6,2.4281
573-A-2-0225,573-A,2,2018-09-07,2018-09-08,2,2.6296,2.6123,250.0,Peralihan II,2018,5,2.4281
573-A-2-0226,573-A,2,2018-09-13,2018-09-14,2,2.4955,2.4847,256.0,Peralihan II,2018,4,2.4281
573-A-2-0227,573-A,2,2018-09-17,2018-09-20,4,2.557,2.4116,260.0,Peralihan II,2018,2,2.4281
573-A-2-0228,573-A,2,2019-03-23,2019-03-23,1,2.5788,2.5788,82.0,Peralihan I,2019,183,2.4281
573-A-2-0229,573-A,2,2019-04-18,2019-04-23,6,2.7444,2.5829,108.0,Peralihan I,2019,25,2.4281
573-A-2-0230,573-A,2,2019-06-02,2019-06-02,1,2.6953,2.6953,153.0,Timur,2019,39,2.4281
573-A-2-0231,573-A,2,2019-06-10,2019-06-14,5,3.3271,2.9421,161.0,Timur,2019,7,2.4281
573-A-2-0232,573-A,2,2019-06-28,2019-06-30,3,3.1789,3.0491,179.0,Timur,2019,13,2.4281
573-A-2-0233,573-A,2,2019-07-03,2019-07-04,2,2.6477,2.5862,184.0,Timur,2019,2,2.4281
573-A-2-0234,573-A,2,2019-07-07,2019-07-08,2,2.7388,2.6264,188.0,Timur,2019,2,2.4281
573-A-2-0235,573-A,2,2019-07-16,2019-07-17,2,2.4811,2.4564,197.0,Timur,2019,7,2.4281
573-A-2-0236,573-A,2,2019-07-22,2019-07-25,4,3.2632,2.9122,203.0,Timur,2019,4,2.4281
573-A-2-0237,573-A,2,2019-08-10,2019-08-10,1,2.5087,2.5087,222.0,Timur,2019,15,2.4281
573-A-2-0238,573-A,2,2019-08-20,2019-08-24,5,2.6756,2.4984,232.0,Timur,2019,9,2.4281
573-A-2-0239,573-A,2,2019-09-04,2019-09-05,2,2.5784,2.5553,247.0,Peralihan II,2019,10,2.4281
573-A-2-0240,573-A,2,2019-09-15,2019-09-16,2,2.7765,2.6996,258.0,Peralihan II,2019,9,2.4281
573-A-2-0241,573-A,2,2019-09-28,2019-09-28,1,2.4375,2.4375,271.0,Peralihan II,2019,11,2.4281
573-A-2-0242,573-A,2,2019-10-24,2019-10-28,5,2.522,2.4649,297.0,Peralihan II,2019,25,2.4281
573-A-2-0243,573-A,2,2020-04-27,2020-04-27,1,2.4424,2.4424,118.0,Peralihan I,2020,181,2.4281
573-A-2-0244,573-A,2,2020-05-20,2020-05-20,1,2.4842,2.4842,141.0,Peralihan I,2020,22,2.4281
573-A-2-0245,573-A,2,2020-05-26,2020-05-29,4,3.0224,2.8132,147.0,Peralihan I,2020,5,2.4281
573-A-2-0246,573-A,2,2020-06-16,2020-06-21,6,2.7522,2.5933,168.0,Timur,2020,17,2.4281
573-A-2-0247,573-A,2,2020-06-25,2020-06-25,1,2.4596,2.4596,177.0,Timur,2020,3,2.4281
573-A-2-0248,573-A,2,2020-07-01,2020-07-04,4,3.15,2.8543,183.0,Timur,2020,5,2.4281
573-A-2-0249,573-A,2,2020-07-13,2020-07-20,8,2.9913,2.7519,195.0,Timur,2020,8,2.4281
573-A-2-0250,573-A,2,2020-07-27,2020-07-29,3,2.8034,2.6532,209.0,Timur,2020,6,2.4281
573-A-2-0251,573-A,2,2020-08-11,2020-08-13,3,2.8597,2.7281,224.0,Timur,2020,12,2.4281
573-A-2-0252,573-A,2,2020-09-08,2020-09-17,10,3.235,2.722,252.0,Peralihan II,2020,25,2.4281
573-A-2-0253,573-A,2,2020-10-05,2020-10-06,2,2.7337,2.6716,279.0,Peralihan II,2020,17,2.4281
573-A-2-0254,573-A,2,2020-10-12,2020-10-13,2,2.5544,2.5096,286.0,Peralihan II,2020,5,2.4281
573-A-2-0255,573-A,2,2020-10-29,2020-10-31,3,2.9165,2.7739,303.0,Peralihan II,2020,15,2.4281
573-A-2-0256,573-A,2,2021-05-26,2021-05-27,2,2.6417,2.5986,146.0,Peralihan I,2021,206,2.4281
573-A-2-0257,573-A,2,2021-07-14,2021-07-15,2,2.8495,2.7956,195.0,Timur,2021,47,2.4281
573-A-2-0258,573-A,2,2021-07-27,2021-08-03,8,3.1747,2.8147,208.0,Timur,2021,11,2.4281
573-A-2-0259,573-A,2,2021-08-11,2021-08-13,3,3.3492,3.1865,223.0,Timur,2021,7,2.4281
573-A-2-0260,573-A,2,2021-08-24,2021-08-25,2,2.4534,2.447,236.0,Timur,2021,10,2.4281
573-A-2-0261,573-A,2,2021-08-30,2021-08-30,1,2.4808,2.4808,242.0,Timur,2021,4,2.4281
573-A-2-0262,573-A,2,2021-09-03,2021-09-05,3,2.6971,2.6425,246.0,Peralihan II,2021,3,2.4281
573-A-2-0263,573-A,2,2021-09-18,2021-09-19,2,2.6683,2.664,261.0,Peralihan II,2021,12,2.4281
573-A-2-0264,573-A,2,2022-05-24,2022-05-25,2,2.6488,2.6451,144.0,Peralihan I,2022,246,2.4281
573-A-2-0265,573-A,2,2022-07-02,2022-07-03,2,2.6282,2.5951,183.0,Timur,2022,37,2.4281
573-A-2-0266,573-A,2,2022-07-12,2022-07-13,2,2.6948,2.6823,193.0,Timur,2022,8,2.4281
573-A-2-0267,573-A,2,2022-07-16,2022-07-17,2,2.5704,2.5093,197.0,Timur,2022,2,2.4281
573-A-2-0268,573-A,2,2022-07-26,2022-07-29,4,2.7842,2.5743,207.0,Timur,2022,8,2.4281
573-A-2-0269,573-A,2,2022-08-04,2022-08-05,2,2.8238,2.7649,216.0,Timur,2022,5,2.4281
573-A-2-0270,573-A,2,2022-08-16,2022-08-16,1,2.46,2.46,228.0,Timur,2022,10,2.4281
573-A-2-0271,573-A,2,2022-08-30,2022-08-31,2,2.9952,2.9201,242.0,Timur,2022,13,2.4281
573-A-2-0272,573-A,2,2022-09-22,2022-09-27,6,2.6746,2.4935,265.0,Peralihan II,2022,21,2.4281
573-A-2-0273,573-A,2,2022-12-23,2022-12-24,2,2.6139,2.5468,357.0,Barat,2022,86,2.4281
573-A-2-0274,573-A,2,2023-01-03,2023-01-04,2,2.4529,2.4443,3.0,Barat,2023,9,2.4281
573-A-2-0275,573-A,2,2023-04-15,2023-04-17,3,2.7063,2.5758,105.0,Peralihan I,2023,100,2.4281
573-A-2-0276,573-A,2,2023-06-08,2023-06-08,1,2.5109,2.5109,159.0,Timur,2023,51,2.4281
573-A-2-0277,573-A,2,2023-06-11,2023-06-12,2,2.5502,2.5416,162.0,Timur,2023,2,2.4281
573-A-2-0278,573-A,2,2023-07-06,2023-07-08,3,3.0457,2.8696,187.0,Timur,2023,23,2.4281
573-A-2-0279,573-A,2,2023-07-13,2023-07-14,2,2.5169,2.4946,194.0,Timur,2023,4,2.4281
573-A-2-0280,573-A,2,2023-07-21,2023-07-22,2,2.7314,2.722,202.0,Timur,2023,6,2.4281
573-A-2-0281,573-A,2,2023-08-04,2023-08-06,3,3.0958,2.8851,216.0,Timur,2023,12,2.4281
573-A-2-0282,573-A,2,2023-08-17,2023-08-18,2,2.4428,2.4416,229.0,Timur,2023,10,2.4281
573-A-2-0283,573-A,2,2023-08-23,2023-08-24,2,2.691,2.671,235.0,Timur,2023,4,2.4281
573-A-2-0284,573-A,2,2023-09-05,2023-09-06,2,2.6258,2.6061,248.0,Peralihan II,2023,11,2.4281
573-A-2-0285,573-A,2,2023-09-14,2023-09-22,9,2.9284,2.5874,257.0,Peralihan II,2023,7,2.4281
573-A-2-0286,573-A,2,2023-10-04,2023-10-06,3,2.9156,2.7496,277.0,Peralihan II,2023,11,2.4281
573-A-2-0287,573-A,2,2024-03-12,2024-03-14,3,2.6832,2.6795,72.0,Peralihan I,2024,157,2.4281
573-A-2-0288,573-A,2,2024-05-28,2024-05-29,2,2.5725,2.5363,149.0,Peralihan I,2024,74,2.4281
573-A-2-0289,573-A,2,2024-06-04,2024-06-06,3,3.0124,2.8599,156.0,Timur,2024,5,2.4281
573-A-2-0290,573-A,2,2024-06-11,2024-06-12,2,2.7345,2.733,163.0,Timur,2024,4,2.4281
573-A-2-0291,573-A,2,2024-07-04,2024-07-05,2,2.613,2.563,186.0,Timur,2024,21,2.4281
573-A-2-0292,573-A,2,2024-07-31,2024-08-01,2,2.7268,2.5815,213.0,Timur,2024,25,2.4281
573-A-2-0293,573-A,2,2024-08-09,2024-08-09,1,2.5608,2.5608,222.0,Timur,2024,7,2.4281
573-A-2-0294,573-A,2,2024-08-13,2024-08-13,1,2.4506,2.4506,226.0,Timur,2024,3,2.4281
573-A-2-0295,573-A,2,2024-08-19,2024-08-19,1,2.4738,2.4738,232.0,Timur,2024,5,2.4281
573-A-2-0296,573-A,2,2024-09-07,2024-09-07,1,2.4775,2.4775,251.0,Peralihan II,2024,18,2.4281
573-A-2-0297,573-A,2,2024-10-05,2024-10-05,1,2.6027,2.6027,279.0,Peralihan II,2024,27,2.4281
573-A-2-0298,573-A,2,2024-10-16,2024-10-17,2,2.7864,2.7295,290.0,Peralihan II,2024,10,2.4281
573-A-2-0299,573-A,2,2025-01-20,2025-01-20,1,2.5241,2.5241,20.0,Barat,2025,94,2.4281
573-A-2-0300,573-A,2,2025-02-05,2025-02-06,2,2.5874,2.5547,36.0,Barat,2025,15,2.4281
573-A-2-0301,573-A,2,2025-05-06,2025-05-06,1,2.5387,2.5387,126.0,Peralihan I,2025,88,2.4281
573-A-2-0302,573-A,2,2025-06-22,2025-06-24,3,2.8738,2.7014,173.0,Timur,2025,46,2.4281
573-A-2-0303,573-A,2,2025-06-28,2025-06-29,2,2.5296,2.503,179.0,Timur,2025,3,2.4281
573-A-2-0304,573-A,2,2025-07-09,2025-07-10,2,2.6561,2.6335,190.0,Timur,2025,9,2.4281
573-A-2-0305,573-A,2,2025-07-18,2025-07-21,4,2.6351,2.5927,199.0,Timur,2025,7,2.4281
573-A-2-0306,573-A,2,2025-07-26,2025-07-31,6,2.8037,2.6263,207.0,Timur,2025,4,2.4281
573-A-2-0307,573-A,2,2025-08-05,2025-08-07,3,3.3677,3.0684,217.0,Timur,2025,4,2.4281
573-A-2-0308,573-A,2,2025-08-27,2025-08-28,2,2.8031,2.7722,239.0,Timur,2025,19,2.4281
573-A-2-0309,573-A,2,2025-09-08,2025-09-10,3,2.5977,2.5446,251.0,Peralihan II,2025,10,2.4281
573-A-2-0310,573-A,2,2025-10-15,2025-10-16,2,2.563,2.5172,288.0,Peralihan II,2025,34,2.4281
573-A-3-0001,573-A,3,2001-02-10,2001-02-14,5,2.9729,2.7698,41.0,Barat,2001,-1,2.616
573-A-3-0002,573-A,3,2001-03-21,2001-03-21,1,2.7052,2.7052,80.0,Peralihan I,2001,34,2.616
573-A-3-0003,573-A,3,2001-05-10,2001-05-12,3,2.8539,2.754,130.0,Peralihan I,2001,49,2.616
573-A-3-0004,573-A,3,2001-06-19,2001-06-20,2,2.673,2.6706,170.0,Timur,2001,37,2.616
573-A-3-0005,573-A,3,2001-07-02,2001-07-06,5,2.8085,2.7325,183.0,Timur,2001,11,2.616
573-A-3-0006,573-A,3,2001-07-21,2001-07-23,3,2.858,2.7964,202.0,Timur,2001,14,2.616
573-A-3-0007,573-A,3,2001-07-31,2001-08-02,3,3.0854,2.8706,212.0,Timur,2001,7,2.616
573-A-3-0008,573-A,3,2001-08-11,2001-08-12,2,2.846,2.8118,223.0,Timur,2001,8,2.616
573-A-3-0009,573-A,3,2001-09-11,2001-09-13,3,2.93,2.7953,254.0,Peralihan II,2001,29,2.616
573-A-3-0010,573-A,3,2002-05-09,2002-05-09,1,2.9263,2.9263,129.0,Peralihan I,2002,237,2.616
573-A-3-0011,573-A,3,2002-05-12,2002-05-13,2,2.7265,2.7228,132.0,Peralihan I,2002,2,2.616
573-A-3-0012,573-A,3,2002-05-26,2002-05-26,1,2.7615,2.7615,146.0,Peralihan I,2002,12,2.616
573-A-3-0013,573-A,3,2002-07-03,2002-07-04,2,3.0046,2.9933,184.0,Timur,2002,37,2.616
573-A-3-0014,573-A,3,2002-07-10,2002-07-15,6,2.8214,2.7141,191.0,Timur,2002,5,2.616
573-A-3-0015,573-A,3,2002-07-27,2002-07-29,3,2.7761,2.7186,208.0,Timur,2002,11,2.616
573-A-3-0016,573-A,3,2002-08-07,2002-08-07,1,2.7713,2.7713,219.0,Timur,2002,8,2.616
573-A-3-0017,573-A,3,2002-08-17,2002-08-18,2,3.5058,3.4227,229.0,Timur,2002,9,2.616
573-A-3-0018,573-A,3,2002-09-03,2002-09-05,3,3.2094,3.0384,246.0,Peralihan II,2002,15,2.616
573-A-3-0019,573-A,3,2003-02-27,2003-02-28,2,2.7136,2.6666,58.0,Barat,2003,174,2.616
573-A-3-0020,573-A,3,2003-04-07,2003-04-07,1,2.6248,2.6248,97.0,Peralihan I,2003,37,2.616
573-A-3-0021,573-A,3,2003-05-26,2003-05-29,4,3.0704,2.8906,146.0,Peralihan I,2003,48,2.616
573-A-3-0022,573-A,3,2003-07-24,2003-07-24,1,2.6214,2.6214,205.0,Timur,2003,55,2.616
573-A-3-0023,573-A,3,2003-08-13,2003-08-14,2,3.1336,3.0599,225.0,Timur,2003,19,2.616
573-A-3-0024,573-A,3,2003-09-05,2003-09-06,2,2.7907,2.7547,248.0,Peralihan II,2003,21,2.616
573-A-3-0025,573-A,3,2003-09-09,2003-09-12,4,3.0826,2.9791,252.0,Peralihan II,2003,2,2.616
573-A-3-0026,573-A,3,2003-09-22,2003-09-25,4,3.2209,3.0098,265.0,Peralihan II,2003,9,2.616
573-A-3-0027,573-A,3,2004-02-17,2004-02-17,1,2.7134,2.7134,48.0,Barat,2004,144,2.616
573-A-3-0028,573-A,3,2004-05-12,2004-05-12,1,2.817,2.817,133.0,Peralihan I,2004,84,2.616
573-A-3-0029,573-A,3,2004-05-28,2004-05-29,2,2.7379,2.6882,149.0,Peralihan I,2004,15,2.616
573-A-3-0030,573-A,3,2004-06-09,2004-06-16,8,2.8804,2.6817,161.0,Timur,2004,10,2.616
573-A-3-0031,573-A,3,2004-08-26,2004-08-28,3,3.2788,3.1714,239.0,Timur,2004,70,2.616
573-A-3-0032,573-A,3,2005-05-16,2005-05-21,6,3.0327,2.757,136.0,Peralihan I,2005,260,2.616
573-A-3-0033,573-A,3,2005-06-28,2005-06-30,3,2.9378,2.8155,179.0,Timur,2005,37,2.616
573-A-3-0034,573-A,3,2005-07-20,2005-07-23,4,2.8538,2.6836,201.0,Timur,2005,19,2.616
573-A-3-0035,573-A,3,2005-07-31,2005-07-31,1,2.6282,2.6282,212.0,Timur,2005,7,2.616
573-A-3-0036,573-A,3,2005-08-19,2005-08-20,2,2.8601,2.8568,231.0,Timur,2005,18,2.616
573-A-3-0037,573-A,3,2005-09-06,2005-09-09,4,3.2658,2.9225,249.0,Peralihan II,2005,16,2.616
573-A-3-0038,573-A,3,2005-09-19,2005-09-20,2,2.9217,2.8958,262.0,Peralihan II,2005,9,2.616
573-A-3-0039,573-A,3,2005-10-02,2005-10-03,2,2.949,2.8129,275.0,Peralihan II,2005,11,2.616
573-A-3-0040,573-A,3,2005-10-06,2005-10-07,2,2.8477,2.8437,279.0,Peralihan II,2005,2,2.616
573-A-3-0041,573-A,3,2005-11-09,2005-11-11,3,3.189,2.9235,313.0,Peralihan II,2005,32,2.616
573-A-3-0042,573-A,3,2006-01-25,2006-01-25,1,2.7082,2.7082,25.0,Barat,2006,74,2.616
573-A-3-0043,573-A,3,2006-07-06,2006-07-07,2,3.1086,3.1048,187.0,Timur,2006,161,2.616
573-A-3-0044,573-A,3,2006-07-13,2006-07-13,1,2.7397,2.7397,194.0,Timur,2006,5,2.616
573-A-3-0045,573-A,3,2006-07-26,2006-07-26,1,2.6403,2.6403,207.0,Timur,2006,12,2.616
573-A-3-0046,573-A,3,2006-07-29,2006-07-31,3,3.2251,3.0599,210.0,Timur,2006,2,2.616
573-A-3-0047,573-A,3,2006-08-04,2006-08-07,4,3.3413,3.0486,216.0,Timur,2006,3,2.616
573-A-3-0048,573-A,3,2006-08-10,2006-08-10,1,2.7405,2.7405,222.0,Timur,2006,2,2.616
573-A-3-0049,573-A,3,2006-10-01,2006-10-03,3,2.8706,2.8307,274.0,Peralihan II,2006,51,2.616
573-A-3-0050,573-A,3,2006-10-16,2006-10-16,1,2.6613,2.6613,289.0,Peralihan II,2006,12,2.616
573-A-3-0051,573-A,3,2007-05-18,2007-05-19,2,2.9632,2.8766,138.0,Peralihan I,2007,213,2.616
573-A-3-0052,573-A,3,2007-07-04,2007-07-05,2,2.9676,2.9616,185.0,Timur,2007,45,2.616
573-A-3-0053,573-A,3,2007-07-23,2007-07-25,3,3.0459,2.8545,204.0,Timur,2007,17,2.616
573-A-3-0054,573-A,3,2007-07-30,2007-08-02,4,2.8393,2.7335,211.0,Timur,2007,4,2.616
573-A-3-0055,573-A,3,2007-08-07,2007-08-08,2,2.7018,2.666,219.0,Timur,2007,4,2.616
573-A-3-0056,573-A,3,2007-08-16,2007-08-16,1,2.6607,2.6607,228.0,Timur,2007,7,2.616
573-A-3-0057,573-A,3,2007-09-01,2007-09-04,4,2.8171,2.6675,244.0,Peralihan II,2007,15,2.616
573-A-3-0058,573-A,3,2007-09-17,2007-09-21,5,2.8725,2.8001,260.0,Peralihan II,2007,12,2.616
573-A-3-0059,573-A,3,2007-09-26,2007-09-27,2,2.8324,2.8265,269.0,Peralihan II,2007,4,2.616
573-A-3-0060,573-A,3,2008-02-09,2008-02-12,4,2.8511,2.746,40.0,Barat,2008,134,2.616
573-A-3-0061,573-A,3,2008-02-20,2008-02-22,3,2.9747,2.8778,51.0,Barat,2008,7,2.616
573-A-3-0062,573-A,3,2008-07-08,2008-07-08,1,2.7001,2.7001,190.0,Timur,2008,136,2.616
573-A-3-0063,573-A,3,2008-07-21,2008-07-21,1,2.6613,2.6613,203.0,Timur,2008,12,2.616
573-A-3-0064,573-A,3,2008-07-30,2008-07-30,1,2.6281,2.6281,212.0,Timur,2008,8,2.616
573-A-3-0065,573-A,3,2008-09-21,2008-09-22,2,3.1024,3.0704,265.0,Peralihan II,2008,52,2.616
573-A-3-0066,573-A,3,2009-02-07,2009-02-07,1,2.6488,2.6488,38.0,Barat,2009,137,2.616
573-A-3-0067,573-A,3,2009-06-16,2009-06-17,2,2.7646,2.7431,167.0,Timur,2009,128,2.616
573-A-3-0068,573-A,3,2009-07-01,2009-07-02,2,2.639,2.6383,182.0,Timur,2009,13,2.616
573-A-3-0069,573-A,3,2009-07-22,2009-07-23,2,2.9886,2.9766,203.0,Timur,2009,19,2.616
573-A-3-0070,573-A,3,2009-08-14,2009-08-15,2,2.7244,2.675,226.0,Timur,2009,21,2.616
573-A-3-0071,573-A,3,2009-09-11,2009-09-15,5,3.5127,3.0824,254.0,Peralihan II,2009,26,2.616
573-A-3-0072,573-A,3,2009-09-26,2009-09-26,1,2.6972,2.6972,269.0,Peralihan II,2009,10,2.616
573-A-3-0073,573-A,3,2010-06-18,2010-06-18,1,2.6485,2.6485,169.0,Timur,2010,264,2.616
573-A-3-0074,573-A,3,2010-06-24,2010-06-24,1,2.7261,2.7261,175.0,Timur,2010,5,2.616
573-A-3-0075,573-A,3,2010-07-11,2010-07-15,5,3.1525,2.8891,192.0,Timur,2010,16,2.616
573-A-3-0076,573-A,3,2011-06-21,2011-06-22,2,2.7688,2.743,172.0,Timur,2011,340,2.616
573-A-3-0077,573-A,3,2011-08-02,2011-08-04,3,2.885,2.7982,214.0,Timur,2011,40,2.616
573-A-3-0078,573-A,3,2011-08-17,2011-08-19,3,3.1896,3.0932,229.0,Timur,2011,12,2.616
573-A-3-0079,573-A,3,2011-08-26,2011-08-26,1,2.7679,2.7679,238.0,Timur,2011,6,2.616
573-A-3-0080,573-A,3,2011-09-21,2011-09-21,1,2.7089,2.7089,264.0,Peralihan II,2011,25,2.616
573-A-3-0081,573-A,3,2011-10-15,2011-10-18,4,3.2454,3.0394,288.0,Peralihan II,2011,23,2.616
573-A-3-0082,573-A,3,2012-01-25,2012-01-27,3,2.8984,2.7972,25.0,Barat,2012,98,2.616
573-A-3-0083,573-A,3,2012-03-14,2012-03-17,4,2.7797,2.7032,74.0,Peralihan I,2012,46,2.616
573-A-3-0084,573-A,3,2012-04-04,2012-04-06,3,3.0189,2.8519,95.0,Peralihan I,2012,17,2.616
573-A-3-0085,573-A,3,2012-04-20,2012-04-21,2,2.9083,2.8038,111.0,Peralihan I,2012,13,2.616
573-A-3-0086,573-A,3,2012-08-09,2012-08-10,2,2.9108,2.8854,222.0,Timur,2012,109,2.616
573-A-3-0087,573-A,3,2012-08-29,2012-08-29,1,2.6666,2.6666,242.0,Timur,2012,18,2.616
573-A-3-0088,573-A,3,2012-09-03,2012-09-03,1,2.8532,2.8532,247.0,Peralihan II,2012,4,2.616
573-A-3-0089,573-A,3,2012-09-06,2012-09-07,2,2.826,2.7651,250.0,Peralihan II,2012,2,2.616
573-A-3-0090,573-A,3,2012-09-23,2012-09-25,3,2.907,2.7549,267.0,Peralihan II,2012,15,2.616
573-A-3-0091,573-A,3,2013-01-06,2013-01-07,2,2.8247,2.8164,6.0,Barat,2013,102,2.616
573-A-3-0092,573-A,3,2013-01-10,2013-01-12,3,2.8885,2.8223,10.0,Barat,2013,2,2.616
573-A-3-0093,573-A,3,2013-05-10,2013-05-11,2,3.0484,2.9474,130.0,Peralihan I,2013,117,2.616
573-A-3-0094,573-A,3,2013-06-27,2013-07-01,5,2.8203,2.7203,178.0,Timur,2013,46,2.616
573-A-3-0095,573-A,3,2013-07-28,2013-07-29,2,2.8512,2.7984,209.0,Timur,2013,26,2.616
573-A-3-0096,573-A,3,2013-08-11,2013-08-12,2,2.9039,2.8924,223.0,Timur,2013,12,2.616
573-A-3-0097,573-A,3,2013-09-02,2013-09-07,6,3.4968,3.0501,245.0,Peralihan II,2013,20,2.616
573-A-3-0098,573-A,3,2013-09-13,2013-09-14,2,2.6741,2.6595,256.0,Peralihan II,2013,5,2.616
573-A-3-0099,573-A,3,2013-09-21,2013-09-21,1,2.7122,2.7122,264.0,Peralihan II,2013,6,2.616
573-A-3-0100,573-A,3,2013-09-24,2013-09-27,4,2.9614,2.8382,267.0,Peralihan II,2013,2,2.616
573-A-3-0101,573-A,3,2013-10-08,2013-10-11,4,3.4448,3.089,281.0,Peralihan II,2013,10,2.616
573-A-3-0102,573-A,3,2014-05-13,2014-05-13,1,2.6849,2.6849,133.0,Peralihan I,2014,213,2.616
573-A-3-0103,573-A,3,2014-06-20,2014-06-20,1,2.7557,2.7557,171.0,Timur,2014,37,2.616
573-A-3-0104,573-A,3,2014-06-24,2014-06-24,1,2.6223,2.6223,175.0,Timur,2014,3,2.616
573-A-3-0105,573-A,3,2014-06-27,2014-06-28,2,2.9271,2.8063,178.0,Timur,2014,2,2.616
573-A-3-0106,573-A,3,2014-07-10,2014-07-11,2,2.7868,2.7427,191.0,Timur,2014,11,2.616
573-A-3-0107,573-A,3,2014-07-17,2014-07-18,2,2.6836,2.6515,198.0,Timur,2014,5,2.616
573-A-3-0108,573-A,3,2014-08-10,2014-08-12,3,3.0952,2.8672,222.0,Timur,2014,22,2.616
573-A-3-0109,573-A,3,2014-08-24,2014-08-25,2,3.3002,3.2133,236.0,Timur,2014,11,2.616
573-A-3-0110,573-A,3,2014-08-28,2014-08-29,2,2.8472,2.7979,240.0,Timur,2014,2,2.616
573-A-3-0111,573-A,3,2014-09-10,2014-09-11,2,2.7738,2.6954,253.0,Peralihan II,2014,11,2.616
573-A-3-0112,573-A,3,2014-09-14,2014-09-15,2,2.7707,2.7674,257.0,Peralihan II,2014,2,2.616
573-A-3-0113,573-A,3,2014-09-23,2014-09-24,2,2.7753,2.7373,266.0,Peralihan II,2014,7,2.616
573-A-3-0114,573-A,3,2015-06-06,2015-06-07,2,2.7878,2.7768,157.0,Timur,2015,254,2.616
573-A-3-0115,573-A,3,2015-06-27,2015-06-29,3,3.2504,3.163,178.0,Timur,2015,19,2.616
573-A-3-0116,573-A,3,2015-08-11,2015-08-11,1,2.6452,2.6452,223.0,Timur,2015,42,2.616
573-A-3-0117,573-A,3,2015-09-01,2015-09-01,1,2.7068,2.7068,244.0,Peralihan II,2015,20,2.616
573-A-3-0118,573-A,3,2016-05-16,2016-05-18,3,2.788,2.6999,137.0,Peralihan I,2016,257,2.616
573-A-3-0119,573-A,3,2016-05-24,2016-05-24,1,2.7123,2.7123,145.0,Peralihan I,2016,5,2.616
573-A-3-0120,573-A,3,2016-05-30,2016-05-30,1,2.8089,2.8089,151.0,Peralihan I,2016,5,2.616
573-A-3-0121,573-A,3,2016-06-02,2016-06-02,1,2.7248,2.7248,154.0,Timur,2016,2,2.616
573-A-3-0122,573-A,3,2016-06-08,2016-06-10,3,3.3256,3.162,160.0,Timur,2016,5,2.616
573-A-3-0123,573-A,3,2016-07-17,2016-07-20,4,2.9322,2.858,199.0,Timur,2016,36,2.616
573-A-3-0124,573-A,3,2016-08-01,2016-08-03,3,3.36,3.0716,214.0,Timur,2016,11,2.616
573-A-3-0125,573-A,3,2016-09-09,2016-09-10,2,2.9161,2.8557,253.0,Peralihan II,2016,36,2.616
573-A-3-0126,573-A,3,2016-12-26,2016-12-27,2,2.7345,2.6941,361.0,Barat,2016,106,2.616
573-A-3-0127,573-A,3,2017-02-10,2017-02-10,1,2.6519,2.6519,41.0,Barat,2017,44,2.616
573-A-3-0128,573-A,3,2017-03-20,2017-03-21,2,3.0795,3.0732,79.0,Peralihan I,2017,37,2.616
573-A-3-0129,573-A,3,2017-05-11,2017-05-12,2,2.7635,2.7234,131.0,Peralihan I,2017,50,2.616
573-A-3-0130,573-A,3,2017-06-05,2017-06-06,2,3.0895,3.0389,156.0,Timur,2017,23,2.616
573-A-3-0131,573-A,3,2017-06-09,2017-06-10,2,2.7975,2.7925,160.0,Timur,2017,2,2.616
573-A-3-0132,573-A,3,2017-07-15,2017-07-16,2,3.0417,2.9344,196.0,Timur,2017,34,2.616
573-A-3-0133,573-A,3,2017-07-21,2017-07-22,2,2.8007,2.7978,202.0,Timur,2017,4,2.616
573-A-3-0134,573-A,3,2017-07-31,2017-07-31,1,2.7361,2.7361,212.0,Timur,2017,8,2.616
573-A-3-0135,573-A,3,2017-08-03,2017-08-04,2,3.082,2.9996,215.0,Timur,2017,2,2.616
573-A-3-0136,573-A,3,2017-08-11,2017-08-11,1,2.661,2.661,223.0,Timur,2017,6,2.616
573-A-3-0137,573-A,3,2017-08-15,2017-08-16,2,2.8575,2.8505,227.0,Timur,2017,3,2.616
573-A-3-0138,573-A,3,2017-10-18,2017-10-19,2,2.8441,2.769,291.0,Peralihan II,2017,62,2.616
573-A-3-0139,573-A,3,2017-12-01,2017-12-01,1,2.6813,2.6813,335.0,Barat,2017,42,2.616
573-A-3-0140,573-A,3,2018-01-14,2018-01-14,1,2.6536,2.6536,14.0,Barat,2018,43,2.616
573-A-3-0141,573-A,3,2018-05-27,2018-05-28,2,3.0769,3.0597,147.0,Peralihan I,2018,132,2.616
573-A-3-0142,573-A,3,2018-07-07,2018-07-08,2,2.808,2.74,188.0,Timur,2018,39,2.616
573-A-3-0143,573-A,3,2018-07-15,2018-07-15,1,2.734,2.734,196.0,Timur,2018,6,2.616
573-A-3-0144,573-A,3,2018-07-18,2018-07-21,4,3.6461,3.1258,199.0,Timur,2018,2,2.616
573-A-3-0145,573-A,3,2018-07-24,2018-07-31,8,4.2312,3.3511,205.0,Timur,2018,2,2.616
573-A-3-0146,573-A,3,2018-08-03,2018-08-05,3,3.2244,2.9792,215.0,Timur,2018,2,2.616
573-A-3-0147,573-A,3,2018-08-31,2018-09-01,2,2.8063,2.7565,243.0,Timur,2018,25,2.616
573-A-3-0148,573-A,3,2018-09-07,2018-09-07,1,2.6296,2.6296,250.0,Peralihan II,2018,5,2.616
573-A-3-0149,573-A,3,2019-04-18,2019-04-19,2,2.7444,2.7365,108.0,Peralihan I,2019,222,2.616
573-A-3-0150,573-A,3,2019-04-22,2019-04-22,1,2.6189,2.6189,112.0,Peralihan I,2019,2,2.616
573-A-3-0151,573-A,3,2019-06-02,2019-06-02,1,2.6953,2.6953,153.0,Timur,2019,40,2.616
573-A-3-0152,573-A,3,2019-06-10,2019-06-14,5,3.3271,2.9421,161.0,Timur,2019,7,2.616
573-A-3-0153,573-A,3,2019-06-28,2019-06-30,3,3.1789,3.0491,179.0,Timur,2019,13,2.616
573-A-3-0154,573-A,3,2019-07-03,2019-07-03,1,2.6477,2.6477,184.0,Timur,2019,2,2.616
573-A-3-0155,573-A,3,2019-07-07,2019-07-07,1,2.7388,2.7388,188.0,Timur,2019,3,2.616
573-A-3-0156,573-A,3,2019-07-22,2019-07-25,4,3.2632,2.9122,203.0,Timur,2019,14,2.616
573-A-3-0157,573-A,3,2019-08-23,2019-08-23,1,2.6756,2.6756,235.0,Timur,2019,28,2.616
573-A-3-0158,573-A,3,2019-09-15,2019-09-16,2,2.7765,2.6996,258.0,Peralihan II,2019,22,2.616
573-A-3-0159,573-A,3,2020-05-26,2020-05-29,4,3.0224,2.8132,147.0,Peralihan I,2020,252,2.616
573-A-3-0160,573-A,3,2020-06-20,2020-06-21,2,2.7522,2.7308,172.0,Timur,2020,21,2.616
573-A-3-0161,573-A,3,2020-07-01,2020-07-03,3,3.15,2.9782,183.0,Timur,2020,9,2.616
573-A-3-0162,573-A,3,2020-07-14,2020-07-19,6,2.9913,2.8065,196.0,Timur,2020,10,2.616
573-A-3-0163,573-A,3,2020-07-27,2020-07-28,2,2.8034,2.7234,209.0,Timur,2020,7,2.616
573-A-3-0164,573-A,3,2020-08-11,2020-08-13,3,2.8597,2.7281,224.0,Timur,2020,13,2.616
573-A-3-0165,573-A,3,2020-09-08,2020-09-12,5,3.235,2.8655,252.0,Peralihan II,2020,25,2.616
573-A-3-0166,573-A,3,2020-09-16,2020-09-17,2,2.7414,2.6947,260.0,Peralihan II,2020,3,2.616
573-A-3-0167,573-A,3,2020-10-05,2020-10-05,1,2.7337,2.7337,279.0,Peralihan II,2020,17,2.616
573-A-3-0168,573-A,3,2020-10-29,2020-10-30,2,2.9165,2.8829,303.0,Peralihan II,2020,23,2.616
573-A-3-0169,573-A,3,2021-05-26,2021-05-26,1,2.6417,2.6417,146.0,Peralihan I,2021,207,2.616
573-A-3-0170,573-A,3,2021-07-14,2021-07-15,2,2.8495,2.7956,195.0,Timur,2021,48,2.616
573-A-3-0171,573-A,3,2021-07-29,2021-08-03,6,3.1747,2.9585,210.0,Timur,2021,13,2.616
573-A-3-0172,573-A,3,2021-08-11,2021-08-13,3,3.3492,3.1865,223.0,Timur,2021,7,2.616
573-A-3-0173,573-A,3,2021-09-04,2021-09-05,2,2.6971,2.6707,247.0,Peralihan II,2021,21,2.616
573-A-3-0174,573-A,3,2021-09-18,2021-09-19,2,2.6683,2.664,261.0,Peralihan II,2021,12,2.616
573-A-3-0175,573-A,3,2022-05-24,2022-05-25,2,2.6488,2.6451,144.0,Peralihan I,2022,246,2.616
573-A-3-0176,573-A,3,2022-07-03,2022-07-03,1,2.6282,2.6282,184.0,Timur,2022,38,2.616
573-A-3-0177,573-A,3,2022-07-12,2022-07-13,2,2.6948,2.6823,193.0,Timur,2022,8,2.616
573-A-3-0178,573-A,3,2022-07-26,2022-07-27,2,2.7842,2.7719,207.0,Timur,2022,12,2.616
573-A-3-0179,573-A,3,2022-08-04,2022-08-05,2,2.8238,2.7649,216.0,Timur,2022,7,2.616
573-A-3-0180,573-A,3,2022-08-30,2022-08-31,2,2.9952,2.9201,242.0,Timur,2022,24,2.616
573-A-3-0181,573-A,3,2022-09-24,2022-09-24,1,2.6746,2.6746,267.0,Peralihan II,2022,23,2.616
573-A-3-0182,573-A,3,2023-04-16,2023-04-16,1,2.7063,2.7063,106.0,Peralihan I,2023,203,2.616
573-A-3-0183,573-A,3,2023-07-06,2023-07-08,3,3.0457,2.8696,187.0,Timur,2023,80,2.616
573-A-3-0184,573-A,3,2023-07-21,2023-07-22,2,2.7314,2.722,202.0,Timur,2023,12,2.616
573-A-3-0185,573-A,3,2023-08-04,2023-08-05,2,3.0958,3.0385,216.0,Timur,2023,12,2.616
573-A-3-0186,573-A,3,2023-08-23,2023-08-24,2,2.691,2.671,235.0,Timur,2023,17,2.616
573-A-3-0187,573-A,3,2023-09-06,2023-09-06,1,2.6258,2.6258,249.0,Peralihan II,2023,12,2.616
573-A-3-0188,573-A,3,2023-09-15,2023-09-16,2,2.9284,2.9173,258.0,Peralihan II,2023,8,2.616
573-A-3-0189,573-A,3,2023-10-04,2023-10-05,2,2.9156,2.8859,277.0,Peralihan II,2023,17,2.616
573-A-3-0190,573-A,3,2024-03-12,2024-03-14,3,2.6832,2.6795,72.0,Peralihan I,2024,158,2.616
573-A-3-0191,573-A,3,2024-06-04,2024-06-05,2,3.0124,2.9979,156.0,Timur,2024,81,2.616
573-A-3-0192,573-A,3,2024-06-11,2024-06-12,2,2.7345,2.733,163.0,Timur,2024,5,2.616
573-A-3-0193,573-A,3,2024-08-01,2024-08-01,1,2.7268,2.7268,214.0,Timur,2024,49,2.616
573-A-3-0194,573-A,3,2024-10-16,2024-10-17,2,2.7864,2.7295,290.0,Peralihan II,2024,75,2.616
573-A-3-0195,573-A,3,2025-06-23,2025-06-24,2,2.8738,2.7592,174.0,Timur,2025,248,2.616
573-A-3-0196,573-A,3,2025-07-10,2025-07-10,1,2.6561,2.6561,191.0,Timur,2025,15,2.616
573-A-3-0197,573-A,3,2025-07-19,2025-07-19,1,2.6351,2.6351,200.0,Timur,2025,8,2.616
573-A-3-0198,573-A,3,2025-07-29,2025-07-30,2,2.8037,2.7826,210.0,Timur,2025,9,2.616
573-A-3-0199,573-A,3,2025-08-05,2025-08-06,2,3.3677,3.3404,217.0,Timur,2025,5,2.616
573-A-3-0200,573-A,3,2025-08-27,2025-08-28,2,2.8031,2.7722,239.0,Timur,2025,20,2.616
573-D-1-0001,573-D,1,2001-02-11,2001-02-19,9,2.4208,1.8055,42.0,Barat,2001,-1,1.1974
573-D-1-0002,573-D,1,2001-03-01,2001-03-02,2,1.3252,1.303,60.0,Peralihan I,2001,9,1.1974
573-D-1-0003,573-D,1,2001-03-20,2001-03-22,3,1.279,1.2528,79.0,Peralihan I,2001,17,1.1974
573-D-1-0004,573-D,1,2001-05-10,2001-05-10,1,1.2294,1.2294,130.0,Peralihan I,2001,48,1.1974
573-D-1-0005,573-D,1,2001-05-19,2001-05-21,3,1.3516,1.288,139.0,Peralihan I,2001,8,1.1974
573-D-1-0006,573-D,1,2001-06-03,2001-06-04,2,1.3371,1.2938,154.0,Timur,2001,12,1.1974
573-D-1-0007,573-D,1,2001-06-17,2001-06-26,10,1.8484,1.5182,168.0,Timur,2001,12,1.1974
573-D-1-0008,573-D,1,2001-07-01,2001-07-04,4,1.3537,1.3157,182.0,Timur,2001,4,1.1974
573-D-1-0009,573-D,1,2001-07-14,2001-07-15,2,1.3011,1.285,195.0,Timur,2001,9,1.1974
573-D-1-0010,573-D,1,2001-07-21,2001-07-29,9,1.6583,1.5134,202.0,Timur,2001,5,1.1974
573-D-1-0011,573-D,1,2001-08-01,2001-08-05,5,1.5568,1.3679,213.0,Timur,2001,2,1.1974
573-D-1-0012,573-D,1,2001-08-10,2001-08-16,7,1.3572,1.2612,222.0,Timur,2001,4,1.1974
573-D-1-0013,573-D,1,2001-09-07,2001-09-08,2,1.2727,1.2628,250.0,Peralihan II,2001,21,1.1974
573-D-1-0014,573-D,1,2001-09-12,2001-09-13,2,1.3599,1.3287,255.0,Peralihan II,2001,3,1.1974
573-D-1-0015,573-D,1,2002-02-01,2002-02-09,9,1.614,1.3579,32.0,Barat,2002,140,1.1974
573-D-1-0016,573-D,1,2002-02-18,2002-02-18,1,1.2162,1.2162,49.0,Barat,2002,8,1.1974
573-D-1-0017,573-D,1,2002-02-21,2002-02-23,3,1.2529,1.2308,52.0,Barat,2002,2,1.1974
573-D-1-0018,573-D,1,2002-04-11,2002-04-12,2,1.2811,1.2671,101.0,Peralihan I,2002,46,1.1974
573-D-1-0019,573-D,1,2002-05-05,2002-05-05,1,1.2387,1.2387,125.0,Peralihan I,2002,22,1.1974
573-D-1-0020,573-D,1,2002-05-09,2002-05-10,2,1.3665,1.318,129.0,Peralihan I,2002,3,1.1974
573-D-1-0021,573-D,1,2002-05-13,2002-05-14,2,1.3047,1.2903,133.0,Peralihan I,2002,2,1.1974
573-D-1-0022,573-D,1,2002-05-26,2002-06-03,9,1.5408,1.3749,146.0,Peralihan I,2002,11,1.1974
573-D-1-0023,573-D,1,2002-06-07,2002-06-08,2,1.2717,1.2393,158.0,Timur,2002,3,1.1974
573-D-1-0024,573-D,1,2002-06-28,2002-06-28,1,1.2035,1.2035,179.0,Timur,2002,19,1.1974
573-D-1-0025,573-D,1,2002-07-01,2002-07-06,6,1.5938,1.4095,182.0,Timur,2002,2,1.1974
573-D-1-0026,573-D,1,2002-07-10,2002-07-20,11,1.3663,1.2528,191.0,Timur,2002,3,1.1974
573-D-1-0027,573-D,1,2002-07-28,2002-07-29,2,1.2679,1.2327,209.0,Timur,2002,7,1.1974
573-D-1-0028,573-D,1,2002-08-07,2002-08-08,2,1.2669,1.2421,219.0,Timur,2002,8,1.1974
573-D-1-0029,573-D,1,2002-08-17,2002-08-20,4,1.665,1.4794,229.0,Timur,2002,8,1.1974
573-D-1-0030,573-D,1,2002-08-28,2002-08-29,2,1.2736,1.2492,240.0,Timur,2002,7,1.1974
573-D-1-0031,573-D,1,2002-09-04,2002-09-05,2,1.4069,1.3486,247.0,Peralihan II,2002,5,1.1974
573-D-1-0032,573-D,1,2003-01-15,2003-01-15,1,1.2504,1.2504,15.0,Barat,2003,131,1.1974
573-D-1-0033,573-D,1,2003-02-19,2003-02-20,2,1.2316,1.2212,50.0,Barat,2003,34,1.1974
573-D-1-0034,573-D,1,2003-02-24,2003-03-02,7,1.8103,1.5976,55.0,Barat,2003,3,1.1974
573-D-1-0035,573-D,1,2003-04-20,2003-04-22,3,1.2319,1.2168,110.0,Peralihan I,2003,48,1.1974
573-D-1-0036,573-D,1,2003-05-23,2003-05-29,7,1.622,1.4156,143.0,Peralihan I,2003,30,1.1974
573-D-1-0037,573-D,1,2003-06-17,2003-06-20,4,1.3817,1.2703,168.0,Timur,2003,18,1.1974
573-D-1-0038,573-D,1,2003-06-27,2003-06-28,2,1.3085,1.3052,178.0,Timur,2003,6,1.1974
573-D-1-0039,573-D,1,2003-07-08,2003-07-09,2,1.3828,1.3396,189.0,Timur,2003,9,1.1974
573-D-1-0040,573-D,1,2003-07-17,2003-07-17,1,1.2367,1.2367,198.0,Timur,2003,7,1.1974
573-D-1-0041,573-D,1,2003-07-23,2003-07-25,3,1.3339,1.3068,204.0,Timur,2003,5,1.1974
573-D-1-0042,573-D,1,2003-08-01,2003-08-04,4,1.4734,1.368,213.0,Timur,2003,6,1.1974
573-D-1-0043,573-D,1,2003-08-13,2003-08-14,2,1.5237,1.5097,225.0,Timur,2003,8,1.1974
573-D-1-0044,573-D,1,2003-08-24,2003-08-25,2,1.2304,1.2283,236.0,Timur,2003,9,1.1974
573-D-1-0045,573-D,1,2003-09-04,2003-09-07,4,1.3704,1.3141,247.0,Peralihan II,2003,9,1.1974
573-D-1-0046,573-D,1,2003-09-10,2003-09-12,3,1.3545,1.3269,253.0,Peralihan II,2003,2,1.1974
573-D-1-0047,573-D,1,2003-09-23,2003-09-25,3,1.4582,1.4066,266.0,Peralihan II,2003,10,1.1974
573-D-1-0048,573-D,1,2003-12-20,2003-12-26,7,1.5988,1.5022,354.0,Barat,2003,85,1.1974
573-D-1-0049,573-D,1,2004-01-01,2004-01-04,4,1.6674,1.5018,1.0,Barat,2004,5,1.1974
573-D-1-0050,573-D,1,2004-02-04,2004-02-18,15,2.2656,1.5615,35.0,Barat,2004,30,1.1974
573-D-1-0051,573-D,1,2004-03-18,2004-03-25,8,2.0265,1.7942,78.0,Peralihan I,2004,28,1.1974
573-D-1-0052,573-D,1,2004-05-12,2004-05-13,2,1.3654,1.3284,133.0,Peralihan I,2004,47,1.1974
573-D-1-0053,573-D,1,2004-05-28,2004-05-30,3,1.259,1.2409,149.0,Peralihan I,2004,14,1.1974
573-D-1-0054,573-D,1,2004-06-08,2004-06-19,12,1.7259,1.4195,160.0,Timur,2004,8,1.1974
573-D-1-0055,573-D,1,2004-06-26,2004-06-28,3,1.3292,1.2877,178.0,Timur,2004,6,1.1974
573-D-1-0056,573-D,1,2004-07-09,2004-07-10,2,1.465,1.3615,191.0,Timur,2004,10,1.1974
573-D-1-0057,573-D,1,2004-07-14,2004-07-23,10,1.5173,1.3333,196.0,Timur,2004,3,1.1974
573-D-1-0058,573-D,1,2004-08-26,2004-08-28,3,1.5056,1.4489,239.0,Timur,2004,33,1.1974
573-D-1-0059,573-D,1,2004-09-13,2004-09-14,2,1.2415,1.2353,257.0,Peralihan II,2004,15,1.1974
573-D-1-0060,573-D,1,2005-01-01,2005-01-02,2,1.4072,1.3633,1.0,Barat,2005,108,1.1974
573-D-1-0061,573-D,1,2005-01-13,2005-01-15,3,1.2632,1.2316,13.0,Barat,2005,10,1.1974
573-D-1-0062,573-D,1,2005-02-03,2005-02-08,6,1.383,1.2424,34.0,Barat,2005,18,1.1974
573-D-1-0063,573-D,1,2005-05-17,2005-05-22,6,1.4227,1.3749,137.0,Peralihan I,2005,97,1.1974
573-D-1-0064,573-D,1,2005-05-30,2005-06-01,3,1.4252,1.3155,150.0,Peralihan I,2005,7,1.1974
573-D-1-0065,573-D,1,2005-06-26,2005-07-03,8,1.5708,1.3896,177.0,Timur,2005,24,1.1974
573-D-1-0066,573-D,1,2005-07-18,2005-07-24,7,1.5693,1.4193,199.0,Timur,2005,14,1.1974
573-D-1-0067,573-D,1,2005-07-31,2005-08-02,3,1.2807,1.2629,212.0,Timur,2005,6,1.1974
573-D-1-0068,573-D,1,2005-08-17,2005-08-20,4,1.3779,1.2612,229.0,Timur,2005,14,1.1974
573-D-1-0069,573-D,1,2005-09-07,2005-09-10,4,1.5547,1.4008,250.0,Peralihan II,2005,17,1.1974
573-D-1-0070,573-D,1,2005-09-20,2005-09-23,4,1.4107,1.2964,263.0,Peralihan II,2005,9,1.1974
573-D-1-0071,573-D,1,2005-10-07,2005-10-07,1,1.2664,1.2664,280.0,Peralihan II,2005,13,1.1974
573-D-1-0072,573-D,1,2005-11-10,2005-11-11,2,1.3746,1.3687,314.0,Peralihan II,2005,33,1.1974
573-D-1-0073,573-D,1,2005-12-30,2005-12-31,2,1.2783,1.2486,364.0,Barat,2005,48,1.1974
573-D-1-0074,573-D,1,2006-01-16,2006-01-27,12,2.1109,1.602,16.0,Barat,2006,15,1.1974
573-D-1-0075,573-D,1,2006-01-31,2006-02-02,3,1.4023,1.3189,31.0,Barat,2006,3,1.1974
573-D-1-0076,573-D,1,2006-03-05,2006-03-07,3,1.5412,1.4163,64.0,Peralihan I,2006,30,1.1974
573-D-1-0077,573-D,1,2006-04-03,2006-04-03,1,1.2003,1.2003,93.0,Peralihan I,2006,26,1.1974
573-D-1-0078,573-D,1,2006-06-05,2006-06-22,18,1.5677,1.2964,156.0,Timur,2006,62,1.1974
573-D-1-0079,573-D,1,2006-06-26,2006-07-01,6,1.398,1.2725,177.0,Timur,2006,3,1.1974
573-D-1-0080,573-D,1,2006-07-06,2006-07-09,4,1.5935,1.4649,187.0,Timur,2006,4,1.1974
573-D-1-0081,573-D,1,2006-07-13,2006-07-14,2,1.3823,1.3811,194.0,Timur,2006,3,1.1974
573-D-1-0082,573-D,1,2006-07-18,2006-07-23,6,1.4168,1.2982,199.0,Timur,2006,3,1.1974
573-D-1-0083,573-D,1,2006-07-26,2006-07-31,6,1.4445,1.3053,207.0,Timur,2006,2,1.1974
573-D-1-0084,573-D,1,2006-08-04,2006-08-12,9,1.7488,1.496,216.0,Timur,2006,3,1.1974
573-D-1-0085,573-D,1,2006-08-25,2006-08-26,2,1.3318,1.2817,237.0,Timur,2006,12,1.1974
573-D-1-0086,573-D,1,2006-09-15,2006-09-15,1,1.2607,1.2607,258.0,Peralihan II,2006,19,1.1974
573-D-1-0087,573-D,1,2006-10-01,2006-10-07,7,1.4276,1.291,274.0,Peralihan II,2006,15,1.1974
573-D-1-0088,573-D,1,2007-01-02,2007-01-05,4,1.2796,1.2651,2.0,Barat,2007,86,1.1974
573-D-1-0089,573-D,1,2007-02-06,2007-02-06,1,1.2439,1.2439,37.0,Barat,2007,31,1.1974
573-D-1-0090,573-D,1,2007-03-03,2007-03-08,6,1.6646,1.4209,62.0,Peralihan I,2007,24,1.1974
573-D-1-0091,573-D,1,2007-05-09,2007-05-09,1,1.2296,1.2296,129.0,Peralihan I,2007,61,1.1974
573-D-1-0092,573-D,1,2007-05-18,2007-05-19,2,1.4119,1.3946,138.0,Peralihan I,2007,8,1.1974
573-D-1-0093,573-D,1,2007-06-04,2007-06-06,3,1.3591,1.2992,155.0,Timur,2007,15,1.1974
573-D-1-0094,573-D,1,2007-06-09,2007-06-14,6,1.3818,1.2627,160.0,Timur,2007,2,1.1974
573-D-1-0095,573-D,1,2007-06-26,2007-06-28,3,1.4958,1.4116,177.0,Timur,2007,11,1.1974
573-D-1-0096,573-D,1,2007-07-04,2007-07-12,9,1.5304,1.3485,185.0,Timur,2007,5,1.1974
573-D-1-0097,573-D,1,2007-07-17,2007-07-27,11,1.5701,1.3428,198.0,Timur,2007,4,1.1974
573-D-1-0098,573-D,1,2007-07-30,2007-08-03,5,1.3761,1.2818,211.0,Timur,2007,2,1.1974
573-D-1-0099,573-D,1,2007-08-06,2007-08-10,5,1.5385,1.3933,218.0,Timur,2007,2,1.1974
573-D-1-0100,573-D,1,2007-08-15,2007-08-19,5,1.4139,1.3027,227.0,Timur,2007,4,1.1974
573-D-1-0101,573-D,1,2007-09-01,2007-09-04,4,1.4362,1.3144,244.0,Peralihan II,2007,12,1.1974
573-D-1-0102,573-D,1,2007-09-18,2007-09-22,5,1.3121,1.267,261.0,Peralihan II,2007,13,1.1974
573-D-1-0103,573-D,1,2007-09-26,2007-09-27,2,1.3057,1.2692,269.0,Peralihan II,2007,3,1.1974
573-D-1-0104,573-D,1,2007-12-27,2008-01-05,10,1.8206,1.4185,361.0,Barat,2007,90,1.1974
573-D-1-0105,573-D,1,2008-01-12,2008-01-13,2,1.3364,1.3002,12.0,Barat,2008,6,1.1974
573-D-1-0106,573-D,1,2008-02-09,2008-02-22,14,2.1574,1.7276,40.0,Barat,2008,26,1.1974
573-D-1-0107,573-D,1,2008-05-11,2008-05-12,2,1.2324,1.2219,132.0,Peralihan I,2008,78,1.1974
573-D-1-0108,573-D,1,2008-05-26,2008-05-31,6,1.5076,1.3424,147.0,Peralihan I,2008,13,1.1974
573-D-1-0109,573-D,1,2008-06-20,2008-06-25,6,1.6717,1.4008,172.0,Timur,2008,19,1.1974
573-D-1-0110,573-D,1,2008-07-07,2008-07-10,4,1.8284,1.6217,189.0,Timur,2008,11,1.1974
573-D-1-0111,573-D,1,2008-07-18,2008-07-27,10,1.4015,1.2929,200.0,Timur,2008,7,1.1974
573-D-1-0112,573-D,1,2008-07-31,2008-07-31,1,1.2482,1.2482,213.0,Timur,2008,3,1.1974
573-D-1-0113,573-D,1,2008-08-03,2008-08-03,1,1.2162,1.2162,216.0,Timur,2008,2,1.1974
573-D-1-0114,573-D,1,2008-08-07,2008-08-10,4,1.4141,1.3102,220.0,Timur,2008,3,1.1974
573-D-1-0115,573-D,1,2008-08-17,2008-08-19,3,1.5175,1.4146,230.0,Timur,2008,6,1.1974
573-D-1-0116,573-D,1,2008-09-22,2008-09-22,1,1.2913,1.2913,266.0,Peralihan II,2008,33,1.1974
573-D-1-0117,573-D,1,2009-01-15,2009-01-17,3,1.4095,1.332,15.0,Barat,2009,114,1.1974
573-D-1-0118,573-D,1,2009-02-03,2009-02-10,8,1.7416,1.4293,34.0,Barat,2009,16,1.1974
573-D-1-0119,573-D,1,2009-06-16,2009-06-19,4,1.3857,1.3241,167.0,Timur,2009,125,1.1974
573-D-1-0120,573-D,1,2009-07-12,2009-07-12,1,1.2242,1.2242,193.0,Timur,2009,22,1.1974
573-D-1-0121,573-D,1,2009-07-15,2009-07-16,2,1.2365,1.2228,196.0,Timur,2009,2,1.1974
573-D-1-0122,573-D,1,2009-07-23,2009-07-23,1,1.2389,1.2389,204.0,Timur,2009,6,1.1974
573-D-1-0123,573-D,1,2009-07-29,2009-08-03,6,1.3472,1.2772,210.0,Timur,2009,5,1.1974
573-D-1-0124,573-D,1,2009-08-15,2009-08-19,5,1.3531,1.2859,227.0,Timur,2009,11,1.1974
573-D-1-0125,573-D,1,2009-09-12,2009-09-15,4,1.5745,1.4167,255.0,Peralihan II,2009,23,1.1974
573-D-1-0126,573-D,1,2009-09-26,2009-09-26,1,1.2796,1.2796,269.0,Peralihan II,2009,10,1.1974
573-D-1-0127,573-D,1,2010-01-11,2010-01-20,10,1.4726,1.3005,11.0,Barat,2010,106,1.1974
573-D-1-0128,573-D,1,2010-02-27,2010-02-27,1,1.2299,1.2299,58.0,Barat,2010,37,1.1974
573-D-1-0129,573-D,1,2010-05-05,2010-05-05,1,1.2273,1.2273,125.0,Peralihan I,2010,66,1.1974
573-D-1-0130,573-D,1,2010-06-04,2010-06-05,2,1.3184,1.2909,155.0,Timur,2010,29,1.1974
573-D-1-0131,573-D,1,2010-06-16,2010-06-26,11,1.468,1.3021,167.0,Timur,2010,10,1.1974
573-D-1-0132,573-D,1,2010-07-11,2010-07-19,9,1.49,1.3546,192.0,Timur,2010,14,1.1974
573-D-1-0133,573-D,1,2010-08-02,2010-08-06,5,1.4345,1.3676,214.0,Timur,2010,13,1.1974
573-D-1-0134,573-D,1,2010-08-15,2010-08-15,1,1.2605,1.2605,227.0,Timur,2010,8,1.1974
573-D-1-0135,573-D,1,2010-09-24,2010-09-24,1,1.2454,1.2454,267.0,Peralihan II,2010,39,1.1974
573-D-1-0136,573-D,1,2011-01-10,2011-01-17,8,1.6401,1.4545,10.0,Barat,2011,107,1.1974
573-D-1-0137,573-D,1,2011-01-25,2011-01-25,1,1.3547,1.3547,25.0,Barat,2011,7,1.1974
573-D-1-0138,573-D,1,2011-02-25,2011-02-28,4,1.594,1.4213,56.0,Barat,2011,30,1.1974
573-D-1-0139,573-D,1,2011-04-18,2011-04-19,2,1.3228,1.2982,108.0,Peralihan I,2011,48,1.1974
573-D-1-0140,573-D,1,2011-05-11,2011-05-12,2,1.368,1.3372,131.0,Peralihan I,2011,21,1.1974
573-D-1-0141,573-D,1,2011-06-12,2011-06-18,7,1.4553,1.3199,163.0,Timur,2011,30,1.1974
573-D-1-0142,573-D,1,2011-06-21,2011-06-26,6,1.4817,1.3435,172.0,Timur,2011,2,1.1974
573-D-1-0143,573-D,1,2011-07-23,2011-07-24,2,1.287,1.262,204.0,Timur,2011,26,1.1974
573-D-1-0144,573-D,1,2011-07-28,2011-07-28,1,1.2112,1.2112,209.0,Timur,2011,3,1.1974
573-D-1-0145,573-D,1,2011-08-02,2011-08-05,4,1.6691,1.4478,214.0,Timur,2011,4,1.1974
573-D-1-0146,573-D,1,2011-08-08,2011-08-08,1,1.2593,1.2593,220.0,Timur,2011,2,1.1974
573-D-1-0147,573-D,1,2011-08-17,2011-08-27,11,1.4888,1.3611,229.0,Timur,2011,8,1.1974
573-D-1-0148,573-D,1,2011-09-10,2011-09-14,5,1.4825,1.3922,253.0,Peralihan II,2011,13,1.1974
573-D-1-0149,573-D,1,2011-10-05,2011-10-05,1,1.2103,1.2103,278.0,Peralihan II,2011,20,1.1974
573-D-1-0150,573-D,1,2011-10-16,2011-10-19,4,1.5127,1.4085,289.0,Peralihan II,2011,10,1.1974
573-D-1-0151,573-D,1,2012-01-23,2012-01-30,8,1.4689,1.4178,23.0,Barat,2012,95,1.1974
573-D-1-0152,573-D,1,2012-03-14,2012-03-20,7,2.3866,1.8658,74.0,Peralihan I,2012,43,1.1974
573-D-1-0153,573-D,1,2012-05-16,2012-05-18,3,1.2442,1.2206,137.0,Peralihan I,2012,56,1.1974
573-D-1-0154,573-D,1,2012-05-23,2012-05-27,5,1.648,1.4272,144.0,Peralihan I,2012,4,1.1974
573-D-1-0155,573-D,1,2012-05-30,2012-05-30,1,1.2416,1.2416,151.0,Peralihan I,2012,2,1.1974
573-D-1-0156,573-D,1,2012-06-18,2012-06-19,2,1.4306,1.364,170.0,Timur,2012,18,1.1974
573-D-1-0157,573-D,1,2012-06-24,2012-06-26,3,1.5494,1.4221,176.0,Timur,2012,4,1.1974
573-D-1-0158,573-D,1,2012-07-02,2012-07-07,6,1.5843,1.4184,184.0,Timur,2012,5,1.1974
573-D-1-0159,573-D,1,2012-07-18,2012-07-23,6,1.3537,1.3153,200.0,Timur,2012,10,1.1974
573-D-1-0160,573-D,1,2012-07-29,2012-07-30,2,1.2679,1.2369,211.0,Timur,2012,5,1.1974
573-D-1-0161,573-D,1,2012-08-09,2012-08-12,4,1.3772,1.3328,222.0,Timur,2012,9,1.1974
573-D-1-0162,573-D,1,2012-08-30,2012-08-30,1,1.2147,1.2147,243.0,Timur,2012,17,1.1974
573-D-1-0163,573-D,1,2012-09-03,2012-09-07,5,1.3709,1.2898,247.0,Peralihan II,2012,3,1.1974
573-D-1-0164,573-D,1,2012-09-24,2012-09-24,1,1.2469,1.2469,268.0,Peralihan II,2012,16,1.1974
573-D-1-0165,573-D,1,2013-01-06,2013-01-15,10,1.8982,1.5407,6.0,Barat,2013,103,1.1974
573-D-1-0166,573-D,1,2013-01-20,2013-01-20,1,1.2492,1.2492,20.0,Barat,2013,4,1.1974
573-D-1-0167,573-D,1,2013-02-21,2013-03-01,9,1.6632,1.4915,52.0,Barat,2013,31,1.1974
573-D-1-0168,573-D,1,2013-03-06,2013-03-06,1,1.3372,1.3372,65.0,Peralihan I,2013,4,1.1974
573-D-1-0169,573-D,1,2013-05-10,2013-05-11,2,1.4016,1.3787,130.0,Peralihan I,2013,64,1.1974
573-D-1-0170,573-D,1,2013-05-25,2013-05-27,3,1.4469,1.3535,145.0,Peralihan I,2013,13,1.1974
573-D-1-0171,573-D,1,2013-06-30,2013-07-03,4,1.8803,1.6757,181.0,Timur,2013,33,1.1974
573-D-1-0172,573-D,1,2013-07-15,2013-07-16,2,1.2903,1.2598,196.0,Timur,2013,11,1.1974
573-D-1-0173,573-D,1,2013-07-20,2013-07-20,1,1.2036,1.2036,201.0,Timur,2013,3,1.1974
573-D-1-0174,573-D,1,2013-07-23,2013-07-30,8,1.4717,1.2866,204.0,Timur,2013,2,1.1974
573-D-1-0175,573-D,1,2013-08-04,2013-08-08,5,1.3574,1.2871,216.0,Timur,2013,4,1.1974
573-D-1-0176,573-D,1,2013-08-11,2013-08-12,2,1.3963,1.3744,223.0,Timur,2013,2,1.1974
573-D-1-0177,573-D,1,2013-09-02,2013-09-07,6,1.6608,1.5027,245.0,Peralihan II,2013,20,1.1974
573-D-1-0178,573-D,1,2013-09-14,2013-09-15,2,1.3315,1.3127,257.0,Peralihan II,2013,6,1.1974
573-D-1-0179,573-D,1,2013-09-21,2013-09-21,1,1.2379,1.2379,264.0,Peralihan II,2013,5,1.1974
573-D-1-0180,573-D,1,2013-09-24,2013-09-29,6,1.4881,1.3626,267.0,Peralihan II,2013,2,1.1974
573-D-1-0181,573-D,1,2013-10-09,2013-10-12,4,1.6402,1.4973,282.0,Peralihan II,2013,9,1.1974
573-D-1-0182,573-D,1,2013-12-26,2013-12-29,4,1.4291,1.3244,360.0,Barat,2013,74,1.1974
573-D-1-0183,573-D,1,2014-01-12,2014-01-23,12,1.6898,1.5248,12.0,Barat,2014,13,1.1974
573-D-1-0184,573-D,1,2014-01-30,2014-02-04,6,1.7629,1.471,30.0,Barat,2014,6,1.1974
573-D-1-0185,573-D,1,2014-02-12,2014-02-12,1,1.2761,1.2761,43.0,Barat,2014,7,1.1974
573-D-1-0186,573-D,1,2014-03-19,2014-03-19,1,1.6541,1.6541,78.0,Peralihan I,2014,34,1.1974
573-D-1-0187,573-D,1,2014-05-01,2014-05-01,1,1.2168,1.2168,121.0,Peralihan I,2014,42,1.1974
573-D-1-0188,573-D,1,2014-05-14,2014-05-16,3,1.2708,1.2044,134.0,Peralihan I,2014,12,1.1974
573-D-1-0189,573-D,1,2014-05-27,2014-05-27,1,1.2165,1.2165,147.0,Peralihan I,2014,10,1.1974
573-D-1-0190,573-D,1,2014-06-05,2014-06-10,6,1.4383,1.34,156.0,Timur,2014,8,1.1974
573-D-1-0191,573-D,1,2014-06-16,2014-06-17,2,1.3772,1.2984,167.0,Timur,2014,5,1.1974
573-D-1-0192,573-D,1,2014-06-20,2014-06-21,2,1.4065,1.38,171.0,Timur,2014,2,1.1974
573-D-1-0193,573-D,1,2014-06-24,2014-07-02,9,1.4743,1.301,175.0,Timur,2014,2,1.1974
573-D-1-0194,573-D,1,2014-07-05,2014-07-06,2,1.3662,1.3083,186.0,Timur,2014,2,1.1974
573-D-1-0195,573-D,1,2014-07-18,2014-07-18,1,1.3175,1.3175,199.0,Timur,2014,11,1.1974
573-D-1-0196,573-D,1,2014-07-28,2014-07-30,3,1.2951,1.2513,209.0,Timur,2014,9,1.1974
573-D-1-0197,573-D,1,2014-08-04,2014-08-16,13,1.6056,1.3598,216.0,Timur,2014,4,1.1974
573-D-1-0198,573-D,1,2014-08-24,2014-08-30,7,1.651,1.4217,236.0,Timur,2014,7,1.1974
573-D-1-0199,573-D,1,2014-09-11,2014-09-11,1,1.2157,1.2157,254.0,Peralihan II,2014,11,1.1974
573-D-1-0200,573-D,1,2014-09-15,2014-09-16,2,1.3167,1.2729,258.0,Peralihan II,2014,3,1.1974
573-D-1-0201,573-D,1,2014-09-23,2014-09-25,3,1.4025,1.2831,266.0,Peralihan II,2014,6,1.1974
573-D-1-0202,573-D,1,2015-01-03,2015-01-11,9,1.7691,1.4964,3.0,Barat,2015,99,1.1974
573-D-1-0203,573-D,1,2015-01-24,2015-01-24,1,1.2444,1.2444,24.0,Barat,2015,12,1.1974
573-D-1-0204,573-D,1,2015-02-21,2015-02-21,1,1.2144,1.2144,52.0,Barat,2015,27,1.1974
573-D-1-0205,573-D,1,2015-05-15,2015-05-16,2,1.4217,1.313,135.0,Peralihan I,2015,82,1.1974
573-D-1-0206,573-D,1,2015-06-05,2015-06-08,4,1.5292,1.416,156.0,Timur,2015,19,1.1974
573-D-1-0207,573-D,1,2015-06-27,2015-06-30,4,1.6537,1.5457,178.0,Timur,2015,18,1.1974
573-D-1-0208,573-D,1,2015-07-14,2015-07-15,2,1.3776,1.324,195.0,Timur,2015,13,1.1974
573-D-1-0209,573-D,1,2015-09-01,2015-09-02,2,1.2537,1.2357,244.0,Peralihan II,2015,47,1.1974
573-D-1-0210,573-D,1,2015-10-04,2015-10-06,3,1.2833,1.2522,277.0,Peralihan II,2015,31,1.1974
573-D-1-0211,573-D,1,2015-12-19,2015-12-21,3,1.3273,1.2702,353.0,Barat,2015,73,1.1974
573-D-1-0212,573-D,1,2015-12-25,2015-12-27,3,1.5797,1.4373,359.0,Barat,2015,3,1.1974
573-D-1-0213,573-D,1,2016-05-16,2016-05-18,3,1.4054,1.3471,137.0,Peralihan I,2016,140,1.1974
573-D-1-0214,573-D,1,2016-05-30,2016-06-03,5,1.3636,1.2833,151.0,Peralihan I,2016,11,1.1974
573-D-1-0215,573-D,1,2016-06-09,2016-06-10,2,1.4118,1.403,161.0,Timur,2016,5,1.1974
573-D-1-0216,573-D,1,2016-07-14,2016-07-20,7,1.54,1.4652,196.0,Timur,2016,33,1.1974
573-D-1-0217,573-D,1,2016-08-02,2016-08-04,3,1.4753,1.4229,215.0,Timur,2016,12,1.1974
573-D-1-0218,573-D,1,2016-09-10,2016-09-10,1,1.2663,1.2663,254.0,Peralihan II,2016,36,1.1974
573-D-1-0219,573-D,1,2016-12-20,2016-12-28,9,1.6381,1.4249,355.0,Barat,2016,100,1.1974
573-D-1-0220,573-D,1,2017-01-02,2017-01-05,4,1.2753,1.2537,2.0,Barat,2017,4,1.1974
573-D-1-0221,573-D,1,2017-01-26,2017-01-28,3,1.4996,1.3766,26.0,Barat,2017,20,1.1974
573-D-1-0222,573-D,1,2017-01-31,2017-01-31,1,1.2066,1.2066,31.0,Barat,2017,2,1.1974
573-D-1-0223,573-D,1,2017-02-03,2017-02-10,8,1.8909,1.5881,34.0,Barat,2017,2,1.1974
573-D-1-0224,573-D,1,2017-03-20,2017-03-22,3,1.4014,1.3574,79.0,Peralihan I,2017,37,1.1974
573-D-1-0225,573-D,1,2017-03-27,2017-03-27,1,1.2086,1.2086,86.0,Peralihan I,2017,4,1.1974
573-D-1-0226,573-D,1,2017-05-08,2017-05-08,1,1.2144,1.2144,128.0,Peralihan I,2017,41,1.1974
573-D-1-0227,573-D,1,2017-05-11,2017-05-13,3,1.5793,1.4259,131.0,Peralihan I,2017,2,1.1974
573-D-1-0228,573-D,1,2017-05-31,2017-06-14,15,1.6314,1.4112,151.0,Peralihan I,2017,17,1.1974
573-D-1-0229,573-D,1,2017-06-17,2017-06-17,1,1.2697,1.2697,168.0,Timur,2017,2,1.1974
573-D-1-0230,573-D,1,2017-07-15,2017-07-16,2,1.3109,1.2935,196.0,Timur,2017,27,1.1974
573-D-1-0231,573-D,1,2017-07-21,2017-07-23,3,1.3476,1.2781,202.0,Timur,2017,4,1.1974
573-D-1-0232,573-D,1,2017-07-26,2017-07-28,3,1.3116,1.2817,207.0,Timur,2017,2,1.1974
573-D-1-0233,573-D,1,2017-07-31,2017-08-06,7,1.5471,1.3291,212.0,Timur,2017,2,1.1974
573-D-1-0234,573-D,1,2017-08-11,2017-08-12,2,1.2608,1.2348,223.0,Timur,2017,4,1.1974
573-D-1-0235,573-D,1,2017-08-15,2017-08-16,2,1.3671,1.334,227.0,Timur,2017,2,1.1974
573-D-1-0236,573-D,1,2017-10-19,2017-10-19,1,1.3829,1.3829,292.0,Peralihan II,2017,63,1.1974
573-D-1-0237,573-D,1,2018-01-12,2018-01-13,2,1.3774,1.3762,12.0,Barat,2018,84,1.1974
573-D-1-0238,573-D,1,2018-01-26,2018-02-02,8,1.8532,1.477,26.0,Barat,2018,12,1.1974
573-D-1-0239,573-D,1,2018-04-23,2018-04-24,2,1.3408,1.295,113.0,Peralihan I,2018,79,1.1974
573-D-1-0240,573-D,1,2018-05-11,2018-05-18,8,1.5432,1.3685,131.0,Peralihan I,2018,16,1.1974
573-D-1-0241,573-D,1,2018-05-27,2018-05-28,2,1.5854,1.5341,147.0,Peralihan I,2018,8,1.1974
573-D-1-0242,573-D,1,2018-06-18,2018-06-25,8,1.3663,1.2506,169.0,Timur,2018,20,1.1974
573-D-1-0243,573-D,1,2018-07-08,2018-07-09,2,1.3028,1.2931,189.0,Timur,2018,12,1.1974
573-D-1-0244,573-D,1,2018-07-15,2018-07-16,2,1.3077,1.2766,196.0,Timur,2018,5,1.1974
573-D-1-0245,573-D,1,2018-07-19,2018-07-20,2,1.4246,1.3688,200.0,Timur,2018,2,1.1974
573-D-1-0246,573-D,1,2018-07-24,2018-07-31,8,1.8166,1.5053,205.0,Timur,2018,3,1.1974
573-D-1-0247,573-D,1,2018-08-03,2018-08-07,5,1.4922,1.3337,215.0,Timur,2018,2,1.1974
573-D-1-0248,573-D,1,2018-08-12,2018-08-13,2,1.3612,1.3584,224.0,Timur,2018,4,1.1974
573-D-1-0249,573-D,1,2018-08-16,2018-08-17,2,1.2346,1.2262,228.0,Timur,2018,2,1.1974
573-D-1-0250,573-D,1,2018-08-31,2018-09-01,2,1.2689,1.2612,243.0,Timur,2018,13,1.1974
573-D-1-0251,573-D,1,2018-12-16,2018-12-18,3,1.2814,1.2376,350.0,Barat,2018,105,1.1974
573-D-1-0252,573-D,1,2018-12-21,2018-12-22,2,1.294,1.2549,355.0,Barat,2018,2,1.1974
573-D-1-0253,573-D,1,2019-01-23,2019-01-28,6,1.9834,1.7194,23.0,Barat,2019,31,1.1974
573-D-1-0254,573-D,1,2019-03-19,2019-03-25,7,1.3806,1.2727,78.0,Peralihan I,2019,49,1.1974
573-D-1-0255,573-D,1,2019-04-07,2019-04-07,1,1.2412,1.2412,97.0,Peralihan I,2019,12,1.1974
573-D-1-0256,573-D,1,2019-04-19,2019-04-19,1,1.215,1.215,109.0,Peralihan I,2019,11,1.1974
573-D-1-0257,573-D,1,2019-04-22,2019-04-23,2,1.2695,1.257,112.0,Peralihan I,2019,2,1.1974
573-D-1-0258,573-D,1,2019-05-08,2019-05-14,7,1.358,1.2439,128.0,Peralihan I,2019,14,1.1974
573-D-1-0259,573-D,1,2019-05-31,2019-06-07,8,1.8599,1.4798,151.0,Peralihan I,2019,16,1.1974
573-D-1-0260,573-D,1,2019-06-11,2019-06-14,4,1.4045,1.328,162.0,Timur,2019,3,1.1974
573-D-1-0261,573-D,1,2019-06-24,2019-06-30,7,1.6297,1.3602,175.0,Timur,2019,9,1.1974
573-D-1-0262,573-D,1,2019-07-04,2019-07-04,1,1.2003,1.2003,185.0,Timur,2019,3,1.1974
573-D-1-0263,573-D,1,2019-07-07,2019-07-08,2,1.3517,1.3237,188.0,Timur,2019,2,1.1974
573-D-1-0264,573-D,1,2019-07-11,2019-07-12,2,1.3735,1.3425,192.0,Timur,2019,2,1.1974
573-D-1-0265,573-D,1,2019-07-15,2019-07-17,3,1.2789,1.2391,196.0,Timur,2019,2,1.1974
573-D-1-0266,573-D,1,2019-07-22,2019-07-25,4,1.4305,1.3415,203.0,Timur,2019,4,1.1974
573-D-1-0267,573-D,1,2019-08-03,2019-08-04,2,1.5021,1.4349,215.0,Timur,2019,8,1.1974
573-D-1-0268,573-D,1,2019-08-21,2019-08-28,8,1.3354,1.2444,233.0,Timur,2019,16,1.1974
573-D-1-0269,573-D,1,2019-09-03,2019-09-05,3,1.2859,1.2004,246.0,Peralihan II,2019,5,1.1974
573-D-1-0270,573-D,1,2019-09-10,2019-09-12,3,1.3128,1.2613,253.0,Peralihan II,2019,4,1.1974
573-D-1-0271,573-D,1,2019-09-15,2019-09-17,3,1.45,1.3238,258.0,Peralihan II,2019,2,1.1974
573-D-1-0272,573-D,1,2020-01-04,2020-01-08,5,1.7323,1.5471,4.0,Barat,2020,108,1.1974
573-D-1-0273,573-D,1,2020-01-11,2020-01-13,3,1.4126,1.3044,11.0,Barat,2020,2,1.1974
573-D-1-0274,573-D,1,2020-05-04,2020-05-05,2,1.2508,1.2378,125.0,Peralihan I,2020,111,1.1974
573-D-1-0275,573-D,1,2020-05-19,2020-05-22,4,1.9061,1.435,140.0,Peralihan I,2020,13,1.1974
573-D-1-0276,573-D,1,2020-05-27,2020-05-28,2,1.3683,1.3214,148.0,Peralihan I,2020,4,1.1974
573-D-1-0277,573-D,1,2020-06-04,2020-06-04,1,1.2549,1.2549,156.0,Timur,2020,6,1.1974
573-D-1-0278,573-D,1,2020-06-17,2020-06-26,10,1.4271,1.3271,169.0,Timur,2020,12,1.1974
573-D-1-0279,573-D,1,2020-07-01,2020-07-07,7,1.4743,1.3355,183.0,Timur,2020,4,1.1974
573-D-1-0280,573-D,1,2020-07-11,2020-07-20,10,1.6002,1.3789,193.0,Timur,2020,3,1.1974
573-D-1-0281,573-D,1,2020-07-24,2020-07-24,1,1.2137,1.2137,206.0,Timur,2020,3,1.1974
573-D-1-0282,573-D,1,2020-07-27,2020-08-01,6,1.4798,1.307,209.0,Timur,2020,2,1.1974
573-D-1-0283,573-D,1,2020-08-12,2020-08-13,2,1.3026,1.2921,225.0,Timur,2020,10,1.1974
573-D-1-0284,573-D,1,2020-08-26,2020-08-26,1,1.3014,1.3014,239.0,Timur,2020,12,1.1974
573-D-1-0285,573-D,1,2020-08-30,2020-08-31,2,1.2856,1.2804,243.0,Timur,2020,3,1.1974
573-D-1-0286,573-D,1,2020-09-09,2020-09-16,8,1.5296,1.3033,253.0,Peralihan II,2020,8,1.1974
573-D-1-0287,573-D,1,2020-10-05,2020-10-06,2,1.2195,1.2169,279.0,Peralihan II,2020,18,1.1974
573-D-1-0288,573-D,1,2020-10-30,2020-10-31,2,1.304,1.2663,304.0,Peralihan II,2020,23,1.1974
573-D-1-0289,573-D,1,2021-01-29,2021-02-05,8,1.7376,1.4966,29.0,Barat,2021,89,1.1974
573-D-1-0290,573-D,1,2021-02-20,2021-02-21,2,1.2562,1.2528,51.0,Barat,2021,14,1.1974
573-D-1-0291,573-D,1,2021-04-02,2021-04-06,5,2.2104,1.8206,92.0,Peralihan I,2021,39,1.1974
573-D-1-0292,573-D,1,2021-05-27,2021-05-28,2,1.2381,1.2228,147.0,Peralihan I,2021,50,1.1974
573-D-1-0293,573-D,1,2021-07-02,2021-07-04,3,1.3064,1.2536,183.0,Timur,2021,34,1.1974
573-D-1-0294,573-D,1,2021-07-13,2021-07-16,4,1.5116,1.3746,194.0,Timur,2021,8,1.1974
573-D-1-0295,573-D,1,2021-07-29,2021-08-03,6,1.4681,1.3167,210.0,Timur,2021,12,1.1974
573-D-1-0296,573-D,1,2021-08-07,2021-08-07,1,1.2023,1.2023,219.0,Timur,2021,3,1.1974
573-D-1-0297,573-D,1,2021-08-11,2021-08-14,4,1.5927,1.4172,223.0,Timur,2021,3,1.1974
573-D-1-0298,573-D,1,2021-09-07,2021-09-11,5,1.4149,1.2955,250.0,Peralihan II,2021,23,1.1974
573-D-1-0299,573-D,1,2021-09-18,2021-09-20,3,1.2366,1.2186,261.0,Peralihan II,2021,6,1.1974
573-D-1-0300,573-D,1,2021-10-04,2021-10-05,2,1.3049,1.2893,277.0,Peralihan II,2021,13,1.1974
573-D-1-0301,573-D,1,2021-12-26,2021-12-26,1,1.2823,1.2823,360.0,Barat,2021,81,1.1974
573-D-1-0302,573-D,1,2022-01-15,2022-01-16,2,1.2515,1.226,15.0,Barat,2022,19,1.1974
573-D-1-0303,573-D,1,2022-01-25,2022-01-27,3,1.4075,1.3226,25.0,Barat,2022,8,1.1974
573-D-1-0304,573-D,1,2022-01-30,2022-02-02,4,1.9083,1.6173,30.0,Barat,2022,2,1.1974
573-D-1-0305,573-D,1,2022-05-25,2022-05-25,1,1.2609,1.2609,145.0,Peralihan I,2022,111,1.1974
573-D-1-0306,573-D,1,2022-06-11,2022-06-13,3,1.4304,1.315,162.0,Timur,2022,16,1.1974
573-D-1-0307,573-D,1,2022-06-20,2022-06-26,7,1.3734,1.2773,171.0,Timur,2022,6,1.1974
573-D-1-0308,573-D,1,2022-07-01,2022-07-06,6,1.5242,1.3608,182.0,Timur,2022,4,1.1974
573-D-1-0309,573-D,1,2022-07-10,2022-07-10,1,1.22,1.22,191.0,Timur,2022,3,1.1974
573-D-1-0310,573-D,1,2022-07-13,2022-07-13,1,1.2824,1.2824,194.0,Timur,2022,2,1.1974
573-D-1-0311,573-D,1,2022-07-16,2022-07-17,2,1.3545,1.3421,197.0,Timur,2022,2,1.1974
573-D-1-0312,573-D,1,2022-07-27,2022-07-29,3,1.3848,1.3538,208.0,Timur,2022,9,1.1974
573-D-1-0313,573-D,1,2022-08-04,2022-08-05,2,1.3358,1.3327,216.0,Timur,2022,5,1.1974
573-D-1-0314,573-D,1,2022-08-16,2022-08-16,1,1.2181,1.2181,228.0,Timur,2022,10,1.1974
573-D-1-0315,573-D,1,2022-08-20,2022-08-22,3,1.2396,1.2331,232.0,Timur,2022,3,1.1974
573-D-1-0316,573-D,1,2022-08-25,2022-08-26,2,1.2749,1.2462,237.0,Timur,2022,2,1.1974
573-D-1-0317,573-D,1,2022-08-30,2022-08-31,2,1.2543,1.246,242.0,Timur,2022,3,1.1974
573-D-1-0318,573-D,1,2022-12-24,2022-12-25,2,1.6649,1.6306,358.0,Barat,2022,114,1.1974
573-D-1-0319,573-D,1,2022-12-29,2023-01-07,10,1.9923,1.6469,363.0,Barat,2022,3,1.1974
573-D-1-0320,573-D,1,2023-02-03,2023-02-06,4,1.2775,1.2555,34.0,Barat,2023,26,1.1974
573-D-1-0321,573-D,1,2023-02-13,2023-02-14,2,1.2902,1.2901,44.0,Barat,2023,6,1.1974
573-D-1-0322,573-D,1,2023-02-25,2023-03-02,6,1.7813,1.436,56.0,Barat,2023,10,1.1974
573-D-1-0323,573-D,1,2023-05-13,2023-05-13,1,1.2055,1.2055,133.0,Peralihan I,2023,71,1.1974
573-D-1-0324,573-D,1,2023-05-22,2023-05-22,1,1.2689,1.2689,142.0,Peralihan I,2023,8,1.1974
573-D-1-0325,573-D,1,2023-07-06,2023-07-07,2,1.4297,1.3702,187.0,Timur,2023,44,1.1974
573-D-1-0326,573-D,1,2023-07-10,2023-07-15,6,1.3633,1.2934,191.0,Timur,2023,2,1.1974
573-D-1-0327,573-D,1,2023-07-21,2023-07-28,8,1.5802,1.4195,202.0,Timur,2023,5,1.1974
573-D-1-0328,573-D,1,2023-08-05,2023-08-10,6,1.4715,1.2889,217.0,Timur,2023,7,1.1974
573-D-1-0329,573-D,1,2023-08-19,2023-08-20,2,1.2945,1.2597,231.0,Timur,2023,8,1.1974
573-D-1-0330,573-D,1,2023-08-24,2023-08-25,2,1.3467,1.325,236.0,Timur,2023,3,1.1974
573-D-1-0331,573-D,1,2023-09-06,2023-09-07,2,1.3227,1.2791,249.0,Peralihan II,2023,11,1.1974
573-D-1-0332,573-D,1,2023-09-15,2023-09-19,5,1.4933,1.3782,258.0,Peralihan II,2023,7,1.1974
573-D-1-0333,573-D,1,2023-10-05,2023-10-05,1,1.2264,1.2264,278.0,Peralihan II,2023,15,1.1974
573-D-1-0334,573-D,1,2024-01-23,2024-01-24,2,1.2581,1.2286,23.0,Barat,2024,109,1.1974
573-D-1-0335,573-D,1,2024-03-10,2024-03-16,7,1.648,1.502,70.0,Peralihan I,2024,45,1.1974
573-D-1-0336,573-D,1,2024-05-28,2024-05-29,2,1.2143,1.2063,149.0,Peralihan I,2024,72,1.1974
573-D-1-0337,573-D,1,2024-06-04,2024-06-13,10,1.7374,1.3218,156.0,Timur,2024,5,1.1974
573-D-1-0338,573-D,1,2024-06-22,2024-06-22,1,1.2108,1.2108,174.0,Timur,2024,8,1.1974
573-D-1-0339,573-D,1,2024-07-04,2024-07-06,3,1.3782,1.3256,186.0,Timur,2024,11,1.1974
573-D-1-0340,573-D,1,2024-07-18,2024-07-20,3,1.4933,1.3628,200.0,Timur,2024,11,1.1974
573-D-1-0341,573-D,1,2024-08-01,2024-08-02,2,1.317,1.2768,214.0,Timur,2024,11,1.1974
573-D-1-0342,573-D,1,2024-08-08,2024-08-14,7,1.4022,1.2592,221.0,Timur,2024,5,1.1974
573-D-1-0343,573-D,1,2024-08-19,2024-08-20,2,1.2685,1.2626,232.0,Timur,2024,4,1.1974
573-D-1-0344,573-D,1,2024-08-28,2024-08-28,1,1.2236,1.2236,241.0,Timur,2024,7,1.1974
573-D-1-0345,573-D,1,2024-10-16,2024-10-18,3,1.3604,1.2841,290.0,Peralihan II,2024,48,1.1974
573-D-1-0346,573-D,1,2024-12-18,2024-12-19,2,1.2208,1.2135,353.0,Barat,2024,60,1.1974
573-D-1-0347,573-D,1,2025-01-31,2025-02-12,13,1.8756,1.5148,31.0,Barat,2025,42,1.1974
573-D-1-0348,573-D,1,2025-03-22,2025-03-23,2,1.3192,1.2691,81.0,Peralihan I,2025,37,1.1974
573-D-1-0349,573-D,1,2025-03-27,2025-03-28,2,1.247,1.2338,86.0,Peralihan I,2025,3,1.1974
573-D-1-0350,573-D,1,2025-05-19,2025-05-19,1,1.2055,1.2055,139.0,Peralihan I,2025,51,1.1974
573-D-1-0351,573-D,1,2025-06-08,2025-06-14,7,1.2925,1.2311,159.0,Timur,2025,19,1.1974
573-D-1-0352,573-D,1,2025-06-21,2025-07-02,12,1.5306,1.3321,172.0,Timur,2025,6,1.1974
573-D-1-0353,573-D,1,2025-07-11,2025-07-11,1,1.2159,1.2159,192.0,Timur,2025,8,1.1974
573-D-1-0354,573-D,1,2025-07-29,2025-07-31,3,1.3003,1.2608,210.0,Timur,2025,17,1.1974
573-D-1-0355,573-D,1,2025-08-05,2025-08-06,2,1.3986,1.3596,217.0,Timur,2025,4,1.1974
573-D-1-0356,573-D,1,2025-08-12,2025-08-14,3,1.2977,1.2649,224.0,Timur,2025,5,1.1974
573-D-1-0357,573-D,1,2025-09-08,2025-09-09,2,1.3358,1.3305,251.0,Peralihan II,2025,24,1.1974
573-D-1-0358,573-D,1,2025-10-16,2025-10-17,2,1.2718,1.2493,289.0,Peralihan II,2025,36,1.1974
573-D-2-0001,573-D,2,2001-02-11,2001-02-19,9,2.4208,1.8055,42.0,Barat,2001,-1,1.274
573-D-2-0002,573-D,2,2001-03-01,2001-03-02,2,1.3252,1.303,60.0,Peralihan I,2001,9,1.274
573-D-2-0003,573-D,2,2001-03-20,2001-03-20,1,1.279,1.279,79.0,Peralihan I,2001,17,1.274
573-D-2-0004,573-D,2,2001-05-19,2001-05-20,2,1.3516,1.3306,139.0,Peralihan I,2001,59,1.274
573-D-2-0005,573-D,2,2001-06-03,2001-06-03,1,1.3371,1.3371,154.0,Timur,2001,13,1.274
573-D-2-0006,573-D,2,2001-06-17,2001-06-24,8,1.8484,1.6019,168.0,Timur,2001,13,1.274
573-D-2-0007,573-D,2,2001-07-02,2001-07-04,3,1.3537,1.3385,183.0,Timur,2001,7,1.274
573-D-2-0008,573-D,2,2001-07-14,2001-07-14,1,1.3011,1.3011,195.0,Timur,2001,9,1.274
573-D-2-0009,573-D,2,2001-07-21,2001-07-28,8,1.6583,1.5521,202.0,Timur,2001,6,1.274
573-D-2-0010,573-D,2,2001-08-01,2001-08-03,3,1.5568,1.4695,213.0,Timur,2001,3,1.274
573-D-2-0011,573-D,2,2001-08-10,2001-08-12,3,1.3572,1.3086,222.0,Timur,2001,6,1.274
573-D-2-0012,573-D,2,2001-09-12,2001-09-13,2,1.3599,1.3287,255.0,Peralihan II,2001,30,1.274
573-D-2-0013,573-D,2,2002-02-02,2002-02-06,5,1.614,1.4859,33.0,Barat,2002,141,1.274
573-D-2-0014,573-D,2,2002-04-11,2002-04-11,1,1.2811,1.2811,101.0,Peralihan I,2002,63,1.274
573-D-2-0015,573-D,2,2002-05-09,2002-05-09,1,1.3665,1.3665,129.0,Peralihan I,2002,27,1.274
573-D-2-0016,573-D,2,2002-05-13,2002-05-14,2,1.3047,1.2903,133.0,Peralihan I,2002,3,1.274
573-D-2-0017,573-D,2,2002-05-26,2002-06-03,9,1.5408,1.3749,146.0,Peralihan I,2002,11,1.274
573-D-2-0018,573-D,2,2002-07-01,2002-07-05,5,1.5938,1.4505,182.0,Timur,2002,27,1.274
573-D-2-0019,573-D,2,2002-07-11,2002-07-11,1,1.3663,1.3663,192.0,Timur,2002,5,1.274
573-D-2-0020,573-D,2,2002-07-19,2002-07-20,2,1.3443,1.3118,200.0,Timur,2002,7,1.274
573-D-2-0021,573-D,2,2002-08-17,2002-08-19,3,1.665,1.5536,229.0,Timur,2002,27,1.274
573-D-2-0022,573-D,2,2002-09-04,2002-09-05,2,1.4069,1.3486,247.0,Peralihan II,2002,15,1.274
573-D-2-0023,573-D,2,2003-02-25,2003-03-02,6,1.8103,1.6605,56.0,Barat,2003,172,1.274
573-D-2-0024,573-D,2,2003-05-23,2003-05-29,7,1.622,1.4156,143.0,Peralihan I,2003,81,1.274
573-D-2-0025,573-D,2,2003-06-19,2003-06-20,2,1.3817,1.3313,170.0,Timur,2003,20,1.274
573-D-2-0026,573-D,2,2003-06-27,2003-06-28,2,1.3085,1.3052,178.0,Timur,2003,6,1.274
573-D-2-0027,573-D,2,2003-07-08,2003-07-09,2,1.3828,1.3396,189.0,Timur,2003,9,1.274
573-D-2-0028,573-D,2,2003-07-23,2003-07-25,3,1.3339,1.3068,204.0,Timur,2003,13,1.274
573-D-2-0029,573-D,2,2003-08-01,2003-08-03,3,1.4734,1.4131,213.0,Timur,2003,6,1.274
573-D-2-0030,573-D,2,2003-08-13,2003-08-14,2,1.5237,1.5097,225.0,Timur,2003,9,1.274
573-D-2-0031,573-D,2,2003-09-04,2003-09-06,3,1.3704,1.3387,247.0,Peralihan II,2003,20,1.274
573-D-2-0032,573-D,2,2003-09-10,2003-09-12,3,1.3545,1.3269,253.0,Peralihan II,2003,3,1.274
573-D-2-0033,573-D,2,2003-09-23,2003-09-25,3,1.4582,1.4066,266.0,Peralihan II,2003,10,1.274
573-D-2-0034,573-D,2,2003-12-20,2003-12-26,7,1.5988,1.5022,354.0,Barat,2003,85,1.274
573-D-2-0035,573-D,2,2004-01-01,2004-01-04,4,1.6674,1.5018,1.0,Barat,2004,5,1.274
573-D-2-0036,573-D,2,2004-02-04,2004-02-14,11,2.2656,1.6635,35.0,Barat,2004,30,1.274
573-D-2-0037,573-D,2,2004-02-17,2004-02-18,2,1.4076,1.3536,48.0,Barat,2004,2,1.274
573-D-2-0038,573-D,2,2004-03-18,2004-03-25,8,2.0265,1.7942,78.0,Peralihan I,2004,28,1.274
573-D-2-0039,573-D,2,2004-05-12,2004-05-13,2,1.3654,1.3284,133.0,Peralihan I,2004,47,1.274
573-D-2-0040,573-D,2,2004-06-10,2004-06-18,9,1.7259,1.4849,162.0,Timur,2004,27,1.274
573-D-2-0041,573-D,2,2004-06-27,2004-06-28,2,1.3292,1.3277,179.0,Timur,2004,8,1.274
573-D-2-0042,573-D,2,2004-07-09,2004-07-09,1,1.465,1.465,191.0,Timur,2004,10,1.274
573-D-2-0043,573-D,2,2004-07-16,2004-07-21,6,1.5173,1.4069,198.0,Timur,2004,6,1.274
573-D-2-0044,573-D,2,2004-08-26,2004-08-28,3,1.5056,1.4489,239.0,Timur,2004,35,1.274
573-D-2-0045,573-D,2,2005-01-01,2005-01-02,2,1.4072,1.3633,1.0,Barat,2005,125,1.274
573-D-2-0046,573-D,2,2005-02-04,2005-02-04,1,1.383,1.383,35.0,Barat,2005,32,1.274
573-D-2-0047,573-D,2,2005-05-17,2005-05-22,6,1.4227,1.3749,137.0,Peralihan I,2005,101,1.274
573-D-2-0048,573-D,2,2005-05-30,2005-05-31,2,1.4252,1.3672,150.0,Peralihan I,2005,7,1.274
573-D-2-0049,573-D,2,2005-06-28,2005-07-03,6,1.5708,1.44,179.0,Timur,2005,27,1.274
573-D-2-0050,573-D,2,2005-07-18,2005-07-24,7,1.5693,1.4193,199.0,Timur,2005,14,1.274
573-D-2-0051,573-D,2,2005-07-31,2005-08-01,2,1.2807,1.2799,212.0,Timur,2005,6,1.274
573-D-2-0052,573-D,2,2005-08-19,2005-08-20,2,1.3779,1.3631,231.0,Timur,2005,17,1.274
573-D-2-0053,573-D,2,2005-09-08,2005-09-09,2,1.5547,1.5351,251.0,Peralihan II,2005,18,1.274
573-D-2-0054,573-D,2,2005-09-20,2005-09-21,2,1.4107,1.3923,263.0,Peralihan II,2005,10,1.274
573-D-2-0055,573-D,2,2005-11-10,2005-11-11,2,1.3746,1.3687,314.0,Peralihan II,2005,49,1.274
573-D-2-0056,573-D,2,2005-12-30,2005-12-30,1,1.2783,1.2783,364.0,Barat,2005,48,1.274
573-D-2-0057,573-D,2,2006-01-16,2006-01-27,12,2.1109,1.602,16.0,Barat,2006,16,1.274
573-D-2-0058,573-D,2,2006-02-01,2006-02-02,2,1.4023,1.3504,32.0,Barat,2006,4,1.274
573-D-2-0059,573-D,2,2006-03-06,2006-03-07,2,1.5412,1.5247,65.0,Peralihan I,2006,31,1.274
573-D-2-0060,573-D,2,2006-06-06,2006-06-08,3,1.5677,1.4721,157.0,Timur,2006,90,1.274
573-D-2-0061,573-D,2,2006-06-11,2006-06-13,3,1.5373,1.4281,162.0,Timur,2006,2,1.274
573-D-2-0062,573-D,2,2006-06-20,2006-06-21,2,1.4205,1.3628,171.0,Timur,2006,6,1.274
573-D-2-0063,573-D,2,2006-06-29,2006-06-30,2,1.398,1.3795,180.0,Timur,2006,7,1.274
573-D-2-0064,573-D,2,2006-07-06,2006-07-09,4,1.5935,1.4649,187.0,Timur,2006,5,1.274
573-D-2-0065,573-D,2,2006-07-13,2006-07-14,2,1.3823,1.3811,194.0,Timur,2006,3,1.274
573-D-2-0066,573-D,2,2006-07-19,2006-07-23,5,1.4168,1.3122,200.0,Timur,2006,4,1.274
573-D-2-0067,573-D,2,2006-07-27,2006-07-30,4,1.4445,1.34,208.0,Timur,2006,3,1.274
573-D-2-0068,573-D,2,2006-08-04,2006-08-11,8,1.7488,1.5309,216.0,Timur,2006,4,1.274
573-D-2-0069,573-D,2,2006-08-25,2006-08-25,1,1.3318,1.3318,237.0,Timur,2006,13,1.274
573-D-2-0070,573-D,2,2006-10-02,2006-10-04,3,1.4276,1.3845,275.0,Peralihan II,2006,37,1.274
573-D-2-0071,573-D,2,2007-01-02,2007-01-03,2,1.2796,1.2771,2.0,Barat,2007,89,1.274
573-D-2-0072,573-D,2,2007-03-05,2007-03-08,4,1.6646,1.5081,64.0,Peralihan I,2007,60,1.274
573-D-2-0073,573-D,2,2007-05-18,2007-05-19,2,1.4119,1.3946,138.0,Peralihan I,2007,70,1.274
573-D-2-0074,573-D,2,2007-06-04,2007-06-05,2,1.3591,1.3215,155.0,Timur,2007,15,1.274
573-D-2-0075,573-D,2,2007-06-09,2007-06-10,2,1.3399,1.3286,160.0,Timur,2007,3,1.274
573-D-2-0076,573-D,2,2007-06-14,2007-06-14,1,1.3818,1.3818,165.0,Timur,2007,3,1.274
573-D-2-0077,573-D,2,2007-06-26,2007-06-28,3,1.4958,1.4116,177.0,Timur,2007,11,1.274
573-D-2-0078,573-D,2,2007-07-04,2007-07-05,2,1.5063,1.4645,185.0,Timur,2007,5,1.274
573-D-2-0079,573-D,2,2007-07-10,2007-07-12,3,1.5304,1.4695,191.0,Timur,2007,4,1.274
573-D-2-0080,573-D,2,2007-07-18,2007-07-26,9,1.5701,1.3625,199.0,Timur,2007,5,1.274
573-D-2-0081,573-D,2,2007-07-30,2007-07-30,1,1.2778,1.2778,211.0,Timur,2007,3,1.274
573-D-2-0082,573-D,2,2007-08-02,2007-08-02,1,1.3761,1.3761,214.0,Timur,2007,2,1.274
573-D-2-0083,573-D,2,2007-08-06,2007-08-10,5,1.5385,1.3933,218.0,Timur,2007,3,1.274
573-D-2-0084,573-D,2,2007-08-16,2007-08-18,3,1.4139,1.3536,228.0,Timur,2007,5,1.274
573-D-2-0085,573-D,2,2007-09-01,2007-09-02,2,1.4362,1.4223,244.0,Peralihan II,2007,13,1.274
573-D-2-0086,573-D,2,2007-09-18,2007-09-21,4,1.3121,1.2834,261.0,Peralihan II,2007,15,1.274
573-D-2-0087,573-D,2,2007-09-27,2007-09-27,1,1.3057,1.3057,270.0,Peralihan II,2007,5,1.274
573-D-2-0088,573-D,2,2007-12-28,2007-12-29,2,1.399,1.3607,362.0,Barat,2007,91,1.274
573-D-2-0089,573-D,2,2008-01-01,2008-01-05,5,1.8206,1.543,1.0,Barat,2008,2,1.274
573-D-2-0090,573-D,2,2008-01-12,2008-01-12,1,1.3364,1.3364,12.0,Barat,2008,6,1.274
573-D-2-0091,573-D,2,2008-02-09,2008-02-22,14,2.1574,1.7276,40.0,Barat,2008,27,1.274
573-D-2-0092,573-D,2,2008-05-27,2008-05-31,5,1.5076,1.3628,148.0,Peralihan I,2008,94,1.274
573-D-2-0093,573-D,2,2008-06-20,2008-06-23,4,1.6717,1.4765,172.0,Timur,2008,19,1.274
573-D-2-0094,573-D,2,2008-07-07,2008-07-10,4,1.8284,1.6217,189.0,Timur,2008,13,1.274
573-D-2-0095,573-D,2,2008-07-19,2008-07-26,8,1.4015,1.3136,201.0,Timur,2008,8,1.274
573-D-2-0096,573-D,2,2008-08-07,2008-08-08,2,1.4141,1.3828,220.0,Timur,2008,11,1.274
573-D-2-0097,573-D,2,2008-08-17,2008-08-19,3,1.5175,1.4146,230.0,Timur,2008,8,1.274
573-D-2-0098,573-D,2,2008-09-22,2008-09-22,1,1.2913,1.2913,266.0,Peralihan II,2008,33,1.274
573-D-2-0099,573-D,2,2009-01-15,2009-01-16,2,1.4095,1.3656,15.0,Barat,2009,114,1.274
573-D-2-0100,573-D,2,2009-02-03,2009-02-08,6,1.7416,1.5097,34.0,Barat,2009,17,1.274
573-D-2-0101,573-D,2,2009-06-17,2009-06-19,3,1.3857,1.3515,168.0,Timur,2009,128,1.274
573-D-2-0102,573-D,2,2009-07-29,2009-07-30,2,1.3472,1.3439,210.0,Timur,2009,39,1.274
573-D-2-0103,573-D,2,2009-08-02,2009-08-03,2,1.302,1.2968,214.0,Timur,2009,2,1.274
573-D-2-0104,573-D,2,2009-08-16,2009-08-17,2,1.3531,1.3384,228.0,Timur,2009,12,1.274
573-D-2-0105,573-D,2,2009-09-12,2009-09-14,3,1.5745,1.4807,255.0,Peralihan II,2009,25,1.274
573-D-2-0106,573-D,2,2009-09-26,2009-09-26,1,1.2796,1.2796,269.0,Peralihan II,2009,11,1.274
573-D-2-0107,573-D,2,2010-01-13,2010-01-19,7,1.4726,1.3382,13.0,Barat,2010,108,1.274
573-D-2-0108,573-D,2,2010-06-04,2010-06-04,1,1.3184,1.3184,155.0,Timur,2010,135,1.274
573-D-2-0109,573-D,2,2010-06-17,2010-06-18,2,1.369,1.3506,168.0,Timur,2010,12,1.274
573-D-2-0110,573-D,2,2010-06-22,2010-06-24,3,1.468,1.4141,173.0,Timur,2010,3,1.274
573-D-2-0111,573-D,2,2010-07-11,2010-07-17,7,1.49,1.3869,192.0,Timur,2010,16,1.274
573-D-2-0112,573-D,2,2010-08-02,2010-08-06,5,1.4345,1.3676,214.0,Timur,2010,15,1.274
573-D-2-0113,573-D,2,2011-01-11,2011-01-17,7,1.6401,1.4803,11.0,Barat,2011,157,1.274
573-D-2-0114,573-D,2,2011-01-25,2011-01-25,1,1.3547,1.3547,25.0,Barat,2011,7,1.274
573-D-2-0115,573-D,2,2011-02-25,2011-02-27,3,1.594,1.4861,56.0,Barat,2011,30,1.274
573-D-2-0116,573-D,2,2011-04-18,2011-04-18,1,1.3228,1.3228,108.0,Peralihan I,2011,49,1.274
573-D-2-0117,573-D,2,2011-05-11,2011-05-12,2,1.368,1.3372,131.0,Peralihan I,2011,22,1.274
573-D-2-0118,573-D,2,2011-06-12,2011-06-14,3,1.4553,1.4125,163.0,Timur,2011,30,1.274
573-D-2-0119,573-D,2,2011-06-17,2011-06-18,2,1.3071,1.2984,168.0,Timur,2011,2,1.274
573-D-2-0120,573-D,2,2011-06-21,2011-06-25,5,1.4817,1.3598,172.0,Timur,2011,2,1.274
573-D-2-0121,573-D,2,2011-07-24,2011-07-24,1,1.287,1.287,205.0,Timur,2011,28,1.274
573-D-2-0122,573-D,2,2011-08-02,2011-08-04,3,1.6691,1.5095,214.0,Timur,2011,8,1.274
573-D-2-0123,573-D,2,2011-08-18,2011-08-27,10,1.4888,1.3741,230.0,Timur,2011,13,1.274
573-D-2-0124,573-D,2,2011-09-10,2011-09-13,4,1.4825,1.4347,253.0,Peralihan II,2011,13,1.274
573-D-2-0125,573-D,2,2011-10-16,2011-10-19,4,1.5127,1.4085,289.0,Peralihan II,2011,32,1.274
573-D-2-0126,573-D,2,2012-01-23,2012-01-30,8,1.4689,1.4178,23.0,Barat,2012,95,1.274
573-D-2-0127,573-D,2,2012-03-14,2012-03-19,6,2.3866,1.9738,74.0,Peralihan I,2012,43,1.274
573-D-2-0128,573-D,2,2012-05-25,2012-05-27,3,1.648,1.5435,146.0,Peralihan I,2012,66,1.274
573-D-2-0129,573-D,2,2012-06-18,2012-06-19,2,1.4306,1.364,170.0,Timur,2012,21,1.274
573-D-2-0130,573-D,2,2012-06-24,2012-06-25,2,1.5494,1.5124,176.0,Timur,2012,4,1.274
573-D-2-0131,573-D,2,2012-07-03,2012-07-06,4,1.5843,1.512,185.0,Timur,2012,7,1.274
573-D-2-0132,573-D,2,2012-07-18,2012-07-21,4,1.3537,1.3436,200.0,Timur,2012,11,1.274
573-D-2-0133,573-D,2,2012-08-10,2012-08-12,3,1.3772,1.3551,223.0,Timur,2012,19,1.274
573-D-2-0134,573-D,2,2012-09-03,2012-09-04,2,1.3709,1.3553,247.0,Peralihan II,2012,21,1.274
573-D-2-0135,573-D,2,2013-01-06,2013-01-14,9,1.8982,1.5731,6.0,Barat,2013,123,1.274
573-D-2-0136,573-D,2,2013-02-21,2013-03-01,9,1.6632,1.4915,52.0,Barat,2013,37,1.274
573-D-2-0137,573-D,2,2013-03-06,2013-03-06,1,1.3372,1.3372,65.0,Peralihan I,2013,4,1.274
573-D-2-0138,573-D,2,2013-05-10,2013-05-11,2,1.4016,1.3787,130.0,Peralihan I,2013,64,1.274
573-D-2-0139,573-D,2,2013-05-25,2013-05-26,2,1.4469,1.3979,145.0,Peralihan I,2013,13,1.274
573-D-2-0140,573-D,2,2013-06-30,2013-07-03,4,1.8803,1.6757,181.0,Timur,2013,34,1.274
573-D-2-0141,573-D,2,2013-07-15,2013-07-15,1,1.2903,1.2903,196.0,Timur,2013,11,1.274
573-D-2-0142,573-D,2,2013-07-24,2013-07-26,3,1.4717,1.4028,205.0,Timur,2013,8,1.274
573-D-2-0143,573-D,2,2013-08-07,2013-08-08,2,1.3574,1.3262,219.0,Timur,2013,11,1.274
573-D-2-0144,573-D,2,2013-08-11,2013-08-12,2,1.3963,1.3744,223.0,Timur,2013,2,1.274
573-D-2-0145,573-D,2,2013-09-02,2013-09-07,6,1.6608,1.5027,245.0,Peralihan II,2013,20,1.274
573-D-2-0146,573-D,2,2013-09-14,2013-09-15,2,1.3315,1.3127,257.0,Peralihan II,2013,6,1.274
573-D-2-0147,573-D,2,2013-09-25,2013-09-28,4,1.4881,1.4228,268.0,Peralihan II,2013,9,1.274
573-D-2-0148,573-D,2,2013-10-09,2013-10-12,4,1.6402,1.4973,282.0,Peralihan II,2013,10,1.274
573-D-2-0149,573-D,2,2013-12-26,2013-12-28,3,1.4291,1.3601,360.0,Barat,2013,74,1.274
573-D-2-0150,573-D,2,2014-01-12,2014-01-22,11,1.6898,1.5521,12.0,Barat,2014,14,1.274
573-D-2-0151,573-D,2,2014-01-30,2014-02-02,4,1.7629,1.623,30.0,Barat,2014,7,1.274
573-D-2-0152,573-D,2,2014-02-12,2014-02-12,1,1.2761,1.2761,43.0,Barat,2014,9,1.274
573-D-2-0153,573-D,2,2014-03-19,2014-03-19,1,1.6541,1.6541,78.0,Peralihan I,2014,34,1.274
573-D-2-0154,573-D,2,2014-06-07,2014-06-10,4,1.4383,1.3918,158.0,Timur,2014,79,1.274
573-D-2-0155,573-D,2,2014-06-16,2014-06-16,1,1.3772,1.3772,167.0,Timur,2014,5,1.274
573-D-2-0156,573-D,2,2014-06-20,2014-06-21,2,1.4065,1.38,171.0,Timur,2014,3,1.274
573-D-2-0157,573-D,2,2014-06-24,2014-06-28,5,1.4743,1.3605,175.0,Timur,2014,2,1.274
573-D-2-0158,573-D,2,2014-07-01,2014-07-01,1,1.3311,1.3311,182.0,Timur,2014,2,1.274
573-D-2-0159,573-D,2,2014-07-05,2014-07-05,1,1.3662,1.3662,186.0,Timur,2014,3,1.274
573-D-2-0160,573-D,2,2014-07-18,2014-07-18,1,1.3175,1.3175,199.0,Timur,2014,12,1.274
573-D-2-0161,573-D,2,2014-07-30,2014-07-30,1,1.2951,1.2951,211.0,Timur,2014,11,1.274
573-D-2-0162,573-D,2,2014-08-04,2014-08-07,4,1.6056,1.4739,216.0,Timur,2014,4,1.274
573-D-2-0163,573-D,2,2014-08-11,2014-08-15,5,1.4585,1.3702,223.0,Timur,2014,3,1.274
573-D-2-0164,573-D,2,2014-08-24,2014-08-29,6,1.651,1.4508,236.0,Timur,2014,8,1.274
573-D-2-0165,573-D,2,2014-09-15,2014-09-15,1,1.3167,1.3167,258.0,Peralihan II,2014,16,1.274
573-D-2-0166,573-D,2,2014-09-24,2014-09-24,1,1.4025,1.4025,267.0,Peralihan II,2014,8,1.274
573-D-2-0167,573-D,2,2015-01-04,2015-01-11,8,1.7691,1.5266,4.0,Barat,2015,101,1.274
573-D-2-0168,573-D,2,2015-05-15,2015-05-15,1,1.4217,1.4217,135.0,Peralihan I,2015,123,1.274
573-D-2-0169,573-D,2,2015-06-05,2015-06-08,4,1.5292,1.416,156.0,Timur,2015,20,1.274
573-D-2-0170,573-D,2,2015-06-27,2015-06-30,4,1.6537,1.5457,178.0,Timur,2015,18,1.274
573-D-2-0171,573-D,2,2015-07-14,2015-07-14,1,1.3776,1.3776,195.0,Timur,2015,13,1.274
573-D-2-0172,573-D,2,2015-10-05,2015-10-05,1,1.2833,1.2833,278.0,Peralihan II,2015,82,1.274
573-D-2-0173,573-D,2,2015-12-20,2015-12-20,1,1.3273,1.3273,354.0,Barat,2015,75,1.274
573-D-2-0174,573-D,2,2015-12-25,2015-12-27,3,1.5797,1.4373,359.0,Barat,2015,4,1.274
573-D-2-0175,573-D,2,2016-05-16,2016-05-17,2,1.4054,1.3921,137.0,Peralihan I,2016,140,1.274
573-D-2-0176,573-D,2,2016-05-31,2016-06-03,4,1.3636,1.2863,152.0,Peralihan I,2016,13,1.274
573-D-2-0177,573-D,2,2016-06-09,2016-06-10,2,1.4118,1.403,161.0,Timur,2016,5,1.274
573-D-2-0178,573-D,2,2016-07-14,2016-07-20,7,1.54,1.4652,196.0,Timur,2016,33,1.274
573-D-2-0179,573-D,2,2016-08-02,2016-08-04,3,1.4753,1.4229,215.0,Timur,2016,12,1.274
573-D-2-0180,573-D,2,2016-12-21,2016-12-28,8,1.6381,1.4485,356.0,Barat,2016,138,1.274
573-D-2-0181,573-D,2,2017-01-03,2017-01-03,1,1.2753,1.2753,3.0,Barat,2017,5,1.274
573-D-2-0182,573-D,2,2017-01-26,2017-01-27,2,1.4996,1.4347,26.0,Barat,2017,22,1.274
573-D-2-0183,573-D,2,2017-02-03,2017-02-10,8,1.8909,1.5881,34.0,Barat,2017,6,1.274
573-D-2-0184,573-D,2,2017-03-20,2017-03-22,3,1.4014,1.3574,79.0,Peralihan I,2017,37,1.274
573-D-2-0185,573-D,2,2017-05-11,2017-05-12,2,1.5793,1.5107,131.0,Peralihan I,2017,49,1.274
573-D-2-0186,573-D,2,2017-05-31,2017-06-02,3,1.6134,1.4809,151.0,Peralihan I,2017,18,1.274
573-D-2-0187,573-D,2,2017-06-05,2017-06-11,7,1.6314,1.5068,156.0,Timur,2017,2,1.274
573-D-2-0188,573-D,2,2017-07-15,2017-07-16,2,1.3109,1.2935,196.0,Timur,2017,33,1.274
573-D-2-0189,573-D,2,2017-07-22,2017-07-22,1,1.3476,1.3476,203.0,Timur,2017,5,1.274
573-D-2-0190,573-D,2,2017-07-28,2017-07-28,1,1.3116,1.3116,209.0,Timur,2017,5,1.274
573-D-2-0191,573-D,2,2017-07-31,2017-07-31,1,1.3408,1.3408,212.0,Timur,2017,2,1.274
573-D-2-0192,573-D,2,2017-08-03,2017-08-06,4,1.5471,1.3766,215.0,Timur,2017,2,1.274
573-D-2-0193,573-D,2,2017-08-15,2017-08-16,2,1.3671,1.334,227.0,Timur,2017,8,1.274
573-D-2-0194,573-D,2,2017-10-19,2017-10-19,1,1.3829,1.3829,292.0,Peralihan II,2017,63,1.274
573-D-2-0195,573-D,2,2018-01-12,2018-01-13,2,1.3774,1.3762,12.0,Barat,2018,84,1.274
573-D-2-0196,573-D,2,2018-01-26,2018-02-01,7,1.8532,1.5161,26.0,Barat,2018,12,1.274
573-D-2-0197,573-D,2,2018-04-23,2018-04-23,1,1.3408,1.3408,113.0,Peralihan I,2018,80,1.274
573-D-2-0198,573-D,2,2018-05-14,2018-05-18,5,1.5432,1.4423,134.0,Peralihan I,2018,20,1.274
573-D-2-0199,573-D,2,2018-05-27,2018-05-28,2,1.5854,1.5341,147.0,Peralihan I,2018,8,1.274
573-D-2-0200,573-D,2,2018-06-20,2018-06-20,1,1.3663,1.3663,171.0,Timur,2018,22,1.274
573-D-2-0201,573-D,2,2018-06-24,2018-06-24,1,1.3117,1.3117,175.0,Timur,2018,3,1.274
573-D-2-0202,573-D,2,2018-07-08,2018-07-09,2,1.3028,1.2931,189.0,Timur,2018,13,1.274
573-D-2-0203,573-D,2,2018-07-15,2018-07-15,1,1.3077,1.3077,196.0,Timur,2018,5,1.274
573-D-2-0204,573-D,2,2018-07-19,2018-07-20,2,1.4246,1.3688,200.0,Timur,2018,3,1.274
573-D-2-0205,573-D,2,2018-07-24,2018-07-26,3,1.8166,1.6709,205.0,Timur,2018,3,1.274
573-D-2-0206,573-D,2,2018-07-29,2018-07-31,3,1.6929,1.5511,210.0,Timur,2018,2,1.274
573-D-2-0207,573-D,2,2018-08-03,2018-08-05,3,1.4922,1.4132,215.0,Timur,2018,2,1.274
573-D-2-0208,573-D,2,2018-08-12,2018-08-13,2,1.3612,1.3584,224.0,Timur,2018,6,1.274
573-D-2-0209,573-D,2,2018-12-16,2018-12-16,1,1.2814,1.2814,350.0,Barat,2018,124,1.274
573-D-2-0210,573-D,2,2018-12-22,2018-12-22,1,1.294,1.294,356.0,Barat,2018,5,1.274
573-D-2-0211,573-D,2,2019-01-23,2019-01-28,6,1.9834,1.7194,23.0,Barat,2019,31,1.274
573-D-2-0212,573-D,2,2019-03-20,2019-03-20,1,1.3281,1.3281,79.0,Peralihan I,2019,50,1.274
573-D-2-0213,573-D,2,2019-03-24,2019-03-24,1,1.3806,1.3806,83.0,Peralihan I,2019,3,1.274
573-D-2-0214,573-D,2,2019-05-09,2019-05-11,3,1.358,1.3417,129.0,Peralihan I,2019,45,1.274
573-D-2-0215,573-D,2,2019-05-31,2019-06-06,7,1.8599,1.5121,151.0,Peralihan I,2019,19,1.274
573-D-2-0216,573-D,2,2019-06-11,2019-06-13,3,1.4045,1.3501,162.0,Timur,2019,4,1.274
573-D-2-0217,573-D,2,2019-06-25,2019-06-25,1,1.3572,1.3572,176.0,Timur,2019,11,1.274
573-D-2-0218,573-D,2,2019-06-28,2019-06-30,3,1.6297,1.5221,179.0,Timur,2019,2,1.274
573-D-2-0219,573-D,2,2019-07-07,2019-07-08,2,1.3517,1.3237,188.0,Timur,2019,6,1.274
573-D-2-0220,573-D,2,2019-07-11,2019-07-12,2,1.3735,1.3425,192.0,Timur,2019,2,1.274
573-D-2-0221,573-D,2,2019-07-15,2019-07-15,1,1.2789,1.2789,196.0,Timur,2019,2,1.274
573-D-2-0222,573-D,2,2019-07-22,2019-07-24,3,1.4305,1.3829,203.0,Timur,2019,6,1.274
573-D-2-0223,573-D,2,2019-08-03,2019-08-04,2,1.5021,1.4349,215.0,Timur,2019,9,1.274
573-D-2-0224,573-D,2,2019-08-22,2019-08-23,2,1.3354,1.3061,234.0,Timur,2019,17,1.274
573-D-2-0225,573-D,2,2019-09-05,2019-09-05,1,1.2859,1.2859,248.0,Peralihan II,2019,12,1.274
573-D-2-0226,573-D,2,2019-09-11,2019-09-11,1,1.3128,1.3128,254.0,Peralihan II,2019,5,1.274
573-D-2-0227,573-D,2,2019-09-16,2019-09-16,1,1.45,1.45,259.0,Peralihan II,2019,4,1.274
573-D-2-0228,573-D,2,2020-01-04,2020-01-07,4,1.7323,1.6157,4.0,Barat,2020,109,1.274
573-D-2-0229,573-D,2,2020-01-12,2020-01-12,1,1.4126,1.4126,12.0,Barat,2020,4,1.274
573-D-2-0230,573-D,2,2020-05-20,2020-05-22,3,1.9061,1.514,141.0,Peralihan I,2020,128,1.274
573-D-2-0231,573-D,2,2020-05-27,2020-05-28,2,1.3683,1.3214,148.0,Peralihan I,2020,4,1.274
573-D-2-0232,573-D,2,2020-06-17,2020-06-21,5,1.4271,1.384,169.0,Timur,2020,19,1.274
573-D-2-0233,573-D,2,2020-06-25,2020-06-26,2,1.3616,1.332,177.0,Timur,2020,3,1.274
573-D-2-0234,573-D,2,2020-07-01,2020-07-03,3,1.4743,1.4213,183.0,Timur,2020,4,1.274
573-D-2-0235,573-D,2,2020-07-06,2020-07-06,1,1.3325,1.3325,188.0,Timur,2020,2,1.274
573-D-2-0236,573-D,2,2020-07-13,2020-07-20,8,1.6002,1.4219,195.0,Timur,2020,6,1.274
573-D-2-0237,573-D,2,2020-07-27,2020-07-30,4,1.4798,1.3505,209.0,Timur,2020,6,1.274
573-D-2-0238,573-D,2,2020-08-12,2020-08-13,2,1.3026,1.2921,225.0,Timur,2020,12,1.274
573-D-2-0239,573-D,2,2020-08-26,2020-08-26,1,1.3014,1.3014,239.0,Timur,2020,12,1.274
573-D-2-0240,573-D,2,2020-08-30,2020-08-31,2,1.2856,1.2804,243.0,Timur,2020,3,1.274
573-D-2-0241,573-D,2,2020-09-09,2020-09-13,5,1.5296,1.3863,253.0,Peralihan II,2020,8,1.274
573-D-2-0242,573-D,2,2020-10-30,2020-10-30,1,1.304,1.304,304.0,Peralihan II,2020,46,1.274
573-D-2-0243,573-D,2,2021-01-29,2021-02-04,7,1.7376,1.5296,29.0,Barat,2021,90,1.274
573-D-2-0244,573-D,2,2021-04-02,2021-04-06,5,2.2104,1.8206,92.0,Peralihan I,2021,56,1.274
573-D-2-0245,573-D,2,2021-07-04,2021-07-04,1,1.3064,1.3064,185.0,Timur,2021,88,1.274
573-D-2-0246,573-D,2,2021-07-14,2021-07-16,3,1.5116,1.4243,195.0,Timur,2021,9,1.274
573-D-2-0247,573-D,2,2021-08-01,2021-08-03,3,1.4681,1.4162,213.0,Timur,2021,15,1.274
573-D-2-0248,573-D,2,2021-08-11,2021-08-13,3,1.5927,1.4795,223.0,Timur,2021,7,1.274
573-D-2-0249,573-D,2,2021-09-07,2021-09-09,3,1.4149,1.3448,250.0,Peralihan II,2021,24,1.274
573-D-2-0250,573-D,2,2021-10-04,2021-10-04,1,1.3049,1.3049,277.0,Peralihan II,2021,24,1.274
573-D-2-0251,573-D,2,2021-12-26,2021-12-26,1,1.2823,1.2823,360.0,Barat,2021,82,1.274
573-D-2-0252,573-D,2,2022-01-26,2022-01-27,2,1.4075,1.3663,26.0,Barat,2022,30,1.274
573-D-2-0253,573-D,2,2022-01-30,2022-02-02,4,1.9083,1.6173,30.0,Barat,2022,2,1.274
573-D-2-0254,573-D,2,2022-06-11,2022-06-12,2,1.4304,1.3654,162.0,Timur,2022,128,1.274
573-D-2-0255,573-D,2,2022-06-22,2022-06-23,2,1.3734,1.3583,173.0,Timur,2022,9,1.274
573-D-2-0256,573-D,2,2022-07-03,2022-07-06,4,1.5242,1.4231,184.0,Timur,2022,9,1.274
573-D-2-0257,573-D,2,2022-07-13,2022-07-13,1,1.2824,1.2824,194.0,Timur,2022,6,1.274
573-D-2-0258,573-D,2,2022-07-16,2022-07-17,2,1.3545,1.3421,197.0,Timur,2022,2,1.274
573-D-2-0259,573-D,2,2022-07-27,2022-07-29,3,1.3848,1.3538,208.0,Timur,2022,9,1.274
573-D-2-0260,573-D,2,2022-08-04,2022-08-05,2,1.3358,1.3327,216.0,Timur,2022,5,1.274
573-D-2-0261,573-D,2,2022-08-25,2022-08-25,1,1.2749,1.2749,237.0,Timur,2022,19,1.274
573-D-2-0262,573-D,2,2022-12-24,2022-12-25,2,1.6649,1.6306,358.0,Barat,2022,120,1.274
573-D-2-0263,573-D,2,2022-12-29,2023-01-07,10,1.9923,1.6469,363.0,Barat,2022,3,1.274
573-D-2-0264,573-D,2,2023-02-05,2023-02-05,1,1.2775,1.2775,36.0,Barat,2023,28,1.274
573-D-2-0265,573-D,2,2023-02-13,2023-02-14,2,1.2902,1.2901,44.0,Barat,2023,7,1.274
573-D-2-0266,573-D,2,2023-02-25,2023-02-28,4,1.7813,1.5414,56.0,Barat,2023,10,1.274
573-D-2-0267,573-D,2,2023-07-06,2023-07-07,2,1.4297,1.3702,187.0,Timur,2023,127,1.274
573-D-2-0268,573-D,2,2023-07-10,2023-07-14,5,1.3633,1.3075,191.0,Timur,2023,2,1.274
573-D-2-0269,573-D,2,2023-07-21,2023-07-28,8,1.5802,1.4195,202.0,Timur,2023,6,1.274
573-D-2-0270,573-D,2,2023-08-05,2023-08-06,2,1.4715,1.4182,217.0,Timur,2023,7,1.274
573-D-2-0271,573-D,2,2023-08-10,2023-08-10,1,1.2742,1.2742,222.0,Timur,2023,3,1.274
573-D-2-0272,573-D,2,2023-08-20,2023-08-20,1,1.2945,1.2945,232.0,Timur,2023,9,1.274
573-D-2-0273,573-D,2,2023-08-24,2023-08-25,2,1.3467,1.325,236.0,Timur,2023,3,1.274
573-D-2-0274,573-D,2,2023-09-06,2023-09-06,1,1.3227,1.3227,249.0,Peralihan II,2023,11,1.274
573-D-2-0275,573-D,2,2023-09-15,2023-09-19,5,1.4933,1.3782,258.0,Peralihan II,2023,8,1.274
573-D-2-0276,573-D,2,2024-03-10,2024-03-15,6,1.648,1.5406,70.0,Peralihan I,2024,172,1.274
573-D-2-0277,573-D,2,2024-06-04,2024-06-08,5,1.7374,1.4348,156.0,Timur,2024,80,1.274
573-D-2-0278,573-D,2,2024-06-12,2024-06-12,1,1.2818,1.2818,164.0,Timur,2024,3,1.274
573-D-2-0279,573-D,2,2024-07-04,2024-07-05,2,1.3782,1.3561,186.0,Timur,2024,21,1.274
573-D-2-0280,573-D,2,2024-07-18,2024-07-19,2,1.4933,1.4161,200.0,Timur,2024,12,1.274
573-D-2-0281,573-D,2,2024-08-01,2024-08-01,1,1.317,1.317,214.0,Timur,2024,12,1.274
573-D-2-0282,573-D,2,2024-08-09,2024-08-10,2,1.4022,1.3416,222.0,Timur,2024,7,1.274
573-D-2-0283,573-D,2,2024-08-13,2024-08-14,2,1.3329,1.3282,226.0,Timur,2024,2,1.274
573-D-2-0284,573-D,2,2024-10-17,2024-10-17,1,1.3604,1.3604,291.0,Peralihan II,2024,63,1.274
573-D-2-0285,573-D,2,2025-01-31,2025-02-12,13,1.8756,1.5148,31.0,Barat,2025,105,1.274
573-D-2-0286,573-D,2,2025-03-23,2025-03-23,1,1.3192,1.3192,82.0,Peralihan I,2025,38,1.274
573-D-2-0287,573-D,2,2025-06-12,2025-06-13,2,1.2925,1.2898,163.0,Timur,2025,80,1.274
573-D-2-0288,573-D,2,2025-06-21,2025-06-24,4,1.3575,1.3156,172.0,Timur,2025,7,1.274
573-D-2-0289,573-D,2,2025-06-27,2025-07-01,5,1.5306,1.4298,178.0,Timur,2025,2,1.274
573-D-2-0290,573-D,2,2025-07-30,2025-07-30,1,1.3003,1.3003,211.0,Timur,2025,28,1.274
573-D-2-0291,573-D,2,2025-08-05,2025-08-06,2,1.3986,1.3596,217.0,Timur,2025,5,1.274
573-D-2-0292,573-D,2,2025-08-12,2025-08-13,2,1.2977,1.2976,224.0,Timur,2025,5,1.274
573-D-2-0293,573-D,2,2025-09-08,2025-09-09,2,1.3358,1.3305,251.0,Peralihan II,2025,25,1.274
573-D-3-0001,573-D,3,2001-02-11,2001-02-18,8,2.4208,1.8562,42.0,Barat,2001,-1,1.402
573-D-3-0002,573-D,3,2001-06-17,2001-06-23,7,1.8484,1.6419,168.0,Timur,2001,118,1.402
573-D-3-0003,573-D,3,2001-07-21,2001-07-28,8,1.6583,1.5521,202.0,Timur,2001,27,1.402
573-D-3-0004,573-D,3,2001-08-01,2001-08-02,2,1.5568,1.5425,213.0,Timur,2001,3,1.402
573-D-3-0005,573-D,3,2002-02-02,2002-02-05,4,1.614,1.5277,33.0,Barat,2002,183,1.402
573-D-3-0006,573-D,3,2002-05-27,2002-05-31,5,1.5408,1.39,147.0,Peralihan I,2002,110,1.402
573-D-3-0007,573-D,3,2002-07-03,2002-07-05,3,1.5938,1.5239,184.0,Timur,2002,32,1.402
573-D-3-0008,573-D,3,2002-08-17,2002-08-18,2,1.665,1.6561,229.0,Timur,2002,42,1.402
573-D-3-0009,573-D,3,2002-09-04,2002-09-04,1,1.4069,1.4069,247.0,Peralihan II,2002,16,1.402
573-D-3-0010,573-D,3,2003-02-25,2003-03-02,6,1.8103,1.6605,56.0,Barat,2003,173,1.402
573-D-3-0011,573-D,3,2003-05-27,2003-05-29,3,1.622,1.5803,147.0,Peralihan I,2003,85,1.402
573-D-3-0012,573-D,3,2003-08-01,2003-08-02,2,1.4734,1.4712,213.0,Timur,2003,63,1.402
573-D-3-0013,573-D,3,2003-08-13,2003-08-14,2,1.5237,1.5097,225.0,Timur,2003,10,1.402
573-D-3-0014,573-D,3,2003-09-24,2003-09-24,1,1.4582,1.4582,267.0,Peralihan II,2003,40,1.402
573-D-3-0015,573-D,3,2003-12-20,2003-12-25,6,1.5988,1.5351,354.0,Barat,2003,86,1.402
573-D-3-0016,573-D,3,2004-01-01,2004-01-03,3,1.6674,1.5688,1.0,Barat,2004,6,1.402
573-D-3-0017,573-D,3,2004-02-04,2004-02-04,1,1.5483,1.5483,35.0,Barat,2004,31,1.402
573-D-3-0018,573-D,3,2004-02-08,2004-02-13,6,2.2656,1.9019,39.0,Barat,2004,3,1.402
573-D-3-0019,573-D,3,2004-02-17,2004-02-17,1,1.4076,1.4076,48.0,Barat,2004,3,1.402
573-D-3-0020,573-D,3,2004-03-18,2004-03-25,8,2.0265,1.7942,78.0,Peralihan I,2004,29,1.402
573-D-3-0021,573-D,3,2004-06-11,2004-06-16,6,1.7259,1.5534,163.0,Timur,2004,77,1.402
573-D-3-0022,573-D,3,2004-07-09,2004-07-09,1,1.465,1.465,191.0,Timur,2004,22,1.402
573-D-3-0023,573-D,3,2004-07-16,2004-07-19,4,1.5173,1.4479,198.0,Timur,2004,6,1.402
573-D-3-0024,573-D,3,2004-08-27,2004-08-28,2,1.5056,1.4792,240.0,Timur,2004,38,1.402
573-D-3-0025,573-D,3,2005-01-02,2005-01-02,1,1.4072,1.4072,2.0,Barat,2005,126,1.402
573-D-3-0026,573-D,3,2005-05-17,2005-05-18,2,1.4227,1.4151,137.0,Peralihan I,2005,134,1.402
573-D-3-0027,573-D,3,2005-05-30,2005-05-30,1,1.4252,1.4252,150.0,Peralihan I,2005,11,1.402
573-D-3-0028,573-D,3,2005-06-29,2005-07-01,3,1.5708,1.5275,180.0,Timur,2005,29,1.402
573-D-3-0029,573-D,3,2005-07-20,2005-07-24,5,1.5693,1.454,201.0,Timur,2005,18,1.402
573-D-3-0030,573-D,3,2005-09-08,2005-09-09,2,1.5547,1.5351,251.0,Peralihan II,2005,45,1.402
573-D-3-0031,573-D,3,2005-09-20,2005-09-20,1,1.4107,1.4107,263.0,Peralihan II,2005,10,1.402
573-D-3-0032,573-D,3,2006-01-17,2006-01-26,10,2.1109,1.6516,17.0,Barat,2006,118,1.402
573-D-3-0033,573-D,3,2006-02-01,2006-02-01,1,1.4023,1.4023,32.0,Barat,2006,5,1.402
573-D-3-0034,573-D,3,2006-03-06,2006-03-07,2,1.5412,1.5247,65.0,Peralihan I,2006,32,1.402
573-D-3-0035,573-D,3,2006-06-07,2006-06-08,2,1.5677,1.5376,158.0,Timur,2006,91,1.402
573-D-3-0036,573-D,3,2006-06-12,2006-06-13,2,1.5373,1.4817,163.0,Timur,2006,3,1.402
573-D-3-0037,573-D,3,2006-06-21,2006-06-21,1,1.4205,1.4205,172.0,Timur,2006,7,1.402
573-D-3-0038,573-D,3,2006-07-06,2006-07-08,3,1.5935,1.5274,187.0,Timur,2006,14,1.402
573-D-3-0039,573-D,3,2006-07-19,2006-07-19,1,1.4168,1.4168,200.0,Timur,2006,10,1.402
573-D-3-0040,573-D,3,2006-07-30,2006-07-30,1,1.4445,1.4445,211.0,Timur,2006,10,1.402
573-D-3-0041,573-D,3,2006-08-04,2006-08-11,8,1.7488,1.5309,216.0,Timur,2006,4,1.402
573-D-3-0042,573-D,3,2006-10-02,2006-10-02,1,1.4276,1.4276,275.0,Peralihan II,2006,51,1.402
573-D-3-0043,573-D,3,2007-03-06,2007-03-08,3,1.6646,1.5809,65.0,Peralihan I,2007,154,1.402
573-D-3-0044,573-D,3,2007-05-19,2007-05-19,1,1.4119,1.4119,139.0,Peralihan I,2007,71,1.402
573-D-3-0045,573-D,3,2007-06-27,2007-06-27,1,1.4958,1.4958,178.0,Timur,2007,38,1.402
573-D-3-0046,573-D,3,2007-07-04,2007-07-05,2,1.5063,1.4645,185.0,Timur,2007,6,1.402
573-D-3-0047,573-D,3,2007-07-10,2007-07-11,2,1.5304,1.518,191.0,Timur,2007,4,1.402
573-D-3-0048,573-D,3,2007-07-23,2007-07-25,3,1.5701,1.4757,204.0,Timur,2007,11,1.402
573-D-3-0049,573-D,3,2007-08-07,2007-08-09,3,1.5385,1.4665,219.0,Timur,2007,12,1.402
573-D-3-0050,573-D,3,2007-08-18,2007-08-18,1,1.4139,1.4139,230.0,Timur,2007,8,1.402
573-D-3-0051,573-D,3,2007-09-01,2007-09-02,2,1.4362,1.4223,244.0,Peralihan II,2007,13,1.402
573-D-3-0052,573-D,3,2008-01-03,2008-01-05,3,1.8206,1.6745,3.0,Barat,2008,122,1.402
573-D-3-0053,573-D,3,2008-02-09,2008-02-22,14,2.1574,1.7276,40.0,Barat,2008,34,1.402
573-D-3-0054,573-D,3,2008-05-29,2008-05-29,1,1.5076,1.5076,150.0,Peralihan I,2008,96,1.402
573-D-3-0055,573-D,3,2008-06-21,2008-06-22,2,1.6717,1.6582,173.0,Timur,2008,22,1.402
573-D-3-0056,573-D,3,2008-07-07,2008-07-10,4,1.8284,1.6217,189.0,Timur,2008,14,1.402
573-D-3-0057,573-D,3,2008-08-08,2008-08-08,1,1.4141,1.4141,221.0,Timur,2008,28,1.402
573-D-3-0058,573-D,3,2008-08-18,2008-08-19,2,1.5175,1.4735,231.0,Timur,2008,9,1.402
573-D-3-0059,573-D,3,2009-01-16,2009-01-16,1,1.4095,1.4095,16.0,Barat,2009,149,1.402
573-D-3-0060,573-D,3,2009-02-05,2009-02-07,3,1.7416,1.6692,36.0,Barat,2009,19,1.402
573-D-3-0061,573-D,3,2009-09-13,2009-09-14,2,1.5745,1.5362,256.0,Peralihan II,2009,217,1.402
573-D-3-0062,573-D,3,2010-01-18,2010-01-18,1,1.4726,1.4726,18.0,Barat,2010,125,1.402
573-D-3-0063,573-D,3,2010-06-23,2010-06-24,2,1.468,1.4632,174.0,Timur,2010,155,1.402
573-D-3-0064,573-D,3,2010-07-12,2010-07-12,1,1.4201,1.4201,193.0,Timur,2010,17,1.402
573-D-3-0065,573-D,3,2010-07-15,2010-07-17,3,1.49,1.4462,196.0,Timur,2010,2,1.402
573-D-3-0066,573-D,3,2010-08-03,2010-08-03,1,1.4345,1.4345,215.0,Timur,2010,16,1.402
573-D-3-0067,573-D,3,2011-01-11,2011-01-13,3,1.6401,1.5946,11.0,Barat,2011,160,1.402
573-D-3-0068,573-D,3,2011-01-16,2011-01-16,1,1.4573,1.4573,16.0,Barat,2011,2,1.402
573-D-3-0069,573-D,3,2011-02-26,2011-02-27,2,1.594,1.5551,57.0,Barat,2011,40,1.402
573-D-3-0070,573-D,3,2011-06-12,2011-06-13,2,1.4553,1.4318,163.0,Timur,2011,104,1.402
573-D-3-0071,573-D,3,2011-06-22,2011-06-23,2,1.4817,1.4674,173.0,Timur,2011,8,1.402
573-D-3-0072,573-D,3,2011-08-02,2011-08-04,3,1.6691,1.5095,214.0,Timur,2011,39,1.402
573-D-3-0073,573-D,3,2011-08-19,2011-08-19,1,1.4558,1.4558,231.0,Timur,2011,14,1.402
573-D-3-0074,573-D,3,2011-08-23,2011-08-26,4,1.4888,1.4439,235.0,Timur,2011,3,1.402
573-D-3-0075,573-D,3,2011-09-11,2011-09-13,3,1.4825,1.4685,254.0,Peralihan II,2011,15,1.402
573-D-3-0076,573-D,3,2011-10-17,2011-10-18,2,1.5127,1.4958,290.0,Peralihan II,2011,33,1.402
573-D-3-0077,573-D,3,2012-01-23,2012-01-29,7,1.4689,1.4238,23.0,Barat,2012,96,1.402
573-D-3-0078,573-D,3,2012-03-14,2012-03-19,6,2.3866,1.9738,74.0,Peralihan I,2012,44,1.402
573-D-3-0079,573-D,3,2012-05-25,2012-05-27,3,1.648,1.5435,146.0,Peralihan I,2012,66,1.402
573-D-3-0080,573-D,3,2012-06-19,2012-06-19,1,1.4306,1.4306,171.0,Timur,2012,22,1.402
573-D-3-0081,573-D,3,2012-06-24,2012-06-25,2,1.5494,1.5124,176.0,Timur,2012,4,1.402
573-D-3-0082,573-D,3,2012-07-03,2012-07-06,4,1.5843,1.512,185.0,Timur,2012,7,1.402
573-D-3-0083,573-D,3,2013-01-06,2013-01-11,6,1.8982,1.6936,6.0,Barat,2013,183,1.402
573-D-3-0084,573-D,3,2013-02-22,2013-02-22,1,1.4738,1.4738,53.0,Barat,2013,41,1.402
573-D-3-0085,573-D,3,2013-02-25,2013-03-01,5,1.6632,1.5748,56.0,Barat,2013,2,1.402
573-D-3-0086,573-D,3,2013-05-26,2013-05-26,1,1.4469,1.4469,146.0,Peralihan I,2013,85,1.402
573-D-3-0087,573-D,3,2013-06-30,2013-07-03,4,1.8803,1.6757,181.0,Timur,2013,34,1.402
573-D-3-0088,573-D,3,2013-07-24,2013-07-25,2,1.4717,1.4499,205.0,Timur,2013,20,1.402
573-D-3-0089,573-D,3,2013-09-03,2013-09-07,5,1.6608,1.5299,246.0,Peralihan II,2013,39,1.402
573-D-3-0090,573-D,3,2013-09-25,2013-09-28,4,1.4881,1.4228,268.0,Peralihan II,2013,17,1.402
573-D-3-0091,573-D,3,2013-10-09,2013-10-11,3,1.6402,1.5586,282.0,Peralihan II,2013,10,1.402
573-D-3-0092,573-D,3,2013-12-27,2013-12-27,1,1.4291,1.4291,361.0,Barat,2013,76,1.402
573-D-3-0093,573-D,3,2014-01-13,2014-01-22,10,1.6898,1.5797,13.0,Barat,2014,16,1.402
573-D-3-0094,573-D,3,2014-01-30,2014-02-02,4,1.7629,1.623,30.0,Barat,2014,7,1.402
573-D-3-0095,573-D,3,2014-03-19,2014-03-19,1,1.6541,1.6541,78.0,Peralihan I,2014,44,1.402
573-D-3-0096,573-D,3,2014-06-08,2014-06-09,2,1.4383,1.4232,159.0,Timur,2014,80,1.402
573-D-3-0097,573-D,3,2014-06-20,2014-06-20,1,1.4065,1.4065,171.0,Timur,2014,10,1.402
573-D-3-0098,573-D,3,2014-06-27,2014-06-28,2,1.4743,1.4657,178.0,Timur,2014,6,1.402
573-D-3-0099,573-D,3,2014-08-05,2014-08-06,2,1.6056,1.6023,217.0,Timur,2014,37,1.402
573-D-3-0100,573-D,3,2014-08-11,2014-08-12,2,1.4585,1.4456,223.0,Timur,2014,4,1.402
573-D-3-0101,573-D,3,2014-08-24,2014-08-25,2,1.651,1.6359,236.0,Timur,2014,11,1.402
573-D-3-0102,573-D,3,2014-08-28,2014-08-29,2,1.4251,1.4198,240.0,Timur,2014,2,1.402
573-D-3-0103,573-D,3,2014-09-24,2014-09-24,1,1.4025,1.4025,267.0,Peralihan II,2014,25,1.402
573-D-3-0104,573-D,3,2015-01-04,2015-01-10,7,1.7691,1.5538,4.0,Barat,2015,101,1.402
573-D-3-0105,573-D,3,2015-05-15,2015-05-15,1,1.4217,1.4217,135.0,Peralihan I,2015,124,1.402
573-D-3-0106,573-D,3,2015-06-07,2015-06-07,1,1.5292,1.5292,158.0,Timur,2015,22,1.402
573-D-3-0107,573-D,3,2015-06-27,2015-06-29,3,1.6537,1.5939,178.0,Timur,2015,19,1.402
573-D-3-0108,573-D,3,2015-12-25,2015-12-26,2,1.5797,1.5126,359.0,Barat,2015,178,1.402
573-D-3-0109,573-D,3,2016-05-16,2016-05-16,1,1.4054,1.4054,137.0,Peralihan I,2016,141,1.402
573-D-3-0110,573-D,3,2016-06-09,2016-06-09,1,1.4118,1.4118,161.0,Timur,2016,23,1.402
573-D-3-0111,573-D,3,2016-07-15,2016-07-20,6,1.54,1.4825,197.0,Timur,2016,35,1.402
573-D-3-0112,573-D,3,2016-08-02,2016-08-03,2,1.4753,1.4743,215.0,Timur,2016,12,1.402
573-D-3-0113,573-D,3,2016-12-21,2016-12-24,4,1.6381,1.57,356.0,Barat,2016,139,1.402
573-D-3-0114,573-D,3,2017-01-27,2017-01-27,1,1.4996,1.4996,27.0,Barat,2017,33,1.402
573-D-3-0115,573-D,3,2017-02-03,2017-02-09,7,1.8909,1.615,34.0,Barat,2017,6,1.402
573-D-3-0116,573-D,3,2017-05-11,2017-05-12,2,1.5793,1.5107,131.0,Peralihan I,2017,90,1.402
573-D-3-0117,573-D,3,2017-06-01,2017-06-02,2,1.6134,1.5468,152.0,Timur,2017,19,1.402
573-D-3-0118,573-D,3,2017-06-05,2017-06-11,7,1.6314,1.5068,156.0,Timur,2017,2,1.402
573-D-3-0119,573-D,3,2017-08-03,2017-08-04,2,1.5471,1.4915,215.0,Timur,2017,52,1.402
573-D-3-0120,573-D,3,2018-01-27,2018-01-31,5,1.8532,1.6044,27.0,Barat,2018,175,1.402
573-D-3-0121,573-D,3,2018-05-15,2018-05-17,3,1.5432,1.486,135.0,Peralihan I,2018,103,1.402
573-D-3-0122,573-D,3,2018-05-27,2018-05-28,2,1.5854,1.5341,147.0,Peralihan I,2018,9,1.402
573-D-3-0123,573-D,3,2018-07-19,2018-07-19,1,1.4246,1.4246,200.0,Timur,2018,51,1.402
573-D-3-0124,573-D,3,2018-07-24,2018-07-26,3,1.8166,1.6709,205.0,Timur,2018,4,1.402
573-D-3-0125,573-D,3,2018-07-29,2018-07-31,3,1.6929,1.5511,210.0,Timur,2018,2,1.402
573-D-3-0126,573-D,3,2018-08-04,2018-08-04,1,1.4922,1.4922,216.0,Timur,2018,3,1.402
573-D-3-0127,573-D,3,2019-01-23,2019-01-27,5,1.9834,1.8049,23.0,Barat,2019,171,1.402
573-D-3-0128,573-D,3,2019-06-01,2019-06-04,4,1.8599,1.6399,152.0,Timur,2019,124,1.402
573-D-3-0129,573-D,3,2019-06-12,2019-06-12,1,1.4045,1.4045,163.0,Timur,2019,7,1.402
573-D-3-0130,573-D,3,2019-06-28,2019-06-30,3,1.6297,1.5221,179.0,Timur,2019,15,1.402
573-D-3-0131,573-D,3,2019-07-22,2019-07-23,2,1.4305,1.427,203.0,Timur,2019,21,1.402
573-D-3-0132,573-D,3,2019-08-03,2019-08-03,1,1.5021,1.5021,215.0,Timur,2019,10,1.402
573-D-3-0133,573-D,3,2019-09-16,2019-09-16,1,1.45,1.45,259.0,Peralihan II,2019,43,1.402
573-D-3-0134,573-D,3,2020-01-04,2020-01-07,4,1.7323,1.6157,4.0,Barat,2020,109,1.402
573-D-3-0135,573-D,3,2020-01-12,2020-01-12,1,1.4126,1.4126,12.0,Barat,2020,4,1.402
573-D-3-0136,573-D,3,2020-05-20,2020-05-20,1,1.9061,1.9061,141.0,Peralihan I,2020,128,1.402
573-D-3-0137,573-D,3,2020-06-18,2020-06-21,4,1.4271,1.3936,170.0,Timur,2020,28,1.402
573-D-3-0138,573-D,3,2020-07-01,2020-07-02,2,1.4743,1.4494,183.0,Timur,2020,9,1.402
573-D-3-0139,573-D,3,2020-07-14,2020-07-18,5,1.6002,1.4705,196.0,Timur,2020,11,1.402
573-D-3-0140,573-D,3,2020-07-28,2020-07-28,1,1.4798,1.4798,210.0,Timur,2020,9,1.402
573-D-3-0141,573-D,3,2020-09-09,2020-09-10,2,1.5296,1.5053,253.0,Peralihan II,2020,42,1.402
573-D-3-0142,573-D,3,2021-01-30,2021-02-04,6,1.7376,1.5712,30.0,Barat,2021,141,1.402
573-D-3-0143,573-D,3,2021-04-04,2021-04-06,3,2.2104,2.1407,94.0,Peralihan I,2021,58,1.402
573-D-3-0144,573-D,3,2021-07-14,2021-07-15,2,1.5116,1.4942,195.0,Timur,2021,98,1.402
573-D-3-0145,573-D,3,2021-08-01,2021-08-02,2,1.4681,1.4485,213.0,Timur,2021,16,1.402
573-D-3-0146,573-D,3,2021-08-12,2021-08-13,2,1.5927,1.54,224.0,Timur,2021,9,1.402
573-D-3-0147,573-D,3,2021-09-08,2021-09-08,1,1.4149,1.4149,251.0,Peralihan II,2021,25,1.402
573-D-3-0148,573-D,3,2022-01-26,2022-01-26,1,1.4075,1.4075,26.0,Barat,2022,139,1.402
573-D-3-0149,573-D,3,2022-01-30,2022-02-01,3,1.9083,1.6991,30.0,Barat,2022,3,1.402
573-D-3-0150,573-D,3,2022-06-11,2022-06-11,1,1.4304,1.4304,162.0,Timur,2022,129,1.402
573-D-3-0151,573-D,3,2022-07-04,2022-07-05,2,1.5242,1.4903,185.0,Timur,2022,22,1.402
573-D-3-0152,573-D,3,2022-12-24,2022-12-25,2,1.6649,1.6306,358.0,Barat,2022,171,1.402
573-D-3-0153,573-D,3,2022-12-30,2023-01-07,9,1.9923,1.6804,364.0,Barat,2022,4,1.402
573-D-3-0154,573-D,3,2023-02-26,2023-02-27,2,1.7813,1.7398,57.0,Barat,2023,49,1.402
573-D-3-0155,573-D,3,2023-07-07,2023-07-07,1,1.4297,1.4297,188.0,Timur,2023,129,1.402
573-D-3-0156,573-D,3,2023-07-21,2023-07-25,5,1.5802,1.493,202.0,Timur,2023,13,1.402
573-D-3-0157,573-D,3,2023-08-05,2023-08-05,1,1.4715,1.4715,217.0,Timur,2023,10,1.402
573-D-3-0158,573-D,3,2023-09-15,2023-09-16,2,1.4933,1.4827,258.0,Peralihan II,2023,40,1.402
573-D-3-0159,573-D,3,2024-03-11,2024-03-15,5,1.648,1.5767,71.0,Peralihan I,2024,176,1.402
573-D-3-0160,573-D,3,2024-06-05,2024-06-06,2,1.7374,1.6524,157.0,Timur,2024,81,1.402
573-D-3-0161,573-D,3,2024-07-18,2024-07-18,1,1.4933,1.4933,200.0,Timur,2024,41,1.402
573-D-3-0162,573-D,3,2024-08-09,2024-08-09,1,1.4022,1.4022,222.0,Timur,2024,21,1.402
573-D-3-0163,573-D,3,2025-01-31,2025-01-31,1,1.4804,1.4804,31.0,Barat,2025,174,1.402
573-D-3-0164,573-D,3,2025-02-06,2025-02-11,6,1.8756,1.6984,37.0,Barat,2025,5,1.402
573-D-3-0165,573-D,3,2025-06-28,2025-06-30,3,1.5306,1.4685,179.0,Timur,2025,136,1.402
573-F-1-0001,573-F,1,2001-02-12,2001-02-19,8,1.6457,1.4058,43.0,Barat,2001,-1,1.2131
573-F-1-0002,573-F,1,2001-03-01,2001-03-01,1,1.2798,1.2798,60.0,Peralihan I,2001,9,1.2131
573-F-1-0003,573-F,1,2001-05-08,2001-05-08,1,1.2856,1.2856,128.0,Peralihan I,2001,67,1.2131
573-F-1-0004,573-F,1,2001-05-18,2001-05-21,4,1.701,1.5666,138.0,Peralihan I,2001,9,1.2131
573-F-1-0005,573-F,1,2001-05-27,2001-06-05,10,1.4238,1.3109,147.0,Peralihan I,2001,5,1.2131
573-F-1-0006,573-F,1,2001-06-15,2001-06-26,12,2.1319,1.6978,166.0,Timur,2001,9,1.2131
573-F-1-0007,573-F,1,2001-07-13,2001-07-15,3,1.3839,1.3292,194.0,Timur,2001,16,1.2131
573-F-1-0008,573-F,1,2001-07-19,2001-07-29,11,1.9606,1.6096,200.0,Timur,2001,3,1.2131
573-F-1-0009,573-F,1,2001-08-01,2001-08-02,2,1.3016,1.2588,213.0,Timur,2001,2,1.2131
573-F-1-0010,573-F,1,2001-08-15,2001-08-18,4,1.3035,1.2931,227.0,Timur,2001,12,1.2131
573-F-1-0011,573-F,1,2001-08-23,2001-08-23,1,1.2269,1.2269,235.0,Timur,2001,4,1.2131
573-F-1-0012,573-F,1,2002-02-09,2002-02-11,3,1.5198,1.3645,40.0,Barat,2002,169,1.2131
573-F-1-0013,573-F,1,2002-02-19,2002-02-23,5,1.4844,1.3815,50.0,Barat,2002,7,1.2131
573-F-1-0014,573-F,1,2002-04-30,2002-05-07,8,1.4625,1.3841,120.0,Peralihan I,2002,65,1.2131
573-F-1-0015,573-F,1,2002-05-30,2002-06-05,7,1.8219,1.603,150.0,Peralihan I,2002,22,1.2131
573-F-1-0016,573-F,1,2002-06-10,2002-06-12,3,1.6084,1.4488,161.0,Timur,2002,4,1.2131
573-F-1-0017,573-F,1,2002-06-20,2002-06-20,1,1.2312,1.2312,171.0,Timur,2002,7,1.2131
573-F-1-0018,573-F,1,2002-06-30,2002-07-08,9,1.4055,1.3268,181.0,Timur,2002,9,1.2131
573-F-1-0019,573-F,1,2002-07-17,2002-07-22,6,1.5231,1.358,198.0,Timur,2002,8,1.2131
573-F-1-0020,573-F,1,2002-07-31,2002-07-31,1,1.2268,1.2268,212.0,Timur,2002,8,1.2131
573-F-1-0021,573-F,1,2002-08-19,2002-08-20,2,1.2695,1.2591,231.0,Timur,2002,18,1.2131
573-F-1-0022,573-F,1,2003-01-14,2003-01-15,2,1.3593,1.29,14.0,Barat,2003,146,1.2131
573-F-1-0023,573-F,1,2003-02-20,2003-02-21,2,1.4127,1.353,51.0,Barat,2003,35,1.2131
573-F-1-0024,573-F,1,2003-03-01,2003-03-01,1,1.4583,1.4583,60.0,Peralihan I,2003,7,1.2131
573-F-1-0025,573-F,1,2003-03-09,2003-03-11,3,1.627,1.4067,68.0,Peralihan I,2003,7,1.2131
573-F-1-0026,573-F,1,2003-03-31,2003-03-31,1,1.2135,1.2135,90.0,Peralihan I,2003,19,1.2131
573-F-1-0027,573-F,1,2003-04-21,2003-04-21,1,1.2524,1.2524,111.0,Peralihan I,2003,20,1.2131
573-F-1-0028,573-F,1,2003-05-03,2003-05-10,8,1.595,1.4391,123.0,Peralihan I,2003,11,1.2131
573-F-1-0029,573-F,1,2003-05-26,2003-05-31,6,1.6369,1.4558,146.0,Peralihan I,2003,15,1.2131
573-F-1-0030,573-F,1,2003-06-10,2003-06-23,14,2.0062,1.5131,161.0,Timur,2003,9,1.2131
573-F-1-0031,573-F,1,2003-07-07,2003-07-11,5,1.5119,1.3921,188.0,Timur,2003,13,1.2131
573-F-1-0032,573-F,1,2003-07-18,2003-07-21,4,1.3379,1.2484,199.0,Timur,2003,6,1.2131
573-F-1-0033,573-F,1,2003-07-24,2003-07-25,2,1.3131,1.305,205.0,Timur,2003,2,1.2131
573-F-1-0034,573-F,1,2003-08-01,2003-08-04,4,1.5633,1.4277,213.0,Timur,2003,6,1.2131
573-F-1-0035,573-F,1,2003-08-28,2003-08-29,2,1.3827,1.343,240.0,Timur,2003,23,1.2131
573-F-1-0036,573-F,1,2003-12-20,2003-12-25,6,1.9964,1.6395,354.0,Barat,2003,112,1.2131
573-F-1-0037,573-F,1,2004-01-01,2004-01-02,2,1.2862,1.268,1.0,Barat,2004,6,1.2131
573-F-1-0038,573-F,1,2004-02-04,2004-02-14,11,1.7294,1.4669,35.0,Barat,2004,32,1.2131
573-F-1-0039,573-F,1,2004-03-16,2004-03-23,8,2.5486,1.8325,76.0,Peralihan I,2004,30,1.2131
573-F-1-0040,573-F,1,2004-05-29,2004-05-31,3,1.5625,1.4365,150.0,Peralihan I,2004,66,1.2131
573-F-1-0041,573-F,1,2004-06-06,2004-06-22,17,1.823,1.4692,158.0,Timur,2004,5,1.2131
573-F-1-0042,573-F,1,2004-06-26,2004-06-28,3,1.6307,1.5183,178.0,Timur,2004,3,1.2131
573-F-1-0043,573-F,1,2004-07-08,2004-07-09,2,1.2801,1.27,190.0,Timur,2004,9,1.2131
573-F-1-0044,573-F,1,2004-07-13,2004-07-24,12,1.9607,1.6276,195.0,Timur,2004,3,1.2131
573-F-1-0045,573-F,1,2004-09-13,2004-09-15,3,1.5625,1.4894,257.0,Peralihan II,2004,50,1.2131
573-F-1-0046,573-F,1,2005-01-02,2005-01-02,1,1.3232,1.3232,2.0,Barat,2005,108,1.2131
573-F-1-0047,573-F,1,2005-03-13,2005-03-16,4,1.4963,1.3415,72.0,Peralihan I,2005,69,1.2131
573-F-1-0048,573-F,1,2005-05-18,2005-05-26,9,1.4594,1.3362,138.0,Peralihan I,2005,62,1.2131
573-F-1-0049,573-F,1,2005-05-29,2005-06-02,5,1.5194,1.429,149.0,Peralihan I,2005,2,1.2131
573-F-1-0050,573-F,1,2005-06-27,2005-06-30,4,1.4528,1.3946,178.0,Timur,2005,24,1.2131
573-F-1-0051,573-F,1,2005-07-10,2005-07-12,3,1.3238,1.2657,191.0,Timur,2005,9,1.2131
573-F-1-0052,573-F,1,2005-07-18,2005-07-24,7,1.6505,1.389,199.0,Timur,2005,5,1.2131
573-F-1-0053,573-F,1,2005-08-08,2005-08-09,2,1.3323,1.2885,220.0,Timur,2005,14,1.2131
573-F-1-0054,573-F,1,2005-08-14,2005-08-14,1,1.2331,1.2331,226.0,Timur,2005,4,1.2131
573-F-1-0055,573-F,1,2005-08-17,2005-08-18,2,1.2843,1.2724,229.0,Timur,2005,2,1.2131
573-F-1-0056,573-F,1,2005-08-27,2005-08-29,3,1.3385,1.29,239.0,Timur,2005,8,1.2131
573-F-1-0057,573-F,1,2006-01-16,2006-02-01,17,1.9334,1.4362,16.0,Barat,2006,139,1.2131
573-F-1-0058,573-F,1,2006-03-02,2006-03-03,2,1.684,1.6391,61.0,Peralihan I,2006,28,1.2131
573-F-1-0059,573-F,1,2006-05-17,2006-05-18,2,1.3885,1.3518,137.0,Peralihan I,2006,74,1.2131
573-F-1-0060,573-F,1,2006-05-29,2006-05-29,1,1.2173,1.2173,149.0,Peralihan I,2006,10,1.2131
573-F-1-0061,573-F,1,2006-06-04,2006-06-30,27,1.588,1.3894,155.0,Timur,2006,5,1.2131
573-F-1-0062,573-F,1,2006-07-05,2006-07-10,6,1.7056,1.4886,186.0,Timur,2006,4,1.2131
573-F-1-0063,573-F,1,2006-07-17,2006-07-19,3,1.5039,1.4289,198.0,Timur,2006,6,1.2131
573-F-1-0064,573-F,1,2006-07-23,2006-07-23,1,1.2691,1.2691,204.0,Timur,2006,3,1.2131
573-F-1-0065,573-F,1,2006-07-26,2006-07-26,1,1.2495,1.2495,207.0,Timur,2006,2,1.2131
573-F-1-0066,573-F,1,2006-08-05,2006-08-13,9,1.7334,1.6007,217.0,Timur,2006,9,1.2131
573-F-1-0067,573-F,1,2006-08-19,2006-08-20,2,1.3727,1.3486,231.0,Timur,2006,5,1.2131
573-F-1-0068,573-F,1,2006-09-10,2006-09-16,7,1.4575,1.3255,253.0,Peralihan II,2006,20,1.2131
573-F-1-0069,573-F,1,2007-01-04,2007-01-04,1,1.2897,1.2897,4.0,Barat,2007,109,1.2131
573-F-1-0070,573-F,1,2007-02-04,2007-02-07,4,1.3387,1.2723,35.0,Barat,2007,30,1.2131
573-F-1-0071,573-F,1,2007-03-04,2007-03-05,2,1.3109,1.3024,63.0,Peralihan I,2007,24,1.2131
573-F-1-0072,573-F,1,2007-06-01,2007-06-15,15,1.6026,1.4036,152.0,Timur,2007,87,1.2131
573-F-1-0073,573-F,1,2007-06-20,2007-06-29,10,2.02,1.4652,171.0,Timur,2007,4,1.2131
573-F-1-0074,573-F,1,2007-07-08,2007-07-25,18,1.8536,1.4727,189.0,Timur,2007,8,1.2131
573-F-1-0075,573-F,1,2007-08-05,2007-08-07,3,1.5578,1.5055,217.0,Timur,2007,10,1.2131
573-F-1-0076,573-F,1,2007-08-17,2007-08-20,4,2.5135,1.9549,229.0,Timur,2007,9,1.2131
573-F-1-0077,573-F,1,2008-01-01,2008-01-06,6,2.0716,1.6821,1.0,Barat,2008,133,1.2131
573-F-1-0078,573-F,1,2008-02-09,2008-02-14,6,1.7241,1.5538,40.0,Barat,2008,33,1.2131
573-F-1-0079,573-F,1,2008-02-20,2008-02-22,3,1.476,1.3691,51.0,Barat,2008,5,1.2131
573-F-1-0080,573-F,1,2008-05-19,2008-05-20,2,1.3001,1.2989,140.0,Peralihan I,2008,86,1.2131
573-F-1-0081,573-F,1,2008-05-26,2008-06-01,7,1.857,1.5973,147.0,Peralihan I,2008,5,1.2131
573-F-1-0082,573-F,1,2008-06-07,2008-06-14,8,1.4599,1.2953,159.0,Timur,2008,5,1.2131
573-F-1-0083,573-F,1,2008-06-20,2008-06-28,9,2.2015,1.6292,172.0,Timur,2008,5,1.2131
573-F-1-0084,573-F,1,2008-07-02,2008-07-04,3,1.3083,1.2856,184.0,Timur,2008,3,1.2131
573-F-1-0085,573-F,1,2008-07-07,2008-07-11,5,2.2479,1.8341,189.0,Timur,2008,2,1.2131
573-F-1-0086,573-F,1,2008-07-23,2008-07-24,2,1.6018,1.5241,205.0,Timur,2008,11,1.2131
573-F-1-0087,573-F,1,2008-08-03,2008-08-03,1,1.2626,1.2626,216.0,Timur,2008,9,1.2131
573-F-1-0088,573-F,1,2008-08-06,2008-08-10,5,1.7385,1.5061,219.0,Timur,2008,2,1.2131
573-F-1-0089,573-F,1,2008-08-17,2008-08-20,4,1.6971,1.5219,230.0,Timur,2008,6,1.2131
573-F-1-0090,573-F,1,2008-08-23,2008-08-25,3,1.6673,1.5092,236.0,Timur,2008,2,1.2131
573-F-1-0091,573-F,1,2009-02-03,2009-02-06,4,1.3336,1.2802,34.0,Barat,2009,161,1.2131
573-F-1-0092,573-F,1,2009-02-10,2009-02-10,1,1.2955,1.2955,41.0,Barat,2009,3,1.2131
573-F-1-0093,573-F,1,2009-05-04,2009-05-08,5,1.3528,1.3177,124.0,Peralihan I,2009,82,1.2131
573-F-1-0094,573-F,1,2009-05-12,2009-05-13,2,1.2733,1.2441,132.0,Peralihan I,2009,3,1.2131
573-F-1-0095,573-F,1,2009-06-17,2009-06-19,3,1.5021,1.4597,168.0,Timur,2009,34,1.2131
573-F-1-0096,573-F,1,2009-07-04,2009-07-05,2,1.4305,1.4254,185.0,Timur,2009,14,1.2131
573-F-1-0097,573-F,1,2009-07-16,2009-07-18,3,1.5198,1.377,197.0,Timur,2009,10,1.2131
573-F-1-0098,573-F,1,2009-07-29,2009-08-03,6,1.6645,1.4434,210.0,Timur,2009,10,1.2131
573-F-1-0099,573-F,1,2009-08-17,2009-08-19,3,1.322,1.2858,229.0,Timur,2009,13,1.2131
573-F-1-0100,573-F,1,2010-01-04,2010-01-04,1,1.2428,1.2428,4.0,Barat,2010,137,1.2131
573-F-1-0101,573-F,1,2010-02-27,2010-02-27,1,1.3374,1.3374,58.0,Barat,2010,53,1.2131
573-F-1-0102,573-F,1,2010-05-05,2010-05-09,5,1.5855,1.5311,125.0,Peralihan I,2010,66,1.2131
573-F-1-0103,573-F,1,2010-06-01,2010-06-01,1,1.2608,1.2608,152.0,Timur,2010,22,1.2131
573-F-1-0104,573-F,1,2010-06-04,2010-06-04,1,1.2526,1.2526,155.0,Timur,2010,2,1.2131
573-F-1-0105,573-F,1,2010-06-11,2010-06-27,17,1.8206,1.433,162.0,Timur,2010,6,1.2131
573-F-1-0106,573-F,1,2010-07-01,2010-07-04,4,1.8915,1.6656,182.0,Timur,2010,3,1.2131
573-F-1-0107,573-F,1,2010-07-15,2010-07-28,14,2.0112,1.4779,196.0,Timur,2010,10,1.2131
573-F-1-0108,573-F,1,2010-08-02,2010-08-05,4,2.1281,1.9088,214.0,Timur,2010,4,1.2131
573-F-1-0109,573-F,1,2010-08-12,2010-08-12,1,1.2178,1.2178,224.0,Timur,2010,6,1.2131
573-F-1-0110,573-F,1,2010-09-20,2010-09-22,3,1.4666,1.3398,263.0,Peralihan II,2010,38,1.2131
573-F-1-0111,573-F,1,2011-01-11,2011-01-14,4,1.7105,1.5596,11.0,Barat,2011,110,1.2131
573-F-1-0112,573-F,1,2011-02-24,2011-02-27,4,1.6405,1.4928,55.0,Barat,2011,40,1.2131
573-F-1-0113,573-F,1,2011-04-17,2011-04-18,2,1.5766,1.4993,107.0,Peralihan I,2011,48,1.2131
573-F-1-0114,573-F,1,2011-05-11,2011-05-13,3,1.5926,1.5758,131.0,Peralihan I,2011,22,1.2131
573-F-1-0115,573-F,1,2011-05-20,2011-05-20,1,1.2142,1.2142,140.0,Peralihan I,2011,6,1.2131
573-F-1-0116,573-F,1,2011-05-25,2011-05-27,3,1.2903,1.2649,145.0,Peralihan I,2011,4,1.2131
573-F-1-0117,573-F,1,2011-06-11,2011-06-15,5,1.6855,1.5359,162.0,Timur,2011,14,1.2131
573-F-1-0118,573-F,1,2011-06-23,2011-06-26,4,1.4397,1.3323,174.0,Timur,2011,7,1.2131
573-F-1-0119,573-F,1,2011-07-08,2011-07-13,6,1.7583,1.5626,189.0,Timur,2011,11,1.2131
573-F-1-0120,573-F,1,2011-07-26,2011-07-29,4,1.3775,1.2988,207.0,Timur,2011,12,1.2131
573-F-1-0121,573-F,1,2011-08-03,2011-08-07,5,1.3037,1.2545,215.0,Timur,2011,4,1.2131
573-F-1-0122,573-F,1,2011-08-19,2011-08-26,8,1.6271,1.4954,231.0,Timur,2011,11,1.2131
573-F-1-0123,573-F,1,2011-09-10,2011-09-15,6,1.7411,1.5682,253.0,Peralihan II,2011,14,1.2131
573-F-1-0124,573-F,1,2012-01-24,2012-01-25,2,1.3414,1.3218,24.0,Barat,2012,130,1.2131
573-F-1-0125,573-F,1,2012-02-02,2012-02-02,1,1.2139,1.2139,33.0,Barat,2012,7,1.2131
573-F-1-0126,573-F,1,2012-03-12,2012-03-19,8,1.6765,1.3658,72.0,Peralihan I,2012,38,1.2131
573-F-1-0127,573-F,1,2012-05-07,2012-05-07,1,1.2816,1.2816,128.0,Peralihan I,2012,48,1.2131
573-F-1-0128,573-F,1,2012-05-15,2012-05-17,3,1.3728,1.2924,136.0,Peralihan I,2012,7,1.2131
573-F-1-0129,573-F,1,2012-05-21,2012-05-30,10,2.04,1.4894,142.0,Peralihan I,2012,3,1.2131
573-F-1-0130,573-F,1,2012-06-04,2012-06-06,3,1.3348,1.3094,156.0,Timur,2012,4,1.2131
573-F-1-0131,573-F,1,2012-06-17,2012-06-20,4,1.6959,1.5702,169.0,Timur,2012,10,1.2131
573-F-1-0132,573-F,1,2012-06-24,2012-06-26,3,1.7449,1.6062,176.0,Timur,2012,3,1.2131
573-F-1-0133,573-F,1,2012-07-02,2012-07-07,6,1.9011,1.681,184.0,Timur,2012,5,1.2131
573-F-1-0134,573-F,1,2012-07-16,2012-07-22,7,1.4523,1.2941,198.0,Timur,2012,8,1.2131
573-F-1-0135,573-F,1,2012-07-28,2012-08-01,5,1.5931,1.3562,210.0,Timur,2012,5,1.2131
573-F-1-0136,573-F,1,2012-08-07,2012-08-08,2,1.3186,1.3012,220.0,Timur,2012,5,1.2131
573-F-1-0137,573-F,1,2012-08-11,2012-08-14,4,1.4851,1.389,224.0,Timur,2012,2,1.2131
573-F-1-0138,573-F,1,2013-01-13,2013-01-13,1,1.2992,1.2992,13.0,Barat,2013,151,1.2131
573-F-1-0139,573-F,1,2013-01-18,2013-01-20,3,1.3427,1.3275,18.0,Barat,2013,4,1.2131
573-F-1-0140,573-F,1,2013-05-12,2013-05-12,1,1.239,1.239,132.0,Peralihan I,2013,111,1.2131
573-F-1-0141,573-F,1,2013-05-25,2013-05-26,2,1.6128,1.5969,145.0,Peralihan I,2013,12,1.2131
573-F-1-0142,573-F,1,2013-05-29,2013-05-30,2,1.2463,1.2458,149.0,Peralihan I,2013,2,1.2131
573-F-1-0143,573-F,1,2013-06-02,2013-06-10,9,1.6757,1.3846,153.0,Timur,2013,2,1.2131
573-F-1-0144,573-F,1,2013-06-16,2013-06-16,1,1.2476,1.2476,167.0,Timur,2013,5,1.2131
573-F-1-0145,573-F,1,2013-06-20,2013-06-24,5,1.6744,1.5305,171.0,Timur,2013,3,1.2131
573-F-1-0146,573-F,1,2013-06-30,2013-07-03,4,2.3701,2.0489,181.0,Timur,2013,5,1.2131
573-F-1-0147,573-F,1,2013-07-09,2013-07-17,9,1.914,1.5178,190.0,Timur,2013,5,1.2131
573-F-1-0148,573-F,1,2013-07-22,2013-07-26,5,1.8306,1.5914,203.0,Timur,2013,4,1.2131
573-F-1-0149,573-F,1,2013-08-04,2013-08-07,4,1.3688,1.3,216.0,Timur,2013,8,1.2131
573-F-1-0150,573-F,1,2013-09-02,2013-09-08,7,2.0166,1.6126,245.0,Peralihan II,2013,25,1.2131
573-F-1-0151,573-F,1,2014-01-12,2014-01-22,11,1.767,1.557,12.0,Barat,2014,125,1.2131
573-F-1-0152,573-F,1,2014-01-30,2014-02-02,4,1.5113,1.4623,30.0,Barat,2014,7,1.2131
573-F-1-0153,573-F,1,2014-03-19,2014-03-19,1,1.6917,1.6917,78.0,Peralihan I,2014,44,1.2131
573-F-1-0154,573-F,1,2014-05-06,2014-05-07,2,1.3644,1.299,126.0,Peralihan I,2014,47,1.2131
573-F-1-0155,573-F,1,2014-05-19,2014-05-19,1,1.23,1.23,139.0,Peralihan I,2014,11,1.2131
573-F-1-0156,573-F,1,2014-05-24,2014-05-24,1,1.2736,1.2736,144.0,Peralihan I,2014,4,1.2131
573-F-1-0157,573-F,1,2014-06-03,2014-06-11,9,2.1866,1.6479,154.0,Timur,2014,9,1.2131
573-F-1-0158,573-F,1,2014-06-15,2014-06-27,13,1.8262,1.476,166.0,Timur,2014,3,1.2131
573-F-1-0159,573-F,1,2014-06-30,2014-07-07,8,1.6572,1.4081,181.0,Timur,2014,2,1.2131
573-F-1-0160,573-F,1,2014-07-12,2014-07-12,1,1.2976,1.2976,193.0,Timur,2014,4,1.2131
573-F-1-0161,573-F,1,2014-07-17,2014-07-23,7,1.6821,1.3655,198.0,Timur,2014,4,1.2131
573-F-1-0162,573-F,1,2014-07-28,2014-07-30,3,1.2758,1.2449,209.0,Timur,2014,4,1.2131
573-F-1-0163,573-F,1,2014-08-03,2014-08-16,14,1.9501,1.5024,215.0,Timur,2014,3,1.2131
573-F-1-0164,573-F,1,2014-08-26,2014-08-28,3,1.282,1.2638,238.0,Timur,2014,9,1.2131
573-F-1-0165,573-F,1,2015-01-03,2015-01-11,9,1.5514,1.4304,3.0,Barat,2015,127,1.2131
573-F-1-0166,573-F,1,2015-01-23,2015-01-23,1,1.2453,1.2453,23.0,Barat,2015,11,1.2131
573-F-1-0167,573-F,1,2015-02-20,2015-02-20,1,1.262,1.262,51.0,Barat,2015,27,1.2131
573-F-1-0168,573-F,1,2015-05-09,2015-05-09,1,1.2679,1.2679,129.0,Peralihan I,2015,77,1.2131
573-F-1-0169,573-F,1,2015-05-12,2015-05-16,5,1.7488,1.5507,132.0,Peralihan I,2015,2,1.2131
573-F-1-0170,573-F,1,2015-05-28,2015-05-28,1,1.2449,1.2449,148.0,Peralihan I,2015,11,1.2131
573-F-1-0171,573-F,1,2015-06-03,2015-06-11,9,1.8629,1.519,154.0,Timur,2015,5,1.2131
573-F-1-0172,573-F,1,2015-06-19,2015-06-22,4,1.2835,1.2605,170.0,Timur,2015,7,1.2131
573-F-1-0173,573-F,1,2015-06-25,2015-06-29,5,1.7918,1.5339,176.0,Timur,2015,2,1.2131
573-F-1-0174,573-F,1,2015-07-12,2015-07-21,10,1.924,1.4574,193.0,Timur,2015,12,1.2131
573-F-1-0175,573-F,1,2015-07-28,2015-07-31,4,1.5331,1.4421,209.0,Timur,2015,6,1.2131
573-F-1-0176,573-F,1,2015-08-05,2015-08-09,5,1.4543,1.3269,217.0,Timur,2015,4,1.2131
573-F-1-0177,573-F,1,2015-08-14,2015-08-15,2,1.2631,1.2538,226.0,Timur,2015,4,1.2131
573-F-1-0178,573-F,1,2015-10-02,2015-10-04,3,1.268,1.251,275.0,Peralihan II,2015,47,1.2131
573-F-1-0179,573-F,1,2015-12-23,2015-12-27,5,1.5717,1.4482,357.0,Barat,2015,79,1.2131
573-F-1-0180,573-F,1,2016-05-11,2016-05-17,7,1.7414,1.4084,132.0,Peralihan I,2016,135,1.2131
573-F-1-0181,573-F,1,2016-06-11,2016-06-17,7,1.8046,1.5229,163.0,Timur,2016,24,1.2131
573-F-1-0182,573-F,1,2016-06-28,2016-07-08,11,1.5559,1.3984,180.0,Timur,2016,10,1.2131
573-F-1-0183,573-F,1,2016-07-13,2016-07-17,5,2.5632,1.917,195.0,Timur,2016,4,1.2131
573-F-1-0184,573-F,1,2016-07-27,2016-07-30,4,1.4886,1.3887,209.0,Timur,2016,9,1.2131
573-F-1-0185,573-F,1,2016-08-03,2016-08-05,3,1.5227,1.436,216.0,Timur,2016,3,1.2131
573-F-1-0186,573-F,1,2016-08-14,2016-08-14,1,1.373,1.373,227.0,Timur,2016,8,1.2131
573-F-1-0187,573-F,1,2016-12-20,2016-12-20,1,1.3327,1.3327,355.0,Barat,2016,127,1.2131
573-F-1-0188,573-F,1,2017-01-01,2017-01-05,5,1.568,1.4339,1.0,Barat,2017,11,1.2131
573-F-1-0189,573-F,1,2017-02-04,2017-02-07,4,1.4855,1.3984,35.0,Barat,2017,29,1.2131
573-F-1-0190,573-F,1,2017-04-27,2017-04-29,3,1.8327,1.6113,117.0,Peralihan I,2017,78,1.2131
573-F-1-0191,573-F,1,2017-05-10,2017-05-12,3,1.3792,1.3434,130.0,Peralihan I,2017,10,1.2131
573-F-1-0192,573-F,1,2017-05-26,2017-06-14,20,1.8572,1.5956,146.0,Peralihan I,2017,13,1.2131
573-F-1-0193,573-F,1,2017-06-18,2017-06-20,3,1.4155,1.3451,169.0,Timur,2017,3,1.2131
573-F-1-0194,573-F,1,2017-06-30,2017-07-02,3,1.6015,1.5182,181.0,Timur,2017,9,1.2131
573-F-1-0195,573-F,1,2017-07-12,2017-07-15,4,1.6527,1.4612,193.0,Timur,2017,9,1.2131
573-F-1-0196,573-F,1,2017-07-25,2017-07-28,4,1.5793,1.4474,206.0,Timur,2017,9,1.2131
573-F-1-0197,573-F,1,2017-08-03,2017-08-04,2,1.3156,1.2662,215.0,Timur,2017,5,1.2131
573-F-1-0198,573-F,1,2017-08-13,2017-08-13,1,1.2336,1.2336,225.0,Timur,2017,8,1.2131
573-F-1-0199,573-F,1,2017-08-21,2017-08-24,4,1.3328,1.2562,233.0,Timur,2017,7,1.2131
573-F-1-0200,573-F,1,2017-08-27,2017-08-29,3,1.3994,1.3354,239.0,Timur,2017,2,1.2131
573-F-1-0201,573-F,1,2017-09-08,2017-09-08,1,1.2481,1.2481,251.0,Peralihan II,2017,9,1.2131
573-F-1-0202,573-F,1,2018-01-26,2018-01-31,6,1.6627,1.4564,26.0,Barat,2018,139,1.2131
573-F-1-0203,573-F,1,2018-05-07,2018-05-07,1,1.2364,1.2364,127.0,Peralihan I,2018,95,1.2131
573-F-1-0204,573-F,1,2018-05-11,2018-06-04,25,1.8232,1.4967,131.0,Peralihan I,2018,3,1.2131
573-F-1-0205,573-F,1,2018-06-15,2018-06-29,15,1.7247,1.4757,166.0,Timur,2018,10,1.2131
573-F-1-0206,573-F,1,2018-07-02,2018-07-05,4,1.6765,1.5697,183.0,Timur,2018,2,1.2131
573-F-1-0207,573-F,1,2018-07-08,2018-07-12,5,1.6,1.438,189.0,Timur,2018,2,1.2131
573-F-1-0208,573-F,1,2018-07-21,2018-07-22,2,1.3657,1.3436,202.0,Timur,2018,8,1.2131
573-F-1-0209,573-F,1,2018-07-30,2018-07-30,1,1.241,1.241,211.0,Timur,2018,7,1.2131
573-F-1-0210,573-F,1,2018-08-12,2018-08-15,4,1.7448,1.5954,224.0,Timur,2018,12,1.2131
573-F-1-0211,573-F,1,2018-08-20,2018-08-21,2,1.3305,1.3253,232.0,Timur,2018,4,1.2131
573-F-1-0212,573-F,1,2018-09-30,2018-10-01,2,1.3791,1.3543,273.0,Peralihan II,2018,39,1.2131
573-F-1-0213,573-F,1,2018-12-16,2018-12-17,2,1.3368,1.3238,350.0,Barat,2018,75,1.2131
573-F-1-0214,573-F,1,2018-12-20,2018-12-21,2,1.3357,1.3015,354.0,Barat,2018,2,1.2131
573-F-1-0215,573-F,1,2018-12-27,2018-12-27,1,1.2523,1.2523,361.0,Barat,2018,5,1.2131
573-F-1-0216,573-F,1,2019-01-23,2019-01-27,5,1.464,1.328,23.0,Barat,2019,26,1.2131
573-F-1-0217,573-F,1,2019-04-05,2019-04-06,2,1.466,1.3751,95.0,Peralihan I,2019,67,1.2131
573-F-1-0218,573-F,1,2019-05-08,2019-05-13,6,1.8902,1.6731,128.0,Peralihan I,2019,31,1.2131
573-F-1-0219,573-F,1,2019-05-21,2019-05-23,3,1.2774,1.2697,141.0,Peralihan I,2019,7,1.2131
573-F-1-0220,573-F,1,2019-05-28,2019-06-09,13,2.2483,1.7572,148.0,Peralihan I,2019,4,1.2131
573-F-1-0221,573-F,1,2019-06-13,2019-06-13,1,1.2353,1.2353,164.0,Timur,2019,3,1.2131
573-F-1-0222,573-F,1,2019-06-19,2019-06-27,9,1.4017,1.3021,170.0,Timur,2019,5,1.2131
573-F-1-0223,573-F,1,2019-07-01,2019-07-02,2,1.2693,1.2594,182.0,Timur,2019,3,1.2131
573-F-1-0224,573-F,1,2019-07-14,2019-07-18,5,1.9591,1.6369,195.0,Timur,2019,11,1.2131
573-F-1-0225,573-F,1,2019-07-23,2019-07-24,2,1.2423,1.2298,204.0,Timur,2019,4,1.2131
573-F-1-0226,573-F,1,2019-08-01,2019-08-04,4,1.6726,1.4817,213.0,Timur,2019,7,1.2131
573-F-1-0227,573-F,1,2019-08-12,2019-08-14,3,1.4006,1.3291,224.0,Timur,2019,7,1.2131
573-F-1-0228,573-F,1,2019-08-20,2019-08-22,3,1.7537,1.5971,232.0,Timur,2019,5,1.2131
573-F-1-0229,573-F,1,2019-08-29,2019-08-30,2,1.3661,1.3358,241.0,Timur,2019,6,1.2131
573-F-1-0230,573-F,1,2019-09-11,2019-09-16,6,1.4795,1.3345,254.0,Peralihan II,2019,11,1.2131
573-F-1-0231,573-F,1,2020-05-02,2020-05-07,6,1.342,1.2924,123.0,Peralihan I,2020,228,1.2131
573-F-1-0232,573-F,1,2020-05-16,2020-05-25,10,2.1747,1.6193,137.0,Peralihan I,2020,8,1.2131
573-F-1-0233,573-F,1,2020-06-03,2020-06-05,3,1.5209,1.4724,155.0,Timur,2020,8,1.2131
573-F-1-0234,573-F,1,2020-06-10,2020-06-10,1,1.2288,1.2288,162.0,Timur,2020,4,1.2131
573-F-1-0235,573-F,1,2020-06-16,2020-06-22,7,1.6997,1.4506,168.0,Timur,2020,5,1.2131
573-F-1-0236,573-F,1,2020-06-25,2020-06-26,2,1.3062,1.2909,177.0,Timur,2020,2,1.2131
573-F-1-0237,573-F,1,2020-07-03,2020-07-10,8,1.951,1.6042,185.0,Timur,2020,6,1.2131
573-F-1-0238,573-F,1,2020-07-13,2020-07-16,4,1.6386,1.5126,195.0,Timur,2020,2,1.2131
573-F-1-0239,573-F,1,2020-07-27,2020-08-02,7,1.3037,1.2503,209.0,Timur,2020,10,1.2131
573-F-1-0240,573-F,1,2020-08-25,2020-08-31,7,1.3952,1.3061,238.0,Timur,2020,22,1.2131
573-F-1-0241,573-F,1,2020-09-10,2020-09-10,1,1.2345,1.2345,254.0,Peralihan II,2020,9,1.2131
573-F-1-0242,573-F,1,2021-01-28,2021-02-01,5,1.5086,1.3679,28.0,Barat,2021,139,1.2131
573-F-1-0243,573-F,1,2021-02-04,2021-02-05,2,1.63,1.5333,35.0,Barat,2021,2,1.2131
573-F-1-0244,573-F,1,2021-02-20,2021-02-20,1,1.2386,1.2386,51.0,Barat,2021,14,1.2131
573-F-1-0245,573-F,1,2021-04-01,2021-04-05,5,1.7515,1.4831,91.0,Peralihan I,2021,39,1.2131
573-F-1-0246,573-F,1,2021-05-26,2021-05-29,4,1.643,1.4905,146.0,Peralihan I,2021,50,1.2131
573-F-1-0247,573-F,1,2021-06-06,2021-06-06,1,1.2521,1.2521,157.0,Timur,2021,7,1.2131
573-F-1-0248,573-F,1,2021-06-20,2021-06-20,1,1.3539,1.3539,171.0,Timur,2021,13,1.2131
573-F-1-0249,573-F,1,2021-06-26,2021-06-28,3,1.553,1.4437,177.0,Timur,2021,5,1.2131
573-F-1-0250,573-F,1,2021-07-03,2021-07-04,2,1.4126,1.409,184.0,Timur,2021,4,1.2131
573-F-1-0251,573-F,1,2021-08-05,2021-08-08,4,1.4956,1.3853,217.0,Timur,2021,31,1.2131
573-F-1-0252,573-F,1,2021-08-13,2021-08-14,2,1.3559,1.2974,225.0,Timur,2021,4,1.2131
573-F-1-0253,573-F,1,2021-08-17,2021-08-18,2,1.3351,1.2862,229.0,Timur,2021,2,1.2131
573-F-1-0254,573-F,1,2021-09-06,2021-09-11,6,1.831,1.6531,249.0,Peralihan II,2021,18,1.2131
573-F-1-0255,573-F,1,2021-09-19,2021-09-20,2,1.2897,1.2585,262.0,Peralihan II,2021,7,1.2131
573-F-1-0256,573-F,1,2021-12-26,2021-12-28,3,1.4268,1.3655,360.0,Barat,2021,96,1.2131
573-F-1-0257,573-F,1,2022-01-29,2022-02-02,5,1.7031,1.438,29.0,Barat,2022,31,1.2131
573-F-1-0258,573-F,1,2022-02-23,2022-02-27,5,1.5498,1.36,54.0,Barat,2022,20,1.2131
573-F-1-0259,573-F,1,2022-05-07,2022-05-09,3,1.5073,1.4078,127.0,Peralihan I,2022,68,1.2131
573-F-1-0260,573-F,1,2022-06-09,2022-06-14,6,1.5715,1.3647,160.0,Timur,2022,30,1.2131
573-F-1-0261,573-F,1,2022-06-17,2022-06-17,1,1.2423,1.2423,168.0,Timur,2022,2,1.2131
573-F-1-0262,573-F,1,2022-06-21,2022-07-06,16,1.8997,1.5632,172.0,Timur,2022,3,1.2131
573-F-1-0263,573-F,1,2022-07-14,2022-07-18,5,1.4139,1.3407,195.0,Timur,2022,7,1.2131
573-F-1-0264,573-F,1,2022-07-27,2022-07-29,3,1.4927,1.4305,208.0,Timur,2022,8,1.2131
573-F-1-0265,573-F,1,2022-08-20,2022-08-26,7,1.7822,1.4983,232.0,Timur,2022,21,1.2131
573-F-1-0266,573-F,1,2022-12-21,2022-12-21,1,1.2627,1.2627,355.0,Barat,2022,116,1.2131
573-F-1-0267,573-F,1,2022-12-29,2023-01-07,10,2.0865,1.6719,363.0,Barat,2022,7,1.2131
573-F-1-0268,573-F,1,2023-02-09,2023-02-10,2,1.3133,1.2916,40.0,Barat,2023,32,1.2131
573-F-1-0269,573-F,1,2023-02-14,2023-02-14,1,1.2204,1.2204,45.0,Barat,2023,3,1.2131
573-F-1-0270,573-F,1,2023-02-25,2023-03-03,7,1.8207,1.4802,56.0,Barat,2023,10,1.2131
573-F-1-0271,573-F,1,2023-04-23,2023-04-23,1,1.2374,1.2374,113.0,Peralihan I,2023,50,1.2131
573-F-1-0272,573-F,1,2023-05-08,2023-05-11,4,1.6062,1.4632,128.0,Peralihan I,2023,14,1.2131
573-F-1-0273,573-F,1,2023-05-21,2023-05-25,5,1.5131,1.3546,141.0,Peralihan I,2023,9,1.2131
573-F-1-0274,573-F,1,2023-05-28,2023-05-31,4,1.4561,1.3583,148.0,Peralihan I,2023,2,1.2131
573-F-1-0275,573-F,1,2023-06-10,2023-06-11,2,1.3617,1.3127,161.0,Timur,2023,9,1.2131
573-F-1-0276,573-F,1,2023-07-01,2023-07-03,3,1.3483,1.3033,182.0,Timur,2023,19,1.2131
573-F-1-0277,573-F,1,2023-07-09,2023-07-14,6,1.5079,1.3488,190.0,Timur,2023,5,1.2131
573-F-1-0278,573-F,1,2023-07-17,2023-07-18,2,1.3174,1.2842,198.0,Timur,2023,2,1.2131
573-F-1-0279,573-F,1,2023-07-23,2023-07-26,4,1.954,1.8141,204.0,Timur,2023,4,1.2131
573-F-1-0280,573-F,1,2023-08-05,2023-08-13,9,1.4314,1.3668,217.0,Timur,2023,9,1.2131
573-F-1-0281,573-F,1,2023-08-19,2023-08-21,3,1.4369,1.3534,231.0,Timur,2023,5,1.2131
573-F-1-0282,573-F,1,2023-08-27,2023-08-29,3,1.2964,1.2708,239.0,Timur,2023,5,1.2131
573-F-1-0283,573-F,1,2023-09-14,2023-09-18,5,1.4153,1.3596,257.0,Peralihan II,2023,15,1.2131
573-F-1-0284,573-F,1,2024-01-14,2024-01-17,4,1.6074,1.4585,14.0,Barat,2024,117,1.2131
573-F-1-0285,573-F,1,2024-03-12,2024-03-14,3,1.6637,1.4835,72.0,Peralihan I,2024,54,1.2131
573-F-1-0286,573-F,1,2024-05-03,2024-05-03,1,1.2368,1.2368,124.0,Peralihan I,2024,49,1.2131
573-F-1-0287,573-F,1,2024-05-15,2024-05-15,1,1.3338,1.3338,136.0,Peralihan I,2024,11,1.2131
573-F-1-0288,573-F,1,2024-05-19,2024-05-23,5,1.6762,1.4668,140.0,Peralihan I,2024,3,1.2131
573-F-1-0289,573-F,1,2024-05-28,2024-05-28,1,1.2479,1.2479,149.0,Peralihan I,2024,4,1.2131
573-F-1-0290,573-F,1,2024-06-01,2024-06-09,9,1.5315,1.3928,153.0,Timur,2024,3,1.2131
573-F-1-0291,573-F,1,2024-06-16,2024-06-17,2,1.2362,1.229,168.0,Timur,2024,6,1.2131
573-F-1-0292,573-F,1,2024-06-22,2024-06-23,2,1.5071,1.4657,174.0,Timur,2024,4,1.2131
573-F-1-0293,573-F,1,2024-07-01,2024-07-05,5,1.6791,1.4926,183.0,Timur,2024,7,1.2131
573-F-1-0294,573-F,1,2024-07-09,2024-07-10,2,1.3981,1.39,191.0,Timur,2024,3,1.2131
573-F-1-0295,573-F,1,2024-07-17,2024-07-19,3,1.6949,1.6079,199.0,Timur,2024,6,1.2131
573-F-1-0296,573-F,1,2024-07-22,2024-07-23,2,1.2216,1.2187,204.0,Timur,2024,2,1.2131
573-F-1-0297,573-F,1,2024-07-29,2024-08-02,5,1.5033,1.3966,211.0,Timur,2024,5,1.2131
573-F-1-0298,573-F,1,2024-09-07,2024-09-07,1,1.222,1.222,251.0,Peralihan II,2024,35,1.2131
573-F-1-0299,573-F,1,2024-09-18,2024-09-19,2,1.5461,1.4134,262.0,Peralihan II,2024,10,1.2131
573-F-1-0300,573-F,1,2025-02-04,2025-02-10,7,1.5159,1.4047,35.0,Barat,2025,137,1.2131
573-F-1-0301,573-F,1,2025-04-30,2025-05-03,4,1.3454,1.2943,120.0,Peralihan I,2025,78,1.2131
573-F-1-0302,573-F,1,2025-05-16,2025-05-20,5,1.5141,1.3715,136.0,Peralihan I,2025,12,1.2131
573-F-1-0303,573-F,1,2025-05-30,2025-06-01,3,1.3963,1.3167,150.0,Peralihan I,2025,9,1.2131
573-F-1-0304,573-F,1,2025-06-09,2025-06-13,5,1.4198,1.3001,160.0,Timur,2025,7,1.2131
573-F-1-0305,573-F,1,2025-06-19,2025-06-20,2,1.3818,1.3792,170.0,Timur,2025,5,1.2131
573-F-1-0306,573-F,1,2025-06-26,2025-07-02,7,1.7326,1.6233,177.0,Timur,2025,5,1.2131
573-F-1-0307,573-F,1,2025-07-13,2025-07-13,1,1.2777,1.2777,194.0,Timur,2025,10,1.2131
573-F-1-0308,573-F,1,2025-08-02,2025-08-04,3,1.745,1.571,214.0,Timur,2025,19,1.2131
573-F-1-0309,573-F,1,2025-08-18,2025-08-20,3,1.3007,1.2785,230.0,Timur,2025,13,1.2131
573-F-1-0310,573-F,1,2025-08-31,2025-09-02,3,1.3693,1.3147,243.0,Timur,2025,10,1.2131
573-F-1-0311,573-F,1,2025-09-14,2025-09-14,1,1.2256,1.2256,257.0,Peralihan II,2025,11,1.2131
573-F-2-0001,573-F,2,2001-02-14,2001-02-19,6,1.6457,1.4599,45.0,Barat,2001,-1,1.3239
573-F-2-0002,573-F,2,2001-05-18,2001-05-20,3,1.701,1.6592,138.0,Peralihan I,2001,87,1.3239
573-F-2-0003,573-F,2,2001-05-28,2001-05-30,3,1.3874,1.3614,148.0,Peralihan I,2001,7,1.3239
573-F-2-0004,573-F,2,2001-06-02,2001-06-04,3,1.4238,1.3683,153.0,Timur,2001,2,1.3239
573-F-2-0005,573-F,2,2001-06-15,2001-06-25,11,2.1319,1.7331,166.0,Timur,2001,10,1.3239
573-F-2-0006,573-F,2,2001-07-14,2001-07-14,1,1.3839,1.3839,195.0,Timur,2001,18,1.3239
573-F-2-0007,573-F,2,2001-07-20,2001-07-29,10,1.9606,1.6492,201.0,Timur,2001,5,1.3239
573-F-2-0008,573-F,2,2002-02-09,2002-02-10,2,1.5198,1.428,40.0,Barat,2002,194,1.3239
573-F-2-0009,573-F,2,2002-02-20,2002-02-23,4,1.4844,1.411,51.0,Barat,2002,9,1.3239
573-F-2-0010,573-F,2,2002-04-30,2002-05-06,7,1.4625,1.4036,120.0,Peralihan I,2002,65,1.3239
573-F-2-0011,573-F,2,2002-05-31,2002-06-05,6,1.8219,1.6525,151.0,Peralihan I,2002,24,1.3239
573-F-2-0012,573-F,2,2002-06-10,2002-06-11,2,1.6084,1.562,161.0,Timur,2002,4,1.3239
573-F-2-0013,573-F,2,2002-06-30,2002-07-03,4,1.4055,1.3731,181.0,Timur,2002,18,1.3239
573-F-2-0014,573-F,2,2002-07-19,2002-07-21,3,1.5231,1.4513,200.0,Timur,2002,15,1.3239
573-F-2-0015,573-F,2,2003-01-15,2003-01-15,1,1.3593,1.3593,15.0,Barat,2003,177,1.3239
573-F-2-0016,573-F,2,2003-02-20,2003-02-20,1,1.4127,1.4127,51.0,Barat,2003,35,1.3239
573-F-2-0017,573-F,2,2003-03-01,2003-03-01,1,1.4583,1.4583,60.0,Peralihan I,2003,8,1.3239
573-F-2-0018,573-F,2,2003-03-10,2003-03-11,2,1.627,1.4778,69.0,Peralihan I,2003,8,1.3239
573-F-2-0019,573-F,2,2003-05-03,2003-05-09,7,1.595,1.4619,123.0,Peralihan I,2003,52,1.3239
573-F-2-0020,573-F,2,2003-05-26,2003-05-31,6,1.6369,1.4558,146.0,Peralihan I,2003,16,1.3239
573-F-2-0021,573-F,2,2003-06-11,2003-06-11,1,1.3815,1.3815,162.0,Timur,2003,10,1.3239
573-F-2-0022,573-F,2,2003-06-14,2003-06-22,9,2.0062,1.6511,165.0,Timur,2003,2,1.3239
573-F-2-0023,573-F,2,2003-07-07,2003-07-10,4,1.5119,1.4263,188.0,Timur,2003,14,1.3239
573-F-2-0024,573-F,2,2003-07-18,2003-07-18,1,1.3379,1.3379,199.0,Timur,2003,7,1.3239
573-F-2-0025,573-F,2,2003-08-02,2003-08-04,3,1.5633,1.4959,214.0,Timur,2003,14,1.3239
573-F-2-0026,573-F,2,2003-08-28,2003-08-28,1,1.3827,1.3827,240.0,Timur,2003,23,1.3239
573-F-2-0027,573-F,2,2003-12-20,2003-12-24,5,1.9964,1.705,354.0,Barat,2003,113,1.3239
573-F-2-0028,573-F,2,2004-02-04,2004-02-05,2,1.4464,1.4105,35.0,Barat,2004,41,1.3239
573-F-2-0029,573-F,2,2004-02-08,2004-02-13,6,1.7294,1.5886,39.0,Barat,2004,2,1.3239
573-F-2-0030,573-F,2,2004-03-16,2004-03-21,6,2.5486,2.0224,76.0,Peralihan I,2004,31,1.3239
573-F-2-0031,573-F,2,2004-05-30,2004-05-31,2,1.5625,1.5389,151.0,Peralihan I,2004,69,1.3239
573-F-2-0032,573-F,2,2004-06-06,2004-06-08,3,1.6198,1.4766,158.0,Timur,2004,5,1.3239
573-F-2-0033,573-F,2,2004-06-11,2004-06-18,8,1.823,1.5687,163.0,Timur,2004,2,1.3239
573-F-2-0034,573-F,2,2004-06-21,2004-06-22,2,1.6412,1.6211,173.0,Timur,2004,2,1.3239
573-F-2-0035,573-F,2,2004-06-26,2004-06-28,3,1.6307,1.5183,178.0,Timur,2004,3,1.3239
573-F-2-0036,573-F,2,2004-07-14,2004-07-24,11,1.9607,1.6554,196.0,Timur,2004,15,1.3239
573-F-2-0037,573-F,2,2004-09-13,2004-09-15,3,1.5625,1.4894,257.0,Peralihan II,2004,50,1.3239
573-F-2-0038,573-F,2,2005-03-14,2005-03-15,2,1.4963,1.4229,73.0,Peralihan I,2005,179,1.3239
573-F-2-0039,573-F,2,2005-05-20,2005-05-22,3,1.4594,1.4447,140.0,Peralihan I,2005,65,1.3239
573-F-2-0040,573-F,2,2005-05-25,2005-05-25,1,1.3662,1.3662,145.0,Peralihan I,2005,2,1.3239
573-F-2-0041,573-F,2,2005-05-29,2005-06-02,5,1.5194,1.429,149.0,Peralihan I,2005,3,1.3239
573-F-2-0042,573-F,2,2005-06-27,2005-06-29,3,1.4528,1.4402,178.0,Timur,2005,24,1.3239
573-F-2-0043,573-F,2,2005-07-18,2005-07-21,4,1.6505,1.5046,199.0,Timur,2005,18,1.3239
573-F-2-0044,573-F,2,2005-08-09,2005-08-09,1,1.3323,1.3323,221.0,Timur,2005,18,1.3239
573-F-2-0045,573-F,2,2005-08-28,2005-08-28,1,1.3385,1.3385,240.0,Timur,2005,18,1.3239
573-F-2-0046,573-F,2,2006-01-16,2006-01-21,6,1.9334,1.6577,16.0,Barat,2006,140,1.3239
573-F-2-0047,573-F,2,2006-01-24,2006-01-27,4,1.4891,1.4167,24.0,Barat,2006,2,1.3239
573-F-2-0048,573-F,2,2006-02-01,2006-02-01,1,1.3719,1.3719,32.0,Barat,2006,4,1.3239
573-F-2-0049,573-F,2,2006-03-02,2006-03-03,2,1.684,1.6391,61.0,Peralihan I,2006,28,1.3239
573-F-2-0050,573-F,2,2006-05-18,2006-05-18,1,1.3885,1.3885,138.0,Peralihan I,2006,75,1.3239
573-F-2-0051,573-F,2,2006-06-05,2006-06-08,4,1.5466,1.4842,156.0,Timur,2006,17,1.3239
573-F-2-0052,573-F,2,2006-06-11,2006-06-22,12,1.588,1.4857,162.0,Timur,2006,2,1.3239
573-F-2-0053,573-F,2,2006-06-25,2006-06-25,1,1.3587,1.3587,176.0,Timur,2006,2,1.3239
573-F-2-0054,573-F,2,2006-06-29,2006-06-29,1,1.3365,1.3365,180.0,Timur,2006,3,1.3239
573-F-2-0055,573-F,2,2006-07-06,2006-07-09,4,1.7056,1.5909,187.0,Timur,2006,6,1.3239
573-F-2-0056,573-F,2,2006-07-17,2006-07-19,3,1.5039,1.4289,198.0,Timur,2006,7,1.3239
573-F-2-0057,573-F,2,2006-08-05,2006-08-12,8,1.7334,1.6385,217.0,Timur,2006,16,1.3239
573-F-2-0058,573-F,2,2006-08-19,2006-08-20,2,1.3727,1.3486,231.0,Timur,2006,6,1.3239
573-F-2-0059,573-F,2,2006-09-10,2006-09-12,3,1.4575,1.4321,253.0,Peralihan II,2006,20,1.3239
573-F-2-0060,573-F,2,2007-02-06,2007-02-06,1,1.3387,1.3387,37.0,Barat,2007,146,1.3239
573-F-2-0061,573-F,2,2007-06-01,2007-06-10,10,1.6026,1.4356,152.0,Timur,2007,114,1.3239
573-F-2-0062,573-F,2,2007-06-13,2007-06-15,3,1.4778,1.4182,164.0,Timur,2007,2,1.3239
573-F-2-0063,573-F,2,2007-06-21,2007-06-21,1,1.3764,1.3764,172.0,Timur,2007,5,1.3239
573-F-2-0064,573-F,2,2007-06-26,2007-06-29,4,2.02,1.8039,177.0,Timur,2007,4,1.3239
573-F-2-0065,573-F,2,2007-07-09,2007-07-25,17,1.8536,1.4849,190.0,Timur,2007,9,1.3239
573-F-2-0066,573-F,2,2007-08-05,2007-08-07,3,1.5578,1.5055,217.0,Timur,2007,10,1.3239
573-F-2-0067,573-F,2,2007-08-17,2007-08-19,3,2.5135,2.1721,229.0,Timur,2007,9,1.3239
573-F-2-0068,573-F,2,2008-01-01,2008-01-06,6,2.0716,1.6821,1.0,Barat,2008,134,1.3239
573-F-2-0069,573-F,2,2008-02-09,2008-02-13,5,1.7241,1.6021,40.0,Barat,2008,33,1.3239
573-F-2-0070,573-F,2,2008-02-21,2008-02-22,2,1.476,1.4031,52.0,Barat,2008,7,1.3239
573-F-2-0071,573-F,2,2008-05-27,2008-06-01,6,1.857,1.6516,148.0,Peralihan I,2008,94,1.3239
573-F-2-0072,573-F,2,2008-06-08,2008-06-08,1,1.4036,1.4036,160.0,Timur,2008,6,1.3239
573-F-2-0073,573-F,2,2008-06-13,2008-06-13,1,1.4599,1.4599,165.0,Timur,2008,4,1.3239
573-F-2-0074,573-F,2,2008-06-20,2008-06-26,7,2.2015,1.7432,172.0,Timur,2008,6,1.3239
573-F-2-0075,573-F,2,2008-07-08,2008-07-11,4,2.2479,1.9829,190.0,Timur,2008,11,1.3239
573-F-2-0076,573-F,2,2008-07-23,2008-07-24,2,1.6018,1.5241,205.0,Timur,2008,11,1.3239
573-F-2-0077,573-F,2,2008-08-07,2008-08-09,3,1.7385,1.6603,220.0,Timur,2008,13,1.3239
573-F-2-0078,573-F,2,2008-08-17,2008-08-20,4,1.6971,1.5219,230.0,Timur,2008,7,1.3239
573-F-2-0079,573-F,2,2008-08-23,2008-08-24,2,1.6673,1.648,236.0,Timur,2008,2,1.3239
573-F-2-0080,573-F,2,2009-02-04,2009-02-04,1,1.3336,1.3336,35.0,Barat,2009,163,1.3239
573-F-2-0081,573-F,2,2009-05-04,2009-05-06,3,1.3528,1.3411,124.0,Peralihan I,2009,88,1.3239
573-F-2-0082,573-F,2,2009-06-17,2009-06-19,3,1.5021,1.4597,168.0,Timur,2009,41,1.3239
573-F-2-0083,573-F,2,2009-07-04,2009-07-05,2,1.4305,1.4254,185.0,Timur,2009,14,1.3239
573-F-2-0084,573-F,2,2009-07-16,2009-07-17,2,1.5198,1.4259,197.0,Timur,2009,10,1.3239
573-F-2-0085,573-F,2,2009-07-29,2009-08-03,6,1.6645,1.4434,210.0,Timur,2009,11,1.3239
573-F-2-0086,573-F,2,2010-02-27,2010-02-27,1,1.3374,1.3374,58.0,Barat,2010,207,1.3239
573-F-2-0087,573-F,2,2010-05-05,2010-05-09,5,1.5855,1.5311,125.0,Peralihan I,2010,66,1.3239
573-F-2-0088,573-F,2,2010-06-11,2010-06-12,2,1.3323,1.3288,162.0,Timur,2010,32,1.3239
573-F-2-0089,573-F,2,2010-06-15,2010-06-16,2,1.4444,1.3993,166.0,Timur,2010,2,1.3239
573-F-2-0090,573-F,2,2010-06-20,2010-06-27,8,1.8206,1.5649,171.0,Timur,2010,3,1.3239
573-F-2-0091,573-F,2,2010-07-02,2010-07-04,3,1.8915,1.7896,183.0,Timur,2010,4,1.3239
573-F-2-0092,573-F,2,2010-07-15,2010-07-28,14,2.0112,1.4779,196.0,Timur,2010,10,1.3239
573-F-2-0093,573-F,2,2010-08-02,2010-08-05,4,2.1281,1.9088,214.0,Timur,2010,4,1.3239
573-F-2-0094,573-F,2,2010-09-21,2010-09-21,1,1.4666,1.4666,264.0,Peralihan II,2010,46,1.3239
573-F-2-0095,573-F,2,2011-01-11,2011-01-13,3,1.7105,1.6399,11.0,Barat,2011,111,1.3239
573-F-2-0096,573-F,2,2011-02-24,2011-02-27,4,1.6405,1.4928,55.0,Barat,2011,41,1.3239
573-F-2-0097,573-F,2,2011-04-17,2011-04-18,2,1.5766,1.4993,107.0,Peralihan I,2011,48,1.3239
573-F-2-0098,573-F,2,2011-05-11,2011-05-13,3,1.5926,1.5758,131.0,Peralihan I,2011,22,1.3239
573-F-2-0099,573-F,2,2011-06-11,2011-06-14,4,1.6855,1.5937,162.0,Timur,2011,28,1.3239
573-F-2-0100,573-F,2,2011-06-24,2011-06-25,2,1.4397,1.3947,175.0,Timur,2011,9,1.3239
573-F-2-0101,573-F,2,2011-07-08,2011-07-12,5,1.7583,1.6143,189.0,Timur,2011,12,1.3239
573-F-2-0102,573-F,2,2011-07-28,2011-07-28,1,1.3775,1.3775,209.0,Timur,2011,15,1.3239
573-F-2-0103,573-F,2,2011-08-19,2011-08-25,7,1.6271,1.5325,231.0,Timur,2011,21,1.3239
573-F-2-0104,573-F,2,2011-09-10,2011-09-14,5,1.7411,1.6249,253.0,Peralihan II,2011,15,1.3239
573-F-2-0105,573-F,2,2012-01-25,2012-01-25,1,1.3414,1.3414,25.0,Barat,2012,132,1.3239
573-F-2-0106,573-F,2,2012-03-14,2012-03-14,1,1.4033,1.4033,74.0,Peralihan I,2012,48,1.3239
573-F-2-0107,573-F,2,2012-03-17,2012-03-18,2,1.6765,1.581,77.0,Peralihan I,2012,2,1.3239
573-F-2-0108,573-F,2,2012-05-16,2012-05-16,1,1.3728,1.3728,137.0,Peralihan I,2012,58,1.3239
573-F-2-0109,573-F,2,2012-05-22,2012-05-30,9,2.04,1.5141,143.0,Peralihan I,2012,5,1.3239
573-F-2-0110,573-F,2,2012-06-05,2012-06-05,1,1.3348,1.3348,157.0,Timur,2012,5,1.3239
573-F-2-0111,573-F,2,2012-06-17,2012-06-20,4,1.6959,1.5702,169.0,Timur,2012,11,1.3239
573-F-2-0112,573-F,2,2012-06-24,2012-06-26,3,1.7449,1.6062,176.0,Timur,2012,3,1.3239
573-F-2-0113,573-F,2,2012-07-02,2012-07-07,6,1.9011,1.681,184.0,Timur,2012,5,1.3239
573-F-2-0114,573-F,2,2012-07-21,2012-07-22,2,1.4523,1.4334,203.0,Timur,2012,13,1.3239
573-F-2-0115,573-F,2,2012-07-28,2012-07-30,3,1.5931,1.4633,210.0,Timur,2012,5,1.3239
573-F-2-0116,573-F,2,2012-08-11,2012-08-13,3,1.4851,1.4394,224.0,Timur,2012,11,1.3239
573-F-2-0117,573-F,2,2013-01-19,2013-01-20,2,1.3427,1.3361,19.0,Barat,2013,158,1.3239
573-F-2-0118,573-F,2,2013-05-25,2013-05-26,2,1.6128,1.5969,145.0,Peralihan I,2013,124,1.3239
573-F-2-0119,573-F,2,2013-06-02,2013-06-04,3,1.5076,1.4236,153.0,Timur,2013,6,1.3239
573-F-2-0120,573-F,2,2013-06-07,2013-06-09,3,1.6757,1.5421,158.0,Timur,2013,2,1.3239
573-F-2-0121,573-F,2,2013-06-21,2013-06-24,4,1.6744,1.6047,172.0,Timur,2013,11,1.3239
573-F-2-0122,573-F,2,2013-06-30,2013-07-03,4,2.3701,2.0489,181.0,Timur,2013,5,1.3239
573-F-2-0123,573-F,2,2013-07-09,2013-07-16,8,1.914,1.5553,190.0,Timur,2013,5,1.3239
573-F-2-0124,573-F,2,2013-07-23,2013-07-26,4,1.8306,1.6734,204.0,Timur,2013,6,1.3239
573-F-2-0125,573-F,2,2013-08-04,2013-08-05,2,1.3688,1.362,216.0,Timur,2013,8,1.3239
573-F-2-0126,573-F,2,2013-09-02,2013-09-07,6,2.0166,1.6732,245.0,Peralihan II,2013,27,1.3239
573-F-2-0127,573-F,2,2014-01-12,2014-01-22,11,1.767,1.557,12.0,Barat,2014,126,1.3239
573-F-2-0128,573-F,2,2014-01-30,2014-02-02,4,1.5113,1.4623,30.0,Barat,2014,7,1.3239
573-F-2-0129,573-F,2,2014-03-19,2014-03-19,1,1.6917,1.6917,78.0,Peralihan I,2014,44,1.3239
573-F-2-0130,573-F,2,2014-05-06,2014-05-06,1,1.3644,1.3644,126.0,Peralihan I,2014,47,1.3239
573-F-2-0131,573-F,2,2014-06-05,2014-06-11,7,2.1866,1.7511,156.0,Timur,2014,29,1.3239
573-F-2-0132,573-F,2,2014-06-15,2014-06-26,12,1.8262,1.4921,166.0,Timur,2014,3,1.3239
573-F-2-0133,573-F,2,2014-06-30,2014-07-02,3,1.6572,1.5207,181.0,Timur,2014,3,1.3239
573-F-2-0134,573-F,2,2014-07-05,2014-07-06,2,1.4971,1.4729,186.0,Timur,2014,2,1.3239
573-F-2-0135,573-F,2,2014-07-18,2014-07-20,3,1.6821,1.5894,199.0,Timur,2014,11,1.3239
573-F-2-0136,573-F,2,2014-08-03,2014-08-09,7,1.9501,1.6202,215.0,Timur,2014,13,1.3239
573-F-2-0137,573-F,2,2014-08-13,2014-08-15,3,1.5394,1.5033,225.0,Timur,2014,3,1.3239
573-F-2-0138,573-F,2,2015-01-03,2015-01-10,8,1.5514,1.4517,3.0,Barat,2015,140,1.3239
573-F-2-0139,573-F,2,2015-05-12,2015-05-16,5,1.7488,1.5507,132.0,Peralihan I,2015,121,1.3239
573-F-2-0140,573-F,2,2015-06-04,2015-06-09,6,1.8629,1.6507,155.0,Timur,2015,18,1.3239
573-F-2-0141,573-F,2,2015-06-25,2015-06-28,4,1.7918,1.6093,176.0,Timur,2015,15,1.3239
573-F-2-0142,573-F,2,2015-07-13,2015-07-15,3,1.924,1.8123,194.0,Timur,2015,14,1.3239
573-F-2-0143,573-F,2,2015-07-18,2015-07-18,1,1.475,1.475,199.0,Timur,2015,2,1.3239
573-F-2-0144,573-F,2,2015-07-28,2015-07-31,4,1.5331,1.4421,209.0,Timur,2015,9,1.3239
573-F-2-0145,573-F,2,2015-08-05,2015-08-06,2,1.4543,1.4054,217.0,Timur,2015,4,1.3239
573-F-2-0146,573-F,2,2015-12-24,2015-12-27,4,1.5717,1.4853,358.0,Barat,2015,139,1.3239
573-F-2-0147,573-F,2,2016-05-11,2016-05-14,4,1.7414,1.5054,132.0,Peralihan I,2016,135,1.3239
573-F-2-0148,573-F,2,2016-06-12,2016-06-16,5,1.8046,1.6218,164.0,Timur,2016,28,1.3239
573-F-2-0149,573-F,2,2016-06-28,2016-07-04,7,1.5559,1.4472,180.0,Timur,2016,11,1.3239
573-F-2-0150,573-F,2,2016-07-08,2016-07-08,1,1.4669,1.4669,190.0,Timur,2016,3,1.3239
573-F-2-0151,573-F,2,2016-07-14,2016-07-17,4,2.5632,2.0768,196.0,Timur,2016,5,1.3239
573-F-2-0152,573-F,2,2016-07-27,2016-07-29,3,1.4886,1.4187,209.0,Timur,2016,9,1.3239
573-F-2-0153,573-F,2,2016-08-03,2016-08-05,3,1.5227,1.436,216.0,Timur,2016,4,1.3239
573-F-2-0154,573-F,2,2016-08-14,2016-08-14,1,1.373,1.373,227.0,Timur,2016,8,1.3239
573-F-2-0155,573-F,2,2016-12-20,2016-12-20,1,1.3327,1.3327,355.0,Barat,2016,127,1.3239
573-F-2-0156,573-F,2,2017-01-02,2017-01-04,3,1.568,1.5365,2.0,Barat,2017,12,1.3239
573-F-2-0157,573-F,2,2017-02-04,2017-02-06,3,1.4855,1.4472,35.0,Barat,2017,30,1.3239
573-F-2-0158,573-F,2,2017-04-27,2017-04-28,2,1.8327,1.7838,117.0,Peralihan I,2017,79,1.3239
573-F-2-0159,573-F,2,2017-05-11,2017-05-12,2,1.3792,1.3768,131.0,Peralihan I,2017,12,1.3239
573-F-2-0160,573-F,2,2017-05-26,2017-06-13,19,1.8572,1.6143,146.0,Peralihan I,2017,13,1.3239
573-F-2-0161,573-F,2,2017-06-19,2017-06-20,2,1.4155,1.3745,170.0,Timur,2017,5,1.3239
573-F-2-0162,573-F,2,2017-06-30,2017-07-02,3,1.6015,1.5182,181.0,Timur,2017,9,1.3239
573-F-2-0163,573-F,2,2017-07-12,2017-07-14,3,1.6527,1.5353,193.0,Timur,2017,9,1.3239
573-F-2-0164,573-F,2,2017-07-25,2017-07-28,4,1.5793,1.4474,206.0,Timur,2017,10,1.3239
573-F-2-0165,573-F,2,2017-08-23,2017-08-23,1,1.3328,1.3328,235.0,Timur,2017,25,1.3239
573-F-2-0166,573-F,2,2017-08-27,2017-08-29,3,1.3994,1.3354,239.0,Timur,2017,3,1.3239
573-F-2-0167,573-F,2,2018-01-27,2018-01-31,5,1.6627,1.5048,27.0,Barat,2018,150,1.3239
573-F-2-0168,573-F,2,2018-05-11,2018-05-24,14,1.8232,1.6461,131.0,Peralihan I,2018,99,1.3239
573-F-2-0169,573-F,2,2018-05-27,2018-05-28,2,1.3576,1.3485,147.0,Peralihan I,2018,2,1.3239
573-F-2-0170,573-F,2,2018-05-31,2018-06-02,3,1.4837,1.4198,151.0,Peralihan I,2018,2,1.3239
573-F-2-0171,573-F,2,2018-06-16,2018-06-29,14,1.7247,1.4905,167.0,Timur,2018,13,1.3239
573-F-2-0172,573-F,2,2018-07-02,2018-07-05,4,1.6765,1.5697,183.0,Timur,2018,2,1.3239
573-F-2-0173,573-F,2,2018-07-08,2018-07-10,3,1.6,1.5471,189.0,Timur,2018,2,1.3239
573-F-2-0174,573-F,2,2018-07-21,2018-07-21,1,1.3657,1.3657,202.0,Timur,2018,10,1.3239
573-F-2-0175,573-F,2,2018-08-12,2018-08-15,4,1.7448,1.5954,224.0,Timur,2018,21,1.3239
573-F-2-0176,573-F,2,2018-08-21,2018-08-21,1,1.3305,1.3305,233.0,Timur,2018,5,1.3239
573-F-2-0177,573-F,2,2018-09-30,2018-10-01,2,1.3791,1.3543,273.0,Peralihan II,2018,39,1.3239
573-F-2-0178,573-F,2,2018-12-17,2018-12-17,1,1.3368,1.3368,351.0,Barat,2018,76,1.3239
573-F-2-0179,573-F,2,2018-12-21,2018-12-21,1,1.3357,1.3357,355.0,Barat,2018,3,1.3239
573-F-2-0180,573-F,2,2019-01-23,2019-01-24,2,1.464,1.4093,23.0,Barat,2019,32,1.3239
573-F-2-0181,573-F,2,2019-01-27,2019-01-27,1,1.3381,1.3381,27.0,Barat,2019,2,1.3239
573-F-2-0182,573-F,2,2019-04-06,2019-04-06,1,1.466,1.466,96.0,Peralihan I,2019,68,1.3239
573-F-2-0183,573-F,2,2019-05-08,2019-05-13,6,1.8902,1.6731,128.0,Peralihan I,2019,31,1.3239
573-F-2-0184,573-F,2,2019-05-29,2019-06-09,12,2.2483,1.8014,149.0,Peralihan I,2019,15,1.3239
573-F-2-0185,573-F,2,2019-06-20,2019-06-21,2,1.4017,1.3891,171.0,Timur,2019,10,1.3239
573-F-2-0186,573-F,2,2019-06-24,2019-06-24,1,1.3464,1.3464,175.0,Timur,2019,2,1.3239
573-F-2-0187,573-F,2,2019-07-14,2019-07-17,4,1.9591,1.7248,195.0,Timur,2019,19,1.3239
573-F-2-0188,573-F,2,2019-08-02,2019-08-04,3,1.6726,1.5666,214.0,Timur,2019,15,1.3239
573-F-2-0189,573-F,2,2019-08-13,2019-08-14,2,1.4006,1.3845,225.0,Timur,2019,8,1.3239
573-F-2-0190,573-F,2,2019-08-20,2019-08-22,3,1.7537,1.5971,232.0,Timur,2019,5,1.3239
573-F-2-0191,573-F,2,2019-08-30,2019-08-30,1,1.3661,1.3661,242.0,Timur,2019,7,1.3239
573-F-2-0192,573-F,2,2019-09-11,2019-09-13,3,1.4795,1.4162,254.0,Peralihan II,2019,11,1.3239
573-F-2-0193,573-F,2,2020-05-06,2020-05-06,1,1.342,1.342,127.0,Peralihan I,2020,235,1.3239
573-F-2-0194,573-F,2,2020-05-16,2020-05-25,10,2.1747,1.6193,137.0,Peralihan I,2020,9,1.3239
573-F-2-0195,573-F,2,2020-06-03,2020-06-05,3,1.5209,1.4724,155.0,Timur,2020,8,1.3239
573-F-2-0196,573-F,2,2020-06-17,2020-06-21,5,1.6997,1.5226,169.0,Timur,2020,11,1.3239
573-F-2-0197,573-F,2,2020-07-04,2020-07-09,6,1.951,1.718,186.0,Timur,2020,12,1.3239
573-F-2-0198,573-F,2,2020-07-13,2020-07-15,3,1.6386,1.5937,195.0,Timur,2020,3,1.3239
573-F-2-0199,573-F,2,2020-08-29,2020-08-30,2,1.3952,1.3785,242.0,Timur,2020,44,1.3239
573-F-2-0200,573-F,2,2021-01-30,2021-01-31,2,1.5086,1.4586,30.0,Barat,2021,152,1.3239
573-F-2-0201,573-F,2,2021-02-04,2021-02-05,2,1.63,1.5333,35.0,Barat,2021,3,1.3239
573-F-2-0202,573-F,2,2021-04-01,2021-04-05,5,1.7515,1.4831,91.0,Peralihan I,2021,54,1.3239
573-F-2-0203,573-F,2,2021-05-27,2021-05-29,3,1.643,1.5559,147.0,Peralihan I,2021,51,1.3239
573-F-2-0204,573-F,2,2021-06-20,2021-06-20,1,1.3539,1.3539,171.0,Timur,2021,21,1.3239
573-F-2-0205,573-F,2,2021-06-27,2021-06-28,2,1.553,1.5436,178.0,Timur,2021,6,1.3239
573-F-2-0206,573-F,2,2021-07-03,2021-07-04,2,1.4126,1.409,184.0,Timur,2021,4,1.3239
573-F-2-0207,573-F,2,2021-08-05,2021-08-07,3,1.4956,1.4361,217.0,Timur,2021,31,1.3239
573-F-2-0208,573-F,2,2021-08-13,2021-08-13,1,1.3559,1.3559,225.0,Timur,2021,5,1.3239
573-F-2-0209,573-F,2,2021-08-17,2021-08-17,1,1.3351,1.3351,229.0,Timur,2021,3,1.3239
573-F-2-0210,573-F,2,2021-09-06,2021-09-11,6,1.831,1.6531,249.0,Peralihan II,2021,19,1.3239
573-F-2-0211,573-F,2,2021-12-26,2021-12-27,2,1.4268,1.4032,360.0,Barat,2021,105,1.3239
573-F-2-0212,573-F,2,2022-01-30,2022-02-01,3,1.7031,1.568,30.0,Barat,2022,33,1.3239
573-F-2-0213,573-F,2,2022-02-25,2022-02-27,3,1.5498,1.4991,56.0,Barat,2022,23,1.3239
573-F-2-0214,573-F,2,2022-05-07,2022-05-09,3,1.5073,1.4078,127.0,Peralihan I,2022,68,1.3239
573-F-2-0215,573-F,2,2022-06-09,2022-06-11,3,1.5715,1.4889,160.0,Timur,2022,30,1.3239
573-F-2-0216,573-F,2,2022-06-22,2022-06-25,4,1.7087,1.5544,173.0,Timur,2022,10,1.3239
573-F-2-0217,573-F,2,2022-06-28,2022-07-06,9,1.8997,1.6693,179.0,Timur,2022,2,1.3239
573-F-2-0218,573-F,2,2022-07-15,2022-07-17,3,1.4139,1.3854,196.0,Timur,2022,8,1.3239
573-F-2-0219,573-F,2,2022-07-27,2022-07-29,3,1.4927,1.4305,208.0,Timur,2022,9,1.3239
573-F-2-0220,573-F,2,2022-08-20,2022-08-26,7,1.7822,1.4983,232.0,Timur,2022,21,1.3239
573-F-2-0221,573-F,2,2022-12-29,2023-01-07,10,2.0865,1.6719,363.0,Barat,2022,124,1.3239
573-F-2-0222,573-F,2,2023-02-26,2023-03-02,5,1.8207,1.5682,57.0,Barat,2023,49,1.3239
573-F-2-0223,573-F,2,2023-05-08,2023-05-10,3,1.6062,1.5342,128.0,Peralihan I,2023,66,1.3239
573-F-2-0224,573-F,2,2023-05-21,2023-05-22,2,1.5131,1.4571,141.0,Peralihan I,2023,10,1.3239
573-F-2-0225,573-F,2,2023-05-30,2023-05-31,2,1.4561,1.4357,150.0,Peralihan I,2023,7,1.3239
573-F-2-0226,573-F,2,2023-06-11,2023-06-11,1,1.3617,1.3617,162.0,Timur,2023,10,1.3239
573-F-2-0227,573-F,2,2023-07-02,2023-07-02,1,1.3483,1.3483,183.0,Timur,2023,20,1.3239
573-F-2-0228,573-F,2,2023-07-09,2023-07-09,1,1.3556,1.3556,190.0,Timur,2023,6,1.3239
573-F-2-0229,573-F,2,2023-07-12,2023-07-13,2,1.5079,1.4732,193.0,Timur,2023,2,1.3239
573-F-2-0230,573-F,2,2023-07-23,2023-07-26,4,1.954,1.8141,204.0,Timur,2023,9,1.3239
573-F-2-0231,573-F,2,2023-08-05,2023-08-11,7,1.4314,1.3936,217.0,Timur,2023,9,1.3239
573-F-2-0232,573-F,2,2023-08-20,2023-08-21,2,1.4369,1.3859,232.0,Timur,2023,8,1.3239
573-F-2-0233,573-F,2,2023-09-15,2023-09-17,3,1.4153,1.4,258.0,Peralihan II,2023,24,1.3239
573-F-2-0234,573-F,2,2024-01-14,2024-01-17,4,1.6074,1.4585,14.0,Barat,2024,118,1.3239
573-F-2-0235,573-F,2,2024-03-13,2024-03-14,2,1.6637,1.5947,73.0,Peralihan I,2024,55,1.3239
573-F-2-0236,573-F,2,2024-05-15,2024-05-15,1,1.3338,1.3338,136.0,Peralihan I,2024,61,1.3239
573-F-2-0237,573-F,2,2024-05-19,2024-05-22,4,1.6762,1.5197,140.0,Peralihan I,2024,3,1.3239
573-F-2-0238,573-F,2,2024-06-01,2024-06-02,2,1.5189,1.504,153.0,Timur,2024,9,1.3239
573-F-2-0239,573-F,2,2024-06-05,2024-06-08,4,1.5315,1.4851,157.0,Timur,2024,2,1.3239
573-F-2-0240,573-F,2,2024-06-22,2024-06-23,2,1.5071,1.4657,174.0,Timur,2024,13,1.3239
573-F-2-0241,573-F,2,2024-07-02,2024-07-05,4,1.6791,1.5509,184.0,Timur,2024,8,1.3239
573-F-2-0242,573-F,2,2024-07-09,2024-07-10,2,1.3981,1.39,191.0,Timur,2024,3,1.3239
573-F-2-0243,573-F,2,2024-07-17,2024-07-19,3,1.6949,1.6079,199.0,Timur,2024,6,1.3239
573-F-2-0244,573-F,2,2024-07-29,2024-07-31,3,1.5033,1.4604,211.0,Timur,2024,9,1.3239
573-F-2-0245,573-F,2,2024-09-18,2024-09-18,1,1.5461,1.5461,262.0,Peralihan II,2024,48,1.3239
573-F-2-0246,573-F,2,2025-02-05,2025-02-10,6,1.5159,1.4312,36.0,Barat,2025,139,1.3239
573-F-2-0247,573-F,2,2025-05-01,2025-05-01,1,1.3454,1.3454,121.0,Peralihan I,2025,79,1.3239
573-F-2-0248,573-F,2,2025-05-18,2025-05-19,2,1.5141,1.5138,138.0,Peralihan I,2025,16,1.3239
573-F-2-0249,573-F,2,2025-05-31,2025-05-31,1,1.3963,1.3963,151.0,Peralihan I,2025,11,1.3239
573-F-2-0250,573-F,2,2025-06-10,2025-06-13,4,1.4198,1.3054,161.0,Timur,2025,9,1.3239
573-F-2-0251,573-F,2,2025-06-19,2025-06-20,2,1.3818,1.3792,170.0,Timur,2025,5,1.3239
573-F-2-0252,573-F,2,2025-06-26,2025-07-02,7,1.7326,1.6233,177.0,Timur,2025,5,1.3239
573-F-2-0253,573-F,2,2025-08-02,2025-08-03,2,1.745,1.7294,214.0,Timur,2025,30,1.3239
573-F-2-0254,573-F,2,2025-09-01,2025-09-02,2,1.3693,1.3486,244.0,Peralihan II,2025,28,1.3239
573-F-3-0001,573-F,3,2001-02-15,2001-02-16,2,1.6457,1.5922,46.0,Barat,2001,-1,1.5069
573-F-3-0002,573-F,3,2001-05-18,2001-05-20,3,1.701,1.6592,138.0,Peralihan I,2001,90,1.5069
573-F-3-0003,573-F,3,2001-06-16,2001-06-24,9,2.1319,1.8022,167.0,Timur,2001,26,1.5069
573-F-3-0004,573-F,3,2001-07-21,2001-07-28,8,1.9606,1.7204,202.0,Timur,2001,26,1.5069
573-F-3-0005,573-F,3,2002-02-09,2002-02-09,1,1.5198,1.5198,40.0,Barat,2002,195,1.5069
573-F-3-0006,573-F,3,2002-06-01,2002-06-05,5,1.8219,1.6999,152.0,Timur,2002,111,1.5069
573-F-3-0007,573-F,3,2002-06-10,2002-06-11,2,1.6084,1.562,161.0,Timur,2002,4,1.5069
573-F-3-0008,573-F,3,2002-07-21,2002-07-21,1,1.5231,1.5231,202.0,Timur,2002,39,1.5069
573-F-3-0009,573-F,3,2003-03-10,2003-03-10,1,1.627,1.627,69.0,Peralihan I,2003,231,1.5069
573-F-3-0010,573-F,3,2003-05-07,2003-05-08,2,1.595,1.5897,127.0,Peralihan I,2003,57,1.5069
573-F-3-0011,573-F,3,2003-05-26,2003-05-28,3,1.6369,1.5564,146.0,Peralihan I,2003,17,1.5069
573-F-3-0012,573-F,3,2003-06-14,2003-06-19,6,2.0062,1.7376,165.0,Timur,2003,16,1.5069
573-F-3-0013,573-F,3,2003-07-09,2003-07-09,1,1.5119,1.5119,190.0,Timur,2003,19,1.5069
573-F-3-0014,573-F,3,2003-08-03,2003-08-03,1,1.5633,1.5633,215.0,Timur,2003,24,1.5069
573-F-3-0015,573-F,3,2003-12-20,2003-12-23,4,1.9964,1.7714,354.0,Barat,2003,138,1.5069
573-F-3-0016,573-F,3,2004-02-08,2004-02-11,4,1.7294,1.6799,39.0,Barat,2004,46,1.5069
573-F-3-0017,573-F,3,2004-03-17,2004-03-21,5,2.5486,2.1538,77.0,Peralihan I,2004,34,1.5069
573-F-3-0018,573-F,3,2004-05-30,2004-05-31,2,1.5625,1.5389,151.0,Peralihan I,2004,69,1.5069
573-F-3-0019,573-F,3,2004-06-07,2004-06-07,1,1.6198,1.6198,159.0,Timur,2004,6,1.5069
573-F-3-0020,573-F,3,2004-06-11,2004-06-11,1,1.5467,1.5467,163.0,Timur,2004,3,1.5069
573-F-3-0021,573-F,3,2004-06-16,2004-06-18,3,1.823,1.759,168.0,Timur,2004,4,1.5069
573-F-3-0022,573-F,3,2004-06-21,2004-06-22,2,1.6412,1.6211,173.0,Timur,2004,2,1.5069
573-F-3-0023,573-F,3,2004-06-27,2004-06-28,2,1.6307,1.6044,179.0,Timur,2004,4,1.5069
573-F-3-0024,573-F,3,2004-07-14,2004-07-22,9,1.9607,1.7143,196.0,Timur,2004,15,1.5069
573-F-3-0025,573-F,3,2004-09-13,2004-09-14,2,1.5625,1.5547,257.0,Peralihan II,2004,52,1.5069
573-F-3-0026,573-F,3,2005-05-30,2005-05-30,1,1.5194,1.5194,150.0,Peralihan I,2005,257,1.5069
573-F-3-0027,573-F,3,2005-07-20,2005-07-21,2,1.6505,1.6295,201.0,Timur,2005,50,1.5069
573-F-3-0028,573-F,3,2006-01-17,2006-01-20,4,1.9334,1.7812,17.0,Barat,2006,179,1.5069
573-F-3-0029,573-F,3,2006-03-02,2006-03-03,2,1.684,1.6391,61.0,Peralihan I,2006,40,1.5069
573-F-3-0030,573-F,3,2006-06-07,2006-06-07,1,1.5466,1.5466,158.0,Timur,2006,95,1.5069
573-F-3-0031,573-F,3,2006-06-12,2006-06-13,2,1.588,1.5678,163.0,Timur,2006,4,1.5069
573-F-3-0032,573-F,3,2006-06-17,2006-06-21,5,1.5714,1.5157,168.0,Timur,2006,3,1.5069
573-F-3-0033,573-F,3,2006-07-07,2006-07-09,3,1.7056,1.6627,188.0,Timur,2006,15,1.5069
573-F-3-0034,573-F,3,2006-08-05,2006-08-11,7,1.7334,1.6642,217.0,Timur,2006,26,1.5069
573-F-3-0035,573-F,3,2007-06-01,2007-06-01,1,1.522,1.522,152.0,Timur,2007,293,1.5069
573-F-3-0036,573-F,3,2007-06-08,2007-06-09,2,1.6026,1.5874,159.0,Timur,2007,6,1.5069
573-F-3-0037,573-F,3,2007-06-26,2007-06-28,3,2.02,1.9467,177.0,Timur,2007,16,1.5069
573-F-3-0038,573-F,3,2007-07-17,2007-07-24,8,1.8536,1.6138,198.0,Timur,2007,18,1.5069
573-F-3-0039,573-F,3,2007-08-05,2007-08-06,2,1.5578,1.5376,217.0,Timur,2007,11,1.5069
573-F-3-0040,573-F,3,2007-08-17,2007-08-19,3,2.5135,2.1721,229.0,Timur,2007,10,1.5069
573-F-3-0041,573-F,3,2008-01-02,2008-01-05,4,2.0716,1.8404,2.0,Barat,2008,135,1.5069
573-F-3-0042,573-F,3,2008-02-09,2008-02-12,4,1.7241,1.6392,40.0,Barat,2008,34,1.5069
573-F-3-0043,573-F,3,2008-05-27,2008-05-31,5,1.857,1.7128,148.0,Peralihan I,2008,104,1.5069
573-F-3-0044,573-F,3,2008-06-21,2008-06-24,4,2.2015,1.9859,173.0,Timur,2008,20,1.5069
573-F-3-0045,573-F,3,2008-07-08,2008-07-11,4,2.2479,1.9829,190.0,Timur,2008,13,1.5069
573-F-3-0046,573-F,3,2008-07-23,2008-07-23,1,1.6018,1.6018,205.0,Timur,2008,11,1.5069
573-F-3-0047,573-F,3,2008-08-07,2008-08-09,3,1.7385,1.6603,220.0,Timur,2008,14,1.5069
573-F-3-0048,573-F,3,2008-08-18,2008-08-19,2,1.6971,1.6618,231.0,Timur,2008,8,1.5069
573-F-3-0049,573-F,3,2008-08-23,2008-08-24,2,1.6673,1.648,236.0,Timur,2008,3,1.5069
573-F-3-0050,573-F,3,2009-07-17,2009-07-17,1,1.5198,1.5198,198.0,Timur,2009,326,1.5069
573-F-3-0051,573-F,3,2009-07-29,2009-07-30,2,1.6645,1.6538,210.0,Timur,2009,11,1.5069
573-F-3-0052,573-F,3,2010-05-05,2010-05-08,4,1.5855,1.5599,125.0,Peralihan I,2010,278,1.5069
573-F-3-0053,573-F,3,2010-06-20,2010-06-23,4,1.8206,1.6917,171.0,Timur,2010,42,1.5069
573-F-3-0054,573-F,3,2010-06-26,2010-06-26,1,1.5686,1.5686,177.0,Timur,2010,2,1.5069
573-F-3-0055,573-F,3,2010-07-02,2010-07-04,3,1.8915,1.7896,183.0,Timur,2010,5,1.5069
573-F-3-0056,573-F,3,2010-07-15,2010-07-17,3,2.0112,1.8226,196.0,Timur,2010,10,1.5069
573-F-3-0057,573-F,3,2010-07-26,2010-07-26,1,1.5344,1.5344,207.0,Timur,2010,8,1.5069
573-F-3-0058,573-F,3,2010-08-02,2010-08-05,4,2.1281,1.9088,214.0,Timur,2010,6,1.5069
573-F-3-0059,573-F,3,2011-01-11,2011-01-13,3,1.7105,1.6399,11.0,Barat,2011,158,1.5069
573-F-3-0060,573-F,3,2011-02-26,2011-02-26,1,1.6405,1.6405,57.0,Barat,2011,43,1.5069
573-F-3-0061,573-F,3,2011-04-18,2011-04-18,1,1.5766,1.5766,108.0,Peralihan I,2011,50,1.5069
573-F-3-0062,573-F,3,2011-05-11,2011-05-13,3,1.5926,1.5758,131.0,Peralihan I,2011,22,1.5069
573-F-3-0063,573-F,3,2011-06-11,2011-06-13,3,1.6855,1.6422,162.0,Timur,2011,28,1.5069
573-F-3-0064,573-F,3,2011-07-08,2011-07-11,4,1.7583,1.6604,189.0,Timur,2011,24,1.5069
573-F-3-0065,573-F,3,2011-08-20,2011-08-24,5,1.6271,1.5501,232.0,Timur,2011,39,1.5069
573-F-3-0066,573-F,3,2011-09-11,2011-09-14,4,1.7411,1.6633,254.0,Peralihan II,2011,17,1.5069
573-F-3-0067,573-F,3,2012-03-17,2012-03-17,1,1.6765,1.6765,77.0,Peralihan I,2012,184,1.5069
573-F-3-0068,573-F,3,2012-05-25,2012-05-27,3,2.04,1.9187,146.0,Peralihan I,2012,68,1.5069
573-F-3-0069,573-F,3,2012-06-18,2012-06-19,2,1.6959,1.6791,170.0,Timur,2012,21,1.5069
573-F-3-0070,573-F,3,2012-06-24,2012-06-25,2,1.7449,1.7431,176.0,Timur,2012,4,1.5069
573-F-3-0071,573-F,3,2012-07-02,2012-07-06,5,1.9011,1.7294,184.0,Timur,2012,6,1.5069
573-F-3-0072,573-F,3,2012-07-29,2012-07-29,1,1.5931,1.5931,211.0,Timur,2012,22,1.5069
573-F-3-0073,573-F,3,2013-05-25,2013-05-26,2,1.6128,1.5969,145.0,Peralihan I,2013,299,1.5069
573-F-3-0074,573-F,3,2013-06-04,2013-06-04,1,1.5076,1.5076,155.0,Timur,2013,8,1.5069
573-F-3-0075,573-F,3,2013-06-08,2013-06-08,1,1.6757,1.6757,159.0,Timur,2013,3,1.5069
573-F-3-0076,573-F,3,2013-06-21,2013-06-24,4,1.6744,1.6047,172.0,Timur,2013,12,1.5069
573-F-3-0077,573-F,3,2013-06-30,2013-07-03,4,2.3701,2.0489,181.0,Timur,2013,5,1.5069
573-F-3-0078,573-F,3,2013-07-10,2013-07-11,2,1.914,1.8941,191.0,Timur,2013,6,1.5069
573-F-3-0079,573-F,3,2013-07-14,2013-07-15,2,1.5523,1.5325,195.0,Timur,2013,2,1.5069
573-F-3-0080,573-F,3,2013-07-23,2013-07-25,3,1.8306,1.7656,204.0,Timur,2013,7,1.5069
573-F-3-0081,573-F,3,2013-09-03,2013-09-07,5,2.0166,1.7374,246.0,Peralihan II,2013,39,1.5069
573-F-3-0082,573-F,3,2014-01-13,2014-01-20,8,1.767,1.6107,13.0,Barat,2014,127,1.5069
573-F-3-0083,573-F,3,2014-02-01,2014-02-01,1,1.5113,1.5113,32.0,Barat,2014,11,1.5069
573-F-3-0084,573-F,3,2014-03-19,2014-03-19,1,1.6917,1.6917,78.0,Peralihan I,2014,45,1.5069
573-F-3-0085,573-F,3,2014-06-07,2014-06-10,4,2.1866,1.9953,158.0,Timur,2014,79,1.5069
573-F-3-0086,573-F,3,2014-06-15,2014-06-17,3,1.8262,1.7182,166.0,Timur,2014,4,1.5069
573-F-3-0087,573-F,3,2014-06-21,2014-06-23,3,1.6151,1.5685,172.0,Timur,2014,3,1.5069
573-F-3-0088,573-F,3,2014-07-01,2014-07-01,1,1.6572,1.6572,182.0,Timur,2014,7,1.5069
573-F-3-0089,573-F,3,2014-07-18,2014-07-19,2,1.6821,1.662,199.0,Timur,2014,16,1.5069
573-F-3-0090,573-F,3,2014-08-04,2014-08-06,3,1.9501,1.8735,216.0,Timur,2014,15,1.5069
573-F-3-0091,573-F,3,2014-08-14,2014-08-14,1,1.5394,1.5394,226.0,Timur,2014,7,1.5069
573-F-3-0092,573-F,3,2015-01-07,2015-01-09,3,1.5514,1.5362,7.0,Barat,2015,145,1.5069
573-F-3-0093,573-F,3,2015-05-14,2015-05-16,3,1.7488,1.6806,134.0,Peralihan I,2015,124,1.5069
573-F-3-0094,573-F,3,2015-06-04,2015-06-08,5,1.8629,1.7152,155.0,Timur,2015,18,1.5069
573-F-3-0095,573-F,3,2015-06-26,2015-06-28,3,1.7918,1.6749,177.0,Timur,2015,17,1.5069
573-F-3-0096,573-F,3,2015-07-13,2015-07-15,3,1.924,1.8123,194.0,Timur,2015,14,1.5069
573-F-3-0097,573-F,3,2015-07-29,2015-07-30,2,1.5331,1.527,210.0,Timur,2015,13,1.5069
573-F-3-0098,573-F,3,2015-12-24,2015-12-25,2,1.5717,1.5438,358.0,Barat,2015,146,1.5069
573-F-3-0099,573-F,3,2016-05-12,2016-05-13,2,1.7414,1.6638,133.0,Peralihan I,2016,138,1.5069
573-F-3-0100,573-F,3,2016-06-12,2016-06-16,5,1.8046,1.6218,164.0,Timur,2016,29,1.5069
573-F-3-0101,573-F,3,2016-06-29,2016-06-29,1,1.5559,1.5559,181.0,Timur,2016,12,1.5069
573-F-3-0102,573-F,3,2016-07-14,2016-07-16,3,2.5632,2.2714,196.0,Timur,2016,14,1.5069
573-F-3-0103,573-F,3,2016-08-04,2016-08-04,1,1.5227,1.5227,217.0,Timur,2016,18,1.5069
573-F-3-0104,573-F,3,2017-01-02,2017-01-03,2,1.568,1.561,2.0,Barat,2017,150,1.5069
573-F-3-0105,573-F,3,2017-04-27,2017-04-28,2,1.8327,1.7838,117.0,Peralihan I,2017,113,1.5069
573-F-3-0106,573-F,3,2017-05-30,2017-06-13,15,1.8572,1.6925,150.0,Peralihan I,2017,31,1.5069
573-F-3-0107,573-F,3,2017-07-01,2017-07-01,1,1.6015,1.6015,182.0,Timur,2017,17,1.5069
573-F-3-0108,573-F,3,2017-07-13,2017-07-14,2,1.6527,1.5856,194.0,Timur,2017,11,1.5069
573-F-3-0109,573-F,3,2017-07-26,2017-07-26,1,1.5793,1.5793,207.0,Timur,2017,11,1.5069
573-F-3-0110,573-F,3,2018-01-28,2018-01-30,3,1.6627,1.5882,28.0,Barat,2018,185,1.5069
573-F-3-0111,573-F,3,2018-05-12,2018-05-23,12,1.8232,1.6814,132.0,Peralihan I,2018,101,1.5069
573-F-3-0112,573-F,3,2018-06-17,2018-06-18,2,1.7247,1.7176,168.0,Timur,2018,24,1.5069
573-F-3-0113,573-F,3,2018-06-27,2018-06-28,2,1.7126,1.6444,178.0,Timur,2018,8,1.5069
573-F-3-0114,573-F,3,2018-07-02,2018-07-04,3,1.6765,1.6081,183.0,Timur,2018,3,1.5069
573-F-3-0115,573-F,3,2018-07-08,2018-07-09,2,1.6,1.5972,189.0,Timur,2018,3,1.5069
573-F-3-0116,573-F,3,2018-08-13,2018-08-15,3,1.7448,1.6743,225.0,Timur,2018,34,1.5069
573-F-3-0117,573-F,3,2019-05-09,2019-05-12,4,1.8902,1.8071,129.0,Peralihan I,2019,266,1.5069
573-F-3-0118,573-F,3,2019-05-31,2019-06-08,9,2.2483,1.9603,151.0,Peralihan I,2019,18,1.5069
573-F-3-0119,573-F,3,2019-07-14,2019-07-16,3,1.9591,1.8356,195.0,Timur,2019,35,1.5069
573-F-3-0120,573-F,3,2019-08-03,2019-08-04,2,1.6726,1.6055,215.0,Timur,2019,17,1.5069
573-F-3-0121,573-F,3,2019-08-21,2019-08-22,2,1.7537,1.7331,233.0,Timur,2019,16,1.5069
573-F-3-0122,573-F,3,2020-05-17,2020-05-24,8,2.1747,1.6782,138.0,Peralihan I,2020,268,1.5069
573-F-3-0123,573-F,3,2020-06-04,2020-06-04,1,1.5209,1.5209,156.0,Timur,2020,10,1.5069
573-F-3-0124,573-F,3,2020-06-17,2020-06-19,3,1.6997,1.6226,169.0,Timur,2020,12,1.5069
573-F-3-0125,573-F,3,2020-07-04,2020-07-08,5,1.951,1.7945,186.0,Timur,2020,14,1.5069
573-F-3-0126,573-F,3,2020-07-13,2020-07-15,3,1.6386,1.5937,195.0,Timur,2020,4,1.5069
573-F-3-0127,573-F,3,2021-01-31,2021-01-31,1,1.5086,1.5086,31.0,Barat,2021,199,1.5069
573-F-3-0128,573-F,3,2021-02-04,2021-02-04,1,1.63,1.63,35.0,Barat,2021,3,1.5069
573-F-3-0129,573-F,3,2021-04-01,2021-04-01,1,1.6844,1.6844,91.0,Peralihan I,2021,55,1.5069
573-F-3-0130,573-F,3,2021-04-04,2021-04-04,1,1.7515,1.7515,94.0,Peralihan I,2021,2,1.5069
573-F-3-0131,573-F,3,2021-05-27,2021-05-28,2,1.643,1.6286,147.0,Peralihan I,2021,52,1.5069
573-F-3-0132,573-F,3,2021-06-27,2021-06-28,2,1.553,1.5436,178.0,Timur,2021,29,1.5069
573-F-3-0133,573-F,3,2021-09-07,2021-09-10,4,1.831,1.7819,250.0,Peralihan II,2021,70,1.5069
573-F-3-0134,573-F,3,2022-01-30,2022-01-31,2,1.7031,1.6059,30.0,Barat,2022,141,1.5069
573-F-3-0135,573-F,3,2022-02-26,2022-02-26,1,1.5498,1.5498,57.0,Barat,2022,25,1.5069
573-F-3-0136,573-F,3,2022-05-08,2022-05-08,1,1.5073,1.5073,128.0,Peralihan I,2022,70,1.5069
573-F-3-0137,573-F,3,2022-06-10,2022-06-11,2,1.5715,1.5619,161.0,Timur,2022,32,1.5069
573-F-3-0138,573-F,3,2022-06-22,2022-06-23,2,1.7087,1.6982,173.0,Timur,2022,10,1.5069
573-F-3-0139,573-F,3,2022-06-28,2022-07-05,8,1.8997,1.71,179.0,Timur,2022,4,1.5069
573-F-3-0140,573-F,3,2022-08-21,2022-08-21,1,1.5753,1.5753,233.0,Timur,2022,46,1.5069
573-F-3-0141,573-F,3,2022-08-25,2022-08-26,2,1.7822,1.7352,237.0,Timur,2022,3,1.5069
573-F-3-0142,573-F,3,2022-12-30,2023-01-06,8,2.0865,1.7416,364.0,Barat,2022,125,1.5069
573-F-3-0143,573-F,3,2023-02-26,2023-02-28,3,1.8207,1.6625,57.0,Barat,2023,50,1.5069
573-F-3-0144,573-F,3,2023-05-08,2023-05-09,2,1.6062,1.5765,128.0,Peralihan I,2023,68,1.5069
573-F-3-0145,573-F,3,2023-05-22,2023-05-22,1,1.5131,1.5131,142.0,Peralihan I,2023,12,1.5069
573-F-3-0146,573-F,3,2023-07-12,2023-07-12,1,1.5079,1.5079,193.0,Timur,2023,50,1.5069
573-F-3-0147,573-F,3,2023-07-23,2023-07-26,4,1.954,1.8141,204.0,Timur,2023,10,1.5069
573-F-3-0148,573-F,3,2024-01-16,2024-01-16,1,1.6074,1.6074,16.0,Barat,2024,173,1.5069
573-F-3-0149,573-F,3,2024-03-13,2024-03-14,2,1.6637,1.5947,73.0,Peralihan I,2024,56,1.5069
573-F-3-0150,573-F,3,2024-05-20,2024-05-21,2,1.6762,1.6172,141.0,Peralihan I,2024,66,1.5069
573-F-3-0151,573-F,3,2024-06-01,2024-06-01,1,1.5189,1.5189,153.0,Timur,2024,10,1.5069
573-F-3-0152,573-F,3,2024-06-06,2024-06-07,2,1.5315,1.5253,158.0,Timur,2024,4,1.5069
573-F-3-0153,573-F,3,2024-06-22,2024-06-22,1,1.5071,1.5071,174.0,Timur,2024,14,1.5069
573-F-3-0154,573-F,3,2024-07-02,2024-07-04,3,1.6791,1.613,184.0,Timur,2024,9,1.5069
573-F-3-0155,573-F,3,2024-07-17,2024-07-18,2,1.6949,1.6874,199.0,Timur,2024,12,1.5069
573-F-3-0156,573-F,3,2024-09-18,2024-09-18,1,1.5461,1.5461,262.0,Peralihan II,2024,61,1.5069
573-F-3-0157,573-F,3,2025-02-08,2025-02-08,1,1.5159,1.5159,39.0,Barat,2025,142,1.5069
573-F-3-0158,573-F,3,2025-05-18,2025-05-19,2,1.5141,1.5138,138.0,Peralihan I,2025,98,1.5069
573-F-3-0159,573-F,3,2025-06-26,2025-07-01,6,1.7326,1.6429,177.0,Timur,2025,37,1.5069
573-F-3-0160,573-F,3,2025-08-02,2025-08-03,2,1.745,1.7294,214.0,Timur,2025,31,1.5069
