zona,tier,p,q,lat,lon,HE,FN_buruk
573-A,1,70,0.25,-7.0,106.0,-0.6310161859874115,0.1590909090909091
573-A,1,70,0.25,-7.5,106.0,-0.5579051798149386,0.13043478260869565
573-A,1,70,0.25,-7.5,106.5,-0.3602132202291355,0.13333333333333333
573-A,1,70,0.25,-7.5,107.0,-0.49626185799820366,0.15384615384615385
573-A,1,70,0.25,-7.5,107.5,-0.5032615718233457,0.14893617021276595
573-A,1,70,0.25,-8.0,107.5,-0.2856317239872137,0.14893617021276595
573-A,1,70,0.25,-8.0,108.0,-0.18295292042081246,0.1590909090909091
573-A,1,70,0.25,-8.0,108.5,-0.2666357170734861,0.14583333333333334
573-A,1,70,0.25,-8.0,109.0,-0.2421757677460974,0.16666666666666666
573-A,1,70,0.25,-8.0,109.5,-0.18376832800091458,0.13043478260869565
573-A,1,70,0.25,-8.5,109.5,-0.15260703277182985,0.15555555555555556
573-A,1,70,0.25,-8.5,110.0,-0.1814785976097173,0.1590909090909091
573-A,1,70,0.25,-8.5,110.5,-0.17015753764996688,0.15555555555555556
573-A,1,70,0.25,-8.5,111.0,-0.13458839586393112,0.13953488372093023
573-A,1,70,0.25,-8.5,111.5,-0.09004277162016727,0.14634146341463414
573-A,1,70,0.25,-8.5,112.0,-0.08779624803942143,0.13043478260869565
573-A,1,70,0.25,-8.5,112.5,-0.057134924507891816,0.13953488372093023
573-A,1,70,0.25,-8.5,113.0,0.032523808342839966,0.14893617021276595
573-A,1,70,0.25,-8.5,113.5,0.02369161725041047,0.13636363636363635
573-A,1,70,0.25,-8.5,114.0,0.00035271218250487735,0.11363636363636363
573-A,1,70,0.25,-8.5,114.5,-0.23362947270651002,0.17777777777777778
573-A,1,70,0.25,-8.5,115.5,-0.14281231960250684,0.09302325581395349
573-A,1,70,0.25,-9.0,114.5,-0.04313128903234875,0.13636363636363635
573-A,1,70,0.25,-9.0,115.0,-0.017724708975170866,0.13636363636363635
573-A,1,70,0.25,-9.0,115.5,-0.023283044036158218,0.11363636363636363
573-A,1,70,0.25,-9.0,117.0,-0.24401669842884988,0.11627906976744186
573-A,1,70,0.25,-9.0,117.5,-0.18396106319067274,0.11363636363636363
573-A,1,70,0.25,-9.0,118.0,-0.179810763324334,0.11363636363636363
573-A,1,70,0.25,-9.0,118.5,-0.09369360012183692,0.12195121951219512
573-A,1,70,0.25,-9.0,119.0,-0.14151811820529625,0.16279069767441862
573-A,1,71,0.25,-7.0,106.0,-0.5076534381371713,0.1590909090909091
573-A,1,71,0.25,-7.5,106.0,-0.40341428980253724,0.15217391304347827
573-A,1,71,0.25,-7.5,106.5,-0.24265136310419777,0.15555555555555556
573-A,1,71,0.25,-7.5,107.0,-0.3884015765665587,0.1794871794871795
573-A,1,71,0.25,-7.5,107.5,-0.42062842229159214,0.1702127659574468
573-A,1,71,0.25,-8.0,107.5,-0.18002679331064142,0.1702127659574468
573-A,1,71,0.25,-8.0,108.0,-0.08499266222980295,0.18181818181818182
573-A,1,71,0.25,-8.0,108.5,-0.16295644435163714,0.16666666666666666
573-A,1,71,0.25,-8.0,109.0,-0.13853193440772427,0.19047619047619047
573-A,1,71,0.25,-8.0,109.5,-0.0919836363593931,0.15217391304347827
573-A,1,71,0.25,-8.5,109.5,-0.04473938793461718,0.17777777777777778
573-A,1,71,0.25,-8.5,110.0,-0.05333294340137651,0.18181818181818182
573-A,1,71,0.25,-8.5,110.5,-0.05527224543497056,0.17777777777777778
573-A,1,71,0.25,-8.5,111.0,-0.03377216016140738,0.16279069767441862
573-A,1,71,0.25,-8.5,111.5,0.0029729153030816358,0.17073170731707318
573-A,1,71,0.25,-8.5,112.0,0.002509540452754644,0.15217391304347827
573-A,1,71,0.25,-8.5,112.5,0.041717581877596444,0.16279069767441862
573-A,1,71,0.25,-8.5,113.0,0.11413124348990633,0.1702127659574468
573-A,1,71,0.25,-8.5,113.5,0.11032273910920187,0.1590909090909091
573-A,1,71,0.25,-8.5,114.0,0.07105501999013408,0.13636363636363635
573-A,1,71,0.25,-8.5,114.5,-0.1576492068490578,0.2
573-A,1,71,0.25,-8.5,115.5,-0.060077519379844846,0.11627906976744186
573-A,1,71,0.25,-9.0,114.5,0.05261553575187705,0.1590909090909091
573-A,1,71,0.25,-9.0,115.0,0.05719385243018893,0.18181818181818182
573-A,1,71,0.25,-9.0,115.5,0.03505708618730097,0.13636363636363635
573-A,1,71,0.25,-9.0,117.0,-0.18227013877646892,0.13953488372093023
573-A,1,71,0.25,-9.0,117.5,-0.12171623372971285,0.13636363636363635
573-A,1,71,0.25,-9.0,118.0,-0.10462340464684816,0.13636363636363635
573-A,1,71,0.25,-9.0,118.5,-0.032639209414115244,0.14634146341463414
573-A,1,71,0.25,-9.0,119.0,-0.09450710384642336,0.20930232558139536
573-A,1,72,0.25,-7.0,106.0,-0.42110069885641654,0.1590909090909091
573-A,1,72,0.25,-7.5,106.0,-0.30328188495659636,0.13043478260869565
573-A,1,72,0.25,-7.5,106.5,-0.15294089208061545,0.13333333333333333
573-A,1,72,0.25,-7.5,107.0,-0.3141997894685913,0.1282051282051282
573-A,1,72,0.25,-7.5,107.5,-0.349386386315951,0.1276595744680851
573-A,1,72,0.25,-8.0,107.5,-0.12841651028813872,0.1276595744680851
573-A,1,72,0.25,-8.0,108.0,-0.022069597123289153,0.13636363636363635
573-A,1,72,0.25,-8.0,108.5,-0.09498852752027886,0.125
573-A,1,72,0.25,-8.0,109.0,-0.06996580796016882,0.11904761904761904
573-A,1,72,0.25,-8.0,109.5,-0.015604616917651803,0.10869565217391304
573-A,1,72,0.25,-8.5,109.5,-0.02284684569642792,0.13333333333333333
573-A,1,72,0.25,-8.5,110.0,-0.0011984314987036893,0.13636363636363635
573-A,1,72,0.25,-8.5,110.5,0.012712391440902415,0.13333333333333333
573-A,1,72,0.25,-8.5,111.0,0.027063658077054353,0.11627906976744186
573-A,1,72,0.25,-8.5,111.5,0.06241024313172627,0.0975609756097561
573-A,1,72,0.25,-8.5,112.0,0.06321090266885687,0.10869565217391304
573-A,1,72,0.25,-8.5,112.5,0.09945076600415159,0.09302325581395349
573-A,1,72,0.25,-8.5,113.0,0.17519034274093526,0.1276595744680851
573-A,1,72,0.25,-8.5,113.5,0.167043532131544,0.11363636363636363
573-A,1,72,0.25,-8.5,114.0,0.12980492590244852,0.09090909090909091
573-A,1,72,0.25,-8.5,114.5,-0.12813387662661935,0.15555555555555556
573-A,1,72,0.25,-8.5,115.5,-0.022311948499092793,0.09302325581395349
573-A,1,72,0.25,-9.0,114.5,0.0929815451547259,0.11363636363636363
573-A,1,72,0.25,-9.0,115.0,0.08349654023352315,0.11363636363636363
573-A,1,72,0.25,-9.0,115.5,0.059555111714216014,0.09090909090909091
573-A,1,72,0.25,-9.0,117.0,-0.1811357006733496,0.09302325581395349
573-A,1,72,0.25,-9.0,117.5,-0.11334697266670335,0.13636363636363635
573-A,1,72,0.25,-9.0,118.0,-0.07572176889782956,0.13636363636363635
573-A,1,72,0.25,-9.0,118.5,0.005804172912653671,0.0975609756097561
573-A,1,72,0.25,-9.0,119.0,-0.08054333979327266,0.13953488372093023
573-A,1,73,0.25,-7.0,106.0,-0.30775907922342705,0.1590909090909091
573-A,1,73,0.25,-7.5,106.0,-0.21212858914432897,0.13043478260869565
573-A,1,73,0.25,-7.5,106.5,-0.08809740341194194,0.15555555555555556
573-A,1,73,0.25,-7.5,107.0,-0.19480631968780804,0.1282051282051282
573-A,1,73,0.25,-7.5,107.5,-0.2376637582518808,0.14893617021276595
573-A,1,73,0.25,-8.0,107.5,-0.0755973070259488,0.14893617021276595
573-A,1,73,0.25,-8.0,108.0,0.03949907332434677,0.1590909090909091
573-A,1,73,0.25,-8.0,108.5,-0.033283863702466165,0.14583333333333334
573-A,1,73,0.25,-8.0,109.0,-0.007264233664923125,0.14285714285714285
573-A,1,73,0.25,-8.0,109.5,0.047697725379278744,0.13043478260869565
573-A,1,73,0.25,-8.5,109.5,0.027992901441659557,0.15555555555555556
573-A,1,73,0.25,-8.5,110.0,0.053744809030823903,0.1590909090909091
573-A,1,73,0.25,-8.5,110.5,0.06654270329732148,0.15555555555555556
573-A,1,73,0.25,-8.5,111.0,0.08885486670523812,0.13953488372093023
573-A,1,73,0.25,-8.5,111.5,0.14040551523738987,0.12195121951219512
573-A,1,73,0.25,-8.5,112.0,0.12348865643255003,0.13043478260869565
573-A,1,73,0.25,-8.5,112.5,0.1695845488426957,0.11627906976744186
573-A,1,73,0.25,-8.5,113.0,0.24837309657259066,0.14893617021276595
573-A,1,73,0.25,-8.5,113.5,0.22934741780526846,0.13636363636363635
573-A,1,73,0.25,-8.5,114.0,0.19053176182534481,0.11363636363636363
573-A,1,73,0.25,-8.5,114.5,-0.0724323189526015,0.17777777777777778
573-A,1,73,0.25,-8.5,115.5,0.02126886442355247,0.11627906976744186
573-A,1,73,0.25,-9.0,114.5,0.1494396182724017,0.13636363636363635
573-A,1,73,0.25,-9.0,115.0,0.11903223253851014,0.1590909090909091
573-A,1,73,0.25,-9.0,115.5,0.0914896442052302,0.11363636363636363
573-A,1,73,0.25,-9.0,117.0,-0.14297295287050305,0.11627906976744186
573-A,1,73,0.25,-9.0,117.5,-0.06805716908640891,0.1590909090909091
573-A,1,73,0.25,-9.0,118.0,-0.027186859558506526,0.1590909090909091
573-A,1,73,0.25,-9.0,118.5,0.04106042420002265,0.14634146341463414
573-A,1,73,0.25,-9.0,119.0,-0.03961106806030701,0.18604651162790697
573-A,1,74,0.25,-7.0,106.0,-0.06601459767737361,0.13636363636363635
573-A,1,74,0.25,-7.5,106.0,-0.04354783935896234,0.08695652173913043
573-A,1,74,0.25,-7.5,106.5,0.1100832078942966,0.1111111111111111
573-A,1,74,0.25,-7.5,107.0,0.06820031540695093,0.05128205128205128
573-A,1,74,0.25,-7.5,107.5,0.06018115756614317,0.0851063829787234
573-A,1,74,0.25,-8.0,107.5,0.1586578332536438,0.0851063829787234
573-A,1,74,0.25,-8.0,108.0,0.2688291639280729,0.09090909090909091
573-A,1,74,0.25,-8.0,108.5,0.2051274402324823,0.08333333333333333
573-A,1,74,0.25,-8.0,109.0,0.2325865005694473,0.09523809523809523
573-A,1,74,0.25,-8.0,109.5,0.2717316474956305,0.08695652173913043
573-A,1,74,0.25,-8.5,109.5,0.21297499257478936,0.1111111111111111
573-A,1,74,0.25,-8.5,110.0,0.2365424733384025,0.09090909090909091
573-A,1,74,0.25,-8.5,110.5,0.27770628181769874,0.08888888888888889
573-A,1,74,0.25,-8.5,111.0,0.3076190900054889,0.09302325581395349
573-A,1,74,0.25,-8.5,111.5,0.3350379646079227,0.07317073170731707
573-A,1,74,0.25,-8.5,112.0,0.3245606451692581,0.08695652173913043
573-A,1,74,0.25,-8.5,112.5,0.350139075570142,0.06976744186046512
573-A,1,74,0.25,-8.5,113.0,0.4124696195625216,0.10638297872340426
573-A,1,74,0.25,-8.5,113.5,0.3923327675078505,0.09090909090909091
573-A,1,74,0.25,-8.5,114.0,0.3681195464133775,0.06818181818181818
573-A,1,74,0.25,-8.5,114.5,0.16049418059094278,0.1111111111111111
573-A,1,74,0.25,-8.5,115.5,0.20860135246577605,0.09302325581395349
573-A,1,74,0.25,-9.0,114.5,0.30729969826678827,0.09090909090909091
573-A,1,74,0.25,-9.0,115.0,0.2705299992966166,0.11363636363636363
573-A,1,74,0.25,-9.0,115.5,0.2531467764285389,0.09090909090909091
573-A,1,74,0.25,-9.0,117.0,0.08641980710177022,0.09302325581395349
573-A,1,74,0.25,-9.0,117.5,0.13095211457040024,0.11363636363636363
573-A,1,74,0.25,-9.0,118.0,0.13918865437018957,0.11363636363636363
573-A,1,74,0.25,-9.0,118.5,0.19103180303973644,0.12195121951219512
573-A,1,74,0.25,-9.0,119.0,0.09767168575664542,0.13953488372093023
573-A,1,75,0.25,-7.0,106.0,0.038030791052273916,0.13636363636363635
573-A,1,75,0.25,-7.5,106.0,0.05038557664790655,0.10869565217391304
573-A,1,75,0.25,-7.5,106.5,0.19798461281150692,0.1111111111111111
573-A,1,75,0.25,-7.5,107.0,0.19270256625145643,0.05128205128205128
573-A,1,75,0.25,-7.5,107.5,0.1702829947290314,0.10638297872340426
573-A,1,75,0.25,-8.0,107.5,0.2522285124533312,0.10638297872340426
573-A,1,75,0.25,-8.0,108.0,0.3212694489020901,0.09090909090909091
573-A,1,75,0.25,-8.0,108.5,0.2700992127119549,0.08333333333333333
573-A,1,75,0.25,-8.0,109.0,0.29444965178040483,0.09523809523809523
573-A,1,75,0.25,-8.0,109.5,0.3256672524159242,0.08695652173913043
573-A,1,75,0.25,-8.5,109.5,0.27966906078639386,0.08888888888888889
573-A,1,75,0.25,-8.5,110.0,0.2815503694605289,0.11363636363636363
573-A,1,75,0.25,-8.5,110.5,0.32932837896539546,0.08888888888888889
573-A,1,75,0.25,-8.5,111.0,0.3557565238031659,0.09302325581395349
573-A,1,75,0.25,-8.5,111.5,0.37059786765252367,0.0975609756097561
573-A,1,75,0.25,-8.5,112.0,0.3673809141544503,0.10869565217391304
573-A,1,75,0.25,-8.5,112.5,0.38744152408051513,0.09302325581395349
573-A,1,75,0.25,-8.5,113.0,0.45509647338921666,0.10638297872340426
573-A,1,75,0.25,-8.5,113.5,0.4437621048017705,0.09090909090909091
573-A,1,75,0.25,-8.5,114.0,0.4309632774986424,0.09090909090909091
573-A,1,75,0.25,-8.5,114.5,0.27897537685405194,0.13333333333333333
573-A,1,75,0.25,-8.5,115.5,0.2986248556820057,0.06976744186046512
573-A,1,75,0.25,-9.0,114.5,0.35810988702547175,0.09090909090909091
573-A,1,75,0.25,-9.0,115.0,0.35775831750720966,0.09090909090909091
573-A,1,75,0.25,-9.0,115.5,0.3378366254888763,0.045454545454545456
573-A,1,75,0.25,-9.0,117.0,0.13324241160914596,0.09302325581395349
573-A,1,75,0.25,-9.0,117.5,0.1620222176394921,0.11363636363636363
573-A,1,75,0.25,-9.0,118.0,0.15812492595141414,0.09090909090909091
573-A,1,75,0.25,-9.0,118.5,0.19513971269139863,0.0975609756097561
573-A,1,75,0.25,-9.0,119.0,0.14390500318359534,0.13953488372093023
573-A,1,76,0.25,-7.0,106.0,0.190719098135398,0.11363636363636363
573-A,1,76,0.25,-7.5,106.0,0.18366650767909953,0.10869565217391304
573-A,1,76,0.25,-7.5,106.5,0.31005655209901317,0.08888888888888889
573-A,1,76,0.25,-7.5,107.0,0.3301082543450391,0.02564102564102564
573-A,1,76,0.25,-7.5,107.5,0.32970741006089754,0.06382978723404255
573-A,1,76,0.25,-8.0,107.5,0.3595836615124387,0.0851063829787234
573-A,1,76,0.25,-8.0,108.0,0.44403037361944087,0.06818181818181818
573-A,1,76,0.25,-8.0,108.5,0.42048440463672143,0.0625
573-A,1,76,0.25,-8.0,109.0,0.4436877009443755,0.07142857142857142
573-A,1,76,0.25,-8.0,109.5,0.46813033971123275,0.06521739130434782
573-A,1,76,0.25,-8.5,109.5,0.4099058295171647,0.06666666666666667
573-A,1,76,0.25,-8.5,110.0,0.4156893996997524,0.09090909090909091
573-A,1,76,0.25,-8.5,110.5,0.4600286886654771,0.06666666666666667
573-A,1,76,0.25,-8.5,111.0,0.4871802631774148,0.06976744186046512
573-A,1,76,0.25,-8.5,111.5,0.49166984337051867,0.04878048780487805
573-A,1,76,0.25,-8.5,112.0,0.49584913117041896,0.06521739130434782
573-A,1,76,0.25,-8.5,112.5,0.5030266395169138,0.046511627906976744
573-A,1,76,0.25,-8.5,113.0,0.5332399186548287,0.0851063829787234
573-A,1,76,0.25,-8.5,113.5,0.5141691252560452,0.09090909090909091
573-A,1,76,0.25,-8.5,114.0,0.5006995147252672,0.06818181818181818
573-A,1,76,0.25,-8.5,114.5,0.39921241558755527,0.1111111111111111
573-A,1,76,0.25,-8.5,115.5,0.4295547789872999,0.046511627906976744
573-A,1,76,0.25,-9.0,114.5,0.44666619886323755,0.06818181818181818
573-A,1,76,0.25,-9.0,115.0,0.4427116304424281,0.06818181818181818
573-A,1,76,0.25,-9.0,115.5,0.4565787659171546,0.045454545454545456
573-A,1,76,0.25,-9.0,117.0,0.27689040202861304,0.06976744186046512
573-A,1,76,0.25,-9.0,117.5,0.3029843046873062,0.06818181818181818
573-A,1,76,0.25,-9.0,118.0,0.28666318795862855,0.06818181818181818
573-A,1,76,0.25,-9.0,118.5,0.309568336885936,0.04878048780487805
573-A,1,76,0.25,-9.0,119.0,0.24438511626267712,0.09302325581395349
573-A,1,77,0.25,-7.0,106.0,0.2696728820070329,0.11363636363636363
573-A,1,77,0.25,-7.5,106.0,0.253228274348946,0.10869565217391304
573-A,1,77,0.25,-7.5,106.5,0.3565918213748118,0.08888888888888889
573-A,1,77,0.25,-7.5,107.0,0.35601501031198135,0.02564102564102564
573-A,1,77,0.25,-7.5,107.5,0.3628524640499462,0.10638297872340426
573-A,1,77,0.25,-8.0,107.5,0.3620242403035312,0.0851063829787234
573-A,1,77,0.25,-8.0,108.0,0.420291529052938,0.06818181818181818
573-A,1,77,0.25,-8.0,108.5,0.4302217184109062,0.0625
573-A,1,77,0.25,-8.0,109.0,0.4472832824358237,0.07142857142857142
573-A,1,77,0.25,-8.0,109.5,0.47287467532922145,0.06521739130434782
573-A,1,77,0.25,-8.5,109.5,0.4035301246922315,0.06666666666666667
573-A,1,77,0.25,-8.5,110.0,0.4139907586126219,0.09090909090909091
573-A,1,77,0.25,-8.5,110.5,0.44605812111117016,0.06666666666666667
573-A,1,77,0.25,-8.5,111.0,0.47314255196047894,0.06976744186046512
573-A,1,77,0.25,-8.5,111.5,0.48638812368286666,0.04878048780487805
573-A,1,77,0.25,-8.5,112.0,0.5115312889800052,0.06521739130434782
573-A,1,77,0.25,-8.5,112.5,0.5013709645042053,0.046511627906976744
573-A,1,77,0.25,-8.5,113.0,0.5254501264818212,0.0851063829787234
573-A,1,77,0.25,-8.5,113.5,0.5218402692493311,0.09090909090909091
573-A,1,77,0.25,-8.5,114.0,0.5116080876219175,0.06818181818181818
573-A,1,77,0.25,-8.5,114.5,0.4461366694340271,0.1111111111111111
573-A,1,77,0.25,-8.5,115.5,0.4570757050964869,0.06976744186046512
573-A,1,77,0.25,-9.0,114.5,0.4415285944845976,0.06818181818181818
573-A,1,77,0.25,-9.0,115.0,0.45605612998522893,0.09090909090909091
573-A,1,77,0.25,-9.0,115.5,0.47760153426017105,0.06818181818181818
573-A,1,77,0.25,-9.0,117.0,0.31138732091972643,0.09302325581395349
573-A,1,77,0.25,-9.0,117.5,0.3297920656816754,0.09090909090909091
573-A,1,77,0.25,-9.0,118.0,0.32125112490830565,0.09090909090909091
573-A,1,77,0.25,-9.0,118.5,0.34442021581696924,0.07317073170731707
573-A,1,77,0.25,-9.0,119.0,0.274350330903784,0.11627906976744186
573-A,1,78,0.25,-7.0,106.0,0.24893712508495613,0.11363636363636363
573-A,1,78,0.25,-7.5,106.0,0.2709506820566634,0.08695652173913043
573-A,1,78,0.25,-7.5,106.5,0.460032640282656,0.06666666666666667
573-A,1,78,0.25,-7.5,107.0,0.42023801441882647,0.02564102564102564
573-A,1,78,0.25,-7.5,107.5,0.4241218783583235,0.06382978723404255
573-A,1,78,0.25,-8.0,107.5,0.4416102261767235,0.06382978723404255
573-A,1,78,0.25,-8.0,108.0,0.5264074710989182,0.045454545454545456
573-A,1,78,0.25,-8.0,108.5,0.5479277445080009,0.041666666666666664
573-A,1,78,0.25,-8.0,109.0,0.5487110583658372,0.047619047619047616
573-A,1,78,0.25,-8.0,109.5,0.5545277717491501,0.043478260869565216
573-A,1,78,0.25,-8.5,109.5,0.5119256578223524,0.044444444444444446
573-A,1,78,0.25,-8.5,110.0,0.5048991294769062,0.06818181818181818
573-A,1,78,0.25,-8.5,110.5,0.5273607990324607,0.044444444444444446
573-A,1,78,0.25,-8.5,111.0,0.5555144124497455,0.046511627906976744
573-A,1,78,0.25,-8.5,111.5,0.5750367418766289,0.024390243902439025
573-A,1,78,0.25,-8.5,112.0,0.5881988613207199,0.021739130434782608
573-A,1,78,0.25,-8.5,112.5,0.5807704204159205,0.023255813953488372
573-A,1,78,0.25,-8.5,113.0,0.5482819552601559,0.06382978723404255
573-A,1,78,0.25,-8.5,113.5,0.5458816207189916,0.06818181818181818
573-A,1,78,0.25,-8.5,114.0,0.5206996018146948,0.045454545454545456
573-A,1,78,0.25,-8.5,114.5,0.501259308032661,0.06666666666666667
573-A,1,78,0.25,-8.5,115.5,0.5241223661966022,0.046511627906976744
573-A,1,78,0.25,-9.0,114.5,0.5111282015297172,0.045454545454545456
573-A,1,78,0.25,-9.0,115.0,0.5200205959414784,0.06818181818181818
573-A,1,78,0.25,-9.0,115.5,0.5822186177201719,0.045454545454545456
573-A,1,78,0.25,-9.0,117.0,0.382318141446618,0.06976744186046512
573-A,1,78,0.25,-9.0,117.5,0.3981268191909412,0.045454545454545456
573-A,1,78,0.25,-9.0,118.0,0.3864624060055608,0.045454545454545456
573-A,1,78,0.25,-9.0,118.5,0.40882512033432783,0.04878048780487805
573-A,1,78,0.25,-9.0,119.0,0.35772157522351244,0.09302325581395349
573-A,1,79,0.25,-7.0,106.0,0.3127899589255637,0.11363636363636363
573-A,1,79,0.25,-7.5,106.0,0.3511605456453304,0.10869565217391304
573-A,1,79,0.25,-7.5,106.5,0.5047065771868205,0.06666666666666667
573-A,1,79,0.25,-7.5,107.0,0.47545451920728454,0.0
573-A,1,79,0.25,-7.5,107.5,0.47820288112174403,0.02127659574468085
573-A,1,79,0.25,-8.0,107.5,0.5579981695659066,0.0425531914893617
573-A,1,79,0.25,-8.0,108.0,0.6036449046910719,0.022727272727272728
573-A,1,79,0.25,-8.0,108.5,0.6133712186184799,0.020833333333333332
573-A,1,79,0.25,-8.0,109.0,0.6251045666656587,0.023809523809523808
573-A,1,79,0.25,-8.0,109.5,0.6485317763137937,0.021739130434782608
573-A,1,79,0.25,-8.5,109.5,0.6097554440617984,0.022222222222222223
573-A,1,79,0.25,-8.5,110.0,0.6230942075607806,0.045454545454545456
573-A,1,79,0.25,-8.5,110.5,0.6417610715435313,0.022222222222222223
573-A,1,79,0.25,-8.5,111.0,0.6468170961472844,0.023255813953488372
573-A,1,79,0.25,-8.5,111.5,0.6626220633470711,0.0
573-A,1,79,0.25,-8.5,112.0,0.6714675624606341,0.0
573-A,1,79,0.25,-8.5,112.5,0.6571536978721071,0.0
573-A,1,79,0.25,-8.5,113.0,0.6447522444323198,0.0425531914893617
573-A,1,79,0.25,-8.5,113.5,0.6380164547649274,0.045454545454545456
573-A,1,79,0.25,-8.5,114.0,0.625257302604036,0.022727272727272728
573-A,1,79,0.25,-8.5,114.5,0.5874845329999778,0.044444444444444446
573-A,1,79,0.25,-8.5,115.5,0.6288063871020946,0.0
573-A,1,79,0.25,-9.0,114.5,0.6162745070521367,0.022727272727272728
573-A,1,79,0.25,-9.0,115.0,0.6222853801786592,0.022727272727272728
573-A,1,79,0.25,-9.0,115.5,0.6323112280181908,0.022727272727272728
573-A,1,79,0.25,-9.0,117.0,0.46249572632477687,0.023255813953488372
573-A,1,79,0.25,-9.0,117.5,0.474672991640415,0.0
573-A,1,79,0.25,-9.0,118.0,0.46552928038638863,0.0
573-A,1,79,0.25,-9.0,118.5,0.47925768205362806,0.0
573-A,1,79,0.25,-9.0,119.0,0.4102307260313296,0.023255813953488372
573-A,1,80,0.25,-7.0,106.0,0.29620966431252027,0.11363636363636363
573-A,1,80,0.25,-7.5,106.0,0.3414923209005055,0.10869565217391304
573-A,1,80,0.25,-7.5,106.5,0.5402665840859675,0.06666666666666667
573-A,1,80,0.25,-7.5,107.0,0.6131247371283609,0.0
573-A,1,80,0.25,-7.5,107.5,0.596816469218566,0.0
573-A,1,80,0.25,-8.0,107.5,0.6453227608605441,0.0425531914893617
573-A,1,80,0.25,-8.0,108.0,0.7057433955670838,0.022727272727272728
573-A,1,80,0.25,-8.0,108.5,0.7017956978822524,0.020833333333333332
573-A,1,80,0.25,-8.0,109.0,0.73289453128937,0.023809523809523808
573-A,1,80,0.25,-8.0,109.5,0.7558201539750439,0.021739130434782608
573-A,1,80,0.25,-8.5,109.5,0.7013018774238824,0.044444444444444446
573-A,1,80,0.25,-8.5,110.0,0.7075516416135385,0.06818181818181818
573-A,1,80,0.25,-8.5,110.5,0.7416220033938878,0.044444444444444446
573-A,1,80,0.25,-8.5,111.0,0.758182978028988,0.023255813953488372
573-A,1,80,0.25,-8.5,111.5,0.7663582267039719,0.0
573-A,1,80,0.25,-8.5,112.0,0.7899303454323152,0.0
573-A,1,80,0.25,-8.5,112.5,0.7669320760456961,0.0
573-A,1,80,0.25,-8.5,113.0,0.7142707454987351,0.02127659574468085
573-A,1,80,0.25,-8.5,113.5,0.6916724716027894,0.045454545454545456
573-A,1,80,0.25,-8.5,114.0,0.6757212715305283,0.022727272727272728
573-A,1,80,0.25,-8.5,114.5,0.6677666129098955,0.044444444444444446
573-A,1,80,0.25,-8.5,115.5,0.6757026482351971,0.0
573-A,1,80,0.25,-9.0,114.5,0.7027846466914602,0.022727272727272728
573-A,1,80,0.25,-9.0,115.0,0.707045812231835,0.022727272727272728
573-A,1,80,0.25,-9.0,115.5,0.6816748494217559,0.022727272727272728
573-A,1,80,0.25,-9.0,117.0,0.5123528746286512,0.023255813953488372
573-A,1,80,0.25,-9.0,117.5,0.5245238882864816,0.0
573-A,1,80,0.25,-9.0,118.0,0.5215270267885727,0.022727272727272728
573-A,1,80,0.25,-9.0,118.5,0.5268178229595972,0.024390243902439025
573-A,1,80,0.25,-9.0,119.0,0.47209728214167623,0.046511627906976744
573-A,1,81,0.25,-7.0,106.0,0.35343592092432274,0.11363636363636363
573-A,1,81,0.25,-7.5,106.0,0.409183630640084,0.08695652173913043
573-A,1,81,0.25,-7.5,106.5,0.576928102525506,0.044444444444444446
573-A,1,81,0.25,-7.5,107.0,0.6464765641398997,0.0
573-A,1,81,0.25,-7.5,107.5,0.5809483905634307,0.0
573-A,1,81,0.25,-8.0,107.5,0.6756916710195795,0.02127659574468085
573-A,1,81,0.25,-8.0,108.0,0.7185820015607787,0.0
573-A,1,81,0.25,-8.0,108.5,0.7257443439307724,0.0
573-A,1,81,0.25,-8.0,109.0,0.763223273768129,0.0
573-A,1,81,0.25,-8.0,109.5,0.773877450053791,0.0
573-A,1,81,0.25,-8.5,109.5,0.736257089579679,0.022222222222222223
573-A,1,81,0.25,-8.5,110.0,0.7470340800530307,0.045454545454545456
573-A,1,81,0.25,-8.5,110.5,0.7788666414573092,0.022222222222222223
573-A,1,81,0.25,-8.5,111.0,0.787668936460605,0.0
573-A,1,81,0.25,-8.5,111.5,0.785614446450363,0.0
573-A,1,81,0.25,-8.5,112.0,0.8133850390880686,0.0
573-A,1,81,0.25,-8.5,112.5,0.7763080143604927,0.0
573-A,1,81,0.25,-8.5,113.0,0.7100466246713952,0.02127659574468085
573-A,1,81,0.25,-8.5,113.5,0.6821381875829398,0.022727272727272728
573-A,1,81,0.25,-8.5,114.0,0.6645819116502638,0.022727272727272728
573-A,1,81,0.25,-8.5,114.5,0.7064237751249289,0.022222222222222223
573-A,1,81,0.25,-8.5,115.5,0.6975532945736435,0.0
573-A,1,81,0.25,-9.0,114.5,0.721415760297523,0.0
573-A,1,81,0.25,-9.0,115.0,0.7252606914257578,0.022727272727272728
573-A,1,81,0.25,-9.0,115.5,0.7012852658630699,0.0
573-A,1,81,0.25,-9.0,117.0,0.5290994311558581,0.023255813953488372
573-A,1,81,0.25,-9.0,117.5,0.5473601963289914,0.0
573-A,1,81,0.25,-9.0,118.0,0.5723104923380196,0.0
573-A,1,81,0.25,-9.0,118.5,0.5690248441007442,0.024390243902439025
573-A,1,81,0.25,-9.0,119.0,0.5134487775040149,0.046511627906976744
573-A,1,82,0.25,-7.0,106.0,0.2894861262965044,0.11363636363636363
573-A,1,82,0.25,-7.5,106.0,0.3714539730993037,0.08695652173913043
573-A,1,82,0.25,-7.5,106.5,0.5586845626358923,0.044444444444444446
573-A,1,82,0.25,-7.5,107.0,0.6875653033626501,0.0
573-A,1,82,0.25,-7.5,107.5,0.643749040478993,0.02127659574468085
573-A,1,82,0.25,-8.0,107.5,0.6823767346647457,0.02127659574468085
573-A,1,82,0.25,-8.0,108.0,0.7606421120582753,0.0
573-A,1,82,0.25,-8.0,108.5,0.7721836491683385,0.0
573-A,1,82,0.25,-8.0,109.0,0.8021447505014161,0.0
573-A,1,82,0.25,-8.0,109.5,0.828534156649421,0.0
573-A,1,82,0.25,-8.5,109.5,0.7584215569968287,0.022222222222222223
573-A,1,82,0.25,-8.5,110.0,0.7665184925230546,0.045454545454545456
573-A,1,82,0.25,-8.5,110.5,0.8134580467331486,0.022222222222222223
573-A,1,82,0.25,-8.5,111.0,0.8458753541917012,0.0
573-A,1,82,0.25,-8.5,111.5,0.8426584575844104,0.0
573-A,1,82,0.25,-8.5,112.0,0.8756517765619789,0.0
573-A,1,82,0.25,-8.5,112.5,0.8334152311922839,0.0
573-A,1,82,0.25,-8.5,113.0,0.7477010068944994,0.0
573-A,1,82,0.25,-8.5,113.5,0.7109498447766792,0.022727272727272728
573-A,1,82,0.25,-8.5,114.0,0.6824377326143065,0.022727272727272728
573-A,1,82,0.25,-8.5,114.5,0.7266083294367627,0.022222222222222223
573-A,1,82,0.25,-8.5,115.5,0.6707178789378196,0.0
573-A,1,82,0.25,-9.0,114.5,0.7574149182513508,0.0
573-A,1,82,0.25,-9.0,115.0,0.7526728564394738,0.0
573-A,1,82,0.25,-9.0,115.5,0.7172307444658106,0.0
573-A,1,82,0.25,-9.0,117.0,0.5411150995274113,0.046511627906976744
573-A,1,82,0.25,-9.0,117.5,0.5713231705583921,0.022727272727272728
573-A,1,82,0.25,-9.0,118.0,0.6012820803682388,0.0
573-A,1,82,0.25,-9.0,118.5,0.5782956492918816,0.024390243902439025
573-A,1,82,0.25,-9.0,119.0,0.5250794507613963,0.023255813953488372
573-A,1,83,0.25,-7.0,106.0,0.31077040424337354,0.06818181818181818
573-A,1,83,0.25,-7.5,106.0,0.3884620814652294,0.06521739130434782
573-A,1,83,0.25,-7.5,106.5,0.6129741856915871,0.044444444444444446
573-A,1,83,0.25,-7.5,107.0,0.6981207457712293,0.0
573-A,1,83,0.25,-7.5,107.5,0.6330287920270202,0.02127659574468085
573-A,1,83,0.25,-8.0,107.5,0.6975526628773692,0.0425531914893617
573-A,1,83,0.25,-8.0,108.0,0.7614318824502699,0.0
573-A,1,83,0.25,-8.0,108.5,0.7824287102844628,0.0
573-A,1,83,0.25,-8.0,109.0,0.8012735715941504,0.0
573-A,1,83,0.25,-8.0,109.5,0.8229456186655653,0.0
573-A,1,83,0.25,-8.5,109.5,0.7516849954878662,0.022222222222222223
573-A,1,83,0.25,-8.5,110.0,0.756785425318282,0.045454545454545456
573-A,1,83,0.25,-8.5,110.5,0.8122523727526431,0.022222222222222223
573-A,1,83,0.25,-8.5,111.0,0.8324898007625321,0.0
573-A,1,83,0.25,-8.5,111.5,0.8436060743372676,0.0
573-A,1,83,0.25,-8.5,112.0,0.8754128021143373,0.0
573-A,1,83,0.25,-8.5,112.5,0.8250231981104496,0.0
573-A,1,83,0.25,-8.5,113.0,0.7354155299836318,0.0
573-A,1,83,0.25,-8.5,113.5,0.6969391928387318,0.022727272727272728
573-A,1,83,0.25,-8.5,114.0,0.663546169527036,0.022727272727272728
573-A,1,83,0.25,-8.5,114.5,0.7322671043549347,0.022222222222222223
573-A,1,83,0.25,-8.5,115.5,0.6828000010308428,0.0
573-A,1,83,0.25,-9.0,114.5,0.7657090730475054,0.0
573-A,1,83,0.25,-9.0,115.0,0.7684116067032426,0.0
573-A,1,83,0.25,-9.0,115.5,0.7349310254495047,0.0
573-A,1,83,0.25,-9.0,117.0,0.5630781962246652,0.046511627906976744
573-A,1,83,0.25,-9.0,117.5,0.5774064422566949,0.022727272727272728
573-A,1,83,0.25,-9.0,118.0,0.623498546757113,0.0
573-A,1,83,0.25,-9.0,118.5,0.6140712243846451,0.024390243902439025
573-A,1,83,0.25,-9.0,119.0,0.54964437871661,0.046511627906976744
573-A,1,84,0.25,-7.0,106.0,0.2918796725865076,0.045454545454545456
573-A,1,84,0.25,-7.5,106.0,0.38227835543260524,0.06521739130434782
573-A,1,84,0.25,-7.5,106.5,0.6119229804315103,0.044444444444444446
573-A,1,84,0.25,-7.5,107.0,0.7197084085370564,0.0
573-A,1,84,0.25,-7.5,107.5,0.6584233150811115,0.02127659574468085
573-A,1,84,0.25,-8.0,107.5,0.705099887508519,0.0425531914893617
573-A,1,84,0.25,-8.0,108.0,0.780046893716371,0.0
573-A,1,84,0.25,-8.0,108.5,0.7998568115207064,0.0
573-A,1,84,0.25,-8.0,109.0,0.8132011005956521,0.0
573-A,1,84,0.25,-8.0,109.5,0.8451871713911662,0.0
573-A,1,84,0.25,-8.5,109.5,0.7697090172555624,0.022222222222222223
573-A,1,84,0.25,-8.5,110.0,0.7724454582675323,0.045454545454545456
573-A,1,84,0.25,-8.5,110.5,0.8369440008500346,0.022222222222222223
573-A,1,84,0.25,-8.5,111.0,0.8649072054831101,0.0
573-A,1,84,0.25,-8.5,111.5,0.8636798457920062,0.0
573-A,1,84,0.25,-8.5,112.0,0.8837238023489892,0.0
573-A,1,84,0.25,-8.5,112.5,0.8554139950906522,0.0
573-A,1,84,0.25,-8.5,113.0,0.7454689747532364,0.0
573-A,1,84,0.25,-8.5,113.5,0.7064723264170707,0.022727272727272728
573-A,1,84,0.25,-8.5,114.0,0.664517216646771,0.022727272727272728
573-A,1,84,0.25,-8.5,114.5,0.7107039592339183,0.022222222222222223
573-A,1,84,0.25,-8.5,115.5,0.6638730826323602,0.0
573-A,1,84,0.25,-9.0,114.5,0.7828200126306926,0.0
573-A,1,84,0.25,-9.0,115.0,0.7937592319054653,0.0
573-A,1,84,0.25,-9.0,115.5,0.7518982163354005,0.0
573-A,1,84,0.25,-9.0,117.0,0.5617212457442947,0.046511627906976744
573-A,1,84,0.25,-9.0,117.5,0.5908447940220773,0.022727272727272728
573-A,1,84,0.25,-9.0,118.0,0.6291621607314362,0.0
573-A,1,84,0.25,-9.0,118.5,0.6092123374997884,0.024390243902439025
573-A,1,84,0.25,-9.0,119.0,0.5765474986400738,0.023255813953488372
573-A,1,85,0.0,-7.0,106.0,0.2983400313229514,0.022727272727272728
573-A,1,85,0.0,-7.5,106.0,0.36564800152628074,0.021739130434782608
573-A,1,85,0.0,-7.5,106.5,0.44254108128449576,0.022222222222222223
573-A,1,85,0.0,-7.5,107.0,0.43564551130338314,0.0
573-A,1,85,0.0,-7.5,107.5,0.3197795660406324,0.0
573-A,1,85,0.0,-8.0,107.5,0.5079890426602308,0.0
573-A,1,85,0.0,-8.0,108.0,0.4905793349863593,0.0
573-A,1,85,0.0,-8.0,108.5,0.5412300785299317,0.0
573-A,1,85,0.0,-8.0,109.0,0.5962794424454994,0.0
573-A,1,85,0.0,-8.0,109.5,0.5850094863375737,0.0
573-A,1,85,0.0,-8.5,109.5,0.5167330897598222,0.0
573-A,1,85,0.0,-8.5,110.0,0.5553240334561618,0.0
573-A,1,85,0.0,-8.5,110.5,0.5879638860328702,0.0
573-A,1,85,0.0,-8.5,111.0,0.6281935110596824,0.0
573-A,1,85,0.0,-8.5,111.5,0.6483424798429149,0.0
573-A,1,85,0.0,-8.5,112.0,0.6294772202393448,0.0
573-A,1,85,0.0,-8.5,112.5,0.6187881793399128,0.0
573-A,1,85,0.0,-8.5,113.0,0.5725534447696046,0.0
573-A,1,85,0.0,-8.5,113.5,0.5254986732533279,0.0
573-A,1,85,0.0,-8.5,114.0,0.5171619048448471,0.0
573-A,1,85,0.0,-8.5,114.5,0.4686725258366494,0.0
573-A,1,85,0.0,-8.5,115.5,0.4820865289460663,0.0
573-A,1,85,0.0,-9.0,114.5,0.5522475615746263,0.0
573-A,1,85,0.0,-9.0,115.0,0.5114673454315255,0.0
573-A,1,85,0.0,-9.0,115.5,0.49101246919611796,0.0
573-A,1,85,0.0,-9.0,117.0,0.3751558680451601,0.0
573-A,1,85,0.0,-9.0,117.5,0.42377162845294747,0.0
573-A,1,85,0.0,-9.0,118.0,0.42958263065951763,0.0
573-A,1,85,0.0,-9.0,118.5,0.4274373354137406,0.0
573-A,1,85,0.0,-9.0,119.0,0.3423424676782757,0.0
573-A,1,85,0.25,-7.0,106.0,0.297539412251411,0.09090909090909091
573-A,1,85,0.25,-7.5,106.0,0.4169607936659354,0.06521739130434782
573-A,1,85,0.25,-7.5,106.5,0.6338022923983944,0.022222222222222223
573-A,1,85,0.25,-7.5,107.0,0.715637458359962,0.0
573-A,1,85,0.25,-7.5,107.5,0.6254997505245381,0.02127659574468085
573-A,1,85,0.25,-8.0,107.5,0.7313569529651707,0.02127659574468085
573-A,1,85,0.25,-8.0,108.0,0.7899128672769455,0.0
573-A,1,85,0.25,-8.0,108.5,0.828850614144337,0.0
573-A,1,85,0.25,-8.0,109.0,0.8353547455628458,0.0
573-A,1,85,0.25,-8.0,109.5,0.8518783648494438,0.0
573-A,1,85,0.25,-8.5,109.5,0.7761753638068156,0.022222222222222223
573-A,1,85,0.25,-8.5,110.0,0.7939898081534772,0.022727272727272728
573-A,1,85,0.25,-8.5,110.5,0.8502139149402944,0.022222222222222223
573-A,1,85,0.25,-8.5,111.0,0.8772851484267212,0.0
573-A,1,85,0.25,-8.5,111.5,0.8872839541691541,0.0
573-A,1,85,0.25,-8.5,112.0,0.8881531659483025,0.0
573-A,1,85,0.25,-8.5,112.5,0.874177746438574,0.0
573-A,1,85,0.25,-8.5,113.0,0.7583459401815387,0.0
573-A,1,85,0.25,-8.5,113.5,0.7085448467985802,0.0
573-A,1,85,0.25,-8.5,114.0,0.6639741518578353,0.0
573-A,1,85,0.25,-8.5,114.5,0.6861775118567081,0.022222222222222223
573-A,1,85,0.25,-8.5,115.5,0.6548486980455219,0.0
573-A,1,85,0.25,-9.0,114.5,0.7809691951442004,0.0
573-A,1,85,0.25,-9.0,115.0,0.7596852579658155,0.022727272727272728
573-A,1,85,0.25,-9.0,115.5,0.7385072747657572,0.0
573-A,1,85,0.25,-9.0,117.0,0.5978001276320997,0.023255813953488372
573-A,1,85,0.25,-9.0,117.5,0.6230391442416956,0.022727272727272728
573-A,1,85,0.25,-9.0,118.0,0.6542372176385622,0.0
573-A,1,85,0.25,-9.0,118.5,0.6436575100349113,0.04878048780487805
573-A,1,85,0.25,-9.0,119.0,0.5750574925325791,0.046511627906976744
573-A,1,85,0.5,-7.0,106.0,0.38406167814189884,0.18181818181818182
573-A,1,85,0.5,-7.5,106.0,0.4580879519221597,0.1956521739130435
573-A,1,85,0.5,-7.5,106.5,0.5862608975163071,0.17777777777777778
573-A,1,85,0.5,-7.5,107.0,0.6667111451332365,0.1282051282051282
573-A,1,85,0.5,-7.5,107.5,0.5672760158129062,0.14893617021276595
573-A,1,85,0.5,-8.0,107.5,0.6549334872801252,0.1702127659574468
573-A,1,85,0.5,-8.0,108.0,0.680217453632504,0.13636363636363635
573-A,1,85,0.5,-8.0,108.5,0.7142849152428612,0.125
573-A,1,85,0.5,-8.0,109.0,0.7232693586913796,0.09523809523809523
573-A,1,85,0.5,-8.0,109.5,0.7097723278982337,0.08695652173913043
573-A,1,85,0.5,-8.5,109.5,0.657793848790218,0.13333333333333333
573-A,1,85,0.5,-8.5,110.0,0.66709620108791,0.13636363636363635
573-A,1,85,0.5,-8.5,110.5,0.7005003328260211,0.1111111111111111
573-A,1,85,0.5,-8.5,111.0,0.7068458765410122,0.06976744186046512
573-A,1,85,0.5,-8.5,111.5,0.7061614868412535,0.04878048780487805
573-A,1,85,0.5,-8.5,112.0,0.6972551901297995,0.06521739130434782
573-A,1,85,0.5,-8.5,112.5,0.6927252648203552,0.046511627906976744
573-A,1,85,0.5,-8.5,113.0,0.6164482168543226,0.06382978723404255
573-A,1,85,0.5,-8.5,113.5,0.5749716847583182,0.09090909090909091
573-A,1,85,0.5,-8.5,114.0,0.5486801908253777,0.11363636363636363
573-A,1,85,0.5,-8.5,114.5,0.5698262288511637,0.13333333333333333
573-A,1,85,0.5,-8.5,115.5,0.5359719043790203,0.11627906976744186
573-A,1,85,0.5,-9.0,114.5,0.6193973756227633,0.09090909090909091
573-A,1,85,0.5,-9.0,115.0,0.5920338547161847,0.13636363636363635
573-A,1,85,0.5,-9.0,115.5,0.5608123868644608,0.13636363636363635
573-A,1,85,0.5,-9.0,117.0,0.45862988628742485,0.16279069767441862
573-A,1,85,0.5,-9.0,117.5,0.4796168972109115,0.1590909090909091
573-A,1,85,0.5,-9.0,118.0,0.4993742106735838,0.1590909090909091
573-A,1,85,0.5,-9.0,118.5,0.4889877095311089,0.14634146341463414
573-A,1,85,0.5,-9.0,119.0,0.4464689915955865,0.16279069767441862
573-A,1,86,0.25,-7.0,106.0,0.21332943027688311,0.06818181818181818
573-A,1,86,0.25,-7.5,106.0,0.3517825050081085,0.043478260869565216
573-A,1,86,0.25,-7.5,106.5,0.5458015815771868,0.022222222222222223
573-A,1,86,0.25,-7.5,107.0,0.6646354833599813,0.02564102564102564
573-A,1,86,0.25,-7.5,107.5,0.5848736310833632,0.06382978723404255
573-A,1,86,0.25,-8.0,107.5,0.6802614400551783,0.0425531914893617
573-A,1,86,0.25,-8.0,108.0,0.7995847695682178,0.022727272727272728
573-A,1,86,0.25,-8.0,108.5,0.7688258047515706,0.020833333333333332
573-A,1,86,0.25,-8.0,109.0,0.780319923603342,0.023809523809523808
573-A,1,86,0.25,-8.0,109.5,0.8310667637470217,0.0
573-A,1,86,0.25,-8.5,109.5,0.7548226814102941,0.0
573-A,1,86,0.25,-8.5,110.0,0.784480342555224,0.0
573-A,1,86,0.25,-8.5,110.5,0.8402235090800564,0.0
573-A,1,86,0.25,-8.5,111.0,0.8629958312934859,0.0
573-A,1,86,0.25,-8.5,111.5,0.8755409387219821,0.024390243902439025
573-A,1,86,0.25,-8.5,112.0,0.882921663311556,0.0
573-A,1,86,0.25,-8.5,112.5,0.8911868667877134,0.023255813953488372
573-A,1,86,0.25,-8.5,113.0,0.7887958186597887,0.0
573-A,1,86,0.25,-8.5,113.5,0.7444938431246452,0.0
573-A,1,86,0.25,-8.5,114.0,0.7084644081060352,0.0
573-A,1,86,0.25,-8.5,114.5,0.7011199857496844,0.022222222222222223
573-A,1,86,0.25,-8.5,115.5,0.6597297387844301,0.023255813953488372
573-A,1,86,0.25,-9.0,114.5,0.8314650199985966,0.0
573-A,1,86,0.25,-9.0,115.0,0.8118806930083703,0.045454545454545456
573-A,1,86,0.25,-9.0,115.5,0.7401559585101765,0.022727272727272728
573-A,1,86,0.25,-9.0,117.0,0.5954299957935162,0.046511627906976744
573-A,1,86,0.25,-9.0,117.5,0.6232907240236316,0.045454545454545456
573-A,1,86,0.25,-9.0,118.0,0.6593141147318243,0.022727272727272728
573-A,1,86,0.25,-9.0,118.5,0.658894120379258,0.07317073170731707
573-A,1,86,0.25,-9.0,119.0,0.5971242372008104,0.06976744186046512
573-A,1,87,0.25,-7.0,106.0,0.29302565674773207,0.06818181818181818
573-A,1,87,0.25,-7.5,106.0,0.4227270819421921,0.043478260869565216
573-A,1,87,0.25,-7.5,106.5,0.5964475926158219,0.044444444444444446
573-A,1,87,0.25,-7.5,107.0,0.6767991734808458,0.05128205128205128
573-A,1,87,0.25,-7.5,107.5,0.5960040747658769,0.0851063829787234
573-A,1,87,0.25,-8.0,107.5,0.6986415753607654,0.06382978723404255
573-A,1,87,0.25,-8.0,108.0,0.794047582053743,0.045454545454545456
573-A,1,87,0.25,-8.0,108.5,0.7579524296052125,0.041666666666666664
573-A,1,87,0.25,-8.0,109.0,0.7544075479494854,0.047619047619047616
573-A,1,87,0.25,-8.0,109.5,0.8036088921871318,0.021739130434782608
573-A,1,87,0.25,-8.5,109.5,0.7460868712585347,0.022222222222222223
573-A,1,87,0.25,-8.5,110.0,0.7698286492757014,0.022727272727272728
573-A,1,87,0.25,-8.5,110.5,0.8071846668770919,0.022222222222222223
573-A,1,87,0.25,-8.5,111.0,0.8269426024003442,0.023255813953488372
573-A,1,87,0.25,-8.5,111.5,0.8365430029801078,0.04878048780487805
573-A,1,87,0.25,-8.5,112.0,0.8398988526756493,0.021739130434782608
573-A,1,87,0.25,-8.5,112.5,0.8572251723671912,0.023255813953488372
573-A,1,87,0.25,-8.5,113.0,0.7869804325182282,0.02127659574468085
573-A,1,87,0.25,-8.5,113.5,0.7391166795036765,0.0
573-A,1,87,0.25,-8.5,114.0,0.7249690988048221,0.0
573-A,1,87,0.25,-8.5,114.5,0.6797063417085747,0.022222222222222223
573-A,1,87,0.25,-8.5,115.5,0.6759345878690417,0.023255813953488372
573-A,1,87,0.25,-9.0,114.5,0.8146981966177812,0.022727272727272728
573-A,1,87,0.25,-9.0,115.0,0.7900670192375325,0.022727272727272728
573-A,1,87,0.25,-9.0,115.5,0.7123682552506938,0.022727272727272728
573-A,1,87,0.25,-9.0,117.0,0.5589554668978463,0.023255813953488372
573-A,1,87,0.25,-9.0,117.5,0.6012944263587877,0.022727272727272728
573-A,1,87,0.25,-9.0,118.0,0.6159512627962258,0.045454545454545456
573-A,1,87,0.25,-9.0,118.5,0.616734363539501,0.04878048780487805
573-A,1,87,0.25,-9.0,119.0,0.5701733517532034,0.06976744186046512
573-A,1,88,0.25,-7.0,106.0,0.30456491386188345,0.11363636363636363
573-A,1,88,0.25,-7.5,106.0,0.43464428121720877,0.08695652173913043
573-A,1,88,0.25,-7.5,106.5,0.5972838528600102,0.08888888888888889
573-A,1,88,0.25,-7.5,107.0,0.6753259218162198,0.07692307692307693
573-A,1,88,0.25,-7.5,107.5,0.5578151386827697,0.10638297872340426
573-A,1,88,0.25,-8.0,107.5,0.6964688033521325,0.0851063829787234
573-A,1,88,0.25,-8.0,108.0,0.7866271410135914,0.06818181818181818
573-A,1,88,0.25,-8.0,108.5,0.7443395804279247,0.0625
573-A,1,88,0.25,-8.0,109.0,0.7341090164182263,0.047619047619047616
573-A,1,88,0.25,-8.0,109.5,0.7880573660886185,0.043478260869565216
573-A,1,88,0.25,-8.5,109.5,0.7178020920566494,0.06666666666666667
573-A,1,88,0.25,-8.5,110.0,0.7546992893490085,0.045454545454545456
573-A,1,88,0.25,-8.5,110.5,0.7803335760515271,0.044444444444444446
573-A,1,88,0.25,-8.5,111.0,0.7900182473630335,0.046511627906976744
573-A,1,88,0.25,-8.5,111.5,0.8031600411413118,0.04878048780487805
573-A,1,88,0.25,-8.5,112.0,0.7954088500821281,0.043478260869565216
573-A,1,88,0.25,-8.5,112.5,0.8202665252255773,0.046511627906976744
573-A,1,88,0.25,-8.5,113.0,0.7368142701254897,0.0425531914893617
573-A,1,88,0.25,-8.5,113.5,0.6995230844717433,0.022727272727272728
573-A,1,88,0.25,-8.5,114.0,0.6854354751319249,0.022727272727272728
573-A,1,88,0.25,-8.5,114.5,0.6612827192655998,0.06666666666666667
573-A,1,88,0.25,-8.5,115.5,0.6406076045274617,0.06976744186046512
573-A,1,88,0.25,-9.0,114.5,0.774980562767525,0.022727272727272728
573-A,1,88,0.25,-9.0,115.0,0.7538955343954421,0.022727272727272728
573-A,1,88,0.25,-9.0,115.5,0.671594091601402,0.045454545454545456
573-A,1,88,0.25,-9.0,117.0,0.5255636094757771,0.06976744186046512
573-A,1,88,0.25,-9.0,117.5,0.5660926091786707,0.09090909090909091
573-A,1,88,0.25,-9.0,118.0,0.5747411765595576,0.09090909090909091
573-A,1,88,0.25,-9.0,118.5,0.5822559309404371,0.07317073170731707
573-A,1,88,0.25,-9.0,119.0,0.5503325732586337,0.046511627906976744
573-A,1,89,0.25,-7.0,106.0,0.2454576179781922,0.09090909090909091
573-A,1,89,0.25,-7.5,106.0,0.41109071830582855,0.08695652173913043
573-A,1,89,0.25,-7.5,106.5,0.5685426335925741,0.08888888888888889
573-A,1,89,0.25,-7.5,107.0,0.6328513272140328,0.07692307692307693
573-A,1,89,0.25,-7.5,107.5,0.5184555869709842,0.0851063829787234
573-A,1,89,0.25,-8.0,107.5,0.6844326570159376,0.0851063829787234
573-A,1,89,0.25,-8.0,108.0,0.7721615024751415,0.06818181818181818
573-A,1,89,0.25,-8.0,108.5,0.7184015840225522,0.0625
573-A,1,89,0.25,-8.0,109.0,0.6889513349257702,0.047619047619047616
573-A,1,89,0.25,-8.0,109.5,0.7532064521097475,0.043478260869565216
573-A,1,89,0.25,-8.5,109.5,0.687620107413296,0.044444444444444446
573-A,1,89,0.25,-8.5,110.0,0.7307038515529041,0.045454545454545456
573-A,1,89,0.25,-8.5,110.5,0.7558225802923244,0.044444444444444446
573-A,1,89,0.25,-8.5,111.0,0.7609364012639637,0.046511627906976744
573-A,1,89,0.25,-8.5,111.5,0.7861137283954169,0.04878048780487805
573-A,1,89,0.25,-8.5,112.0,0.7778766471946746,0.021739130434782608
573-A,1,89,0.25,-8.5,112.5,0.7980099103006396,0.023255813953488372
573-A,1,89,0.25,-8.5,113.0,0.7498344576161897,0.02127659574468085
573-A,1,89,0.25,-8.5,113.5,0.7058459110144997,0.022727272727272728
573-A,1,89,0.25,-8.5,114.0,0.6995588920482998,0.022727272727272728
573-A,1,89,0.25,-8.5,114.5,0.6409454829998187,0.0
573-A,1,89,0.25,-8.5,115.5,0.6191609197179613,0.023255813953488372
573-A,1,89,0.25,-9.0,114.5,0.7718548873763245,0.022727272727272728
573-A,1,89,0.25,-9.0,115.0,0.7375550617218822,0.022727272727272728
573-A,1,89,0.25,-9.0,115.5,0.6441078267877274,0.022727272727272728
573-A,1,89,0.25,-9.0,117.0,0.53630420692151,0.023255813953488372
573-A,1,89,0.25,-9.0,117.5,0.5786619221300098,0.022727272727272728
573-A,1,89,0.25,-9.0,118.0,0.5838916911814751,0.022727272727272728
573-A,1,89,0.25,-9.0,118.5,0.5951118209184796,0.024390243902439025
573-A,1,89,0.25,-9.0,119.0,0.550377092582107,0.023255813953488372
573-A,1,90,0.25,-7.0,106.0,0.2188174108330132,0.13636363636363635
573-A,1,90,0.25,-7.5,106.0,0.46060097300391134,0.10869565217391304
573-A,1,90,0.25,-7.5,106.5,0.6015847131627363,0.1111111111111111
573-A,1,90,0.25,-7.5,107.0,0.6025412030566851,0.1282051282051282
573-A,1,90,0.25,-7.5,107.5,0.41700782969141814,0.14893617021276595
573-A,1,90,0.25,-8.0,107.5,0.6464704139825458,0.10638297872340426
573-A,1,90,0.25,-8.0,108.0,0.6960157930625677,0.09090909090909091
573-A,1,90,0.25,-8.0,108.5,0.6720710373955607,0.08333333333333333
573-A,1,90,0.25,-8.0,109.0,0.6379020147350809,0.07142857142857142
573-A,1,90,0.25,-8.0,109.5,0.6925749864064167,0.06521739130434782
573-A,1,90,0.25,-8.5,109.5,0.5888953053856576,0.06666666666666667
573-A,1,90,0.25,-8.5,110.0,0.6624943947281199,0.06818181818181818
573-A,1,90,0.25,-8.5,110.5,0.6637319641110421,0.08888888888888889
573-A,1,90,0.25,-8.5,111.0,0.660759861735428,0.06976744186046512
573-A,1,90,0.25,-8.5,111.5,0.6874722787635549,0.07317073170731707
573-A,1,90,0.25,-8.5,112.0,0.654130491163503,0.06521739130434782
573-A,1,90,0.25,-8.5,112.5,0.7000836319448017,0.06976744186046512
573-A,1,90,0.25,-8.5,113.0,0.6686473885223947,0.0425531914893617
573-A,1,90,0.25,-8.5,113.5,0.6634964333437066,0.045454545454545456
573-A,1,90,0.25,-8.5,114.0,0.6745947075754739,0.045454545454545456
573-A,1,90,0.25,-8.5,114.5,0.5844919667026105,0.06666666666666667
573-A,1,90,0.25,-8.5,115.5,0.5438623618670625,0.06976744186046512
573-A,1,90,0.25,-9.0,114.5,0.6973893761841274,0.06818181818181818
573-A,1,90,0.25,-9.0,115.0,0.6634398958992755,0.06818181818181818
573-A,1,90,0.25,-9.0,115.5,0.5803243744255113,0.06818181818181818
573-A,1,90,0.25,-9.0,117.0,0.4732913268300549,0.046511627906976744
573-A,1,90,0.25,-9.0,117.5,0.5230972615903591,0.06818181818181818
573-A,1,90,0.25,-9.0,118.0,0.5036060085858547,0.06818181818181818
573-A,1,90,0.25,-9.0,118.5,0.525200917044149,0.07317073170731707
573-A,1,90,0.25,-9.0,119.0,0.4761972335877891,0.06976744186046512
573-A,1,91,0.25,-7.0,106.0,0.19151694689873233,0.1590909090909091
573-A,1,91,0.25,-7.5,106.0,0.41955012877992937,0.10869565217391304
573-A,1,91,0.25,-7.5,106.5,0.5725272829904666,0.13333333333333333
573-A,1,91,0.25,-7.5,107.0,0.6075103061288986,0.1282051282051282
573-A,1,91,0.25,-7.5,107.5,0.4576819251829487,0.14893617021276595
573-A,1,91,0.25,-8.0,107.5,0.6137828276480186,0.0851063829787234
573-A,1,91,0.25,-8.0,108.0,0.6650535103153863,0.06818181818181818
573-A,1,91,0.25,-8.0,108.5,0.6467122582762195,0.08333333333333333
573-A,1,91,0.25,-8.0,109.0,0.6155096302119554,0.07142857142857142
573-A,1,91,0.25,-8.0,109.5,0.6790187416425717,0.08695652173913043
573-A,1,91,0.25,-8.5,109.5,0.5512795590365527,0.06666666666666667
573-A,1,91,0.25,-8.5,110.0,0.6243712347195414,0.06818181818181818
573-A,1,91,0.25,-8.5,110.5,0.6250903942972683,0.1111111111111111
573-A,1,91,0.25,-8.5,111.0,0.6259290578129868,0.09302325581395349
573-A,1,91,0.25,-8.5,111.5,0.6593902167111405,0.07317073170731707
573-A,1,91,0.25,-8.5,112.0,0.6400884267206778,0.08695652173913043
573-A,1,91,0.25,-8.5,112.5,0.6796003082903064,0.06976744186046512
573-A,1,91,0.25,-8.5,113.0,0.6298125093001339,0.06382978723404255
573-A,1,91,0.25,-8.5,113.5,0.6325311496419539,0.06818181818181818
573-A,1,91,0.25,-8.5,114.0,0.6415703965617094,0.06818181818181818
573-A,1,91,0.25,-8.5,114.5,0.5740688786464745,0.08888888888888889
573-A,1,91,0.25,-8.5,115.5,0.5354017194458189,0.09302325581395349
573-A,1,91,0.25,-9.0,114.5,0.673650410497509,0.06818181818181818
573-A,1,91,0.25,-9.0,115.0,0.653849704579025,0.06818181818181818
573-A,1,91,0.25,-9.0,115.5,0.5812348415679516,0.06818181818181818
573-A,1,91,0.25,-9.0,117.0,0.519958922715076,0.06976744186046512
573-A,1,91,0.25,-9.0,117.5,0.5639644619367652,0.06818181818181818
573-A,1,91,0.25,-9.0,118.0,0.5328851345730643,0.06818181818181818
573-A,1,91,0.25,-9.0,118.5,0.5384769341456568,0.0975609756097561
573-A,1,91,0.25,-9.0,119.0,0.4903580883958992,0.06976744186046512
573-A,1,92,0.25,-7.0,106.0,0.15432555923288338,0.13636363636363635
573-A,1,92,0.25,-7.5,106.0,0.42988228560526576,0.10869565217391304
573-A,1,92,0.25,-7.5,106.5,0.5220047510035123,0.1111111111111111
573-A,1,92,0.25,-7.5,107.0,0.5326202732850626,0.10256410256410256
573-A,1,92,0.25,-7.5,107.5,0.38082189371065955,0.1276595744680851
573-A,1,92,0.25,-8.0,107.5,0.5435157598606899,0.0851063829787234
573-A,1,92,0.25,-8.0,108.0,0.5408801454537779,0.09090909090909091
573-A,1,92,0.25,-8.0,108.5,0.5692767490249013,0.08333333333333333
573-A,1,92,0.25,-8.0,109.0,0.5319955099325734,0.047619047619047616
573-A,1,92,0.25,-8.0,109.5,0.5809261605886431,0.08695652173913043
573-A,1,92,0.25,-8.5,109.5,0.4717217766462447,0.08888888888888889
573-A,1,92,0.25,-8.5,110.0,0.5287970842837924,0.09090909090909091
573-A,1,92,0.25,-8.5,110.5,0.519922996871748,0.1111111111111111
573-A,1,92,0.25,-8.5,111.0,0.5327535715875207,0.09302325581395349
573-A,1,92,0.25,-8.5,111.5,0.5592323405234728,0.07317073170731707
573-A,1,92,0.25,-8.5,112.0,0.529609983821368,0.08695652173913043
573-A,1,92,0.25,-8.5,112.5,0.5658897019615338,0.06976744186046512
573-A,1,92,0.25,-8.5,113.0,0.5305000992014285,0.06382978723404255
573-A,1,92,0.25,-8.5,113.5,0.5354057003226415,0.045454545454545456
573-A,1,92,0.25,-8.5,114.0,0.554562459604502,0.06818181818181818
573-A,1,92,0.25,-8.5,114.5,0.4951342169801418,0.08888888888888889
573-A,1,92,0.25,-8.5,115.5,0.42733137988619496,0.09302325581395349
573-A,1,92,0.25,-9.0,114.5,0.5943380815381376,0.09090909090909091
573-A,1,92,0.25,-9.0,115.0,0.5692969903988183,0.09090909090909091
573-A,1,92,0.25,-9.0,115.5,0.5161010680046159,0.09090909090909091
573-A,1,92,0.25,-9.0,117.0,0.47678089593733664,0.06976744186046512
573-A,1,92,0.25,-9.0,117.5,0.5217661868306449,0.09090909090909091
573-A,1,92,0.25,-9.0,118.0,0.4759004938252932,0.09090909090909091
573-A,1,92,0.25,-9.0,118.5,0.487503260361531,0.07317073170731707
573-A,1,92,0.25,-9.0,119.0,0.46129392631217236,0.046511627906976744
573-A,1,93,0.25,-7.0,106.0,0.2544555790313525,0.1590909090909091
573-A,1,93,0.25,-7.5,106.0,0.4227850806066965,0.13043478260869565
573-A,1,93,0.25,-7.5,106.5,0.4772543746864024,0.13333333333333333
573-A,1,93,0.25,-7.5,107.0,0.5173103168973695,0.1282051282051282
573-A,1,93,0.25,-7.5,107.5,0.3886899659689883,0.14893617021276595
573-A,1,93,0.25,-8.0,107.5,0.5369595466485939,0.10638297872340426
573-A,1,93,0.25,-8.0,108.0,0.5150094485151202,0.11363636363636363
573-A,1,93,0.25,-8.0,108.5,0.5277073436299773,0.10416666666666667
573-A,1,93,0.25,-8.0,109.0,0.5139142956490187,0.07142857142857142
573-A,1,93,0.25,-8.0,109.5,0.5366939238432621,0.10869565217391304
573-A,1,93,0.25,-8.5,109.5,0.4666663626273331,0.13333333333333333
573-A,1,93,0.25,-8.5,110.0,0.5385941247002397,0.11363636363636363
573-A,1,93,0.25,-8.5,110.5,0.532381002978246,0.15555555555555556
573-A,1,93,0.25,-8.5,111.0,0.5246855667808981,0.11627906976744186
573-A,1,93,0.25,-8.5,111.5,0.5431929829608797,0.0975609756097561
573-A,1,93,0.25,-8.5,112.0,0.5270461029257387,0.10869565217391304
573-A,1,93,0.25,-8.5,112.5,0.5497468705876232,0.09302325581395349
573-A,1,93,0.25,-8.5,113.0,0.5289525569168196,0.10638297872340426
573-A,1,93,0.25,-8.5,113.5,0.5344048162083405,0.06818181818181818
573-A,1,93,0.25,-8.5,114.0,0.5603327562621965,0.09090909090909091
573-A,1,93,0.25,-8.5,114.5,0.5258309238212476,0.1111111111111111
573-A,1,93,0.25,-8.5,115.5,0.48825419037605144,0.11627906976744186
573-A,1,93,0.25,-9.0,114.5,0.5765069117956634,0.11363636363636363
573-A,1,93,0.25,-9.0,115.0,0.5545259416543573,0.09090909090909091
573-A,1,93,0.25,-9.0,115.5,0.49494501055290874,0.09090909090909091
573-A,1,93,0.25,-9.0,117.0,0.5015847756531457,0.09302325581395349
573-A,1,93,0.25,-9.0,117.5,0.5189431713929598,0.11363636363636363
573-A,1,93,0.25,-9.0,118.0,0.4870474843647197,0.11363636363636363
573-A,1,93,0.25,-9.0,118.5,0.5038392033456123,0.07317073170731707
573-A,1,93,0.25,-9.0,119.0,0.4593517708256526,0.046511627906976744
573-A,1,94,0.25,-7.0,106.0,0.2150387104399989,0.1590909090909091
573-A,1,94,0.25,-7.5,106.0,0.3748850519889345,0.13043478260869565
573-A,1,94,0.25,-7.5,106.5,0.4349624728215421,0.13333333333333333
573-A,1,94,0.25,-7.5,107.0,0.4948564945193946,0.1282051282051282
573-A,1,94,0.25,-7.5,107.5,0.38379880763522845,0.14893617021276595
573-A,1,94,0.25,-8.0,107.5,0.4952606410561694,0.0851063829787234
573-A,1,94,0.25,-8.0,108.0,0.48070573929134075,0.11363636363636363
573-A,1,94,0.25,-8.0,108.5,0.5000435034442299,0.10416666666666667
573-A,1,94,0.25,-8.0,109.0,0.4737424283655347,0.07142857142857142
573-A,1,94,0.25,-8.0,109.5,0.4834765035203299,0.10869565217391304
573-A,1,94,0.25,-8.5,109.5,0.4312813148637039,0.13333333333333333
573-A,1,94,0.25,-8.5,110.0,0.4968732331208202,0.11363636363636363
573-A,1,94,0.25,-8.5,110.5,0.4701641004165793,0.15555555555555556
573-A,1,94,0.25,-8.5,111.0,0.46711350453217027,0.11627906976744186
573-A,1,94,0.25,-8.5,111.5,0.4752996291048407,0.0975609756097561
573-A,1,94,0.25,-8.5,112.0,0.4658630867841572,0.10869565217391304
573-A,1,94,0.25,-8.5,112.5,0.4939656639692208,0.09302325581395349
573-A,1,94,0.25,-8.5,113.0,0.48486930211795043,0.10638297872340426
573-A,1,94,0.25,-8.5,113.5,0.500966658479358,0.06818181818181818
573-A,1,94,0.25,-8.5,114.0,0.5184607814534354,0.09090909090909091
573-A,1,94,0.25,-8.5,114.5,0.4860731791881774,0.1111111111111111
573-A,1,94,0.25,-8.5,115.5,0.43499762906152073,0.11627906976744186
573-A,1,94,0.25,-9.0,114.5,0.5249383201178863,0.11363636363636363
573-A,1,94,0.25,-9.0,115.0,0.5015584335654497,0.09090909090909091
573-A,1,94,0.25,-9.0,115.5,0.46033956938390186,0.09090909090909091
573-A,1,94,0.25,-9.0,117.0,0.45206514612375326,0.09302325581395349
573-A,1,94,0.25,-9.0,117.5,0.4587557323602355,0.11363636363636363
573-A,1,94,0.25,-9.0,118.0,0.4123504218563697,0.11363636363636363
573-A,1,94,0.25,-9.0,118.5,0.4264990515046678,0.07317073170731707
573-A,1,94,0.25,-9.0,119.0,0.4068695171091008,0.046511627906976744
573-A,1,95,0.25,-7.0,106.0,0.2278458452764398,0.25
573-A,1,95,0.25,-7.5,106.0,0.37279938948774216,0.21739130434782608
573-A,1,95,0.25,-7.5,106.5,0.4120051691336344,0.2222222222222222
573-A,1,95,0.25,-7.5,107.0,0.4373832927955029,0.1794871794871795
573-A,1,95,0.25,-7.5,107.5,0.335148693772069,0.19148936170212766
573-A,1,95,0.25,-8.0,107.5,0.42672168495942786,0.19148936170212766
573-A,1,95,0.25,-8.0,108.0,0.4108770203786558,0.18181818181818182
573-A,1,95,0.25,-8.0,108.5,0.4300955584226397,0.16666666666666666
573-A,1,95,0.25,-8.0,109.0,0.4113633729426823,0.14285714285714285
573-A,1,95,0.25,-8.0,109.5,0.40882322740839816,0.15217391304347827
573-A,1,95,0.25,-8.5,109.5,0.35068371795259157,0.2
573-A,1,95,0.25,-8.5,110.0,0.4274147754966755,0.1590909090909091
573-A,1,95,0.25,-8.5,110.5,0.3922978120986166,0.2
573-A,1,95,0.25,-8.5,111.0,0.38279644547302205,0.16279069767441862
573-A,1,95,0.25,-8.5,111.5,0.3922599910333038,0.14634146341463414
573-A,1,95,0.25,-8.5,112.0,0.3775259043361202,0.15217391304347827
573-A,1,95,0.25,-8.5,112.5,0.40628444021729604,0.13953488372093023
573-A,1,95,0.25,-8.5,113.0,0.3909137691582759,0.14893617021276595
573-A,1,95,0.25,-8.5,113.5,0.4090043906600257,0.1590909090909091
573-A,1,95,0.25,-8.5,114.0,0.4318708737495669,0.1590909090909091
573-A,1,95,0.25,-8.5,114.5,0.4091844557047386,0.17777777777777778
573-A,1,95,0.25,-8.5,115.5,0.3637902286409368,0.16279069767441862
573-A,1,95,0.25,-9.0,114.5,0.4180338221879165,0.18181818181818182
573-A,1,95,0.25,-9.0,115.0,0.40838048199338817,0.1590909090909091
573-A,1,95,0.25,-9.0,115.5,0.38201632586521295,0.1590909090909091
573-A,1,95,0.25,-9.0,117.0,0.36055443084021555,0.11627906976744186
573-A,1,95,0.25,-9.0,117.5,0.36146148501013864,0.1590909090909091
573-A,1,95,0.25,-9.0,118.0,0.31818897955376757,0.1590909090909091
573-A,1,95,0.25,-9.0,118.5,0.34219529259228354,0.12195121951219512
573-A,1,95,0.25,-9.0,119.0,0.31300747971008647,0.09302325581395349
573-A,1,96,0.25,-7.0,106.0,0.22848855678023705,0.22727272727272727
573-A,1,96,0.25,-7.5,106.0,0.3086681293522846,0.1956521739130435
573-A,1,96,0.25,-7.5,106.5,0.37674111996153203,0.17777777777777778
573-A,1,96,0.25,-7.5,107.0,0.41615535938210835,0.1282051282051282
573-A,1,96,0.25,-7.5,107.5,0.33063894503863667,0.14893617021276595
573-A,1,96,0.25,-8.0,107.5,0.4211962752118925,0.1702127659574468
573-A,1,96,0.25,-8.0,108.0,0.3854003291589442,0.13636363636363635
573-A,1,96,0.25,-8.0,108.5,0.405723686009541,0.14583333333333334
573-A,1,96,0.25,-8.0,109.0,0.4065709440732117,0.09523809523809523
573-A,1,96,0.25,-8.0,109.5,0.38930447526434564,0.13043478260869565
573-A,1,96,0.25,-8.5,109.5,0.3279514570800025,0.17777777777777778
573-A,1,96,0.25,-8.5,110.0,0.40143068472051613,0.1590909090909091
573-A,1,96,0.25,-8.5,110.5,0.3677343142065146,0.15555555555555556
573-A,1,96,0.25,-8.5,111.0,0.35236874508582194,0.11627906976744186
573-A,1,96,0.25,-8.5,111.5,0.3636049235313439,0.0975609756097561
573-A,1,96,0.25,-8.5,112.0,0.351323930790036,0.13043478260869565
573-A,1,96,0.25,-8.5,112.5,0.36582218570589276,0.13953488372093023
573-A,1,96,0.25,-8.5,113.0,0.35610894796885073,0.14893617021276595
573-A,1,96,0.25,-8.5,113.5,0.3671950452785019,0.1590909090909091
573-A,1,96,0.25,-8.5,114.0,0.3904337240123593,0.1590909090909091
573-A,1,96,0.25,-8.5,114.5,0.39041220946691735,0.17777777777777778
573-A,1,96,0.25,-8.5,115.5,0.3565073241382154,0.16279069767441862
573-A,1,96,0.25,-9.0,114.5,0.3641765490141041,0.13636363636363635
573-A,1,96,0.25,-9.0,115.0,0.3537671669480198,0.1590909090909091
573-A,1,96,0.25,-9.0,115.5,0.3252536209780651,0.1590909090909091
573-A,1,96,0.25,-9.0,117.0,0.33798567545319724,0.09302325581395349
573-A,1,96,0.25,-9.0,117.5,0.3424406020739609,0.13636363636363635
573-A,1,96,0.25,-9.0,118.0,0.30684536638610127,0.13636363636363635
573-A,1,96,0.25,-9.0,118.5,0.31455792998698184,0.12195121951219512
573-A,1,96,0.25,-9.0,119.0,0.25474838002993005,0.11627906976744186
573-A,1,97,0.25,-7.0,106.0,0.16423218137761908,0.3181818181818182
573-A,1,97,0.25,-7.5,106.0,0.21922808356386547,0.30434782608695654
573-A,1,97,0.25,-7.5,106.5,0.28027850079444716,0.26666666666666666
573-A,1,97,0.25,-7.5,107.0,0.32360269336623193,0.23076923076923078
573-A,1,97,0.25,-7.5,107.5,0.2890597013970627,0.2765957446808511
573-A,1,97,0.25,-8.0,107.5,0.3282521628239973,0.2553191489361702
573-A,1,97,0.25,-8.0,108.0,0.308494165256083,0.22727272727272727
573-A,1,97,0.25,-8.0,108.5,0.3153657893886399,0.25
573-A,1,97,0.25,-8.0,109.0,0.3138064534010623,0.19047619047619047
573-A,1,97,0.25,-8.0,109.5,0.32030274602052244,0.2391304347826087
573-A,1,97,0.25,-8.5,109.5,0.25306656922206017,0.24444444444444444
573-A,1,97,0.25,-8.5,110.0,0.3296344631611783,0.22727272727272727
573-A,1,97,0.25,-8.5,110.5,0.2979114776537797,0.24444444444444444
573-A,1,97,0.25,-8.5,111.0,0.2823558384144079,0.18604651162790697
573-A,1,97,0.25,-8.5,111.5,0.2940674755873306,0.21951219512195122
573-A,1,97,0.25,-8.5,112.0,0.2920632078151437,0.2391304347826087
573-A,1,97,0.25,-8.5,112.5,0.30288844041407703,0.2558139534883721
573-A,1,97,0.25,-8.5,113.0,0.31046637071573835,0.23404255319148937
573-A,1,97,0.25,-8.5,113.5,0.32629454869042385,0.2727272727272727
573-A,1,97,0.25,-8.5,114.0,0.344978019250496,0.2727272727272727
573-A,1,97,0.25,-8.5,114.5,0.31153671205773914,0.26666666666666666
573-A,1,97,0.25,-8.5,115.5,0.2936362207240639,0.3023255813953488
573-A,1,97,0.25,-9.0,114.5,0.2934087432460879,0.25
573-A,1,97,0.25,-9.0,115.0,0.28903832119997186,0.2727272727272727
573-A,1,97,0.25,-9.0,115.5,0.24633006381985045,0.29545454545454547
573-A,1,97,0.25,-9.0,117.0,0.26681171640172496,0.20930232558139536
573-A,1,97,0.25,-9.0,117.5,0.2771072679342821,0.2727272727272727
573-A,1,97,0.25,-9.0,118.0,0.24855431952185414,0.2727272727272727
573-A,1,97,0.25,-9.0,118.5,0.24015808450040166,0.2682926829268293
573-A,1,97,0.25,-9.0,119.0,0.18340616416407796,0.20930232558139536
573-A,2,70,0.25,-7.0,106.0,-0.9603625448787079,0.17073170731707318
573-A,2,70,0.25,-7.5,106.0,-0.8933511119317659,0.21739130434782608
573-A,2,70,0.25,-7.5,106.5,-0.8478922651284646,0.1702127659574468
573-A,2,70,0.25,-7.5,107.0,-0.7338766029389558,0.1590909090909091
573-A,2,70,0.25,-7.5,107.5,-0.8315425274008266,0.2
573-A,2,70,0.25,-8.0,107.5,-0.5533543230465929,0.15555555555555556
573-A,2,70,0.25,-8.0,108.0,-0.447607810528156,0.13333333333333333
573-A,2,70,0.25,-8.0,108.5,-0.5357117575776265,0.1590909090909091
573-A,2,70,0.25,-8.0,109.0,-0.6751443941406299,0.16279069767441862
573-A,2,70,0.25,-8.0,109.5,-0.6330071992727606,0.16279069767441862
573-A,2,70,0.25,-8.5,109.5,-0.486868524887073,0.13636363636363635
573-A,2,70,0.25,-8.5,110.0,-0.5479759953939503,0.13953488372093023
573-A,2,70,0.25,-8.5,110.5,-0.5283494449559247,0.13953488372093023
573-A,2,70,0.25,-8.5,111.0,-0.5367590375185312,0.1276595744680851
573-A,2,70,0.25,-8.5,111.5,-0.6195415256857897,0.14285714285714285
573-A,2,70,0.25,-8.5,112.0,-0.7525782285143463,0.20454545454545456
573-A,2,70,0.25,-8.5,112.5,-0.5010619121687427,0.1590909090909091
573-A,2,70,0.25,-8.5,113.0,-0.5751035993839606,0.1956521739130435
573-A,2,70,0.25,-8.5,113.5,-0.5678873261769228,0.17391304347826086
573-A,2,70,0.25,-8.5,114.0,-0.579028821897865,0.15555555555555556
573-A,2,70,0.25,-8.5,114.5,-0.7858122949139814,0.18604651162790697
573-A,2,70,0.25,-8.5,115.5,-0.44056391827499897,0.13953488372093023
573-A,2,70,0.25,-9.0,114.5,-0.3995063116362103,0.1590909090909091
573-A,2,70,0.25,-9.0,115.0,-0.43545809521694734,0.13636363636363635
573-A,2,70,0.25,-9.0,115.5,-0.4814107932579481,0.13043478260869565
573-A,2,70,0.25,-9.0,117.0,-0.6903218253484096,0.15217391304347827
573-A,2,70,0.25,-9.0,117.5,-0.6908663320600454,0.15
573-A,2,70,0.25,-9.0,118.0,-0.7401449556896655,0.13636363636363635
573-A,2,70,0.25,-9.0,118.5,-0.5605795537391787,0.13043478260869565
573-A,2,70,0.25,-9.0,119.0,-0.45137072166317527,0.13043478260869565
573-A,2,71,0.25,-7.0,106.0,-0.7980424009938156,0.1951219512195122
573-A,2,71,0.25,-7.5,106.0,-0.7472338866947323,0.21739130434782608
573-A,2,71,0.25,-7.5,106.5,-0.7008376311368525,0.19148936170212766
573-A,2,71,0.25,-7.5,107.0,-0.6113004420573283,0.18181818181818182
573-A,2,71,0.25,-7.5,107.5,-0.7125848405890542,0.2222222222222222
573-A,2,71,0.25,-8.0,107.5,-0.4265139732992853,0.2
573-A,2,71,0.25,-8.0,108.0,-0.32543733845688716,0.15555555555555556
573-A,2,71,0.25,-8.0,108.5,-0.4183350282695739,0.18181818181818182
573-A,2,71,0.25,-8.0,109.0,-0.5459681193201815,0.18604651162790697
573-A,2,71,0.25,-8.0,109.5,-0.5072697029385937,0.18604651162790697
573-A,2,71,0.25,-8.5,109.5,-0.35839109951594983,0.18181818181818182
573-A,2,71,0.25,-8.5,110.0,-0.4132106095460901,0.18604651162790697
573-A,2,71,0.25,-8.5,110.5,-0.39501783125390233,0.18604651162790697
573-A,2,71,0.25,-8.5,111.0,-0.4068357688610853,0.1702127659574468
573-A,2,71,0.25,-8.5,111.5,-0.4767220182356948,0.16666666666666666
573-A,2,71,0.25,-8.5,112.0,-0.6043455803519817,0.22727272727272727
573-A,2,71,0.25,-8.5,112.5,-0.3628032736840572,0.20454545454545456
573-A,2,71,0.25,-8.5,113.0,-0.4373751647269897,0.21739130434782608
573-A,2,71,0.25,-8.5,113.5,-0.4299427592877416,0.21739130434782608
573-A,2,71,0.25,-8.5,114.0,-0.451712496391772,0.2
573-A,2,71,0.25,-8.5,114.5,-0.6487479800907998,0.20930232558139536
573-A,2,71,0.25,-8.5,115.5,-0.3505653219856353,0.18604651162790697
573-A,2,71,0.25,-9.0,114.5,-0.27943996556659134,0.20454545454545456
573-A,2,71,0.25,-9.0,115.0,-0.31877416910754874,0.18181818181818182
573-A,2,71,0.25,-9.0,115.5,-0.36941539764131526,0.17391304347826086
573-A,2,71,0.25,-9.0,117.0,-0.5930957732433526,0.1956521739130435
573-A,2,71,0.25,-9.0,117.5,-0.6006411735820381,0.2
573-A,2,71,0.25,-9.0,118.0,-0.6396802401639519,0.18181818181818182
573-A,2,71,0.25,-9.0,118.5,-0.4708237193976341,0.17391304347826086
573-A,2,71,0.25,-9.0,119.0,-0.36949508724059754,0.17391304347826086
573-A,2,72,0.25,-7.0,106.0,-0.7080384079832907,0.14634146341463414
573-A,2,72,0.25,-7.5,106.0,-0.667854513148167,0.17391304347826086
573-A,2,72,0.25,-7.5,106.5,-0.6268011125339223,0.1702127659574468
573-A,2,72,0.25,-7.5,107.0,-0.5248749774233952,0.1590909090909091
573-A,2,72,0.25,-7.5,107.5,-0.6239316093138436,0.15555555555555556
573-A,2,72,0.25,-8.0,107.5,-0.3391073793982078,0.15555555555555556
573-A,2,72,0.25,-8.0,108.0,-0.2513902801515442,0.13333333333333333
573-A,2,72,0.25,-8.0,108.5,-0.3460031861530599,0.13636363636363635
573-A,2,72,0.25,-8.0,109.0,-0.4646136696610008,0.16279069767441862
573-A,2,72,0.25,-8.0,109.5,-0.41931511077550954,0.16279069767441862
573-A,2,72,0.25,-8.5,109.5,-0.2910977640983625,0.11363636363636363
573-A,2,72,0.25,-8.5,110.0,-0.3202057872619797,0.11627906976744186
573-A,2,72,0.25,-8.5,110.5,-0.31369183677788715,0.11627906976744186
573-A,2,72,0.25,-8.5,111.0,-0.33032533437596756,0.1276595744680851
573-A,2,72,0.25,-8.5,111.5,-0.3884399684162805,0.11904761904761904
573-A,2,72,0.25,-8.5,112.0,-0.5161705394504934,0.20454545454545456
573-A,2,72,0.25,-8.5,112.5,-0.289731941678417,0.1590909090909091
573-A,2,72,0.25,-8.5,113.0,-0.3820102249813442,0.15217391304347827
573-A,2,72,0.25,-8.5,113.5,-0.3820151584822491,0.15217391304347827
573-A,2,72,0.25,-8.5,114.0,-0.40466041867995295,0.13333333333333333
573-A,2,72,0.25,-8.5,114.5,-0.5821886863752412,0.13953488372093023
573-A,2,72,0.25,-8.5,115.5,-0.3152976108568375,0.13953488372093023
573-A,2,72,0.25,-9.0,114.5,-0.2304574337153733,0.13636363636363635
573-A,2,72,0.25,-9.0,115.0,-0.2815967238684296,0.11363636363636363
573-A,2,72,0.25,-9.0,115.5,-0.32814372698781735,0.10869565217391304
573-A,2,72,0.25,-9.0,117.0,-0.5803738232072795,0.15217391304347827
573-A,2,72,0.25,-9.0,117.5,-0.5902945386648955,0.125
573-A,2,72,0.25,-9.0,118.0,-0.635841659815046,0.13636363636363635
573-A,2,72,0.25,-9.0,118.5,-0.4557116577081768,0.13043478260869565
573-A,2,72,0.25,-9.0,119.0,-0.3440837539248891,0.15217391304347827
573-A,2,73,0.25,-7.0,106.0,-0.581679248631455,0.17073170731707318
573-A,2,73,0.25,-7.5,106.0,-0.5672543341009313,0.21739130434782608
573-A,2,73,0.25,-7.5,106.5,-0.5207381257269066,0.19148936170212766
573-A,2,73,0.25,-7.5,107.0,-0.41139755846970627,0.18181818181818182
573-A,2,73,0.25,-7.5,107.5,-0.4752184669218973,0.17777777777777778
573-A,2,73,0.25,-8.0,107.5,-0.23174274617446344,0.2
573-A,2,73,0.25,-8.0,108.0,-0.15382407959216193,0.15555555555555556
573-A,2,73,0.25,-8.0,108.5,-0.24363347605373953,0.1590909090909091
573-A,2,73,0.25,-8.0,109.0,-0.33207712511688836,0.18604651162790697
573-A,2,73,0.25,-8.0,109.5,-0.29457826178319957,0.18604651162790697
573-A,2,73,0.25,-8.5,109.5,-0.20638159100464648,0.1590909090909091
573-A,2,73,0.25,-8.5,110.0,-0.24018413778550096,0.16279069767441862
573-A,2,73,0.25,-8.5,110.5,-0.23255500174608756,0.16279069767441862
573-A,2,73,0.25,-8.5,111.0,-0.2382835638531844,0.1702127659574468
573-A,2,73,0.25,-8.5,111.5,-0.2720312955029225,0.14285714285714285
573-A,2,73,0.25,-8.5,112.0,-0.3873443684868485,0.22727272727272727
573-A,2,73,0.25,-8.5,112.5,-0.1908301958104981,0.20454545454545456
573-A,2,73,0.25,-8.5,113.0,-0.26711017258625347,0.17391304347826086
573-A,2,73,0.25,-8.5,113.5,-0.2670968969508616,0.1956521739130435
573-A,2,73,0.25,-8.5,114.0,-0.2941019591109324,0.17777777777777778
573-A,2,73,0.25,-8.5,114.5,-0.47804022523939893,0.20930232558139536
573-A,2,73,0.25,-8.5,115.5,-0.2366199754246916,0.18604651162790697
573-A,2,73,0.25,-9.0,114.5,-0.12887572778701673,0.18181818181818182
573-A,2,73,0.25,-9.0,115.0,-0.1826795940902055,0.1590909090909091
573-A,2,73,0.25,-9.0,115.5,-0.23827259167175785,0.15217391304347827
573-A,2,73,0.25,-9.0,117.0,-0.47726036942246597,0.1956521739130435
573-A,2,73,0.25,-9.0,117.5,-0.48378336989273807,0.175
573-A,2,73,0.25,-9.0,118.0,-0.5337970692026865,0.18181818181818182
573-A,2,73,0.25,-9.0,118.5,-0.3600006271378211,0.17391304347826086
573-A,2,73,0.25,-9.0,119.0,-0.27873707560933747,0.1956521739130435
573-A,2,74,0.25,-7.0,106.0,-0.3744829563294334,0.12195121951219512
573-A,2,74,0.25,-7.5,106.0,-0.337504795908097,0.17391304347826086
573-A,2,74,0.25,-7.5,106.5,-0.2606289869714873,0.14893617021276595
573-A,2,74,0.25,-7.5,107.0,-0.14859995440265994,0.09090909090909091
573-A,2,74,0.25,-7.5,107.5,-0.18863022800600993,0.1111111111111111
573-A,2,74,0.25,-8.0,107.5,-0.012936938051753666,0.1111111111111111
573-A,2,74,0.25,-8.0,108.0,0.05530555464720299,0.08888888888888889
573-A,2,74,0.25,-8.0,108.5,-0.014964967034599708,0.09090909090909091
573-A,2,74,0.25,-8.0,109.0,-0.08701906542296922,0.09302325581395349
573-A,2,74,0.25,-8.0,109.5,-0.06481115860337372,0.09302325581395349
573-A,2,74,0.25,-8.5,109.5,0.027361226403906813,0.11363636363636363
573-A,2,74,0.25,-8.5,110.0,0.0006252556383729013,0.11627906976744186
573-A,2,74,0.25,-8.5,110.5,0.010582346529519393,0.11627906976744186
573-A,2,74,0.25,-8.5,111.0,-0.013861818418780647,0.10638297872340426
573-A,2,74,0.25,-8.5,111.5,-0.023525667776500114,0.09523809523809523
573-A,2,74,0.25,-8.5,112.0,-0.1394351893362522,0.13636363636363635
573-A,2,74,0.25,-8.5,112.5,0.039028361268189316,0.13636363636363635
573-A,2,74,0.25,-8.5,113.0,-0.039680548719495556,0.13043478260869565
573-A,2,74,0.25,-8.5,113.5,-0.036164713717158126,0.15217391304347827
573-A,2,74,0.25,-8.5,114.0,-0.08644686805808277,0.13333333333333333
573-A,2,74,0.25,-8.5,114.5,-0.26479571584972583,0.16279069767441862
573-A,2,74,0.25,-8.5,115.5,-0.045234056647676324,0.11627906976744186
573-A,2,74,0.25,-9.0,114.5,0.07057588363222067,0.13636363636363635
573-A,2,74,0.25,-9.0,115.0,0.02160222804938694,0.11363636363636363
573-A,2,74,0.25,-9.0,115.5,-0.0011383530834288003,0.10869565217391304
573-A,2,74,0.25,-9.0,117.0,-0.23576124004984655,0.13043478260869565
573-A,2,74,0.25,-9.0,117.5,-0.2830941694041289,0.125
573-A,2,74,0.25,-9.0,118.0,-0.3067595572048831,0.11363636363636363
573-A,2,74,0.25,-9.0,118.5,-0.15265579801981222,0.10869565217391304
573-A,2,74,0.25,-9.0,119.0,-0.07822049961911581,0.13043478260869565
573-A,2,75,0.25,-7.0,106.0,-0.2910324491829688,0.14634146341463414
573-A,2,75,0.25,-7.5,106.0,-0.28884269345766267,0.1956521739130435
573-A,2,75,0.25,-7.5,106.5,-0.1676319592110056,0.14893617021276595
573-A,2,75,0.25,-7.5,107.0,-0.11760560669629538,0.13636363636363635
573-A,2,75,0.25,-7.5,107.5,-0.11898761671593694,0.13333333333333333
573-A,2,75,0.25,-8.0,107.5,0.021970295665281858,0.15555555555555556
573-A,2,75,0.25,-8.0,108.0,0.10337691424208806,0.1111111111111111
573-A,2,75,0.25,-8.0,108.5,0.018149718355563893,0.13636363636363635
573-A,2,75,0.25,-8.0,109.0,-0.03779095288454015,0.13953488372093023
573-A,2,75,0.25,-8.0,109.5,-0.00750639452137869,0.13953488372093023
573-A,2,75,0.25,-8.5,109.5,0.0629588503541435,0.1590909090909091
573-A,2,75,0.25,-8.5,110.0,0.06435964704319219,0.13953488372093023
573-A,2,75,0.25,-8.5,110.5,0.07318750859815637,0.16279069767441862
573-A,2,75,0.25,-8.5,111.0,0.058142482446280064,0.14893617021276595
573-A,2,75,0.25,-8.5,111.5,0.06973637201538363,0.14285714285714285
573-A,2,75,0.25,-8.5,112.0,-0.02977678226102265,0.1590909090909091
573-A,2,75,0.25,-8.5,112.5,0.11977148173452934,0.1590909090909091
573-A,2,75,0.25,-8.5,113.0,0.05079465887620471,0.15217391304347827
573-A,2,75,0.25,-8.5,113.5,0.06807997843563174,0.17391304347826086
573-A,2,75,0.25,-8.5,114.0,0.010454448474504052,0.15555555555555556
573-A,2,75,0.25,-8.5,114.5,-0.1454563185350144,0.18604651162790697
573-A,2,75,0.25,-8.5,115.5,0.054616098970589055,0.11627906976744186
573-A,2,75,0.25,-9.0,114.5,0.14569415394582053,0.1590909090909091
573-A,2,75,0.25,-9.0,115.0,0.10774198714390226,0.11363636363636363
573-A,2,75,0.25,-9.0,115.5,0.10728269880295938,0.15217391304347827
573-A,2,75,0.25,-9.0,117.0,-0.1665793335839305,0.17391304347826086
573-A,2,75,0.25,-9.0,117.5,-0.20423801502206884,0.175
573-A,2,75,0.25,-9.0,118.0,-0.22054597443670354,0.1590909090909091
573-A,2,75,0.25,-9.0,118.5,-0.0950113799383836,0.15217391304347827
573-A,2,75,0.25,-9.0,119.0,0.0006246622304992844,0.13043478260869565
573-A,2,76,0.25,-7.0,106.0,-0.14217506450247752,0.12195121951219512
573-A,2,76,0.25,-7.5,106.0,-0.14351021878421966,0.17391304347826086
573-A,2,76,0.25,-7.5,106.5,-0.03399572373444881,0.1276595744680851
573-A,2,76,0.25,-7.5,107.0,0.03511291263371985,0.11363636363636363
573-A,2,76,0.25,-7.5,107.5,-0.0029074764045460277,0.1111111111111111
573-A,2,76,0.25,-8.0,107.5,0.13240393620402102,0.1111111111111111
573-A,2,76,0.25,-8.0,108.0,0.2213396741542366,0.08888888888888889
573-A,2,76,0.25,-8.0,108.5,0.16195133301887632,0.11363636363636363
573-A,2,76,0.25,-8.0,109.0,0.10247050702861793,0.11627906976744186
573-A,2,76,0.25,-8.0,109.5,0.12655571796831644,0.11627906976744186
573-A,2,76,0.25,-8.5,109.5,0.1766324561498076,0.11363636363636363
573-A,2,76,0.25,-8.5,110.0,0.1917632990571665,0.09302325581395349
573-A,2,76,0.25,-8.5,110.5,0.21013630062330013,0.11627906976744186
573-A,2,76,0.25,-8.5,111.0,0.192001042633954,0.10638297872340426
573-A,2,76,0.25,-8.5,111.5,0.206828328074384,0.11904761904761904
573-A,2,76,0.25,-8.5,112.0,0.10842075757789993,0.13636363636363635
573-A,2,76,0.25,-8.5,112.5,0.23543486793330548,0.11363636363636363
573-A,2,76,0.25,-8.5,113.0,0.15471793976152304,0.13043478260869565
573-A,2,76,0.25,-8.5,113.5,0.16672744858642397,0.15217391304347827
573-A,2,76,0.25,-8.5,114.0,0.1082625283951858,0.1111111111111111
573-A,2,76,0.25,-8.5,114.5,-0.03320536448266331,0.13953488372093023
573-A,2,76,0.25,-8.5,115.5,0.16333383350608888,0.09302325581395349
573-A,2,76,0.25,-9.0,114.5,0.23707628600651276,0.13636363636363635
573-A,2,76,0.25,-9.0,115.0,0.2063650671570636,0.09090909090909091
573-A,2,76,0.25,-9.0,115.5,0.24298458055440897,0.10869565217391304
573-A,2,76,0.25,-9.0,117.0,-0.028023693477099876,0.13043478260869565
573-A,2,76,0.25,-9.0,117.5,-0.07289161520669896,0.125
573-A,2,76,0.25,-9.0,118.0,-0.08830096763764961,0.11363636363636363
573-A,2,76,0.25,-9.0,118.5,0.030047740866652295,0.10869565217391304
573-A,2,76,0.25,-9.0,119.0,0.10968478535535986,0.08695652173913043
573-A,2,77,0.25,-7.0,106.0,-0.047834218393785655,0.12195121951219512
573-A,2,77,0.25,-7.5,106.0,-0.06491105529653707,0.17391304347826086
573-A,2,77,0.25,-7.5,106.5,0.03401040871230354,0.1276595744680851
573-A,2,77,0.25,-7.5,107.0,0.08967871640527159,0.11363636363636363
573-A,2,77,0.25,-7.5,107.5,0.04724478129363907,0.13333333333333333
573-A,2,77,0.25,-8.0,107.5,0.17198252950887427,0.1111111111111111
573-A,2,77,0.25,-8.0,108.0,0.24829038752995625,0.08888888888888889
573-A,2,77,0.25,-8.0,108.5,0.2043735662836882,0.11363636363636363
573-A,2,77,0.25,-8.0,109.0,0.15634436160110576,0.11627906976744186
573-A,2,77,0.25,-8.0,109.5,0.18273975702743073,0.11627906976744186
573-A,2,77,0.25,-8.5,109.5,0.20524153990448357,0.11363636363636363
573-A,2,77,0.25,-8.5,110.0,0.21924588959548574,0.09302325581395349
573-A,2,77,0.25,-8.5,110.5,0.23543604558874864,0.11627906976744186
573-A,2,77,0.25,-8.5,111.0,0.2257719564048678,0.10638297872340426
573-A,2,77,0.25,-8.5,111.5,0.2637180522572453,0.11904761904761904
573-A,2,77,0.25,-8.5,112.0,0.18652575650077907,0.13636363636363635
573-A,2,77,0.25,-8.5,112.5,0.28406041487985356,0.11363636363636363
573-A,2,77,0.25,-8.5,113.0,0.2196021148563897,0.13043478260869565
573-A,2,77,0.25,-8.5,113.5,0.22886136965449444,0.15217391304347827
573-A,2,77,0.25,-8.5,114.0,0.17458803448838478,0.1111111111111111
573-A,2,77,0.25,-8.5,114.5,0.05635403818037865,0.16279069767441862
573-A,2,77,0.25,-8.5,115.5,0.22078777900477597,0.11627906976744186
573-A,2,77,0.25,-9.0,114.5,0.279863451117353,0.13636363636363635
573-A,2,77,0.25,-9.0,115.0,0.2605509698595627,0.09090909090909091
573-A,2,77,0.25,-9.0,115.5,0.30630193116503523,0.10869565217391304
573-A,2,77,0.25,-9.0,117.0,0.038692669592501616,0.13043478260869565
573-A,2,77,0.25,-9.0,117.5,0.006867560053404609,0.125
573-A,2,77,0.25,-9.0,118.0,-0.004748227120663584,0.11363636363636363
573-A,2,77,0.25,-9.0,118.5,0.09331810782066985,0.10869565217391304
573-A,2,77,0.25,-9.0,119.0,0.15083379496446003,0.10869565217391304
573-A,2,78,0.25,-7.0,106.0,0.0100687002580101,0.0975609756097561
573-A,2,78,0.25,-7.5,106.0,-0.004477694392249987,0.15217391304347827
573-A,2,78,0.25,-7.5,106.5,0.1092158515524958,0.10638297872340426
573-A,2,78,0.25,-7.5,107.0,0.20111757895890037,0.09090909090909091
573-A,2,78,0.25,-7.5,107.5,0.11650001410981226,0.08888888888888889
573-A,2,78,0.25,-8.0,107.5,0.22631556004286046,0.08888888888888889
573-A,2,78,0.25,-8.0,108.0,0.3123083422147982,0.06666666666666667
573-A,2,78,0.25,-8.0,108.5,0.2833075997389962,0.09090909090909091
573-A,2,78,0.25,-8.0,109.0,0.22152892272426716,0.09302325581395349
573-A,2,78,0.25,-8.0,109.5,0.2461092137298051,0.09302325581395349
573-A,2,78,0.25,-8.5,109.5,0.2712465906273245,0.09090909090909091
573-A,2,78,0.25,-8.5,110.0,0.28250938534765524,0.06976744186046512
573-A,2,78,0.25,-8.5,110.5,0.3009149761368085,0.09302325581395349
573-A,2,78,0.25,-8.5,111.0,0.2799986967075575,0.0851063829787234
573-A,2,78,0.25,-8.5,111.5,0.3036397834773915,0.09523809523809523
573-A,2,78,0.25,-8.5,112.0,0.22395384099697313,0.09090909090909091
573-A,2,78,0.25,-8.5,112.5,0.3096139029814948,0.06818181818181818
573-A,2,78,0.25,-8.5,113.0,0.2198664719051172,0.08695652173913043
573-A,2,78,0.25,-8.5,113.5,0.22431144655683632,0.13043478260869565
573-A,2,78,0.25,-8.5,114.0,0.19224089785263365,0.06666666666666667
573-A,2,78,0.25,-8.5,114.5,0.11143956195492899,0.11627906976744186
573-A,2,78,0.25,-8.5,115.5,0.24079584169739732,0.09302325581395349
573-A,2,78,0.25,-9.0,114.5,0.3241195817323965,0.11363636363636363
573-A,2,78,0.25,-9.0,115.0,0.3093100731221693,0.06818181818181818
573-A,2,78,0.25,-9.0,115.5,0.3630319836156446,0.08695652173913043
573-A,2,78,0.25,-9.0,117.0,0.10677650653093962,0.08695652173913043
573-A,2,78,0.25,-9.0,117.5,0.08351145707739005,0.1
573-A,2,78,0.25,-9.0,118.0,0.07550641662969049,0.09090909090909091
573-A,2,78,0.25,-9.0,118.5,0.17427964075455138,0.08695652173913043
573-A,2,78,0.25,-9.0,119.0,0.21077124266590597,0.10869565217391304
573-A,2,79,0.25,-7.0,106.0,0.14474833795202935,0.07317073170731707
573-A,2,79,0.25,-7.5,106.0,0.14953395502932776,0.08695652173913043
573-A,2,79,0.25,-7.5,106.5,0.2700890497057131,0.06382978723404255
573-A,2,79,0.25,-7.5,107.0,0.325893663450179,0.06818181818181818
573-A,2,79,0.25,-7.5,107.5,0.2472517934426146,0.044444444444444446
573-A,2,79,0.25,-8.0,107.5,0.36466134752271684,0.06666666666666667
573-A,2,79,0.25,-8.0,108.0,0.4399511758570087,0.044444444444444446
573-A,2,79,0.25,-8.0,108.5,0.38484467679049394,0.06818181818181818
573-A,2,79,0.25,-8.0,109.0,0.3433854153662268,0.06976744186046512
573-A,2,79,0.25,-8.0,109.5,0.371126243977835,0.06976744186046512
573-A,2,79,0.25,-8.5,109.5,0.36217779406850015,0.06818181818181818
573-A,2,79,0.25,-8.5,110.0,0.3943461258900123,0.046511627906976744
573-A,2,79,0.25,-8.5,110.5,0.4109998201001088,0.06976744186046512
573-A,2,79,0.25,-8.5,111.0,0.40618412263981885,0.06382978723404255
573-A,2,79,0.25,-8.5,111.5,0.4452553867954835,0.07142857142857142
573-A,2,79,0.25,-8.5,112.0,0.37705058476443487,0.06818181818181818
573-A,2,79,0.25,-8.5,112.5,0.45718480615196777,0.045454545454545456
573-A,2,79,0.25,-8.5,113.0,0.40564279249956336,0.06521739130434782
573-A,2,79,0.25,-8.5,113.5,0.4129037372952572,0.10869565217391304
573-A,2,79,0.25,-8.5,114.0,0.38955370925839927,0.044444444444444446
573-A,2,79,0.25,-8.5,114.5,0.27889946280510036,0.06976744186046512
573-A,2,79,0.25,-8.5,115.5,0.3874905180383731,0.046511627906976744
573-A,2,79,0.25,-9.0,114.5,0.45073987084951095,0.09090909090909091
573-A,2,79,0.25,-9.0,115.0,0.44274070530224885,0.045454545454545456
573-A,2,79,0.25,-9.0,115.5,0.493982940278231,0.06521739130434782
573-A,2,79,0.25,-9.0,117.0,0.24422984562849148,0.06521739130434782
573-A,2,79,0.25,-9.0,117.5,0.2268825576772231,0.075
573-A,2,79,0.25,-9.0,118.0,0.22630348654919863,0.06818181818181818
573-A,2,79,0.25,-9.0,118.5,0.3055807426879651,0.06521739130434782
573-A,2,79,0.25,-9.0,119.0,0.3320399464118504,0.06521739130434782
573-A,2,80,0.25,-7.0,106.0,0.21227884864783686,0.0975609756097561
573-A,2,80,0.25,-7.5,106.0,0.20922570016474462,0.08695652173913043
573-A,2,80,0.25,-7.5,106.5,0.35195853549652845,0.0851063829787234
573-A,2,80,0.25,-7.5,107.0,0.42570520431457437,0.06818181818181818
573-A,2,80,0.25,-7.5,107.5,0.3594247985503667,0.06666666666666667
573-A,2,80,0.25,-8.0,107.5,0.45675055052296154,0.06666666666666667
573-A,2,80,0.25,-8.0,108.0,0.5097858504750611,0.06666666666666667
573-A,2,80,0.25,-8.0,108.5,0.4784885607573316,0.09090909090909091
573-A,2,80,0.25,-8.0,109.0,0.43142818712159725,0.06976744186046512
573-A,2,80,0.25,-8.0,109.5,0.47136570658402865,0.06976744186046512
573-A,2,80,0.25,-8.5,109.5,0.4032176123071616,0.06818181818181818
573-A,2,80,0.25,-8.5,110.0,0.4495464291389969,0.046511627906976744
573-A,2,80,0.25,-8.5,110.5,0.4689679301988421,0.06976744186046512
573-A,2,80,0.25,-8.5,111.0,0.4843367056025283,0.06382978723404255
573-A,2,80,0.25,-8.5,111.5,0.526719316206471,0.07142857142857142
573-A,2,80,0.25,-8.5,112.0,0.4642874074985922,0.09090909090909091
573-A,2,80,0.25,-8.5,112.5,0.5371204081929324,0.045454545454545456
573-A,2,80,0.25,-8.5,113.0,0.48077497102392697,0.043478260869565216
573-A,2,80,0.25,-8.5,113.5,0.4784792363676724,0.08695652173913043
573-A,2,80,0.25,-8.5,114.0,0.4651547145421002,0.044444444444444446
573-A,2,80,0.25,-8.5,114.5,0.33318959376302293,0.06976744186046512
573-A,2,80,0.25,-8.5,115.5,0.427587546943057,0.06976744186046512
573-A,2,80,0.25,-9.0,114.5,0.4934003684072219,0.06818181818181818
573-A,2,80,0.25,-9.0,115.0,0.48771820746724925,0.045454545454545456
573-A,2,80,0.25,-9.0,115.5,0.5403347239458376,0.06521739130434782
573-A,2,80,0.25,-9.0,117.0,0.30996379967318877,0.06521739130434782
573-A,2,80,0.25,-9.0,117.5,0.3012804059567742,0.075
573-A,2,80,0.25,-9.0,118.0,0.3004880839140184,0.06818181818181818
573-A,2,80,0.25,-9.0,118.5,0.3707305633004174,0.06521739130434782
573-A,2,80,0.25,-9.0,119.0,0.3933226312789775,0.06521739130434782
573-A,2,81,0.25,-7.0,106.0,0.2594194094439819,0.04878048780487805
573-A,2,81,0.25,-7.5,106.0,0.25668986612321865,0.08695652173913043
573-A,2,81,0.25,-7.5,106.5,0.4159285017798193,0.06382978723404255
573-A,2,81,0.25,-7.5,107.0,0.44921966370481337,0.045454545454545456
573-A,2,81,0.25,-7.5,107.5,0.37453768987317426,0.022222222222222223
573-A,2,81,0.25,-8.0,107.5,0.47876514113918167,0.06666666666666667
573-A,2,81,0.25,-8.0,108.0,0.5255122163798458,0.022222222222222223
573-A,2,81,0.25,-8.0,108.5,0.49656889302557683,0.045454545454545456
573-A,2,81,0.25,-8.0,109.0,0.4438262292731686,0.046511627906976744
573-A,2,81,0.25,-8.0,109.5,0.49604397922040333,0.046511627906976744
573-A,2,81,0.25,-8.5,109.5,0.4174824006295884,0.06818181818181818
573-A,2,81,0.25,-8.5,110.0,0.4713776205375635,0.046511627906976744
573-A,2,81,0.25,-8.5,110.5,0.49290718223858954,0.06976744186046512
573-A,2,81,0.25,-8.5,111.0,0.5041187299415147,0.06382978723404255
573-A,2,81,0.25,-8.5,111.5,0.5575517213427283,0.047619047619047616
573-A,2,81,0.25,-8.5,112.0,0.47642186214680626,0.06818181818181818
573-A,2,81,0.25,-8.5,112.5,0.5629660856798129,0.045454545454545456
573-A,2,81,0.25,-8.5,113.0,0.49686740866583046,0.043478260869565216
573-A,2,81,0.25,-8.5,113.5,0.4935037341240267,0.10869565217391304
573-A,2,81,0.25,-8.5,114.0,0.46918573275267006,0.044444444444444446
573-A,2,81,0.25,-8.5,114.5,0.3683857258987976,0.06976744186046512
573-A,2,81,0.25,-8.5,115.5,0.4379411229823389,0.046511627906976744
573-A,2,81,0.25,-9.0,114.5,0.5072146939403127,0.09090909090909091
573-A,2,81,0.25,-9.0,115.0,0.5032355567398292,0.045454545454545456
573-A,2,81,0.25,-9.0,115.5,0.5759443622851164,0.06521739130434782
573-A,2,81,0.25,-9.0,117.0,0.33529133399579536,0.06521739130434782
573-A,2,81,0.25,-9.0,117.5,0.3090171955018629,0.075
573-A,2,81,0.25,-9.0,118.0,0.32587862631151476,0.06818181818181818
573-A,2,81,0.25,-9.0,118.5,0.37729395256224996,0.06521739130434782
573-A,2,81,0.25,-9.0,119.0,0.4098325278100733,0.06521739130434782
573-A,2,82,0.25,-7.0,106.0,0.2579962595388585,0.04878048780487805
573-A,2,82,0.25,-7.5,106.0,0.2773037574946704,0.06521739130434782
573-A,2,82,0.25,-7.5,106.5,0.45030016094735725,0.0425531914893617
573-A,2,82,0.25,-7.5,107.0,0.4870861819333864,0.06818181818181818
573-A,2,82,0.25,-7.5,107.5,0.40357824831387745,0.022222222222222223
573-A,2,82,0.25,-8.0,107.5,0.5343405395828118,0.06666666666666667
573-A,2,82,0.25,-8.0,108.0,0.5651374530427999,0.044444444444444446
573-A,2,82,0.25,-8.0,108.5,0.5688313490547723,0.06818181818181818
573-A,2,82,0.25,-8.0,109.0,0.4983573178088657,0.06976744186046512
573-A,2,82,0.25,-8.0,109.5,0.5460332415046965,0.06976744186046512
573-A,2,82,0.25,-8.5,109.5,0.47987796332431354,0.06818181818181818
573-A,2,82,0.25,-8.5,110.0,0.5270800822211166,0.046511627906976744
573-A,2,82,0.25,-8.5,110.5,0.5436468882610029,0.06976744186046512
573-A,2,82,0.25,-8.5,111.0,0.5490354006809703,0.06382978723404255
573-A,2,82,0.25,-8.5,111.5,0.5974967200367478,0.07142857142857142
573-A,2,82,0.25,-8.5,112.0,0.5152281625146908,0.09090909090909091
573-A,2,82,0.25,-8.5,112.5,0.6013693651785844,0.045454545454545456
573-A,2,82,0.25,-8.5,113.0,0.5334010764809551,0.043478260869565216
573-A,2,82,0.25,-8.5,113.5,0.5218450219607719,0.08695652173913043
573-A,2,82,0.25,-8.5,114.0,0.4798503997289122,0.044444444444444446
573-A,2,82,0.25,-8.5,114.5,0.39943347308578114,0.046511627906976744
573-A,2,82,0.25,-8.5,115.5,0.4603783657074183,0.023255813953488372
573-A,2,82,0.25,-9.0,114.5,0.5364503214267935,0.06818181818181818
573-A,2,82,0.25,-9.0,115.0,0.5403463865859477,0.045454545454545456
573-A,2,82,0.25,-9.0,115.5,0.6094493216958913,0.06521739130434782
573-A,2,82,0.25,-9.0,117.0,0.3806358929801834,0.06521739130434782
573-A,2,82,0.25,-9.0,117.5,0.3448561960820684,0.075
573-A,2,82,0.25,-9.0,118.0,0.37642315993654696,0.06818181818181818
573-A,2,82,0.25,-9.0,118.5,0.4173602201253753,0.06521739130434782
573-A,2,82,0.25,-9.0,119.0,0.441852615373454,0.06521739130434782
573-A,2,83,0.25,-7.0,106.0,0.288309864442412,0.04878048780487805
573-A,2,83,0.25,-7.5,106.0,0.31644517832453867,0.08695652173913043
573-A,2,83,0.25,-7.5,106.5,0.4798764405963276,0.06382978723404255
573-A,2,83,0.25,-7.5,107.0,0.5107649693994474,0.06818181818181818
573-A,2,83,0.25,-7.5,107.5,0.39414006682064906,0.044444444444444446
573-A,2,83,0.25,-8.0,107.5,0.5308960798265325,0.06666666666666667
573-A,2,83,0.25,-8.0,108.0,0.5576196294944273,0.044444444444444446
573-A,2,83,0.25,-8.0,108.5,0.5573532081253212,0.06818181818181818
573-A,2,83,0.25,-8.0,109.0,0.48678081811130625,0.06976744186046512
573-A,2,83,0.25,-8.0,109.5,0.5416850439399641,0.06976744186046512
573-A,2,83,0.25,-8.5,109.5,0.49110665811403753,0.045454545454545456
573-A,2,83,0.25,-8.5,110.0,0.5469612575975074,0.046511627906976744
573-A,2,83,0.25,-8.5,110.5,0.5579390086457771,0.046511627906976744
573-A,2,83,0.25,-8.5,111.0,0.5791512307968003,0.0425531914893617
573-A,2,83,0.25,-8.5,111.5,0.6250731799581486,0.047619047619047616
573-A,2,83,0.25,-8.5,112.0,0.5488567961346742,0.09090909090909091
573-A,2,83,0.25,-8.5,112.5,0.6296790277797968,0.045454545454545456
573-A,2,83,0.25,-8.5,113.0,0.5387334677611418,0.043478260869565216
573-A,2,83,0.25,-8.5,113.5,0.5417643141421028,0.06521739130434782
573-A,2,83,0.25,-8.5,114.0,0.5182992068173546,0.044444444444444446
573-A,2,83,0.25,-8.5,114.5,0.47582089643208403,0.046511627906976744
573-A,2,83,0.25,-8.5,115.5,0.46875291719421064,0.023255813953488372
573-A,2,83,0.25,-9.0,114.5,0.5721006206710104,0.045454545454545456
573-A,2,83,0.25,-9.0,115.0,0.5704424136842821,0.045454545454545456
573-A,2,83,0.25,-9.0,115.5,0.6518678406050828,0.043478260869565216
573-A,2,83,0.25,-9.0,117.0,0.42410378978562624,0.043478260869565216
573-A,2,83,0.25,-9.0,117.5,0.4141551398496066,0.05
573-A,2,83,0.25,-9.0,118.0,0.4504443219475759,0.045454545454545456
573-A,2,83,0.25,-9.0,118.5,0.473079455748894,0.043478260869565216
573-A,2,83,0.25,-9.0,119.0,0.49124950276025703,0.06521739130434782
573-A,2,84,0.25,-7.0,106.0,0.3465114056762181,0.04878048780487805
573-A,2,84,0.25,-7.5,106.0,0.4010900238300821,0.08695652173913043
573-A,2,84,0.25,-7.5,106.5,0.5496998390526426,0.0425531914893617
573-A,2,84,0.25,-7.5,107.0,0.55867992739956,0.06818181818181818
573-A,2,84,0.25,-7.5,107.5,0.4603800755772838,0.044444444444444446
573-A,2,84,0.25,-8.0,107.5,0.5963703451631319,0.06666666666666667
573-A,2,84,0.25,-8.0,108.0,0.6120289180940965,0.044444444444444446
573-A,2,84,0.25,-8.0,108.5,0.6248953076081494,0.06818181818181818
573-A,2,84,0.25,-8.0,109.0,0.5503754529558212,0.06976744186046512
573-A,2,84,0.25,-8.0,109.5,0.6048589895463141,0.06976744186046512
573-A,2,84,0.25,-8.5,109.5,0.5533694843627033,0.045454545454545456
573-A,2,84,0.25,-8.5,110.0,0.6071544876420829,0.046511627906976744
573-A,2,84,0.25,-8.5,110.5,0.6219245055398582,0.046511627906976744
573-A,2,84,0.25,-8.5,111.0,0.6460055715751919,0.0425531914893617
573-A,2,84,0.25,-8.5,111.5,0.6917555083867986,0.047619047619047616
573-A,2,84,0.25,-8.5,112.0,0.6090433252181897,0.09090909090909091
573-A,2,84,0.25,-8.5,112.5,0.6825195156343127,0.045454545454545456
573-A,2,84,0.25,-8.5,113.0,0.5990568883667022,0.043478260869565216
573-A,2,84,0.25,-8.5,113.5,0.6014936496107315,0.06521739130434782
573-A,2,84,0.25,-8.5,114.0,0.5651802858971624,0.044444444444444446
573-A,2,84,0.25,-8.5,114.5,0.5451457801135033,0.06976744186046512
573-A,2,84,0.25,-8.5,115.5,0.5168199799884798,0.023255813953488372
573-A,2,84,0.25,-9.0,114.5,0.617169692298676,0.045454545454545456
573-A,2,84,0.25,-9.0,115.0,0.62058092659993,0.045454545454545456
573-A,2,84,0.25,-9.0,115.5,0.7011915187031836,0.043478260869565216
573-A,2,84,0.25,-9.0,117.0,0.4868573701481653,0.043478260869565216
573-A,2,84,0.25,-9.0,117.5,0.4428713475645396,0.05
573-A,2,84,0.25,-9.0,118.0,0.48669327986798994,0.045454545454545456
573-A,2,84,0.25,-9.0,118.5,0.5105529003817701,0.043478260869565216
573-A,2,84,0.25,-9.0,119.0,0.5359601937682564,0.043478260869565216
573-A,2,85,0.25,-7.0,106.0,0.388312594706019,0.024390243902439025
573-A,2,85,0.25,-7.5,106.0,0.47562921935859304,0.06521739130434782
573-A,2,85,0.25,-7.5,106.5,0.5925102207445871,0.02127659574468085
573-A,2,85,0.25,-7.5,107.0,0.631443955243546,0.045454545454545456
573-A,2,85,0.25,-7.5,107.5,0.5131482068994415,0.044444444444444446
573-A,2,85,0.25,-8.0,107.5,0.6730280309699047,0.06666666666666667
573-A,2,85,0.25,-8.0,108.0,0.6891591849918481,0.022222222222222223
573-A,2,85,0.25,-8.0,108.5,0.7106586141425666,0.045454545454545456
573-A,2,85,0.25,-8.0,109.0,0.6569657537611744,0.046511627906976744
573-A,2,85,0.25,-8.0,109.5,0.70483058655638,0.046511627906976744
573-A,2,85,0.25,-8.5,109.5,0.6325646298472385,0.06818181818181818
573-A,2,85,0.25,-8.5,110.0,0.6658171439885578,0.046511627906976744
573-A,2,85,0.25,-8.5,110.5,0.6897262611511474,0.06976744186046512
573-A,2,85,0.25,-8.5,111.0,0.7181134841894335,0.06382978723404255
573-A,2,85,0.25,-8.5,111.5,0.7528191171569849,0.047619047619047616
573-A,2,85,0.25,-8.5,112.0,0.6934355503173557,0.06818181818181818
573-A,2,85,0.25,-8.5,112.5,0.7344659911907081,0.045454545454545456
573-A,2,85,0.25,-8.5,113.0,0.6700260387723671,0.021739130434782608
573-A,2,85,0.25,-8.5,113.5,0.6609708722469754,0.08695652173913043
573-A,2,85,0.25,-8.5,114.0,0.6346347531972039,0.044444444444444446
573-A,2,85,0.25,-8.5,114.5,0.6031203168771841,0.06976744186046512
573-A,2,85,0.25,-8.5,115.5,0.5622856834653258,0.023255813953488372
573-A,2,85,0.25,-9.0,114.5,0.6458476044392882,0.06818181818181818
573-A,2,85,0.25,-9.0,115.0,0.6449116942313089,0.045454545454545456
573-A,2,85,0.25,-9.0,115.5,0.6998599004507398,0.06521739130434782
573-A,2,85,0.25,-9.0,117.0,0.5527182686469061,0.06521739130434782
573-A,2,85,0.25,-9.0,117.5,0.5067694212398275,0.075
573-A,2,85,0.25,-9.0,118.0,0.5303842809597095,0.06818181818181818
573-A,2,85,0.25,-9.0,118.5,0.5464075455132209,0.06521739130434782
573-A,2,85,0.25,-9.0,119.0,0.5412519928016286,0.06521739130434782
573-A,2,86,0.25,-7.0,106.0,0.4136016613654049,0.024390243902439025
573-A,2,86,0.25,-7.5,106.0,0.4896502978949464,0.043478260869565216
573-A,2,86,0.25,-7.5,106.5,0.611207134549641,0.02127659574468085
573-A,2,86,0.25,-7.5,107.0,0.6680461835914715,0.045454545454545456
573-A,2,86,0.25,-7.5,107.5,0.5324401679837251,0.08888888888888889
573-A,2,86,0.25,-8.0,107.5,0.6926078054734497,0.06666666666666667
573-A,2,86,0.25,-8.0,108.0,0.7185978207988447,0.022222222222222223
573-A,2,86,0.25,-8.0,108.5,0.7489653412989496,0.045454545454545456
573-A,2,86,0.25,-8.0,109.0,0.6951884191509601,0.046511627906976744
573-A,2,86,0.25,-8.0,109.5,0.7264199378213136,0.046511627906976744
573-A,2,86,0.25,-8.5,109.5,0.6812876648088055,0.045454545454545456
573-A,2,86,0.25,-8.5,110.0,0.7248256448600079,0.046511627906976744
573-A,2,86,0.25,-8.5,110.5,0.7515642030963946,0.046511627906976744
573-A,2,86,0.25,-8.5,111.0,0.7710792890539726,0.0425531914893617
573-A,2,86,0.25,-8.5,111.5,0.7787766112350376,0.023809523809523808
573-A,2,86,0.25,-8.5,112.0,0.7319224572665745,0.045454545454545456
573-A,2,86,0.25,-8.5,112.5,0.7595564826794203,0.045454545454545456
573-A,2,86,0.25,-8.5,113.0,0.6745288411158568,0.043478260869565216
573-A,2,86,0.25,-8.5,113.5,0.6677129084941411,0.06521739130434782
573-A,2,86,0.25,-8.5,114.0,0.6140584407434833,0.044444444444444446
573-A,2,86,0.25,-8.5,114.5,0.6251231373218269,0.046511627906976744
573-A,2,86,0.25,-8.5,115.5,0.5921798796404565,0.046511627906976744
573-A,2,86,0.25,-9.0,114.5,0.6938123845576499,0.045454545454545456
573-A,2,86,0.25,-9.0,115.0,0.7077104962308474,0.045454545454545456
573-A,2,86,0.25,-9.0,115.5,0.7389716735560155,0.043478260869565216
573-A,2,86,0.25,-9.0,117.0,0.5858930859703106,0.043478260869565216
573-A,2,86,0.25,-9.0,117.5,0.5492286576839095,0.05
573-A,2,86,0.25,-9.0,118.0,0.5726366208450324,0.045454545454545456
573-A,2,86,0.25,-9.0,118.5,0.582598623955097,0.043478260869565216
573-A,2,86,0.25,-9.0,119.0,0.5828633508333032,0.08695652173913043
573-A,2,87,0.25,-7.0,106.0,0.545882933122193,0.04878048780487805
573-A,2,87,0.25,-7.5,106.0,0.5727324530303707,0.08695652173913043
573-A,2,87,0.25,-7.5,106.5,0.6969556572408688,0.06382978723404255
573-A,2,87,0.25,-7.5,107.0,0.7321963113528493,0.022727272727272728
573-A,2,87,0.25,-7.5,107.5,0.6315372255320896,0.13333333333333333
573-A,2,87,0.25,-8.0,107.5,0.7584005726001277,0.022222222222222223
573-A,2,87,0.25,-8.0,108.0,0.7845144180043365,0.022222222222222223
573-A,2,87,0.25,-8.0,108.5,0.798174795468738,0.06818181818181818
573-A,2,87,0.25,-8.0,109.0,0.7647102411710363,0.046511627906976744
573-A,2,87,0.25,-8.0,109.5,0.7949842936853764,0.023255813953488372
573-A,2,87,0.25,-8.5,109.5,0.7289595888269602,0.0
573-A,2,87,0.25,-8.5,110.0,0.7546659702013583,0.0
573-A,2,87,0.25,-8.5,110.5,0.7838191953183699,0.0
573-A,2,87,0.25,-8.5,111.0,0.8061352491732239,0.0
573-A,2,87,0.25,-8.5,111.5,0.8124799224217388,0.0
573-A,2,87,0.25,-8.5,112.0,0.7886048080354061,0.022727272727272728
573-A,2,87,0.25,-8.5,112.5,0.7957530781642947,0.0
573-A,2,87,0.25,-8.5,113.0,0.7505684073480146,0.043478260869565216
573-A,2,87,0.25,-8.5,113.5,0.7300656444733378,0.043478260869565216
573-A,2,87,0.25,-8.5,114.0,0.6902642164183788,0.0
573-A,2,87,0.25,-8.5,114.5,0.681687451764073,0.046511627906976744
573-A,2,87,0.25,-8.5,115.5,0.6557327058354948,0.046511627906976744
573-A,2,87,0.25,-9.0,114.5,0.7180796190646642,0.022727272727272728
573-A,2,87,0.25,-9.0,115.0,0.7375138193296338,0.0
573-A,2,87,0.25,-9.0,115.5,0.7694438564684012,0.0
573-A,2,87,0.25,-9.0,117.0,0.6462594053498625,0.0
573-A,2,87,0.25,-9.0,117.5,0.6145653816593296,0.0
573-A,2,87,0.25,-9.0,118.0,0.6247897024257963,0.0
573-A,2,87,0.25,-9.0,118.5,0.6263571654415704,0.0
573-A,2,87,0.25,-9.0,119.0,0.6022450950796169,0.043478260869565216
573-A,2,88,0.25,-7.0,106.0,0.5870416569969832,0.04878048780487805
573-A,2,88,0.25,-7.5,106.0,0.6331756516948568,0.10869565217391304
573-A,2,88,0.25,-7.5,106.5,0.7400237602941695,0.0851063829787234
573-A,2,88,0.25,-7.5,107.0,0.7760881923615572,0.022727272727272728
573-A,2,88,0.25,-7.5,107.5,0.6699980075235228,0.13333333333333333
573-A,2,88,0.25,-8.0,107.5,0.7965814141198242,0.044444444444444446
573-A,2,88,0.25,-8.0,108.0,0.8234669546107649,0.022222222222222223
573-A,2,88,0.25,-8.0,108.5,0.8291027678040144,0.06818181818181818
573-A,2,88,0.25,-8.0,109.0,0.8067087801141622,0.06976744186046512
573-A,2,88,0.25,-8.0,109.5,0.8315494870142915,0.046511627906976744
573-A,2,88,0.25,-8.5,109.5,0.7556739777272286,0.022727272727272728
573-A,2,88,0.25,-8.5,110.0,0.7893051325672216,0.023255813953488372
573-A,2,88,0.25,-8.5,110.5,0.8217780723197561,0.023255813953488372
573-A,2,88,0.25,-8.5,111.0,0.85226137529935,0.0
573-A,2,88,0.25,-8.5,111.5,0.8521817384856027,0.0
573-A,2,88,0.25,-8.5,112.0,0.8290879238512858,0.022727272727272728
573-A,2,88,0.25,-8.5,112.5,0.828141035891323,0.022727272727272728
573-A,2,88,0.25,-8.5,113.0,0.7747781147293715,0.08695652173913043
573-A,2,88,0.25,-8.5,113.5,0.751655382371129,0.043478260869565216
573-A,2,88,0.25,-8.5,114.0,0.708186128088957,0.044444444444444446
573-A,2,88,0.25,-8.5,114.5,0.695596159867861,0.06976744186046512
573-A,2,88,0.25,-8.5,115.5,0.6717419219218804,0.046511627906976744
573-A,2,88,0.25,-9.0,114.5,0.7329721942664342,0.045454545454545456
573-A,2,88,0.25,-9.0,115.0,0.7521342158863582,0.022727272727272728
573-A,2,88,0.25,-9.0,115.5,0.7812351555713817,0.021739130434782608
573-A,2,88,0.25,-9.0,117.0,0.6793665189644436,0.043478260869565216
573-A,2,88,0.25,-9.0,117.5,0.6623507157662699,0.0
573-A,2,88,0.25,-9.0,118.0,0.655859623367528,0.022727272727272728
573-A,2,88,0.25,-9.0,118.5,0.637342529612664,0.021739130434782608
573-A,2,88,0.25,-9.0,119.0,0.5995005161456127,0.06521739130434782
573-A,2,89,0.25,-7.0,106.0,0.5840724953244236,0.0
573-A,2,89,0.25,-7.5,106.0,0.6490492561518162,0.043478260869565216
573-A,2,89,0.25,-7.5,106.5,0.7626679961466618,0.0425531914893617
573-A,2,89,0.25,-7.5,107.0,0.7849174954624725,0.0
573-A,2,89,0.25,-7.5,107.5,0.6676172974322707,0.08888888888888889
573-A,2,89,0.25,-8.0,107.5,0.8175223794966406,0.022222222222222223
573-A,2,89,0.25,-8.0,108.0,0.8515281569686854,0.022222222222222223
573-A,2,89,0.25,-8.0,108.5,0.8398008409033088,0.045454545454545456
573-A,2,89,0.25,-8.0,109.0,0.8195828336287934,0.046511627906976744
573-A,2,89,0.25,-8.0,109.5,0.8327687373139084,0.023255813953488372
573-A,2,89,0.25,-8.5,109.5,0.7888405707262908,0.022727272727272728
573-A,2,89,0.25,-8.5,110.0,0.8152688729506594,0.023255813953488372
573-A,2,89,0.25,-8.5,110.5,0.8460169370456204,0.023255813953488372
573-A,2,89,0.25,-8.5,111.0,0.8760021504325302,0.0
573-A,2,89,0.25,-8.5,111.5,0.879184017196915,0.0
573-A,2,89,0.25,-8.5,112.0,0.8552781841818746,0.0
573-A,2,89,0.25,-8.5,112.5,0.857569304124086,0.0
573-A,2,89,0.25,-8.5,113.0,0.800861343537145,0.021739130434782608
573-A,2,89,0.25,-8.5,113.5,0.7888158624954413,0.0
573-A,2,89,0.25,-8.5,114.0,0.7218722938289888,0.0
573-A,2,89,0.25,-8.5,114.5,0.7252176854526158,0.023255813953488372
573-A,2,89,0.25,-8.5,115.5,0.6725385104209957,0.023255813953488372
573-A,2,89,0.25,-9.0,114.5,0.7730520767491939,0.0
573-A,2,89,0.25,-9.0,115.0,0.7795878323956712,0.0
573-A,2,89,0.25,-9.0,115.5,0.7990410366375542,0.0
573-A,2,89,0.25,-9.0,117.0,0.7049585208996413,0.0
573-A,2,89,0.25,-9.0,117.5,0.6859557965528471,0.0
573-A,2,89,0.25,-9.0,118.0,0.684245763762798,0.0
573-A,2,89,0.25,-9.0,118.5,0.6637607103381058,0.0
573-A,2,89,0.25,-9.0,119.0,0.6163811521698099,0.043478260869565216
573-A,2,90,0.0,-7.0,106.0,0.46576932002784877,0.0
573-A,2,90,0.0,-7.5,106.0,0.5515260257946073,0.043478260869565216
573-A,2,90,0.0,-7.5,106.5,0.6695997462435828,0.0425531914893617
573-A,2,90,0.0,-7.5,107.0,0.6503365024471559,0.0
573-A,2,90,0.0,-7.5,107.5,0.5548491148017058,0.044444444444444446
573-A,2,90,0.0,-8.0,107.5,0.7494761946277959,0.022222222222222223
573-A,2,90,0.0,-8.0,108.0,0.7784581154121055,0.022222222222222223
573-A,2,90,0.0,-8.0,108.5,0.7449682821476606,0.022727272727272728
573-A,2,90,0.0,-8.0,109.0,0.7606581038316902,0.023255813953488372
573-A,2,90,0.0,-8.0,109.5,0.804033994299389,0.023255813953488372
573-A,2,90,0.0,-8.5,109.5,0.700201597688634,0.022727272727272728
573-A,2,90,0.0,-8.5,110.0,0.7076643315105395,0.023255813953488372
573-A,2,90,0.0,-8.5,110.5,0.7324465326941596,0.023255813953488372
573-A,2,90,0.0,-8.5,111.0,0.7777475848361924,0.0
573-A,2,90,0.0,-8.5,111.5,0.8242990485854877,0.0
573-A,2,90,0.0,-8.5,112.0,0.7845300466863349,0.022727272727272728
573-A,2,90,0.0,-8.5,112.5,0.8274687095695659,0.022727272727272728
573-A,2,90,0.0,-8.5,113.0,0.8208564215740756,0.043478260869565216
573-A,2,90,0.0,-8.5,113.5,0.8116574436710166,0.021739130434782608
573-A,2,90,0.0,-8.5,114.0,0.7539251245623063,0.044444444444444446
573-A,2,90,0.0,-8.5,114.5,0.6618460579676799,0.046511627906976744
573-A,2,90,0.0,-8.5,115.5,0.665687987625219,0.046511627906976744
573-A,2,90,0.0,-9.0,114.5,0.6934323818982615,0.022727272727272728
573-A,2,90,0.0,-9.0,115.0,0.6802629356663525,0.022727272727272728
573-A,2,90,0.0,-9.0,115.5,0.6950240236392327,0.021739130434782608
573-A,2,90,0.0,-9.0,117.0,0.6618883833835353,0.043478260869565216
573-A,2,90,0.0,-9.0,117.5,0.6203178259628568,0.0
573-A,2,90,0.0,-9.0,118.0,0.6165641731067124,0.022727272727272728
573-A,2,90,0.0,-9.0,118.5,0.5967425416328057,0.021739130434782608
573-A,2,90,0.0,-9.0,119.0,0.51844505831308,0.043478260869565216
573-A,2,90,0.25,-7.0,106.0,0.5946104596398784,0.0
573-A,2,90,0.25,-7.5,106.0,0.6893757487103074,0.06521739130434782
573-A,2,90,0.25,-7.5,106.5,0.764018279860434,0.06382978723404255
573-A,2,90,0.25,-7.5,107.0,0.761084742952398,0.022727272727272728
573-A,2,90,0.25,-7.5,107.5,0.6218784178881631,0.1111111111111111
573-A,2,90,0.25,-8.0,107.5,0.8146783624086329,0.044444444444444446
573-A,2,90,0.25,-8.0,108.0,0.8482587546106315,0.022222222222222223
573-A,2,90,0.25,-8.0,108.5,0.8106033155335826,0.06818181818181818
573-A,2,90,0.25,-8.0,109.0,0.8211622892683198,0.06976744186046512
573-A,2,90,0.25,-8.0,109.5,0.8430869508659062,0.046511627906976744
573-A,2,90,0.25,-8.5,109.5,0.7752994318610593,0.045454545454545456
573-A,2,90,0.25,-8.5,110.0,0.7961067415583976,0.046511627906976744
573-A,2,90,0.25,-8.5,110.5,0.8225763780860768,0.023255813953488372
573-A,2,90,0.25,-8.5,111.0,0.8824697391785999,0.0
573-A,2,90,0.25,-8.5,111.5,0.8904807510440341,0.023809523809523808
573-A,2,90,0.25,-8.5,112.0,0.863779538692766,0.022727272727272728
573-A,2,90,0.25,-8.5,112.5,0.8761378668721199,0.045454545454545456
573-A,2,90,0.25,-8.5,113.0,0.8381944334185415,0.06521739130434782
573-A,2,90,0.25,-8.5,113.5,0.818278973155533,0.021739130434782608
573-A,2,90,0.25,-8.5,114.0,0.7599492965524166,0.044444444444444446
573-A,2,90,0.25,-8.5,114.5,0.7156036414363087,0.09302325581395349
573-A,2,90,0.25,-8.5,115.5,0.6835116552929226,0.06976744186046512
573-A,2,90,0.25,-9.0,114.5,0.7733199061525771,0.022727272727272728
573-A,2,90,0.25,-9.0,115.0,0.7662089045266842,0.022727272727272728
573-A,2,90,0.25,-9.0,115.5,0.7496989523328805,0.043478260869565216
573-A,2,90,0.25,-9.0,117.0,0.7325033516862103,0.043478260869565216
573-A,2,90,0.25,-9.0,117.5,0.7082847132800867,0.0
573-A,2,90,0.25,-9.0,118.0,0.6780158661321087,0.022727272727272728
573-A,2,90,0.25,-9.0,118.5,0.6480110585302503,0.021739130434782608
573-A,2,90,0.25,-9.0,119.0,0.583016442265778,0.08695652173913043
573-A,2,90,0.5,-7.0,106.0,0.6007407546448611,0.14634146341463414
573-A,2,90,0.5,-7.5,106.0,0.6765102286219795,0.2391304347826087
573-A,2,90,0.5,-7.5,106.5,0.7230890438317219,0.19148936170212766
573-A,2,90,0.5,-7.5,107.0,0.7191033608792589,0.1590909090909091
573-A,2,90,0.5,-7.5,107.5,0.6275556931380992,0.2222222222222222
573-A,2,90,0.5,-8.0,107.5,0.7606785986483712,0.15555555555555556
573-A,2,90,0.5,-8.0,108.0,0.7683696166477247,0.13333333333333333
573-A,2,90,0.5,-8.0,108.5,0.7532294317559797,0.13636363636363635
573-A,2,90,0.5,-8.0,109.0,0.7720171364090702,0.13953488372093023
573-A,2,90,0.5,-8.0,109.5,0.7831612604769701,0.11627906976744186
573-A,2,90,0.5,-8.5,109.5,0.7168152146961481,0.1590909090909091
573-A,2,90,0.5,-8.5,110.0,0.736486662515664,0.16279069767441862
573-A,2,90,0.5,-8.5,110.5,0.7539928516249192,0.16279069767441862
573-A,2,90,0.5,-8.5,111.0,0.8071987358063307,0.1276595744680851
573-A,2,90,0.5,-8.5,111.5,0.817073372102449,0.047619047619047616
573-A,2,90,0.5,-8.5,112.0,0.8129984803860003,0.11363636363636363
573-A,2,90,0.5,-8.5,112.5,0.7937470017880246,0.13636363636363635
573-A,2,90,0.5,-8.5,113.0,0.7651056634329898,0.17391304347826086
573-A,2,90,0.5,-8.5,113.5,0.7482748505557582,0.15217391304347827
573-A,2,90,0.5,-8.5,114.0,0.6967213757702783,0.17777777777777778
573-A,2,90,0.5,-8.5,114.5,0.6894402461146507,0.20930232558139536
573-A,2,90,0.5,-8.5,115.5,0.6097629111990523,0.16279069767441862
573-A,2,90,0.5,-9.0,114.5,0.6923074984040519,0.1590909090909091
573-A,2,90,0.5,-9.0,115.0,0.6865146893670394,0.13636363636363635
573-A,2,90,0.5,-9.0,115.5,0.6727008347214682,0.15217391304347827
573-A,2,90,0.5,-9.0,117.0,0.6567534802174699,0.17391304347826086
573-A,2,90,0.5,-9.0,117.5,0.6406897181438893,0.125
573-A,2,90,0.5,-9.0,118.0,0.612540652752201,0.1590909090909091
573-A,2,90,0.5,-9.0,118.5,0.5744458322772157,0.15217391304347827
573-A,2,90,0.5,-9.0,119.0,0.5167499857053182,0.1956521739130435
573-A,2,91,0.25,-7.0,106.0,0.6151181521575908,0.0
573-A,2,91,0.25,-7.5,106.0,0.7157651620695318,0.06521739130434782
573-A,2,91,0.25,-7.5,106.5,0.780503636000517,0.06382978723404255
573-A,2,91,0.25,-7.5,107.0,0.7816775675891738,0.022727272727272728
573-A,2,91,0.25,-7.5,107.5,0.650508509071754,0.1111111111111111
573-A,2,91,0.25,-8.0,107.5,0.8156092594727916,0.044444444444444446
573-A,2,91,0.25,-8.0,108.0,0.8387128204751746,0.022222222222222223
573-A,2,91,0.25,-8.0,108.5,0.8183521294870546,0.06818181818181818
573-A,2,91,0.25,-8.0,109.0,0.8251379103987139,0.06976744186046512
573-A,2,91,0.25,-8.0,109.5,0.8303279275285012,0.046511627906976744
573-A,2,91,0.25,-8.5,109.5,0.7673352450975107,0.045454545454545456
573-A,2,91,0.25,-8.5,110.0,0.7912688260564866,0.046511627906976744
573-A,2,91,0.25,-8.5,110.5,0.8106527191339408,0.023255813953488372
573-A,2,91,0.25,-8.5,111.0,0.8704168906700552,0.0
573-A,2,91,0.25,-8.5,111.5,0.8788890456733007,0.023809523809523808
573-A,2,91,0.25,-8.5,112.0,0.8618631781807717,0.022727272727272728
573-A,2,91,0.25,-8.5,112.5,0.8658661743542033,0.045454545454545456
573-A,2,91,0.25,-8.5,113.0,0.8366924408173634,0.043478260869565216
573-A,2,91,0.25,-8.5,113.5,0.8093202467217404,0.021739130434782608
573-A,2,91,0.25,-8.5,114.0,0.7572666574630706,0.06666666666666667
573-A,2,91,0.25,-8.5,114.5,0.7472486951062771,0.09302325581395349
573-A,2,91,0.25,-8.5,115.5,0.6877379998298951,0.06976744186046512
573-A,2,91,0.25,-9.0,114.5,0.777519471197626,0.022727272727272728
573-A,2,91,0.25,-9.0,115.0,0.7790528906033941,0.022727272727272728
573-A,2,91,0.25,-9.0,115.5,0.779669920081667,0.043478260869565216
573-A,2,91,0.25,-9.0,117.0,0.7659659097721135,0.043478260869565216
573-A,2,91,0.25,-9.0,117.5,0.7236475716575106,0.0
573-A,2,91,0.25,-9.0,118.0,0.7173779808135495,0.022727272727272728
573-A,2,91,0.25,-9.0,118.5,0.6820829337507284,0.021739130434782608
573-A,2,91,0.25,-9.0,119.0,0.6019038671879564,0.08695652173913043
573-A,2,92,0.25,-7.0,106.0,0.570885322102849,0.0
573-A,2,92,0.25,-7.5,106.0,0.7021549992091953,0.06521739130434782
573-A,2,92,0.25,-7.5,106.5,0.7555134749356798,0.0425531914893617
573-A,2,92,0.25,-7.5,107.0,0.7346419868596756,0.022727272727272728
573-A,2,92,0.25,-7.5,107.5,0.6115064233850038,0.08888888888888889
573-A,2,92,0.25,-8.0,107.5,0.7933246805841871,0.044444444444444446
573-A,2,92,0.25,-8.0,108.0,0.7950854188925942,0.022222222222222223
573-A,2,92,0.25,-8.0,108.5,0.7867814597571207,0.06818181818181818
573-A,2,92,0.25,-8.0,109.0,0.7951491945259499,0.06976744186046512
573-A,2,92,0.25,-8.0,109.5,0.8007357067148825,0.046511627906976744
573-A,2,92,0.25,-8.5,109.5,0.7335036222900204,0.045454545454545456
573-A,2,92,0.25,-8.5,110.0,0.7498671331768456,0.046511627906976744
573-A,2,92,0.25,-8.5,110.5,0.7523314232197847,0.046511627906976744
573-A,2,92,0.25,-8.5,111.0,0.7990870436440056,0.02127659574468085
573-A,2,92,0.25,-8.5,111.5,0.830475437053227,0.023809523809523808
573-A,2,92,0.25,-8.5,112.0,0.8157133244446588,0.022727272727272728
573-A,2,92,0.25,-8.5,112.5,0.8302168888372026,0.045454545454545456
573-A,2,92,0.25,-8.5,113.0,0.8219336963942652,0.043478260869565216
573-A,2,92,0.25,-8.5,113.5,0.7946382418697575,0.021739130434782608
573-A,2,92,0.25,-8.5,114.0,0.7419403167710439,0.044444444444444446
573-A,2,92,0.25,-8.5,114.5,0.7137713428501118,0.11627906976744186
573-A,2,92,0.25,-8.5,115.5,0.6688210974251245,0.06976744186046512
573-A,2,92,0.25,-9.0,114.5,0.7131893692523024,0.022727272727272728
573-A,2,92,0.25,-9.0,115.0,0.6993263770713856,0.045454545454545456
573-A,2,92,0.25,-9.0,115.5,0.7223806021236515,0.043478260869565216
573-A,2,92,0.25,-9.0,117.0,0.7436173386377309,0.043478260869565216
573-A,2,92,0.25,-9.0,117.5,0.675982304816998,0.0
573-A,2,92,0.25,-9.0,118.0,0.6787061654553574,0.045454545454545456
573-A,2,92,0.25,-9.0,118.5,0.6390514801759122,0.043478260869565216
573-A,2,92,0.25,-9.0,119.0,0.5562660200346883,0.08695652173913043
573-A,2,93,0.25,-7.0,106.0,0.5884545684135805,0.024390243902439025
573-A,2,93,0.25,-7.5,106.0,0.6872893867972717,0.06521739130434782
573-A,2,93,0.25,-7.5,106.5,0.7139961055438728,0.0425531914893617
573-A,2,93,0.25,-7.5,107.0,0.6997689043906685,0.045454545454545456
573-A,2,93,0.25,-7.5,107.5,0.639202701558664,0.1111111111111111
573-A,2,93,0.25,-8.0,107.5,0.7317504802135157,0.044444444444444446
573-A,2,93,0.25,-8.0,108.0,0.7265420881330504,0.022222222222222223
573-A,2,93,0.25,-8.0,108.5,0.7297671220683503,0.06818181818181818
573-A,2,93,0.25,-8.0,109.0,0.7606540766627979,0.06976744186046512
573-A,2,93,0.25,-8.0,109.5,0.7552632125859884,0.06976744186046512
573-A,2,93,0.25,-8.5,109.5,0.6850231513923177,0.045454545454545456
573-A,2,93,0.25,-8.5,110.0,0.7078030601053036,0.046511627906976744
573-A,2,93,0.25,-8.5,110.5,0.7135047938029778,0.046511627906976744
573-A,2,93,0.25,-8.5,111.0,0.7499555251453986,0.02127659574468085
573-A,2,93,0.25,-8.5,111.5,0.7923407979392524,0.023809523809523808
573-A,2,93,0.25,-8.5,112.0,0.7911699364290651,0.09090909090909091
573-A,2,93,0.25,-8.5,112.5,0.7812860693986132,0.045454545454545456
573-A,2,93,0.25,-8.5,113.0,0.7852571328771255,0.06521739130434782
573-A,2,93,0.25,-8.5,113.5,0.7715580255918308,0.06521739130434782
573-A,2,93,0.25,-8.5,114.0,0.7320004329873617,0.06666666666666667
573-A,2,93,0.25,-8.5,114.5,0.7296883416288333,0.13953488372093023
573-A,2,93,0.25,-8.5,115.5,0.6758991181516381,0.09302325581395349
573-A,2,93,0.25,-9.0,114.5,0.6932779861245464,0.045454545454545456
573-A,2,93,0.25,-9.0,115.0,0.6930685674258803,0.045454545454545456
573-A,2,93,0.25,-9.0,115.5,0.7186512214995819,0.043478260869565216
573-A,2,93,0.25,-9.0,117.0,0.7230946519006759,0.043478260869565216
573-A,2,93,0.25,-9.0,117.5,0.6928492393702723,0.0
573-A,2,93,0.25,-9.0,118.0,0.6815705850770618,0.045454545454545456
573-A,2,93,0.25,-9.0,118.5,0.6328271372987606,0.043478260869565216
573-A,2,93,0.25,-9.0,119.0,0.5645956695413837,0.08695652173913043
573-A,2,94,0.25,-7.0,106.0,0.588457128035712,0.024390243902439025
573-A,2,94,0.25,-7.5,106.0,0.674501055288969,0.06521739130434782
573-A,2,94,0.25,-7.5,106.5,0.6871776647360817,0.0425531914893617
573-A,2,94,0.25,-7.5,107.0,0.668679068748353,0.045454545454545456
573-A,2,94,0.25,-7.5,107.5,0.6185741564684082,0.08888888888888889
573-A,2,94,0.25,-8.0,107.5,0.698018117338028,0.044444444444444446
573-A,2,94,0.25,-8.0,108.0,0.6942424750023191,0.022222222222222223
573-A,2,94,0.25,-8.0,108.5,0.7022769149684013,0.06818181818181818
573-A,2,94,0.25,-8.0,109.0,0.7338468242148833,0.06976744186046512
573-A,2,94,0.25,-8.0,109.5,0.7289946804047849,0.06976744186046512
573-A,2,94,0.25,-8.5,109.5,0.6652642870233616,0.045454545454545456
573-A,2,94,0.25,-8.5,110.0,0.6681247280789281,0.046511627906976744
573-A,2,94,0.25,-8.5,110.5,0.6685318052424944,0.046511627906976744
573-A,2,94,0.25,-8.5,111.0,0.7057745629897528,0.02127659574468085
573-A,2,94,0.25,-8.5,111.5,0.7422023939978925,0.023809523809523808
573-A,2,94,0.25,-8.5,112.0,0.7573017577450825,0.09090909090909091
573-A,2,94,0.25,-8.5,112.5,0.7319881961303077,0.045454545454545456
573-A,2,94,0.25,-8.5,113.0,0.747550926440468,0.06521739130434782
573-A,2,94,0.25,-8.5,113.5,0.7339971776047695,0.06521739130434782
573-A,2,94,0.25,-8.5,114.0,0.7036515267510888,0.06666666666666667
573-A,2,94,0.25,-8.5,114.5,0.6861649647749166,0.11627906976744186
573-A,2,94,0.25,-8.5,115.5,0.6604769711935067,0.09302325581395349
573-A,2,94,0.25,-9.0,114.5,0.6379406502645841,0.045454545454545456
573-A,2,94,0.25,-9.0,115.0,0.6428291220965949,0.045454545454545456
573-A,2,94,0.25,-9.0,115.5,0.6601938173552122,0.043478260869565216
573-A,2,94,0.25,-9.0,117.0,0.6951139784885572,0.043478260869565216
573-A,2,94,0.25,-9.0,117.5,0.6621271174437606,0.0
573-A,2,94,0.25,-9.0,118.0,0.6523135062833008,0.045454545454545456
573-A,2,94,0.25,-9.0,118.5,0.6061888050672737,0.043478260869565216
573-A,2,94,0.25,-9.0,119.0,0.5323155109903048,0.08695652173913043
573-A,2,95,0.25,-7.0,106.0,0.5253445251389022,0.12195121951219512
573-A,2,95,0.25,-7.5,106.0,0.6015374148939149,0.15217391304347827
573-A,2,95,0.25,-7.5,106.5,0.5878580197601062,0.1276595744680851
573-A,2,95,0.25,-7.5,107.0,0.5598561315098345,0.11363636363636363
573-A,2,95,0.25,-7.5,107.5,0.502732600250214,0.2222222222222222
573-A,2,95,0.25,-8.0,107.5,0.5917671857378695,0.13333333333333333
573-A,2,95,0.25,-8.0,108.0,0.5881180348349182,0.1111111111111111
573-A,2,95,0.25,-8.0,108.5,0.5851889439227249,0.13636363636363635
573-A,2,95,0.25,-8.0,109.0,0.632490232101852,0.11627906976744186
573-A,2,95,0.25,-8.0,109.5,0.6222571679063147,0.11627906976744186
573-A,2,95,0.25,-8.5,109.5,0.564226247587835,0.09090909090909091
573-A,2,95,0.25,-8.5,110.0,0.5726384224800244,0.09302325581395349
573-A,2,95,0.25,-8.5,110.5,0.5681139348339102,0.09302325581395349
573-A,2,95,0.25,-8.5,111.0,0.609077431862242,0.0851063829787234
573-A,2,95,0.25,-8.5,111.5,0.6418737972217137,0.07142857142857142
573-A,2,95,0.25,-8.5,112.0,0.6649596308344403,0.13636363636363635
573-A,2,95,0.25,-8.5,112.5,0.61794493465715,0.13636363636363635
573-A,2,95,0.25,-8.5,113.0,0.6221337503770858,0.15217391304347827
573-A,2,95,0.25,-8.5,113.5,0.6069775001189212,0.15217391304347827
573-A,2,95,0.25,-8.5,114.0,0.5929926643155663,0.13333333333333333
573-A,2,95,0.25,-8.5,114.5,0.5782681007101395,0.13953488372093023
573-A,2,95,0.25,-8.5,115.5,0.557420408569688,0.16279069767441862
573-A,2,95,0.25,-9.0,114.5,0.5200396261479642,0.13636363636363635
573-A,2,95,0.25,-9.0,115.0,0.527542100591935,0.13636363636363635
573-A,2,95,0.25,-9.0,115.5,0.5248508566319332,0.13043478260869565
573-A,2,95,0.25,-9.0,117.0,0.5829564376001011,0.13043478260869565
573-A,2,95,0.25,-9.0,117.5,0.5916159975612685,0.075
573-A,2,95,0.25,-9.0,118.0,0.5564909282626318,0.11363636363636363
573-A,2,95,0.25,-9.0,118.5,0.514083816969827,0.10869565217391304
573-A,2,95,0.25,-9.0,119.0,0.4664031936471359,0.15217391304347827
573-A,2,96,0.25,-7.0,106.0,0.46905331522258475,0.0975609756097561
573-A,2,96,0.25,-7.5,106.0,0.5495123119568893,0.17391304347826086
573-A,2,96,0.25,-7.5,106.5,0.5410011924202017,0.14893617021276595
573-A,2,96,0.25,-7.5,107.0,0.5134179055424455,0.09090909090909091
573-A,2,96,0.25,-7.5,107.5,0.4797772188962024,0.17777777777777778
573-A,2,96,0.25,-8.0,107.5,0.5348334087988054,0.15555555555555556
573-A,2,96,0.25,-8.0,108.0,0.5246039378313032,0.13333333333333333
573-A,2,96,0.25,-8.0,108.5,0.514549701815042,0.13636363636363635
573-A,2,96,0.25,-8.0,109.0,0.5557774973078378,0.11627906976744186
573-A,2,96,0.25,-8.0,109.5,0.5435323928787776,0.11627906976744186
573-A,2,96,0.25,-8.5,109.5,0.4841639355749846,0.11363636363636363
573-A,2,96,0.25,-8.5,110.0,0.4936686353535169,0.11627906976744186
573-A,2,96,0.25,-8.5,110.5,0.49136546662857006,0.11627906976744186
573-A,2,96,0.25,-8.5,111.0,0.5306687519345747,0.10638297872340426
573-A,2,96,0.25,-8.5,111.5,0.559335811194207,0.09523809523809523
573-A,2,96,0.25,-8.5,112.0,0.5846820912616788,0.13636363636363635
573-A,2,96,0.25,-8.5,112.5,0.5398300649794305,0.1590909090909091
573-A,2,96,0.25,-8.5,113.0,0.5580402648333678,0.17391304347826086
573-A,2,96,0.25,-8.5,113.5,0.5486775968414543,0.17391304347826086
573-A,2,96,0.25,-8.5,114.0,0.5576571304860753,0.13333333333333333
573-A,2,96,0.25,-8.5,114.5,0.5337352454251578,0.13953488372093023
573-A,2,96,0.25,-8.5,115.5,0.489818257504147,0.16279069767441862
573-A,2,96,0.25,-9.0,114.5,0.44695055743176193,0.1590909090909091
573-A,2,96,0.25,-9.0,115.0,0.4555894015582619,0.1590909090909091
573-A,2,96,0.25,-9.0,115.5,0.46260672945070924,0.15217391304347827
573-A,2,96,0.25,-9.0,117.0,0.5307145632793422,0.13043478260869565
573-A,2,96,0.25,-9.0,117.5,0.5451564361447048,0.075
573-A,2,96,0.25,-9.0,118.0,0.51204511389222,0.11363636363636363
573-A,2,96,0.25,-9.0,118.5,0.46472807042757724,0.13043478260869565
573-A,2,96,0.25,-9.0,119.0,0.4164769419094868,0.15217391304347827
573-A,2,97,0.25,-7.0,106.0,0.41989491897942754,0.1951219512195122
573-A,2,97,0.25,-7.5,106.0,0.4778328776432359,0.2608695652173913
573-A,2,97,0.25,-7.5,106.5,0.45358445624463994,0.2553191489361702
573-A,2,97,0.25,-7.5,107.0,0.43444568142855877,0.18181818181818182
573-A,2,97,0.25,-7.5,107.5,0.43264189553779353,0.26666666666666666
573-A,2,97,0.25,-8.0,107.5,0.46258904691327474,0.24444444444444444
573-A,2,97,0.25,-8.0,108.0,0.45287062069260076,0.2222222222222222
573-A,2,97,0.25,-8.0,108.5,0.44354320405326897,0.18181818181818182
573-A,2,97,0.25,-8.0,109.0,0.48171625051245726,0.18604651162790697
573-A,2,97,0.25,-8.0,109.5,0.4705990567744208,0.23255813953488372
573-A,2,97,0.25,-8.5,109.5,0.41843446458025635,0.20454545454545456
573-A,2,97,0.25,-8.5,110.0,0.4195028957151753,0.20930232558139536
573-A,2,97,0.25,-8.5,110.5,0.4164107061599839,0.18604651162790697
573-A,2,97,0.25,-8.5,111.0,0.44659074988188907,0.2553191489361702
573-A,2,97,0.25,-8.5,111.5,0.47275078584016605,0.21428571428571427
573-A,2,97,0.25,-8.5,112.0,0.5012671767534824,0.2727272727272727
573-A,2,97,0.25,-8.5,112.5,0.4593195330784551,0.29545454545454547
573-A,2,97,0.25,-8.5,113.0,0.4903394566787864,0.2608695652173913
573-A,2,97,0.25,-8.5,113.5,0.4779084148603865,0.2608695652173913
573-A,2,97,0.25,-8.5,114.0,0.48652169956952285,0.24444444444444444
573-A,2,97,0.25,-8.5,114.5,0.45570751486218875,0.2558139534883721
573-A,2,97,0.25,-8.5,115.5,0.43589364160570665,0.27906976744186046
573-A,2,97,0.25,-9.0,114.5,0.3580589237291182,0.29545454545454547
573-A,2,97,0.25,-9.0,115.0,0.3726794797001366,0.2727272727272727
573-A,2,97,0.25,-9.0,115.5,0.3684349131757999,0.2608695652173913
573-A,2,97,0.25,-9.0,117.0,0.4417067540796774,0.2608695652173913
573-A,2,97,0.25,-9.0,117.5,0.4489415746929837,0.175
573-A,2,97,0.25,-9.0,118.0,0.4064027950312784,0.22727272727272727
573-A,2,97,0.25,-9.0,118.5,0.36787708621315895,0.2608695652173913
573-A,2,97,0.25,-9.0,119.0,0.324449931416268,0.2826086956521739
573-A,3,70,0.25,-7.0,106.0,-1.5555498326036572,0.18421052631578946
573-A,3,70,0.25,-7.5,106.0,-1.5481174618706262,0.25
573-A,3,70,0.25,-7.5,106.5,-1.5173965506597296,0.25
573-A,3,70,0.25,-7.5,107.0,-1.8901174428031302,0.20930232558139536
573-A,3,70,0.25,-7.5,107.5,-1.9426479166208086,0.1951219512195122
573-A,3,70,0.25,-8.0,107.5,-1.4962245467153177,0.21428571428571427
573-A,3,70,0.25,-8.0,108.0,-1.708935098628238,0.22857142857142856
573-A,3,70,0.25,-8.0,108.5,-2.235337898662551,0.225
573-A,3,70,0.25,-8.0,109.0,-2.055335151540749,0.225
573-A,3,70,0.25,-8.0,109.5,-2.017647141610606,0.23076923076923078
573-A,3,70,0.25,-8.5,109.5,-1.3711338114245333,0.18181818181818182
573-A,3,70,0.25,-8.5,110.0,-1.4632090061433263,0.17777777777777778
573-A,3,70,0.25,-8.5,110.5,-1.625495767517568,0.17073170731707318
573-A,3,70,0.25,-8.5,111.0,-1.5426619279477185,0.16279069767441862
573-A,3,70,0.25,-8.5,111.5,-1.5768805421711143,0.15555555555555556
573-A,3,70,0.25,-8.5,112.0,-1.6832590628955622,0.17073170731707318
573-A,3,70,0.25,-8.5,112.5,-1.5577048877436876,0.15217391304347827
573-A,3,70,0.25,-8.5,113.0,-1.3943437218786094,0.17391304347826086
573-A,3,70,0.25,-8.5,113.5,-1.2254757598085866,0.16279069767441862
573-A,3,70,0.25,-8.5,114.0,-1.3923901364020925,0.15555555555555556
573-A,3,70,0.25,-8.5,114.5,-1.7213076130988592,0.17073170731707318
573-A,3,70,0.25,-8.5,115.5,-1.3988874818736035,0.15789473684210525
573-A,3,70,0.25,-9.0,114.5,-1.2400433000970241,0.14583333333333334
573-A,3,70,0.25,-9.0,115.0,-1.3310881276531563,0.1590909090909091
573-A,3,70,0.25,-9.0,115.5,-1.4425650518905022,0.1590909090909091
573-A,3,70,0.25,-9.0,117.0,-1.5909056753799091,0.175
573-A,3,70,0.25,-9.0,117.5,-1.550239105836333,0.18421052631578946
573-A,3,70,0.25,-9.0,118.0,-1.5583092544346293,0.175
573-A,3,70,0.25,-9.0,118.5,-1.6022533243480828,0.16666666666666666
573-A,3,70,0.25,-9.0,119.0,-1.2732244715086813,0.15555555555555556
573-A,3,71,0.25,-7.0,106.0,-1.3901138925825287,0.23684210526315788
573-A,3,71,0.25,-7.5,106.0,-1.3753887388058117,0.25
573-A,3,71,0.25,-7.5,106.5,-1.3301320582111247,0.275
573-A,3,71,0.25,-7.5,107.0,-1.6457201891137618,0.2558139534883721
573-A,3,71,0.25,-7.5,107.5,-1.7281371750566787,0.24390243902439024
573-A,3,71,0.25,-8.0,107.5,-1.271377176866745,0.2619047619047619
573-A,3,71,0.25,-8.0,108.0,-1.4773648719618508,0.2857142857142857
573-A,3,71,0.25,-8.0,108.5,-1.9765946502057608,0.275
573-A,3,71,0.25,-8.0,109.0,-1.8143859627951313,0.275
573-A,3,71,0.25,-8.0,109.5,-1.7968981338137189,0.28205128205128205
573-A,3,71,0.25,-8.5,109.5,-1.1503218043964019,0.22727272727272727
573-A,3,71,0.25,-8.5,110.0,-1.247716545236389,0.2222222222222222
573-A,3,71,0.25,-8.5,110.5,-1.425016216536957,0.21951219512195122
573-A,3,71,0.25,-8.5,111.0,-1.3459465625276361,0.20930232558139536
573-A,3,71,0.25,-8.5,111.5,-1.389601975948496,0.2
573-A,3,71,0.25,-8.5,112.0,-1.487103401049989,0.21951219512195122
573-A,3,71,0.25,-8.5,112.5,-1.3746804090763818,0.1956521739130435
573-A,3,71,0.25,-8.5,113.0,-1.2148853770588959,0.21739130434782608
573-A,3,71,0.25,-8.5,113.5,-1.0555661299419525,0.20930232558139536
573-A,3,71,0.25,-8.5,114.0,-1.2120949614639995,0.2
573-A,3,71,0.25,-8.5,114.5,-1.5204411558860742,0.21951219512195122
573-A,3,71,0.25,-8.5,115.5,-1.239598185265622,0.21052631578947367
573-A,3,71,0.25,-9.0,114.5,-1.0757829111702892,0.1875
573-A,3,71,0.25,-9.0,115.0,-1.1624501918845165,0.20454545454545456
573-A,3,71,0.25,-9.0,115.5,-1.2609105442123734,0.20454545454545456
573-A,3,71,0.25,-9.0,117.0,-1.4362491478254693,0.225
573-A,3,71,0.25,-9.0,117.5,-1.3936747034217225,0.23684210526315788
573-A,3,71,0.25,-9.0,118.0,-1.408603303319207,0.225
573-A,3,71,0.25,-9.0,118.5,-1.4473005942990405,0.21428571428571427
573-A,3,71,0.25,-9.0,119.0,-1.15422118590176,0.2
573-A,3,72,0.25,-7.0,106.0,-1.3102650485896135,0.15789473684210525
573-A,3,72,0.25,-7.5,106.0,-1.3066760970836615,0.20454545454545456
573-A,3,72,0.25,-7.5,106.5,-1.234279011555795,0.2
573-A,3,72,0.25,-7.5,107.0,-1.5125499508562492,0.16279069767441862
573-A,3,72,0.25,-7.5,107.5,-1.5987968017433025,0.14634146341463414
573-A,3,72,0.25,-8.0,107.5,-1.1660623723817474,0.16666666666666666
573-A,3,72,0.25,-8.0,108.0,-1.3587785958868142,0.17142857142857143
573-A,3,72,0.25,-8.0,108.5,-1.848570923353909,0.2
573-A,3,72,0.25,-8.0,109.0,-1.6815969854764643,0.175
573-A,3,72,0.25,-8.0,109.5,-1.6795606158696201,0.1794871794871795
573-A,3,72,0.25,-8.5,109.5,-1.0509623097343441,0.18181818181818182
573-A,3,72,0.25,-8.5,110.0,-1.1183478321369331,0.15555555555555556
573-A,3,72,0.25,-8.5,110.5,-1.3654108346695404,0.14634146341463414
573-A,3,72,0.25,-8.5,111.0,-1.2639216957880857,0.13953488372093023
573-A,3,72,0.25,-8.5,111.5,-1.306594677491193,0.13333333333333333
573-A,3,72,0.25,-8.5,112.0,-1.3867410408582526,0.14634146341463414
573-A,3,72,0.25,-8.5,112.5,-1.2911960190955574,0.13043478260869565
573-A,3,72,0.25,-8.5,113.0,-1.1301687192372478,0.15217391304347827
573-A,3,72,0.25,-8.5,113.5,-0.9480573165476955,0.13953488372093023
573-A,3,72,0.25,-8.5,114.0,-1.1178914851918709,0.13333333333333333
573-A,3,72,0.25,-8.5,114.5,-1.3921481126283504,0.17073170731707318
573-A,3,72,0.25,-8.5,115.5,-1.2186736005340952,0.15789473684210525
573-A,3,72,0.25,-9.0,114.5,-1.0514324126256676,0.125
573-A,3,72,0.25,-9.0,115.0,-1.0996407241207278,0.13636363636363635
573-A,3,72,0.25,-9.0,115.5,-1.1936781070511726,0.13636363636363635
573-A,3,72,0.25,-9.0,117.0,-1.4093580034729105,0.175
573-A,3,72,0.25,-9.0,117.5,-1.3516225404611104,0.15789473684210525
573-A,3,72,0.25,-9.0,118.0,-1.4085839282554309,0.15
573-A,3,72,0.25,-9.0,118.5,-1.4596682988141287,0.16666666666666666
573-A,3,72,0.25,-9.0,119.0,-1.203956940242422,0.17777777777777778
573-A,3,73,0.25,-7.0,106.0,-1.1296966893891214,0.21052631578947367
573-A,3,73,0.25,-7.5,106.0,-1.129816425942865,0.2727272727272727
573-A,3,73,0.25,-7.5,106.5,-1.047773306618625,0.275
573-A,3,73,0.25,-7.5,107.0,-1.2864097799651333,0.20930232558139536
573-A,3,73,0.25,-7.5,107.5,-1.3591985648565954,0.1951219512195122
573-A,3,73,0.25,-8.0,107.5,-0.9820579610761131,0.21428571428571427
573-A,3,73,0.25,-8.0,108.0,-1.147191353486125,0.22857142857142856
573-A,3,73,0.25,-8.0,108.5,-1.5508680555555556,0.25
573-A,3,73,0.25,-8.0,109.0,-1.4237107119368133,0.225
573-A,3,73,0.25,-8.0,109.5,-1.4089621977650801,0.23076923076923078
573-A,3,73,0.25,-8.5,109.5,-0.8590315311013921,0.22727272727272727
573-A,3,73,0.25,-8.5,110.0,-0.894423402497122,0.2
573-A,3,73,0.25,-8.5,110.5,-1.1138636893868998,0.1951219512195122
573-A,3,73,0.25,-8.5,111.0,-1.0413117006455717,0.18604651162790697
573-A,3,73,0.25,-8.5,111.5,-1.0805107907843055,0.17777777777777778
573-A,3,73,0.25,-8.5,112.0,-1.1717281235085397,0.17073170731707318
573-A,3,73,0.25,-8.5,112.5,-1.0745595637583887,0.17391304347826086
573-A,3,73,0.25,-8.5,113.0,-0.9250667019657799,0.1956521739130435
573-A,3,73,0.25,-8.5,113.5,-0.7563486215606157,0.18604651162790697
573-A,3,73,0.25,-8.5,114.0,-0.920751609682728,0.17777777777777778
573-A,3,73,0.25,-8.5,114.5,-1.1847014589243563,0.21951219512195122
573-A,3,73,0.25,-8.5,115.5,-1.0217651900213927,0.21052631578947367
573-A,3,73,0.25,-9.0,114.5,-0.8095776305196001,0.16666666666666666
573-A,3,73,0.25,-9.0,115.0,-0.8786596315456341,0.18181818181818182
573-A,3,73,0.25,-9.0,115.5,-0.9686626154062463,0.18181818181818182
573-A,3,73,0.25,-9.0,117.0,-1.1964735344305835,0.225
573-A,3,73,0.25,-9.0,117.5,-1.147754094751448,0.21052631578947367
573-A,3,73,0.25,-9.0,118.0,-1.2064929713726982,0.2
573-A,3,73,0.25,-9.0,118.5,-1.2369106837490316,0.21428571428571427
573-A,3,73,0.25,-9.0,119.0,-1.0058726610525506,0.2222222222222222
573-A,3,74,0.25,-7.0,106.0,-0.9076676459922113,0.18421052631578946
573-A,3,74,0.25,-7.5,106.0,-0.8792835719299745,0.20454545454545456
573-A,3,74,0.25,-7.5,106.5,-0.7836164755667054,0.2
573-A,3,74,0.25,-7.5,107.0,-0.9439617754883884,0.13953488372093023
573-A,3,74,0.25,-7.5,107.5,-0.9969844379388517,0.14634146341463414
573-A,3,74,0.25,-8.0,107.5,-0.6426791261316125,0.14285714285714285
573-A,3,74,0.25,-8.0,108.0,-0.7145978194651597,0.17142857142857143
573-A,3,74,0.25,-8.0,108.5,-1.1046810699588478,0.15
573-A,3,74,0.25,-8.0,109.0,-1.0252034924063693,0.15
573-A,3,74,0.25,-8.0,109.5,-1.034728516339685,0.15384615384615385
573-A,3,74,0.25,-8.5,109.5,-0.5819407574339681,0.13636363636363635
573-A,3,74,0.25,-8.5,110.0,-0.6341602147295802,0.1111111111111111
573-A,3,74,0.25,-8.5,110.5,-0.7664508507444776,0.12195121951219512
573-A,3,74,0.25,-8.5,111.0,-0.7196871727765466,0.11627906976744186
573-A,3,74,0.25,-8.5,111.5,-0.7274972668745188,0.1111111111111111
573-A,3,74,0.25,-8.5,112.0,-0.81942686393725,0.0975609756097561
573-A,3,74,0.25,-8.5,112.5,-0.7055169383189515,0.10869565217391304
573-A,3,74,0.25,-8.5,113.0,-0.6082490627721058,0.10869565217391304
573-A,3,74,0.25,-8.5,113.5,-0.4732083324088856,0.11627906976744186
573-A,3,74,0.25,-8.5,114.0,-0.6136916144186635,0.1111111111111111
573-A,3,74,0.25,-8.5,114.5,-0.8697057343890102,0.14634146341463414
573-A,3,74,0.25,-8.5,115.5,-0.7123900084195671,0.13157894736842105
573-A,3,74,0.25,-9.0,114.5,-0.4518279969447363,0.10416666666666667
573-A,3,74,0.25,-9.0,115.0,-0.481437412904282,0.11363636363636363
573-A,3,74,0.25,-9.0,115.5,-0.5707382354625887,0.11363636363636363
573-A,3,74,0.25,-9.0,117.0,-0.8454664314960978,0.15
573-A,3,74,0.25,-9.0,117.5,-0.8374336314902899,0.15789473684210525
573-A,3,74,0.25,-9.0,118.0,-0.88917592687076,0.15
573-A,3,74,0.25,-9.0,118.5,-0.9178771435731441,0.14285714285714285
573-A,3,74,0.25,-9.0,119.0,-0.6556375619062298,0.13333333333333333
573-A,3,75,0.25,-7.0,106.0,-0.8835667772130744,0.18421052631578946
573-A,3,75,0.25,-7.5,106.0,-0.8714556167705436,0.25
573-A,3,75,0.25,-7.5,106.5,-0.7644896424382219,0.25
573-A,3,75,0.25,-7.5,107.0,-0.8858100109766329,0.18604651162790697
573-A,3,75,0.25,-7.5,107.5,-0.8815126235389932,0.1951219512195122
573-A,3,75,0.25,-8.0,107.5,-0.5418229643769163,0.19047619047619047
573-A,3,75,0.25,-8.0,108.0,-0.5861815431800517,0.2
573-A,3,75,0.25,-8.0,108.5,-0.961085390946502,0.2
573-A,3,75,0.25,-8.0,109.0,-0.897430172991172,0.2
573-A,3,75,0.25,-8.0,109.5,-0.9205167900470066,0.20512820512820512
573-A,3,75,0.25,-8.5,109.5,-0.4920074100952998,0.22727272727272727
573-A,3,75,0.25,-8.5,110.0,-0.5381129136797342,0.2
573-A,3,75,0.25,-8.5,110.5,-0.6572707399730555,0.17073170731707318
573-A,3,75,0.25,-8.5,111.0,-0.6306272821532888,0.16279069767441862
573-A,3,75,0.25,-8.5,111.5,-0.634226829169535,0.15555555555555556
573-A,3,75,0.25,-8.5,112.0,-0.6891535763939327,0.12195121951219512
573-A,3,75,0.25,-8.5,112.5,-0.57806008309364,0.15217391304347827
573-A,3,75,0.25,-8.5,113.0,-0.4826489879638929,0.13043478260869565
573-A,3,75,0.25,-8.5,113.5,-0.3558567763587339,0.13953488372093023
573-A,3,75,0.25,-8.5,114.0,-0.4917091373814084,0.15555555555555556
573-A,3,75,0.25,-8.5,114.5,-0.7032439481733301,0.1951219512195122
573-A,3,75,0.25,-8.5,115.5,-0.5786716003800294,0.13157894736842105
573-A,3,75,0.25,-9.0,114.5,-0.30257426560145273,0.14583333333333334
573-A,3,75,0.25,-9.0,115.0,-0.32571252515382354,0.13636363636363635
573-A,3,75,0.25,-9.0,115.5,-0.4011476835434473,0.13636363636363635
573-A,3,75,0.25,-9.0,117.0,-0.7018721198550173,0.175
573-A,3,75,0.25,-9.0,117.5,-0.696018145419357,0.18421052631578946
573-A,3,75,0.25,-9.0,118.0,-0.730290070538149,0.175
573-A,3,75,0.25,-9.0,118.5,-0.7514058931300489,0.16666666666666666
573-A,3,75,0.25,-9.0,119.0,-0.5373171718728922,0.13333333333333333
573-A,3,76,0.25,-7.0,106.0,-0.753215218613843,0.13157894736842105
573-A,3,76,0.25,-7.5,106.0,-0.7315096466784374,0.20454545454545456
573-A,3,76,0.25,-7.5,106.5,-0.6560593560408354,0.2
573-A,3,76,0.25,-7.5,107.0,-0.7532639342262908,0.13953488372093023
573-A,3,76,0.25,-7.5,107.5,-0.7143305232110231,0.14634146341463414
573-A,3,76,0.25,-8.0,107.5,-0.4219347310997048,0.14285714285714285
573-A,3,76,0.25,-8.0,108.0,-0.4158508917505199,0.14285714285714285
573-A,3,76,0.25,-8.0,108.5,-0.8128793724279832,0.15
573-A,3,76,0.25,-8.0,109.0,-0.7422449632235371,0.15
573-A,3,76,0.25,-8.0,109.5,-0.7910659498409665,0.15384615384615385
573-A,3,76,0.25,-8.5,109.5,-0.3904384942991923,0.1590909090909091
573-A,3,76,0.25,-8.5,110.0,-0.4363141018207828,0.13333333333333333
573-A,3,76,0.25,-8.5,110.5,-0.5575845518774099,0.12195121951219512
573-A,3,76,0.25,-8.5,111.0,-0.5056194319945555,0.11627906976744186
573-A,3,76,0.25,-8.5,111.5,-0.47851459691460496,0.1111111111111111
573-A,3,76,0.25,-8.5,112.0,-0.5244495860222866,0.07317073170731707
573-A,3,76,0.25,-8.5,112.5,-0.4119077580696706,0.10869565217391304
573-A,3,76,0.25,-8.5,113.0,-0.36192602002091223,0.08695652173913043
573-A,3,76,0.25,-8.5,113.5,-0.26469025546290337,0.09302325581395349
573-A,3,76,0.25,-8.5,114.0,-0.3931255153900066,0.1111111111111111
573-A,3,76,0.25,-8.5,114.5,-0.6059546066226045,0.14634146341463414
573-A,3,76,0.25,-8.5,115.5,-0.4543485106285212,0.10526315789473684
573-A,3,76,0.25,-9.0,114.5,-0.18659296876612763,0.10416666666666667
573-A,3,76,0.25,-9.0,115.0,-0.19153129902659072,0.09090909090909091
573-A,3,76,0.25,-9.0,115.5,-0.26028567113971657,0.09090909090909091
573-A,3,76,0.25,-9.0,117.0,-0.5757325285435773,0.125
573-A,3,76,0.25,-9.0,117.5,-0.5827679956582068,0.13157894736842105
573-A,3,76,0.25,-9.0,118.0,-0.6193097052277796,0.125
573-A,3,76,0.25,-9.0,118.5,-0.6429907901177825,0.11904761904761904
573-A,3,76,0.25,-9.0,119.0,-0.44500703370396755,0.1111111111111111
573-A,3,77,0.25,-7.0,106.0,-0.6256975723588429,0.13157894736842105
573-A,3,77,0.25,-7.5,106.0,-0.5993490885111996,0.20454545454545456
573-A,3,77,0.25,-7.5,106.5,-0.5328574074385868,0.2
573-A,3,77,0.25,-7.5,107.0,-0.5940984453356484,0.13953488372093023
573-A,3,77,0.25,-7.5,107.5,-0.5545552596244852,0.14634146341463414
573-A,3,77,0.25,-8.0,107.5,-0.30963066829745123,0.14285714285714285
573-A,3,77,0.25,-8.0,108.0,-0.2866836123773713,0.17142857142857143
573-A,3,77,0.25,-8.0,108.5,-0.6362654320987648,0.15
573-A,3,77,0.25,-8.0,109.0,-0.5603538263813044,0.15
573-A,3,77,0.25,-8.0,109.5,-0.6221746840431222,0.15384615384615385
573-A,3,77,0.25,-8.5,109.5,-0.2873894692614736,0.18181818181818182
573-A,3,77,0.25,-8.5,110.0,-0.3029063926968507,0.15555555555555556
573-A,3,77,0.25,-8.5,110.5,-0.4157690819080089,0.14634146341463414
573-A,3,77,0.25,-8.5,111.0,-0.3769306584264567,0.13953488372093023
573-A,3,77,0.25,-8.5,111.5,-0.3371462120905373,0.1111111111111111
573-A,3,77,0.25,-8.5,112.0,-0.3641136311759461,0.07317073170731707
573-A,3,77,0.25,-8.5,112.5,-0.24922099712368162,0.13043478260869565
573-A,3,77,0.25,-8.5,113.0,-0.22063565121399398,0.10869565217391304
573-A,3,77,0.25,-8.5,113.5,-0.13799691020321925,0.11627906976744186
573-A,3,77,0.25,-8.5,114.0,-0.2597101559646018,0.13333333333333333
573-A,3,77,0.25,-8.5,114.5,-0.41483510010962354,0.14634146341463414
573-A,3,77,0.25,-8.5,115.5,-0.282183897948896,0.13157894736842105
573-A,3,77,0.25,-9.0,114.5,-0.03728246733139229,0.125
573-A,3,77,0.25,-9.0,115.0,-0.04362359438307517,0.11363636363636363
573-A,3,77,0.25,-9.0,115.5,-0.0994173058597474,0.11363636363636363
573-A,3,77,0.25,-9.0,117.0,-0.40514187425114523,0.15
573-A,3,77,0.25,-9.0,117.5,-0.4247994224595646,0.15789473684210525
573-A,3,77,0.25,-9.0,118.0,-0.45421349511942166,0.15
573-A,3,77,0.25,-9.0,118.5,-0.47361101913780557,0.14285714285714285
573-A,3,77,0.25,-9.0,119.0,-0.3102730618773244,0.13333333333333333
573-A,3,78,0.25,-7.0,106.0,-0.6117477019136266,0.10526315789473684
573-A,3,78,0.25,-7.5,106.0,-0.5945023505137095,0.18181818181818182
573-A,3,78,0.25,-7.5,106.5,-0.5521110793078872,0.175
573-A,3,78,0.25,-7.5,107.0,-0.6376390911634515,0.11627906976744186
573-A,3,78,0.25,-7.5,107.5,-0.6172313508397345,0.12195121951219512
573-A,3,78,0.25,-8.0,107.5,-0.35845568480146595,0.11904761904761904
573-A,3,78,0.25,-8.0,108.0,-0.3013767514652437,0.14285714285714285
573-A,3,78,0.25,-8.0,108.5,-0.7483008616255138,0.125
573-A,3,78,0.25,-8.0,109.0,-0.668847409356125,0.125
573-A,3,78,0.25,-8.0,109.5,-0.7335983899569338,0.1282051282051282
573-A,3,78,0.25,-8.5,109.5,-0.3922755008498693,0.18181818181818182
573-A,3,78,0.25,-8.5,110.0,-0.40248979875815194,0.15555555555555556
573-A,3,78,0.25,-8.5,110.5,-0.5138868847661651,0.12195121951219512
573-A,3,78,0.25,-8.5,111.0,-0.444926490472791,0.11627906976744186
573-A,3,78,0.25,-8.5,111.5,-0.3893273980645422,0.08888888888888889
573-A,3,78,0.25,-8.5,112.0,-0.4361174804424066,0.07317073170731707
573-A,3,78,0.25,-8.5,112.5,-0.3048285694311281,0.10869565217391304
573-A,3,78,0.25,-8.5,113.0,-0.2969558157920622,0.08695652173913043
573-A,3,78,0.25,-8.5,113.5,-0.23339642933461957,0.09302325581395349
573-A,3,78,0.25,-8.5,114.0,-0.3356909885135708,0.1111111111111111
573-A,3,78,0.25,-8.5,114.5,-0.5648560963136762,0.12195121951219512
573-A,3,78,0.25,-8.5,115.5,-0.434834845386739,0.10526315789473684
573-A,3,78,0.25,-9.0,114.5,-0.13191175863421445,0.10416666666666667
573-A,3,78,0.25,-9.0,115.0,-0.1157739771852726,0.09090909090909091
573-A,3,78,0.25,-9.0,115.5,-0.16532449137935545,0.09090909090909091
573-A,3,78,0.25,-9.0,117.0,-0.5603011677011167,0.125
573-A,3,78,0.25,-9.0,117.5,-0.5574430011622489,0.13157894736842105
573-A,3,78,0.25,-9.0,118.0,-0.5726506766418107,0.125
573-A,3,78,0.25,-9.0,118.5,-0.6320331986844139,0.11904761904761904
573-A,3,78,0.25,-9.0,119.0,-0.4527862621162775,0.13333333333333333
573-A,3,79,0.25,-7.0,106.0,-0.4065108505416073,0.05263157894736842
573-A,3,79,0.25,-7.5,106.0,-0.37654591478590116,0.13636363636363635
573-A,3,79,0.25,-7.5,106.5,-0.3238720612417849,0.125
573-A,3,79,0.25,-7.5,107.0,-0.40948438520091535,0.06976744186046512
573-A,3,79,0.25,-7.5,107.5,-0.3784805529264157,0.07317073170731707
573-A,3,79,0.25,-8.0,107.5,-0.1305429181144997,0.11904761904761904
573-A,3,79,0.25,-8.0,108.0,-0.04011826985694178,0.14285714285714285
573-A,3,79,0.25,-8.0,108.5,-0.4503022119341562,0.1
573-A,3,79,0.25,-8.0,109.0,-0.3670345318618724,0.075
573-A,3,79,0.25,-8.0,109.5,-0.43721676471416115,0.07692307692307693
573-A,3,79,0.25,-8.5,109.5,-0.10660128721758566,0.1590909090909091
573-A,3,79,0.25,-8.5,110.0,-0.1415809086947657,0.13333333333333333
573-A,3,79,0.25,-8.5,110.5,-0.23920369723556933,0.0975609756097561
573-A,3,79,0.25,-8.5,111.0,-0.1867940464396165,0.09302325581395349
573-A,3,79,0.25,-8.5,111.5,-0.15090395594606631,0.06666666666666667
573-A,3,79,0.25,-8.5,112.0,-0.19158660330767185,0.04878048780487805
573-A,3,79,0.25,-8.5,112.5,-0.09539289709172238,0.08695652173913043
573-A,3,79,0.25,-8.5,113.0,-0.07859720027834483,0.06521739130434782
573-A,3,79,0.25,-8.5,113.5,-0.02409247437138551,0.06976744186046512
573-A,3,79,0.25,-8.5,114.0,-0.1182508451503661,0.08888888888888889
573-A,3,79,0.25,-8.5,114.5,-0.3171466227986899,0.07317073170731707
573-A,3,79,0.25,-8.5,115.5,-0.24121858035010812,0.07894736842105263
573-A,3,79,0.25,-9.0,114.5,0.07661381887244312,0.08333333333333333
573-A,3,79,0.25,-9.0,115.0,0.07302569073913856,0.06818181818181818
573-A,3,79,0.25,-9.0,115.5,0.026781018438962523,0.06818181818181818
573-A,3,79,0.25,-9.0,117.0,-0.3479467887877741,0.1
573-A,3,79,0.25,-9.0,117.5,-0.33381120367004424,0.10526315789473684
573-A,3,79,0.25,-9.0,118.0,-0.34641580695203156,0.1
573-A,3,79,0.25,-9.0,118.5,-0.3946550741348125,0.09523809523809523
573-A,3,79,0.25,-9.0,119.0,-0.26463588537953076,0.1111111111111111
573-A,3,80,0.25,-7.0,106.0,-0.4357718364193479,0.05263157894736842
573-A,3,80,0.25,-7.5,106.0,-0.4271032311586649,0.13636363636363635
573-A,3,80,0.25,-7.5,106.5,-0.33106146066595943,0.125
573-A,3,80,0.25,-7.5,107.0,-0.44481192650677626,0.06976744186046512
573-A,3,80,0.25,-7.5,107.5,-0.40813403843190743,0.07317073170731707
573-A,3,80,0.25,-8.0,107.5,-0.1823923912654104,0.11904761904761904
573-A,3,80,0.25,-8.0,108.0,-0.09173660273512163,0.14285714285714285
573-A,3,80,0.25,-8.0,108.5,-0.5142345036008229,0.1
573-A,3,80,0.25,-8.0,109.0,-0.4172348564843025,0.1
573-A,3,80,0.25,-8.0,109.5,-0.46311115489627586,0.07692307692307693
573-A,3,80,0.25,-8.5,109.5,-0.1600893317545502,0.13636363636363635
573-A,3,80,0.25,-8.5,110.0,-0.18994266798329695,0.13333333333333333
573-A,3,80,0.25,-8.5,110.5,-0.30161679884886183,0.0975609756097561
573-A,3,80,0.25,-8.5,111.0,-0.20037065565807421,0.09302325581395349
573-A,3,80,0.25,-8.5,111.5,-0.17040404705024903,0.06666666666666667
573-A,3,80,0.25,-8.5,112.0,-0.20718469216243718,0.04878048780487805
573-A,3,80,0.25,-8.5,112.5,-0.13365766818472347,0.08695652173913043
573-A,3,80,0.25,-8.5,113.0,-0.11320449966542756,0.08695652173913043
573-A,3,80,0.25,-8.5,113.5,-0.056738524487748965,0.09302325581395349
573-A,3,80,0.25,-8.5,114.0,-0.1358820918557373,0.1111111111111111
573-A,3,80,0.25,-8.5,114.5,-0.4284348196058809,0.07317073170731707
573-A,3,80,0.25,-8.5,115.5,-0.3884042419483662,0.10526315789473684
573-A,3,80,0.25,-9.0,114.5,-0.021953252410148005,0.10416666666666667
573-A,3,80,0.25,-9.0,115.0,-0.02513899864256386,0.09090909090909091
573-A,3,80,0.25,-9.0,115.5,-0.0898398242023759,0.09090909090909091
573-A,3,80,0.25,-9.0,117.0,-0.35643506190988195,0.125
573-A,3,80,0.25,-9.0,117.5,-0.3273484340359736,0.10526315789473684
573-A,3,80,0.25,-9.0,118.0,-0.3566884657662004,0.1
573-A,3,80,0.25,-9.0,118.5,-0.4039999948062136,0.09523809523809523
573-A,3,80,0.25,-9.0,119.0,-0.31470405449675276,0.13333333333333333
573-A,3,81,0.25,-7.0,106.0,-0.4424351043533563,0.07894736842105263
573-A,3,81,0.25,-7.5,106.0,-0.4324477250005323,0.1590909090909091
573-A,3,81,0.25,-7.5,106.5,-0.35377457500603327,0.15
573-A,3,81,0.25,-7.5,107.0,-0.4641006693594094,0.09302325581395349
573-A,3,81,0.25,-7.5,107.5,-0.424308291695098,0.0975609756097561
573-A,3,81,0.25,-8.0,107.5,-0.16659075672826473,0.11904761904761904
573-A,3,81,0.25,-8.0,108.0,-0.11902086002982992,0.14285714285714285
573-A,3,81,0.25,-8.0,108.5,-0.5381108539094648,0.125
573-A,3,81,0.25,-8.0,109.0,-0.44769536176092584,0.1
573-A,3,81,0.25,-8.0,109.5,-0.4749120387311059,0.10256410256410256
573-A,3,81,0.25,-8.5,109.5,-0.16584385324955608,0.13636363636363635
573-A,3,81,0.25,-8.5,110.0,-0.19735786920683562,0.1111111111111111
573-A,3,81,0.25,-8.5,110.5,-0.32833868490290996,0.0975609756097561
573-A,3,81,0.25,-8.5,111.0,-0.2281352252322686,0.09302325581395349
573-A,3,81,0.25,-8.5,111.5,-0.18503765639551362,0.06666666666666667
573-A,3,81,0.25,-8.5,112.0,-0.2087059824448554,0.04878048780487805
573-A,3,81,0.25,-8.5,112.5,-0.14327161233620944,0.08695652173913043
573-A,3,81,0.25,-8.5,113.0,-0.13758881957254876,0.08695652173913043
573-A,3,81,0.25,-8.5,113.5,-0.08944763168127712,0.06976744186046512
573-A,3,81,0.25,-8.5,114.0,-0.16862787562337656,0.08888888888888889
573-A,3,81,0.25,-8.5,114.5,-0.44400527191816574,0.0975609756097561
573-A,3,81,0.25,-8.5,115.5,-0.40858282327152207,0.07894736842105263
573-A,3,81,0.25,-9.0,114.5,-0.0755506698870787,0.08333333333333333
573-A,3,81,0.25,-9.0,115.0,-0.06316655215043432,0.06818181818181818
573-A,3,81,0.25,-9.0,115.5,-0.1097537479366173,0.06818181818181818
573-A,3,81,0.25,-9.0,117.0,-0.3554226990604561,0.1
573-A,3,81,0.25,-9.0,117.5,-0.30696171746599044,0.10526315789473684
573-A,3,81,0.25,-9.0,118.0,-0.33779777858435467,0.1
573-A,3,81,0.25,-9.0,118.5,-0.38935741172834937,0.09523809523809523
573-A,3,81,0.25,-9.0,119.0,-0.32192684947873507,0.1111111111111111
573-A,3,82,0.25,-7.0,106.0,-0.4426369260039842,0.05263157894736842
573-A,3,82,0.25,-7.5,106.0,-0.40489247197464473,0.13636363636363635
573-A,3,82,0.25,-7.5,106.5,-0.3437531920147716,0.125
573-A,3,82,0.25,-7.5,107.0,-0.4553537991347829,0.06976744186046512
573-A,3,82,0.25,-7.5,107.5,-0.4396777530760929,0.07317073170731707
573-A,3,82,0.25,-8.0,107.5,-0.16083354229889424,0.11904761904761904
573-A,3,82,0.25,-8.0,108.0,-0.1299077789214964,0.14285714285714285
573-A,3,82,0.25,-8.0,108.5,-0.5455761316872423,0.1
573-A,3,82,0.25,-8.0,109.0,-0.4598053472192891,0.075
573-A,3,82,0.25,-8.0,109.5,-0.46884904438877495,0.07692307692307693
573-A,3,82,0.25,-8.5,109.5,-0.15580298313630392,0.11363636363636363
573-A,3,82,0.25,-8.5,110.0,-0.18646026977905739,0.1111111111111111
573-A,3,82,0.25,-8.5,110.5,-0.32539341116372045,0.0975609756097561
573-A,3,82,0.25,-8.5,111.0,-0.22576672019727284,0.09302325581395349
573-A,3,82,0.25,-8.5,111.5,-0.1788881240636513,0.06666666666666667
573-A,3,82,0.25,-8.5,112.0,-0.20620032786204923,0.04878048780487805
573-A,3,82,0.25,-8.5,112.5,-0.1332494407158833,0.08695652173913043
573-A,3,82,0.25,-8.5,113.0,-0.1475276249971158,0.08695652173913043
573-A,3,82,0.25,-8.5,113.5,-0.09460429932493919,0.06976744186046512
573-A,3,82,0.25,-8.5,114.0,-0.1650580747111734,0.08888888888888889
573-A,3,82,0.25,-8.5,114.5,-0.4563119578579158,0.07317073170731707
573-A,3,82,0.25,-8.5,115.5,-0.443936897842131,0.07894736842105263
573-A,3,82,0.25,-9.0,114.5,-0.08148056398505354,0.08333333333333333
573-A,3,82,0.25,-9.0,115.0,-0.06984931554528839,0.06818181818181818
573-A,3,82,0.25,-9.0,115.5,-0.13963830263644406,0.06818181818181818
573-A,3,82,0.25,-9.0,117.0,-0.30925567421862943,0.1
573-A,3,82,0.25,-9.0,117.5,-0.26439883058301894,0.10526315789473684
573-A,3,82,0.25,-9.0,118.0,-0.30292266378710186,0.1
573-A,3,82,0.25,-9.0,118.5,-0.352959354723944,0.09523809523809523
573-A,3,82,0.25,-9.0,119.0,-0.25409978224423324,0.1111111111111111
573-A,3,83,0.25,-7.0,106.0,-0.4711284668387059,0.07894736842105263
573-A,3,83,0.25,-7.5,106.0,-0.4066314266873712,0.13636363636363635
573-A,3,83,0.25,-7.5,106.5,-0.37619809292902073,0.15
573-A,3,83,0.25,-7.5,107.0,-0.5397016938451935,0.11627906976744186
573-A,3,83,0.25,-7.5,107.5,-0.48450259734542467,0.0975609756097561
573-A,3,83,0.25,-8.0,107.5,-0.18460316160628842,0.11904761904761904
573-A,3,83,0.25,-8.0,108.0,-0.15359194798647136,0.14285714285714285
573-A,3,83,0.25,-8.0,108.5,-0.5637329603909462,0.125
573-A,3,83,0.25,-8.0,109.0,-0.4569136130235141,0.1
573-A,3,83,0.25,-8.0,109.5,-0.47695977707096016,0.10256410256410256
573-A,3,83,0.25,-8.5,109.5,-0.15112273447795133,0.09090909090909091
573-A,3,83,0.25,-8.5,110.0,-0.17393315699598277,0.08888888888888889
573-A,3,83,0.25,-8.5,110.5,-0.30946546787911977,0.07317073170731707
573-A,3,83,0.25,-8.5,111.0,-0.22757770375487496,0.06976744186046512
573-A,3,83,0.25,-8.5,111.5,-0.18130618091266104,0.044444444444444446
573-A,3,83,0.25,-8.5,112.0,-0.20547275424871891,0.04878048780487805
573-A,3,83,0.25,-8.5,112.5,-0.1226018196708214,0.06521739130434782
573-A,3,83,0.25,-8.5,113.0,-0.1385178501382618,0.08695652173913043
573-A,3,83,0.25,-8.5,113.5,-0.10229375956803577,0.06976744186046512
573-A,3,83,0.25,-8.5,114.0,-0.16742485271596386,0.08888888888888889
573-A,3,83,0.25,-8.5,114.5,-0.4477762733192987,0.07317073170731707
573-A,3,83,0.25,-8.5,115.5,-0.5027535904792666,0.07894736842105263
573-A,3,83,0.25,-9.0,114.5,-0.12869134617369538,0.0625
573-A,3,83,0.25,-9.0,115.0,-0.104326650999643,0.06818181818181818
573-A,3,83,0.25,-9.0,115.5,-0.16751154713365524,0.06818181818181818
573-A,3,83,0.25,-9.0,117.0,-0.3362861721617978,0.1
573-A,3,83,0.25,-9.0,117.5,-0.27795029465826304,0.10526315789473684
573-A,3,83,0.25,-9.0,118.0,-0.3068558017336809,0.1
573-A,3,83,0.25,-9.0,118.5,-0.3764988943726624,0.09523809523809523
573-A,3,83,0.25,-9.0,119.0,-0.2662293083845604,0.1111111111111111
573-A,3,84,0.25,-7.0,106.0,-0.2933477691875104,0.05263157894736842
573-A,3,84,0.25,-7.5,106.0,-0.23948437599710748,0.13636363636363635
573-A,3,84,0.25,-7.5,106.5,-0.22499621167477635,0.15
573-A,3,84,0.25,-7.5,107.0,-0.36674869248925623,0.09302325581395349
573-A,3,84,0.25,-7.5,107.5,-0.3617353789262836,0.07317073170731707
573-A,3,84,0.25,-8.0,107.5,-0.07706991049450673,0.11904761904761904
573-A,3,84,0.25,-8.0,108.0,-0.06755876730458188,0.14285714285714285
573-A,3,84,0.25,-8.0,108.5,-0.4525462962962963,0.1
573-A,3,84,0.25,-8.0,109.0,-0.3710108549396307,0.075
573-A,3,84,0.25,-8.0,109.5,-0.355943367016635,0.07692307692307693
573-A,3,84,0.25,-8.5,109.5,-0.05448711827505193,0.09090909090909091
573-A,3,84,0.25,-8.5,110.0,-0.07517000035397636,0.08888888888888889
573-A,3,84,0.25,-8.5,110.5,-0.19166935256571915,0.07317073170731707
573-A,3,84,0.25,-8.5,111.0,-0.11165809450693964,0.06976744186046512
573-A,3,84,0.25,-8.5,111.5,-0.0743410130785116,0.044444444444444446
573-A,3,84,0.25,-8.5,112.0,-0.10645141208939468,0.04878048780487805
573-A,3,84,0.25,-8.5,112.5,-0.01851629913710462,0.06521739130434782
573-A,3,84,0.25,-8.5,113.0,-0.07857776957370266,0.08695652173913043
573-A,3,84,0.25,-8.5,113.5,-0.07056787568881129,0.06976744186046512
573-A,3,84,0.25,-8.5,114.0,-0.11594713362835751,0.08888888888888889
573-A,3,84,0.25,-8.5,114.5,-0.36447747169670097,0.04878048780487805
573-A,3,84,0.25,-8.5,115.5,-0.45545129827567776,0.07894736842105263
573-A,3,84,0.25,-9.0,114.5,-0.10714064532111212,0.0625
573-A,3,84,0.25,-9.0,115.0,-0.06602322724360521,0.06818181818181818
573-A,3,84,0.25,-9.0,115.5,-0.11572649305609817,0.06818181818181818
573-A,3,84,0.25,-9.0,117.0,-0.2211951346469916,0.1
573-A,3,84,0.25,-9.0,117.5,-0.15102067983882117,0.10526315789473684
573-A,3,84,0.25,-9.0,118.0,-0.19424663939518805,0.1
573-A,3,84,0.25,-9.0,118.5,-0.2726738003326621,0.09523809523809523
573-A,3,84,0.25,-9.0,119.0,-0.1993910546701867,0.1111111111111111
573-A,3,85,0.25,-7.0,106.0,-0.13997277510025397,0.05263157894736842
573-A,3,85,0.25,-7.5,106.0,-0.08467273616813098,0.13636363636363635
573-A,3,85,0.25,-7.5,106.5,-0.07363494014446115,0.15
573-A,3,85,0.25,-7.5,107.0,-0.15607911785173645,0.09302325581395349
573-A,3,85,0.25,-7.5,107.5,-0.20849062314278766,0.0975609756097561
573-A,3,85,0.25,-8.0,107.5,0.08987011724247329,0.11904761904761904
573-A,3,85,0.25,-8.0,108.0,0.0817818729911981,0.14285714285714285
573-A,3,85,0.25,-8.0,108.5,-0.2505256558641973,0.1
573-A,3,85,0.25,-8.0,109.0,-0.1907594234029839,0.075
573-A,3,85,0.25,-8.0,109.5,-0.1627086441298169,0.07692307692307693
573-A,3,85,0.25,-8.5,109.5,0.10165127671358454,0.11363636363636363
573-A,3,85,0.25,-8.5,110.0,0.08544142723398951,0.1111111111111111
573-A,3,85,0.25,-8.5,110.5,-0.005789404836236578,0.0975609756097561
573-A,3,85,0.25,-8.5,111.0,0.07056683913518802,0.09302325581395349
573-A,3,85,0.25,-8.5,111.5,0.09290728631007816,0.06666666666666667
573-A,3,85,0.25,-8.5,112.0,0.055665217571745695,0.04878048780487805
573-A,3,85,0.25,-8.5,112.5,0.1396325203739215,0.08695652173913043
573-A,3,85,0.25,-8.5,113.0,0.08219552389430174,0.08695652173913043
573-A,3,85,0.25,-8.5,113.5,0.07310767463015255,0.06976744186046512
573-A,3,85,0.25,-8.5,114.0,0.05020924983013697,0.08888888888888889
573-A,3,85,0.25,-8.5,114.5,-0.22998119349907586,0.07317073170731707
573-A,3,85,0.25,-8.5,115.5,-0.2635135409078804,0.07894736842105263
573-A,3,85,0.25,-9.0,114.5,0.0198914659069801,0.08333333333333333
573-A,3,85,0.25,-9.0,115.0,0.05979294262027757,0.06818181818181818
573-A,3,85,0.25,-9.0,115.5,0.005776170465374042,0.06818181818181818
573-A,3,85,0.25,-9.0,117.0,-0.04378571789641694,0.1
573-A,3,85,0.25,-9.0,117.5,0.006631730931693558,0.10526315789473684
573-A,3,85,0.25,-9.0,118.0,-0.0586483180507138,0.1
573-A,3,85,0.25,-9.0,118.5,-0.1474113517998421,0.09523809523809523
573-A,3,85,0.25,-9.0,119.0,-0.09823940608559889,0.13333333333333333
573-A,3,86,0.25,-7.0,106.0,-0.1453715042545478,0.05263157894736842
573-A,3,86,0.25,-7.5,106.0,-0.08594052455808221,0.11363636363636363
573-A,3,86,0.25,-7.5,106.5,-0.08633228382693803,0.125
573-A,3,86,0.25,-7.5,107.0,-0.22807435413632549,0.11627906976744186
573-A,3,86,0.25,-7.5,107.5,-0.2766049063414846,0.0975609756097561
573-A,3,86,0.25,-8.0,107.5,-0.0006384111111679136,0.14285714285714285
573-A,3,86,0.25,-8.0,108.0,-0.030805568976745024,0.17142857142857143
573-A,3,86,0.25,-8.0,108.5,-0.3775446887860081,0.125
573-A,3,86,0.25,-8.0,109.0,-0.2844896247533657,0.1
573-A,3,86,0.25,-8.0,109.5,-0.2496847468122836,0.10256410256410256
573-A,3,86,0.25,-8.5,109.5,0.03934345218769675,0.11363636363636363
573-A,3,86,0.25,-8.5,110.0,0.03556245064161345,0.13333333333333333
573-A,3,86,0.25,-8.5,110.5,-0.09194675311890199,0.0975609756097561
573-A,3,86,0.25,-8.5,111.0,0.003756541264920088,0.09302325581395349
573-A,3,86,0.25,-8.5,111.5,0.036938950074907884,0.06666666666666667
573-A,3,86,0.25,-8.5,112.0,-0.034382716689838944,0.07317073170731707
573-A,3,86,0.25,-8.5,112.5,0.032239982821988034,0.08695652173913043
573-A,3,86,0.25,-8.5,113.0,0.008689168232254962,0.08695652173913043
573-A,3,86,0.25,-8.5,113.5,0.03275114524497069,0.09302325581395349
573-A,3,86,0.25,-8.5,114.0,-0.033352649922713695,0.1111111111111111
573-A,3,86,0.25,-8.5,114.5,-0.23379515742995371,0.04878048780487805
573-A,3,86,0.25,-8.5,115.5,-0.3383949844785339,0.07894736842105263
573-A,3,86,0.25,-9.0,114.5,-0.04458903614706511,0.08333333333333333
573-A,3,86,0.25,-9.0,115.0,-0.009138524248865743,0.09090909090909091
573-A,3,86,0.25,-9.0,115.5,-0.07503033238040202,0.09090909090909091
573-A,3,86,0.25,-9.0,117.0,-0.07939465893208708,0.1
573-A,3,86,0.25,-9.0,117.5,-0.00826758349504142,0.10526315789473684
573-A,3,86,0.25,-9.0,118.0,-0.050402290907541,0.1
573-A,3,86,0.25,-9.0,118.5,-0.1259506252669933,0.09523809523809523
573-A,3,86,0.25,-9.0,119.0,-0.05253960071685948,0.13333333333333333
573-A,3,87,0.25,-7.0,106.0,0.15835746608713008,0.02631578947368421
573-A,3,87,0.25,-7.5,106.0,0.1834857799238474,0.11363636363636363
573-A,3,87,0.25,-7.5,106.5,0.1951150247784531,0.125
573-A,3,87,0.25,-7.5,107.0,0.10559808303500329,0.09302325581395349
573-A,3,87,0.25,-7.5,107.5,0.025105379586626175,0.07317073170731707
573-A,3,87,0.25,-8.0,107.5,0.26695691556597234,0.09523809523809523
573-A,3,87,0.25,-8.0,108.0,0.2232960632733232,0.11428571428571428
573-A,3,87,0.25,-8.0,108.5,-0.06766814557613143,0.1
573-A,3,87,0.25,-8.0,109.0,-0.0019232973915561669,0.1
573-A,3,87,0.25,-8.0,109.5,0.008608945309201421,0.07692307692307693
573-A,3,87,0.25,-8.5,109.5,0.26674552625045367,0.06818181818181818
573-A,3,87,0.25,-8.5,110.0,0.2697876017835543,0.06666666666666667
573-A,3,87,0.25,-8.5,110.5,0.16582943035115372,0.04878048780487805
573-A,3,87,0.25,-8.5,111.0,0.25624840593715514,0.046511627906976744
573-A,3,87,0.25,-8.5,111.5,0.26397057334898977,0.022222222222222223
573-A,3,87,0.25,-8.5,112.0,0.1742869519204827,0.024390243902439025
573-A,3,87,0.25,-8.5,112.5,0.24712493008948555,0.043478260869565216
573-A,3,87,0.25,-8.5,113.0,0.22951426881651193,0.043478260869565216
573-A,3,87,0.25,-8.5,113.5,0.24186242580575845,0.06976744186046512
573-A,3,87,0.25,-8.5,114.0,0.1809068008277177,0.08888888888888889
573-A,3,87,0.25,-8.5,114.5,0.010791910294238427,0.024390243902439025
573-A,3,87,0.25,-8.5,115.5,-0.12168099434686175,0.05263157894736842
573-A,3,87,0.25,-9.0,114.5,0.16932066844202243,0.0625
573-A,3,87,0.25,-9.0,115.0,0.20952087525637253,0.06818181818181818
573-A,3,87,0.25,-9.0,115.5,0.15370445586573556,0.06818181818181818
573-A,3,87,0.25,-9.0,117.0,0.14171850301454603,0.075
573-A,3,87,0.25,-9.0,117.5,0.20496157410488913,0.05263157894736842
573-A,3,87,0.25,-9.0,118.0,0.17572795343784664,0.05
573-A,3,87,0.25,-9.0,118.5,0.1233978791172119,0.047619047619047616
573-A,3,87,0.25,-9.0,119.0,0.1534997494845164,0.1111111111111111
573-A,3,88,0.25,-7.0,106.0,0.2067442068251456,0.05263157894736842
573-A,3,88,0.25,-7.5,106.0,0.24108931952096313,0.13636363636363635
573-A,3,88,0.25,-7.5,106.5,0.26228343407472254,0.125
573-A,3,88,0.25,-7.5,107.0,0.17187686082633247,0.09302325581395349
573-A,3,88,0.25,-7.5,107.5,0.1199304989984813,0.07317073170731707
573-A,3,88,0.25,-8.0,107.5,0.3522148643600279,0.09523809523809523
573-A,3,88,0.25,-8.0,108.0,0.3028918870659413,0.08571428571428572
573-A,3,88,0.25,-8.0,108.5,0.031148726851852104,0.125
573-A,3,88,0.25,-8.0,109.0,0.07410351714525354,0.1
573-A,3,88,0.25,-8.0,109.5,0.09602415064598746,0.10256410256410256
573-A,3,88,0.25,-8.5,109.5,0.35618232081129075,0.09090909090909091
573-A,3,88,0.25,-8.5,110.0,0.3617336557369245,0.08888888888888889
573-A,3,88,0.25,-8.5,110.5,0.2748369243466524,0.024390243902439025
573-A,3,88,0.25,-8.5,111.0,0.3489584601641291,0.023255813953488372
573-A,3,88,0.25,-8.5,111.5,0.3606624792484918,0.022222222222222223
573-A,3,88,0.25,-8.5,112.0,0.2803025979954762,0.024390243902439025
573-A,3,88,0.25,-8.5,112.5,0.35233026725790995,0.021739130434782608
573-A,3,88,0.25,-8.5,113.0,0.3264540542772446,0.021739130434782608
573-A,3,88,0.25,-8.5,113.5,0.3378773353013369,0.046511627906976744
573-A,3,88,0.25,-8.5,114.0,0.28114681044238166,0.06666666666666667
573-A,3,88,0.25,-8.5,114.5,0.1458550167068805,0.024390243902439025
573-A,3,88,0.25,-8.5,115.5,-0.02980364703767724,0.02631578947368421
573-A,3,88,0.25,-9.0,114.5,0.2298685514337031,0.041666666666666664
573-A,3,88,0.25,-9.0,115.0,0.27851421956435696,0.045454545454545456
573-A,3,88,0.25,-9.0,115.5,0.24329042538234413,0.045454545454545456
573-A,3,88,0.25,-9.0,117.0,0.24775838819811702,0.025
573-A,3,88,0.25,-9.0,117.5,0.3012387935139341,0.02631578947368421
573-A,3,88,0.25,-9.0,118.0,0.2764162848702708,0.025
573-A,3,88,0.25,-9.0,118.5,0.2240326896933199,0.047619047619047616
573-A,3,88,0.25,-9.0,119.0,0.2015409111055444,0.08888888888888889
573-A,3,89,0.25,-7.0,106.0,0.2220826522728585,0.02631578947368421
573-A,3,89,0.25,-7.5,106.0,0.2725628044500221,0.09090909090909091
573-A,3,89,0.25,-7.5,106.5,0.2843197009748625,0.075
573-A,3,89,0.25,-7.5,107.0,0.18778652241600735,0.046511627906976744
573-A,3,89,0.25,-7.5,107.5,0.14578289053729854,0.04878048780487805
573-A,3,89,0.25,-8.0,107.5,0.38565276576581187,0.07142857142857142
573-A,3,89,0.25,-8.0,108.0,0.3218927903703549,0.08571428571428572
573-A,3,89,0.25,-8.0,108.5,0.10317804783950635,0.075
573-A,3,89,0.25,-8.0,109.0,0.14777712075592375,0.05
573-A,3,89,0.25,-8.0,109.5,0.1761772736228785,0.05128205128205128
573-A,3,89,0.25,-8.5,109.5,0.4245060732224365,0.045454545454545456
573-A,3,89,0.25,-8.5,110.0,0.4416493848739661,0.06666666666666667
573-A,3,89,0.25,-8.5,110.5,0.35691620129813206,0.024390243902439025
573-A,3,89,0.25,-8.5,111.0,0.4002658159871527,0.023255813953488372
573-A,3,89,0.25,-8.5,111.5,0.3934296169575252,0.022222222222222223
573-A,3,89,0.25,-8.5,112.0,0.2879285032474942,0.024390243902439025
573-A,3,89,0.25,-8.5,112.5,0.35002322027804433,0.021739130434782608
573-A,3,89,0.25,-8.5,113.0,0.3469145862656492,0.021739130434782608
573-A,3,89,0.25,-8.5,113.5,0.36635110881199295,0.023255813953488372
573-A,3,89,0.25,-8.5,114.0,0.3043933539826482,0.044444444444444446
573-A,3,89,0.25,-8.5,114.5,0.18689947738161417,0.0
573-A,3,89,0.25,-8.5,115.5,-0.051080961641639666,0.0
573-A,3,89,0.25,-9.0,114.5,0.21844228029974644,0.020833333333333332
573-A,3,89,0.25,-9.0,115.0,0.27300712750748657,0.022727272727272728
573-A,3,89,0.25,-9.0,115.5,0.2214511114929778,0.022727272727272728
573-A,3,89,0.25,-9.0,117.0,0.24546315258808316,0.025
573-A,3,89,0.25,-9.0,117.5,0.3195173338931242,0.02631578947368421
573-A,3,89,0.25,-9.0,118.0,0.3041303760958213,0.025
573-A,3,89,0.25,-9.0,118.5,0.2636093441416033,0.023809523809523808
573-A,3,89,0.25,-9.0,119.0,0.25724206540381156,0.06666666666666667
573-A,3,90,0.25,-7.0,106.0,0.3538690366695222,0.05263157894736842
573-A,3,90,0.25,-7.5,106.0,0.3661270766416369,0.13636363636363635
573-A,3,90,0.25,-7.5,106.5,0.38069581712771994,0.1
573-A,3,90,0.25,-7.5,107.0,0.2599381577908987,0.06976744186046512
573-A,3,90,0.25,-7.5,107.5,0.21989390504281225,0.07317073170731707
573-A,3,90,0.25,-8.0,107.5,0.4928584953456119,0.07142857142857142
573-A,3,90,0.25,-8.0,108.0,0.41436464088397795,0.14285714285714285
573-A,3,90,0.25,-8.0,108.5,0.17695473251028826,0.1
573-A,3,90,0.25,-8.0,109.0,0.2199709167265026,0.075
573-A,3,90,0.25,-8.0,109.5,0.24062825456694914,0.07692307692307693
573-A,3,90,0.25,-8.5,109.5,0.4915299555012318,0.06818181818181818
573-A,3,90,0.25,-8.5,110.0,0.5277230877019956,0.08888888888888889
573-A,3,90,0.25,-8.5,110.5,0.4695931503505604,0.04878048780487805
573-A,3,90,0.25,-8.5,111.0,0.5211633871159991,0.046511627906976744
573-A,3,90,0.25,-8.5,111.5,0.485646029882172,0.022222222222222223
573-A,3,90,0.25,-8.5,112.0,0.38453238156502245,0.024390243902439025
573-A,3,90,0.25,-8.5,112.5,0.44830616810482593,0.043478260869565216
573-A,3,90,0.25,-8.5,113.0,0.49871818070312435,0.043478260869565216
573-A,3,90,0.25,-8.5,113.5,0.5113228323837794,0.06976744186046512
573-A,3,90,0.25,-8.5,114.0,0.4535931831081781,0.08888888888888889
573-A,3,90,0.25,-8.5,114.5,0.33328944687821804,0.024390243902439025
573-A,3,90,0.25,-8.5,115.5,0.10860295995772651,0.05263157894736842
573-A,3,90,0.25,-9.0,114.5,0.3153733407650545,0.0625
573-A,3,90,0.25,-9.0,115.0,0.36083828460270184,0.06818181818181818
573-A,3,90,0.25,-9.0,115.5,0.340639141007816,0.06818181818181818
573-A,3,90,0.25,-9.0,117.0,0.3706805510204919,0.05
573-A,3,90,0.25,-9.0,117.5,0.4128185304463138,0.05263157894736842
573-A,3,90,0.25,-9.0,118.0,0.39150028868845,0.05
573-A,3,90,0.25,-9.0,118.5,0.3666501763939798,0.07142857142857142
573-A,3,90,0.25,-9.0,119.0,0.3277898753203706,0.08888888888888889
573-A,3,91,0.25,-7.0,106.0,0.4416614546926161,0.05263157894736842
573-A,3,91,0.25,-7.5,106.0,0.47188530343962043,0.13636363636363635
573-A,3,91,0.25,-7.5,106.5,0.46736820837472426,0.1
573-A,3,91,0.25,-7.5,107.0,0.3543859900851587,0.046511627906976744
573-A,3,91,0.25,-7.5,107.5,0.2836664392155138,0.04878048780487805
573-A,3,91,0.25,-8.0,107.5,0.507448556090621,0.047619047619047616
573-A,3,91,0.25,-8.0,108.0,0.46230804781211277,0.11428571428571428
573-A,3,91,0.25,-8.0,108.5,0.2377893518518519,0.075
573-A,3,91,0.25,-8.0,109.0,0.29275754083424343,0.05
573-A,3,91,0.25,-8.0,109.5,0.3250204070143834,0.05128205128205128
573-A,3,91,0.25,-8.5,109.5,0.4952970722484291,0.06818181818181818
573-A,3,91,0.25,-8.5,110.0,0.5546350805541079,0.06666666666666667
573-A,3,91,0.25,-8.5,110.5,0.4998550288795959,0.024390243902439025
573-A,3,91,0.25,-8.5,111.0,0.5590902274815793,0.023255813953488372
573-A,3,91,0.25,-8.5,111.5,0.5365277159169131,0.022222222222222223
573-A,3,91,0.25,-8.5,112.0,0.44427901475379206,0.024390243902439025
573-A,3,91,0.25,-8.5,112.5,0.49902624640460214,0.043478260869565216
573-A,3,91,0.25,-8.5,113.0,0.518799813951003,0.043478260869565216
573-A,3,91,0.25,-8.5,113.5,0.5193941382608156,0.06976744186046512
573-A,3,91,0.25,-8.5,114.0,0.47475496291571817,0.08888888888888889
573-A,3,91,0.25,-8.5,114.5,0.38333663636653426,0.04878048780487805
573-A,3,91,0.25,-8.5,115.5,0.1403459455660775,0.07894736842105263
573-A,3,91,0.25,-9.0,114.5,0.3151514213166535,0.0625
573-A,3,91,0.25,-9.0,115.0,0.3766170315072185,0.06818181818181818
573-A,3,91,0.25,-9.0,115.5,0.36069235936450383,0.06818181818181818
573-A,3,91,0.25,-9.0,117.0,0.45658794099605016,0.05
573-A,3,91,0.25,-9.0,117.5,0.49749886079125083,0.05263157894736842
573-A,3,91,0.25,-9.0,118.0,0.4720695538956149,0.05
573-A,3,91,0.25,-9.0,118.5,0.437555752053818,0.07142857142857142
573-A,3,91,0.25,-9.0,119.0,0.37818684601005925,0.08888888888888889
573-A,3,92,0.25,-7.0,106.0,0.5310211439713663,0.02631578947368421
573-A,3,92,0.25,-7.5,106.0,0.5694294952245218,0.11363636363636363
573-A,3,92,0.25,-7.5,106.5,0.5766100382199922,0.075
573-A,3,92,0.25,-7.5,107.0,0.46252089506194993,0.023255813953488372
573-A,3,92,0.25,-7.5,107.5,0.3697709163346614,0.024390243902439025
573-A,3,92,0.25,-8.0,107.5,0.5713574743995864,0.023809523809523808
573-A,3,92,0.25,-8.0,108.0,0.5072382517908536,0.08571428571428572
573-A,3,92,0.25,-8.0,108.5,0.36969039351851873,0.05
573-A,3,92,0.25,-8.0,109.0,0.4039512824999547,0.025
573-A,3,92,0.25,-8.0,109.5,0.46179666169392297,0.02564102564102564
573-A,3,92,0.25,-8.5,109.5,0.5465434674662439,0.06818181818181818
573-A,3,92,0.25,-8.5,110.0,0.6143118876355944,0.06666666666666667
573-A,3,92,0.25,-8.5,110.5,0.5999821988949829,0.024390243902439025
573-A,3,92,0.25,-8.5,111.0,0.6459751435137182,0.023255813953488372
573-A,3,92,0.25,-8.5,111.5,0.608921377090335,0.0
573-A,3,92,0.25,-8.5,112.0,0.5459019837729036,0.0
573-A,3,92,0.25,-8.5,112.5,0.5877988674496646,0.021739130434782608
573-A,3,92,0.25,-8.5,113.0,0.5857373770248919,0.021739130434782608
573-A,3,92,0.25,-8.5,113.5,0.5562509998633762,0.046511627906976744
573-A,3,92,0.25,-8.5,114.0,0.5299476548192906,0.06666666666666667
573-A,3,92,0.25,-8.5,114.5,0.4931031280879319,0.0
573-A,3,92,0.25,-8.5,115.5,0.2301298883832944,0.05263157894736842
573-A,3,92,0.25,-9.0,114.5,0.3580347742614729,0.041666666666666664
573-A,3,92,0.25,-9.0,115.0,0.4135307911159467,0.045454545454545456
573-A,3,92,0.25,-9.0,115.5,0.41928592629622086,0.045454545454545456
573-A,3,92,0.25,-9.0,117.0,0.5465980646245445,0.05
573-A,3,92,0.25,-9.0,117.5,0.5822982320504222,0.05263157894736842
573-A,3,92,0.25,-9.0,118.0,0.5373751438598485,0.075
573-A,3,92,0.25,-9.0,118.5,0.5212627134159404,0.09523809523809523
573-A,3,92,0.25,-9.0,119.0,0.40570139517854054,0.1111111111111111
573-A,3,93,0.25,-7.0,106.0,0.5939516574077481,0.02631578947368421
573-A,3,93,0.25,-7.5,106.0,0.5973293484503626,0.11363636363636363
573-A,3,93,0.25,-7.5,106.5,0.6199956223797417,0.075
573-A,3,93,0.25,-7.5,107.0,0.6194996663964358,0.023255813953488372
573-A,3,93,0.25,-7.5,107.5,0.5641756179701085,0.024390243902439025
573-A,3,93,0.25,-8.0,107.5,0.6324914153535952,0.047619047619047616
573-A,3,93,0.25,-8.0,108.0,0.6111602735121736,0.11428571428571428
573-A,3,93,0.25,-8.0,108.5,0.5709249614197531,0.05
573-A,3,93,0.25,-8.0,109.0,0.6128078030060762,0.025
573-A,3,93,0.25,-8.0,109.5,0.667195372533566,0.02564102564102564
573-A,3,93,0.25,-8.5,109.5,0.6218285078589025,0.09090909090909091
573-A,3,93,0.25,-8.5,110.0,0.6870357870427446,0.06666666666666667
573-A,3,93,0.25,-8.5,110.5,0.7019177993518779,0.024390243902439025
573-A,3,93,0.25,-8.5,111.0,0.7530654068817375,0.023255813953488372
573-A,3,93,0.25,-8.5,111.5,0.7466101652022513,0.0
573-A,3,93,0.25,-8.5,112.0,0.7226984810441783,0.0
573-A,3,93,0.25,-8.5,112.5,0.7196301234419944,0.021739130434782608
573-A,3,93,0.25,-8.5,113.0,0.7004416842049016,0.043478260869565216
573-A,3,93,0.25,-8.5,113.5,0.6637703227704945,0.046511627906976744
573-A,3,93,0.25,-8.5,114.0,0.6437100702893799,0.06666666666666667
573-A,3,93,0.25,-8.5,114.5,0.655967148909514,0.0
573-A,3,93,0.25,-8.5,115.5,0.4212527181147737,0.05263157894736842
573-A,3,93,0.25,-9.0,114.5,0.4992374744534589,0.041666666666666664
573-A,3,93,0.25,-9.0,115.0,0.5479440576388344,0.045454545454545456
573-A,3,93,0.25,-9.0,115.5,0.559288738225048,0.045454545454545456
573-A,3,93,0.25,-9.0,117.0,0.702165855364635,0.05
573-A,3,93,0.25,-9.0,117.5,0.7467436549912705,0.05263157894736842
573-A,3,93,0.25,-9.0,118.0,0.6959561658557125,0.075
573-A,3,93,0.25,-9.0,118.5,0.6593914699844575,0.09523809523809523
573-A,3,93,0.25,-9.0,119.0,0.48999022026092165,0.13333333333333333
573-A,3,94,0.25,-7.0,106.0,0.6734536204386466,0.02631578947368421
573-A,3,94,0.25,-7.5,106.0,0.6475888621811916,0.11363636363636363
573-A,3,94,0.25,-7.5,106.5,0.6798287115765607,0.075
573-A,3,94,0.25,-7.5,107.0,0.7331644988413553,0.0
573-A,3,94,0.25,-7.5,107.5,0.6691080979947613,0.0
573-A,3,94,0.25,-8.0,107.5,0.6785171462639517,0.047619047619047616
573-A,3,94,0.25,-8.0,108.0,0.6700260487784384,0.08571428571428572
573-A,3,94,0.25,-8.0,108.5,0.6526298868312759,0.05
573-A,3,94,0.25,-8.0,109.0,0.6807115144420779,0.025
573-A,3,94,0.25,-8.0,109.5,0.7252793649900076,0.02564102564102564
573-A,3,94,0.25,-8.5,109.5,0.6457525639311702,0.045454545454545456
573-A,3,94,0.25,-8.5,110.0,0.7026705709888034,0.022222222222222223
573-A,3,94,0.25,-8.5,110.5,0.7309457376467747,0.0
573-A,3,94,0.25,-8.5,111.0,0.8059684276228182,0.0
573-A,3,94,0.25,-8.5,111.5,0.8168249180062356,0.0
573-A,3,94,0.25,-8.5,112.0,0.7955686746487933,0.0
573-A,3,94,0.25,-8.5,112.5,0.8007001038670503,0.0
573-A,3,94,0.25,-8.5,113.0,0.7661915454575263,0.021739130434782608
573-A,3,94,0.25,-8.5,113.5,0.7248761337136999,0.023255813953488372
573-A,3,94,0.25,-8.5,114.0,0.7197289807147456,0.044444444444444446
573-A,3,94,0.25,-8.5,114.5,0.6861254589021828,0.0
573-A,3,94,0.25,-8.5,115.5,0.5177371770528272,0.02631578947368421
573-A,3,94,0.25,-9.0,114.5,0.5944189839185814,0.020833333333333332
573-A,3,94,0.25,-9.0,115.0,0.62932449173485,0.022727272727272728
573-A,3,94,0.25,-9.0,115.5,0.6440931269169283,0.022727272727272728
573-A,3,94,0.25,-9.0,117.0,0.7568703369487848,0.025
573-A,3,94,0.25,-9.0,117.5,0.782152566931714,0.02631578947368421
573-A,3,94,0.25,-9.0,118.0,0.7352604202322166,0.05
573-A,3,94,0.25,-9.0,118.5,0.7212196049865546,0.07142857142857142
573-A,3,94,0.25,-9.0,119.0,0.5427755188561079,0.1111111111111111
573-A,3,95,0.0,-7.0,106.0,0.6688653313501554,0.05263157894736842
573-A,3,95,0.0,-7.5,106.0,0.6763661696198762,0.1590909090909091
573-A,3,95,0.0,-7.5,106.5,0.7070676117836557,0.125
573-A,3,95,0.0,-7.5,107.0,0.7843414378672329,0.06976744186046512
573-A,3,95,0.0,-7.5,107.5,0.7719192291607053,0.0
573-A,3,95,0.0,-8.0,107.5,0.7668673588970711,0.07142857142857142
573-A,3,95,0.0,-8.0,108.0,0.7828931474907044,0.02857142857142857
573-A,3,95,0.0,-8.0,108.5,0.7901636445473251,0.075
573-A,3,95,0.0,-8.0,109.0,0.8203610066915664,0.05
573-A,3,95,0.0,-8.0,109.5,0.8348988093562643,0.07692307692307693
573-A,3,95,0.0,-8.5,109.5,0.6986032065850538,0.09090909090909091
573-A,3,95,0.0,-8.5,110.0,0.7803928652947832,0.06666666666666667
573-A,3,95,0.0,-8.5,110.5,0.8205864385248278,0.024390243902439025
573-A,3,95,0.0,-8.5,111.0,0.9062646189180494,0.023255813953488372
573-A,3,95,0.0,-8.5,111.5,0.9161246811353606,0.06666666666666667
573-A,3,95,0.0,-8.5,112.0,0.8805702828328941,0.04878048780487805
573-A,3,95,0.0,-8.5,112.5,0.9244080077500799,0.06521739130434782
573-A,3,95,0.0,-8.5,113.0,0.8886814931039215,0.06521739130434782
573-A,3,95,0.0,-8.5,113.5,0.8482192798181154,0.06976744186046512
573-A,3,95,0.0,-8.5,114.0,0.8433476165034276,0.08888888888888889
573-A,3,95,0.0,-8.5,114.5,0.7804587012288671,0.04878048780487805
573-A,3,95,0.0,-8.5,115.5,0.6031748391430152,0.07894736842105263
573-A,3,95,0.0,-9.0,114.5,0.7012770690117877,0.0625
573-A,3,95,0.0,-9.0,115.0,0.7428425206290358,0.045454545454545456
573-A,3,95,0.0,-9.0,115.5,0.7666112091814683,0.06818181818181818
573-A,3,95,0.0,-9.0,117.0,0.7936309944244901,0.025
573-A,3,95,0.0,-9.0,117.5,0.774975551812238,0.02631578947368421
573-A,3,95,0.0,-9.0,118.0,0.7170517352952953,0.05
573-A,3,95,0.0,-9.0,118.5,0.707262601749527,0.09523809523809523
573-A,3,95,0.0,-9.0,119.0,0.5484952209353864,0.08888888888888889
573-A,3,95,0.25,-7.0,106.0,0.6277441700347407,0.05263157894736842
573-A,3,95,0.25,-7.5,106.0,0.6186264916721618,0.18181818181818182
573-A,3,95,0.25,-7.5,106.5,0.6606783066466867,0.15
573-A,3,95,0.25,-7.5,107.0,0.7105095884121189,0.09302325581395349
573-A,3,95,0.25,-7.5,107.5,0.7053567497963946,0.04878048780487805
573-A,3,95,0.25,-8.0,107.5,0.733582983209404,0.11904761904761904
573-A,3,95,0.25,-8.0,108.0,0.7553528664159822,0.08571428571428572
573-A,3,95,0.25,-8.0,108.5,0.730981545781893,0.1
573-A,3,95,0.25,-8.0,109.0,0.7640287574442922,0.05
573-A,3,95,0.25,-8.0,109.5,0.7517395220536494,0.07692307692307693
573-A,3,95,0.25,-8.5,109.5,0.6590126716449266,0.11363636363636363
573-A,3,95,0.25,-8.5,110.0,0.7255533326904793,0.06666666666666667
573-A,3,95,0.25,-8.5,110.5,0.7537837462425508,0.024390243902439025
573-A,3,95,0.25,-8.5,111.0,0.8300418205190974,0.023255813953488372
573-A,3,95,0.25,-8.5,111.5,0.8336450277361622,0.06666666666666667
573-A,3,95,0.25,-8.5,112.0,0.8137735780539934,0.04878048780487805
573-A,3,95,0.25,-8.5,112.5,0.857773300175775,0.06521739130434782
573-A,3,95,0.25,-8.5,113.0,0.8427473073293832,0.06521739130434782
573-A,3,95,0.25,-8.5,113.5,0.8096563739611639,0.06976744186046512
573-A,3,95,0.25,-8.5,114.0,0.8055362852413721,0.08888888888888889
573-A,3,95,0.25,-8.5,114.5,0.7779308414142156,0.04878048780487805
573-A,3,95,0.25,-8.5,115.5,0.6252954619477447,0.10526315789473684
573-A,3,95,0.25,-9.0,114.5,0.7048071365165873,0.0625
573-A,3,95,0.25,-9.0,115.0,0.7318283365152947,0.045454545454545456
573-A,3,95,0.25,-9.0,115.5,0.7654239503434197,0.06818181818181818
573-A,3,95,0.25,-9.0,117.0,0.7769741417116719,0.05
573-A,3,95,0.25,-9.0,117.5,0.7391557567162116,0.05263157894736842
573-A,3,95,0.25,-9.0,118.0,0.6951656632536415,0.075
573-A,3,95,0.25,-9.0,118.5,0.6995965726201745,0.11904761904761904
573-A,3,95,0.25,-9.0,119.0,0.5732962538299964,0.13333333333333333
573-A,3,95,0.5,-7.0,106.0,0.5733027797778909,0.15789473684210525
573-A,3,95,0.5,-7.5,106.0,0.5518506307034523,0.22727272727272727
573-A,3,95,0.5,-7.5,106.5,0.5999034678609712,0.2
573-A,3,95,0.5,-7.5,107.0,0.6374353418898463,0.16279069767441862
573-A,3,95,0.5,-7.5,107.5,0.6319267130373534,0.17073170731707318
573-A,3,95,0.5,-8.0,107.5,0.6834721888161631,0.19047619047619047
573-A,3,95,0.5,-8.0,108.0,0.7027301325546709,0.14285714285714285
573-A,3,95,0.5,-8.0,108.5,0.666089570473251,0.15
573-A,3,95,0.5,-8.0,109.0,0.6855401222462907,0.125
573-A,3,95,0.5,-8.0,109.5,0.667702029442396,0.07692307692307693
573-A,3,95,0.5,-8.5,109.5,0.604697437023739,0.20454545454545456
573-A,3,95,0.5,-8.5,110.0,0.6545431686772136,0.15555555555555556
573-A,3,95,0.5,-8.5,110.5,0.6658786531036631,0.07317073170731707
573-A,3,95,0.5,-8.5,111.0,0.7340097072819994,0.09302325581395349
573-A,3,95,0.5,-8.5,111.5,0.7334911628942786,0.13333333333333333
573-A,3,95,0.5,-8.5,112.0,0.7100612666265484,0.0975609756097561
573-A,3,95,0.5,-8.5,112.5,0.7601582474432726,0.13043478260869565
573-A,3,95,0.5,-8.5,113.0,0.7528608676538274,0.13043478260869565
573-A,3,95,0.5,-8.5,113.5,0.7318019026889173,0.16279069767441862
573-A,3,95,0.5,-8.5,114.0,0.7275147165042606,0.17777777777777778
573-A,3,95,0.5,-8.5,114.5,0.70083111706735,0.17073170731707318
573-A,3,95,0.5,-8.5,115.5,0.5916928736402669,0.18421052631578946
573-A,3,95,0.5,-9.0,114.5,0.6387886810759482,0.14583333333333334
573-A,3,95,0.5,-9.0,115.0,0.6640725409841348,0.09090909090909091
573-A,3,95,0.5,-9.0,115.5,0.702311770005051,0.11363636363636363
573-A,3,95,0.5,-9.0,117.0,0.6899519230112399,0.1
573-A,3,95,0.5,-9.0,117.5,0.6413425255105958,0.07894736842105263
573-A,3,95,0.5,-9.0,118.0,0.6001813505969457,0.125
573-A,3,95,0.5,-9.0,118.5,0.6172646662797295,0.14285714285714285
573-A,3,95,0.5,-9.0,119.0,0.5216129824831865,0.2
573-A,3,96,0.25,-7.0,106.0,0.5911261542989588,0.07894736842105263
573-A,3,96,0.25,-7.5,106.0,0.5846259386101125,0.18181818181818182
573-A,3,96,0.25,-7.5,106.5,0.6221687179746211,0.15
573-A,3,96,0.25,-7.5,107.0,0.6667924555374605,0.11627906976744186
573-A,3,96,0.25,-7.5,107.5,0.6835984790121283,0.07317073170731707
573-A,3,96,0.25,-8.0,107.5,0.7315564437302655,0.11904761904761904
573-A,3,96,0.25,-8.0,108.0,0.7744798121967102,0.05714285714285714
573-A,3,96,0.25,-8.0,108.5,0.7530880272633745,0.125
573-A,3,96,0.25,-8.0,109.0,0.7788720879014789,0.1
573-A,3,96,0.25,-8.0,109.5,0.760589129394545,0.1282051282051282
573-A,3,96,0.25,-8.5,109.5,0.655832824048433,0.13636363636363635
573-A,3,96,0.25,-8.5,110.0,0.7023080500400971,0.08888888888888889
573-A,3,96,0.25,-8.5,110.5,0.7448993765567539,0.04878048780487805
573-A,3,96,0.25,-8.5,111.0,0.809601929665141,0.046511627906976744
573-A,3,96,0.25,-8.5,111.5,0.8031858626553833,0.08888888888888889
573-A,3,96,0.25,-8.5,112.0,0.7786944138947106,0.07317073170731707
573-A,3,96,0.25,-8.5,112.5,0.8132203279801854,0.08695652173913043
573-A,3,96,0.25,-8.5,113.0,0.81142986912206,0.08695652173913043
573-A,3,96,0.25,-8.5,113.5,0.7866895851895274,0.06976744186046512
573-A,3,96,0.25,-8.5,114.0,0.7895864147656485,0.08888888888888889
573-A,3,96,0.25,-8.5,114.5,0.7394973938375102,0.07317073170731707
573-A,3,96,0.25,-8.5,115.5,0.6157758097583192,0.13157894736842105
573-A,3,96,0.25,-9.0,114.5,0.6803753535228423,0.08333333333333333
573-A,3,96,0.25,-9.0,115.0,0.7133424516614737,0.06818181818181818
573-A,3,96,0.25,-9.0,115.5,0.7481774535380834,0.09090909090909091
573-A,3,96,0.25,-9.0,117.0,0.7278069160367292,0.05
573-A,3,96,0.25,-9.0,117.5,0.6928296409316423,0.05263157894736842
573-A,3,96,0.25,-9.0,118.0,0.6570820378950414,0.075
573-A,3,96,0.25,-9.0,118.5,0.6615936355338108,0.11904761904761904
573-A,3,96,0.25,-9.0,119.0,0.5654628273562909,0.13333333333333333
573-A,3,97,0.25,-7.0,106.0,0.5955998675545418,0.15789473684210525
573-A,3,97,0.25,-7.5,106.0,0.5894928846440195,0.2727272727272727
573-A,3,97,0.25,-7.5,106.5,0.608268089954484,0.25
573-A,3,97,0.25,-7.5,107.0,0.6790059331214533,0.20930232558139536
573-A,3,97,0.25,-7.5,107.5,0.6716242763751624,0.0975609756097561
573-A,3,97,0.25,-8.0,107.5,0.6795624005281284,0.21428571428571427
573-A,3,97,0.25,-8.0,108.0,0.7072781652416864,0.11428571428571428
573-A,3,97,0.25,-8.0,108.5,0.7209892618312758,0.25
573-A,3,97,0.25,-8.0,109.0,0.7346799934834158,0.2
573-A,3,97,0.25,-8.0,109.5,0.7189531905311453,0.23076923076923078
573-A,3,97,0.25,-8.5,109.5,0.6217234678482078,0.25
573-A,3,97,0.25,-8.5,110.0,0.658092700390473,0.2
573-A,3,97,0.25,-8.5,110.5,0.6813116717260463,0.17073170731707318
573-A,3,97,0.25,-8.5,111.0,0.745847105822703,0.16279069767441862
573-A,3,97,0.25,-8.5,111.5,0.7401215228570273,0.2222222222222222
573-A,3,97,0.25,-8.5,112.0,0.7220240812599863,0.1951219512195122
573-A,3,97,0.25,-8.5,112.5,0.737836818871844,0.21739130434782608
573-A,3,97,0.25,-8.5,113.0,0.7351060612868712,0.21739130434782608
573-A,3,97,0.25,-8.5,113.5,0.7190176641556716,0.18604651162790697
573-A,3,97,0.25,-8.5,114.0,0.7217126000882931,0.24444444444444444
573-A,3,97,0.25,-8.5,114.5,0.6958142023036231,0.17073170731707318
573-A,3,97,0.25,-8.5,115.5,0.5679883450481996,0.21052631578947367
573-A,3,97,0.25,-9.0,114.5,0.5838249107161289,0.22916666666666666
573-A,3,97,0.25,-9.0,115.0,0.6162361243066182,0.18181818181818182
573-A,3,97,0.25,-9.0,115.5,0.6476353761475533,0.20454545454545456
573-A,3,97,0.25,-9.0,117.0,0.6723715112077173,0.125
573-A,3,97,0.25,-9.0,117.5,0.6544088658600898,0.10526315789473684
573-A,3,97,0.25,-9.0,118.0,0.6190552460568515,0.125
573-A,3,97,0.25,-9.0,118.5,0.6193993126023338,0.21428571428571427
573-A,3,97,0.25,-9.0,119.0,0.5010418071801592,0.26666666666666666
573-D,1,70,0.25,-8.5,119.5,-0.027634342061213513,0.13043478260869565
573-D,1,70,0.25,-8.5,122.5,-0.23533510834439086,0.11363636363636363
573-D,1,70,0.25,-8.5,124.5,-0.05960906148867329,0.2222222222222222
573-D,1,70,0.25,-8.5,125.0,-0.2528585480850538,0.2222222222222222
573-D,1,70,0.25,-9.0,119.5,0.07172468039667146,0.13333333333333333
573-D,1,70,0.25,-9.0,120.0,-0.17015816365734704,0.15217391304347827
573-D,1,70,0.25,-9.0,120.5,-0.09379296917779056,0.13953488372093023
573-D,1,70,0.25,-9.0,121.0,-0.3537017033651846,0.16279069767441862
573-D,1,70,0.25,-9.0,121.5,0.13697343537803486,0.13333333333333333
573-D,1,70,0.25,-9.0,122.0,0.3238743698998652,0.10416666666666667
573-D,1,70,0.25,-9.0,122.5,0.20740747108773727,0.10638297872340426
573-D,1,70,0.25,-9.0,124.0,0.03484922389528344,0.17777777777777778
573-D,1,70,0.25,-9.0,124.5,0.08498626039611723,0.20512820512820512
573-D,1,70,0.25,-9.5,119.5,0.16697528513841142,0.13043478260869565
573-D,1,70,0.25,-9.5,120.0,-0.08525577040152532,0.08888888888888889
573-D,1,70,0.25,-9.5,120.5,-0.2089210069993621,0.14634146341463414
573-D,1,70,0.25,-9.5,121.0,-0.2424652548734163,0.12195121951219512
573-D,1,70,0.25,-9.5,123.5,0.026755277392436216,0.1276595744680851
573-D,1,70,0.25,-9.5,124.0,-0.18157735812996068,0.14583333333333334
573-D,1,70,0.25,-10.0,119.5,0.13876406676621855,0.14893617021276595
573-D,1,70,0.25,-10.0,121.0,-0.048196012060211624,0.11904761904761904
573-D,1,70,0.25,-10.0,123.5,0.0003922761825491117,0.17073170731707318
573-D,1,70,0.25,-10.5,119.5,0.22117668827241488,0.17391304347826086
573-D,1,70,0.25,-10.5,120.0,0.2423367864767597,0.1276595744680851
573-D,1,70,0.25,-10.5,120.5,0.16726177845132806,0.13043478260869565
573-D,1,70,0.25,-10.5,121.0,0.17862726961830655,0.13043478260869565
573-D,1,71,0.25,-8.5,119.5,-0.07049027116958984,0.15217391304347827
573-D,1,71,0.25,-8.5,122.5,-0.057090946572554424,0.06818181818181818
573-D,1,71,0.25,-8.5,124.5,0.06141053250956163,0.17777777777777778
573-D,1,71,0.25,-8.5,125.0,-0.12580226299217645,0.17777777777777778
573-D,1,71,0.25,-9.0,119.5,0.11706993888036488,0.1111111111111111
573-D,1,71,0.25,-9.0,120.0,-0.1292680725161086,0.13043478260869565
573-D,1,71,0.25,-9.0,120.5,-0.05820004015526736,0.16279069767441862
573-D,1,71,0.25,-9.0,121.0,-0.1647021188201081,0.18604651162790697
573-D,1,71,0.25,-9.0,121.5,0.2745554248489137,0.08888888888888889
573-D,1,71,0.25,-9.0,122.0,0.3621946476609684,0.08333333333333333
573-D,1,71,0.25,-9.0,122.5,0.2429753034148815,0.10638297872340426
573-D,1,71,0.25,-9.0,124.0,0.117844707263563,0.13333333333333333
573-D,1,71,0.25,-9.0,124.5,0.12395673167458598,0.15384615384615385
573-D,1,71,0.25,-9.5,119.5,0.1617336022383642,0.13043478260869565
573-D,1,71,0.25,-9.5,120.0,-0.08591941679465709,0.08888888888888889
573-D,1,71,0.25,-9.5,120.5,-0.15555537414854914,0.17073170731707318
573-D,1,71,0.25,-9.5,121.0,-0.15912741964834076,0.14634146341463414
573-D,1,71,0.25,-9.5,123.5,0.05187666010689229,0.10638297872340426
573-D,1,71,0.25,-9.5,124.0,-0.09845936214193252,0.14583333333333334
573-D,1,71,0.25,-10.0,119.5,0.13748910281972093,0.14893617021276595
573-D,1,71,0.25,-10.0,121.0,0.15577469485199336,0.09523809523809523
573-D,1,71,0.25,-10.0,123.5,0.09656343432768633,0.14634146341463414
573-D,1,71,0.25,-10.5,119.5,0.24336447887030455,0.13043478260869565
573-D,1,71,0.25,-10.5,120.0,0.23736409596286034,0.1276595744680851
573-D,1,71,0.25,-10.5,120.5,0.18188072589713744,0.13043478260869565
573-D,1,71,0.25,-10.5,121.0,0.2304307015512651,0.13043478260869565
573-D,1,72,0.25,-8.5,119.5,0.015161986548040685,0.17391304347826086
573-D,1,72,0.25,-8.5,122.5,-0.010350279172268051,0.11363636363636363
573-D,1,72,0.25,-8.5,124.5,0.10648543689320389,0.2
573-D,1,72,0.25,-8.5,125.0,-0.08974206783956262,0.2
573-D,1,72,0.25,-9.0,119.5,0.22624382915770125,0.13333333333333333
573-D,1,72,0.25,-9.0,120.0,-0.03347017823159004,0.17391304347826086
573-D,1,72,0.25,-9.0,120.5,0.03733299059393269,0.18604651162790697
573-D,1,72,0.25,-9.0,121.0,-0.08124553385957634,0.20930232558139536
573-D,1,72,0.25,-9.0,121.5,0.3506253544610489,0.1111111111111111
573-D,1,72,0.25,-9.0,122.0,0.4400811532150305,0.10416666666666667
573-D,1,72,0.25,-9.0,122.5,0.32712551607932294,0.1276595744680851
573-D,1,72,0.25,-9.0,124.0,0.1833495923629016,0.15555555555555556
573-D,1,72,0.25,-9.0,124.5,0.1727172420601908,0.1794871794871795
573-D,1,72,0.25,-9.5,119.5,0.22690556962585007,0.13043478260869565
573-D,1,72,0.25,-9.5,120.0,0.010937417913353675,0.1111111111111111
573-D,1,72,0.25,-9.5,120.5,-0.03119815019275607,0.1951219512195122
573-D,1,72,0.25,-9.5,121.0,-0.08218772035575372,0.17073170731707318
573-D,1,72,0.25,-9.5,123.5,0.10961343033196758,0.1276595744680851
573-D,1,72,0.25,-9.5,124.0,-0.03264172121574771,0.14583333333333334
573-D,1,72,0.25,-10.0,119.5,0.19826451494579322,0.14893617021276595
573-D,1,72,0.25,-10.0,121.0,0.23038884654613945,0.16666666666666666
573-D,1,72,0.25,-10.0,123.5,0.18439809494592352,0.14634146341463414
573-D,1,72,0.25,-10.5,119.5,0.30108567695825417,0.13043478260869565
573-D,1,72,0.25,-10.5,120.0,0.3014456194819054,0.1276595744680851
573-D,1,72,0.25,-10.5,120.5,0.2447960440243483,0.13043478260869565
573-D,1,72,0.25,-10.5,121.0,0.2954979795416015,0.13043478260869565
573-D,1,73,0.25,-8.5,119.5,0.02547350694409234,0.1956521739130435
573-D,1,73,0.25,-8.5,122.5,-0.17166699089169635,0.13636363636363635
573-D,1,73,0.25,-8.5,124.5,0.06656451897616966,0.17777777777777778
573-D,1,73,0.25,-8.5,125.0,-0.24626944113391191,0.2
573-D,1,73,0.25,-9.0,119.5,0.26234111295814,0.1111111111111111
573-D,1,73,0.25,-9.0,120.0,-0.05851182478680683,0.15217391304347827
573-D,1,73,0.25,-9.0,120.5,-0.03686983609350092,0.16279069767441862
573-D,1,73,0.25,-9.0,121.0,-0.2400199418363107,0.23255813953488372
573-D,1,73,0.25,-9.0,121.5,0.305316464828446,0.1111111111111111
573-D,1,73,0.25,-9.0,122.0,0.41934138173336377,0.10416666666666667
573-D,1,73,0.25,-9.0,122.5,0.26541038111961013,0.1276595744680851
573-D,1,73,0.25,-9.0,124.0,0.10188710321105277,0.13333333333333333
573-D,1,73,0.25,-9.0,124.5,0.14376945986810696,0.15384615384615385
573-D,1,73,0.25,-9.5,119.5,0.13684875074616232,0.13043478260869565
573-D,1,73,0.25,-9.5,120.0,-0.024920346981220032,0.08888888888888889
573-D,1,73,0.25,-9.5,120.5,-0.09498833666328532,0.1951219512195122
573-D,1,73,0.25,-9.5,121.0,-0.15497122580351674,0.17073170731707318
573-D,1,73,0.25,-9.5,123.5,-0.049327354260089384,0.10638297872340426
573-D,1,73,0.25,-9.5,124.0,-0.229081860044694,0.125
573-D,1,73,0.25,-10.0,119.5,0.16011147698648287,0.14893617021276595
573-D,1,73,0.25,-10.0,121.0,0.16829374908931938,0.14285714285714285
573-D,1,73,0.25,-10.0,123.5,0.08195554706182617,0.12195121951219512
573-D,1,73,0.25,-10.5,119.5,0.2706994322384624,0.13043478260869565
573-D,1,73,0.25,-10.5,120.0,0.2585197807588717,0.1276595744680851
573-D,1,73,0.25,-10.5,120.5,0.2178693939885078,0.13043478260869565
573-D,1,73,0.25,-10.5,121.0,0.24927076453837638,0.13043478260869565
573-D,1,74,0.25,-8.5,119.5,0.047926409868828124,0.13043478260869565
573-D,1,74,0.25,-8.5,122.5,-0.1079088646994435,0.13636363636363635
573-D,1,74,0.25,-8.5,124.5,0.1110274786701968,0.17777777777777778
573-D,1,74,0.25,-8.5,125.0,-0.2558205085430909,0.2
573-D,1,74,0.25,-9.0,119.5,0.3610723031789983,0.06666666666666667
573-D,1,74,0.25,-9.0,120.0,-0.024344118044205,0.08695652173913043
573-D,1,74,0.25,-9.0,120.5,-0.041673257808982234,0.09302325581395349
573-D,1,74,0.25,-9.0,121.0,-0.19690901537183203,0.16279069767441862
573-D,1,74,0.25,-9.0,121.5,0.37205300499468597,0.08888888888888889
573-D,1,74,0.25,-9.0,122.0,0.5245136885518378,0.0625
573-D,1,74,0.25,-9.0,122.5,0.330460554453488,0.0851063829787234
573-D,1,74,0.25,-9.0,124.0,0.18176961588570506,0.13333333333333333
573-D,1,74,0.25,-9.0,124.5,0.14914280595072005,0.15384615384615385
573-D,1,74,0.25,-9.5,119.5,0.2548905260106662,0.08695652173913043
573-D,1,74,0.25,-9.5,120.0,0.031159704688944134,0.022222222222222223
573-D,1,74,0.25,-9.5,120.5,-0.10189994360509691,0.12195121951219512
573-D,1,74,0.25,-9.5,121.0,-0.10626833928530832,0.0975609756097561
573-D,1,74,0.25,-9.5,123.5,-0.02038638147777716,0.10638297872340426
573-D,1,74,0.25,-9.5,124.0,-0.19654118223923156,0.10416666666666667
573-D,1,74,0.25,-10.0,119.5,0.3063689685674432,0.10638297872340426
573-D,1,74,0.25,-10.0,121.0,0.27819466705522367,0.07142857142857142
573-D,1,74,0.25,-10.0,123.5,0.10414178269408236,0.12195121951219512
573-D,1,74,0.25,-10.5,119.5,0.4076262397222107,0.10869565217391304
573-D,1,74,0.25,-10.5,120.0,0.399691899985014,0.0851063829787234
573-D,1,74,0.25,-10.5,120.5,0.360173236845579,0.08695652173913043
573-D,1,74,0.25,-10.5,121.0,0.3631303686817604,0.08695652173913043
573-D,1,75,0.25,-8.5,119.5,0.10049405009485368,0.17391304347826086
573-D,1,75,0.25,-8.5,122.5,-0.024749499870794223,0.11363636363636363
573-D,1,75,0.25,-8.5,124.5,0.16057805236834344,0.13333333333333333
573-D,1,75,0.25,-8.5,125.0,-0.16726291111974545,0.15555555555555556
573-D,1,75,0.25,-9.0,119.5,0.45935075536368797,0.044444444444444446
573-D,1,75,0.25,-9.0,120.0,0.07305622676614587,0.08695652173913043
573-D,1,75,0.25,-9.0,120.5,-0.04082452148306759,0.11627906976744186
573-D,1,75,0.25,-9.0,121.0,-0.1486198587453258,0.16279069767441862
573-D,1,75,0.25,-9.0,121.5,0.4376085093363955,0.06666666666666667
573-D,1,75,0.25,-9.0,122.0,0.5828786288294678,0.041666666666666664
573-D,1,75,0.25,-9.0,122.5,0.3515507632923336,0.0851063829787234
573-D,1,75,0.25,-9.0,124.0,0.2268915902809009,0.1111111111111111
573-D,1,75,0.25,-9.0,124.5,0.1713400821633796,0.1282051282051282
573-D,1,75,0.25,-9.5,119.5,0.3275715271824172,0.06521739130434782
573-D,1,75,0.25,-9.5,120.0,0.03274503926252581,0.044444444444444446
573-D,1,75,0.25,-9.5,120.5,-0.15292066414012018,0.12195121951219512
573-D,1,75,0.25,-9.5,121.0,-0.12318313126947689,0.0975609756097561
573-D,1,75,0.25,-9.5,123.5,0.07127571485412598,0.10638297872340426
573-D,1,75,0.25,-9.5,124.0,-0.07201810321936852,0.10416666666666667
573-D,1,75,0.25,-10.0,119.5,0.3739986026041129,0.0851063829787234
573-D,1,75,0.25,-10.0,121.0,0.32537912328091545,0.047619047619047616
573-D,1,75,0.25,-10.0,123.5,0.17202819359332522,0.14634146341463414
573-D,1,75,0.25,-10.5,119.5,0.4727642633171919,0.08695652173913043
573-D,1,75,0.25,-10.5,120.0,0.44645896790138984,0.0851063829787234
573-D,1,75,0.25,-10.5,120.5,0.42920230514614355,0.06521739130434782
573-D,1,75,0.25,-10.5,121.0,0.42806239302228133,0.06521739130434782
573-D,1,76,0.25,-8.5,119.5,0.18634159455428978,0.15217391304347827
573-D,1,76,0.25,-8.5,122.5,0.056731637491253095,0.09090909090909091
573-D,1,76,0.25,-8.5,124.5,0.2752734333627537,0.1111111111111111
573-D,1,76,0.25,-8.5,125.0,-0.05138248353899888,0.13333333333333333
573-D,1,76,0.25,-9.0,119.5,0.5264451603904523,0.022222222222222223
573-D,1,76,0.25,-9.0,120.0,0.047590094945939576,0.10869565217391304
573-D,1,76,0.25,-9.0,120.5,0.05204670179238513,0.11627906976744186
573-D,1,76,0.25,-9.0,121.0,-0.03811882010801804,0.16279069767441862
573-D,1,76,0.25,-9.0,121.5,0.5255181894881131,0.06666666666666667
573-D,1,76,0.25,-9.0,122.0,0.6335882906927535,0.041666666666666664
573-D,1,76,0.25,-9.0,122.5,0.4121391743160675,0.06382978723404255
573-D,1,76,0.25,-9.0,124.0,0.3154990783030641,0.08888888888888889
573-D,1,76,0.25,-9.0,124.5,0.2894970189721715,0.10256410256410256
573-D,1,76,0.25,-9.5,119.5,0.3521090293625623,0.043478260869565216
573-D,1,76,0.25,-9.5,120.0,0.05055455806867304,0.06666666666666667
573-D,1,76,0.25,-9.5,120.5,-0.04083290305858989,0.0975609756097561
573-D,1,76,0.25,-9.5,121.0,-0.00928906125605633,0.0975609756097561
573-D,1,76,0.25,-9.5,123.5,0.0980982030519083,0.0851063829787234
573-D,1,76,0.25,-9.5,124.0,-0.03571767061258169,0.08333333333333333
573-D,1,76,0.25,-10.0,119.5,0.3917232074415019,0.0425531914893617
573-D,1,76,0.25,-10.0,121.0,0.3881936583014829,0.047619047619047616
573-D,1,76,0.25,-10.0,123.5,0.2591512249829636,0.12195121951219512
573-D,1,76,0.25,-10.5,119.5,0.5279935878785311,0.043478260869565216
573-D,1,76,0.25,-10.5,120.0,0.5091247982705586,0.0425531914893617
573-D,1,76,0.25,-10.5,120.5,0.47931366930275854,0.021739130434782608
573-D,1,76,0.25,-10.5,121.0,0.49084747968092124,0.021739130434782608
573-D,1,77,0.25,-8.5,119.5,0.17148712121980647,0.17391304347826086
573-D,1,77,0.25,-8.5,122.5,0.043796510564412694,0.06818181818181818
573-D,1,77,0.25,-8.5,124.5,0.3320957928802588,0.1111111111111111
573-D,1,77,0.25,-8.5,125.0,0.030276423495500304,0.1111111111111111
573-D,1,77,0.25,-9.0,119.5,0.6246047116767541,0.022222222222222223
573-D,1,77,0.25,-9.0,120.0,0.14228686400879698,0.10869565217391304
573-D,1,77,0.25,-9.0,120.5,0.18361908470327692,0.13953488372093023
573-D,1,77,0.25,-9.0,121.0,0.051449937681761426,0.16279069767441862
573-D,1,77,0.25,-9.0,121.5,0.5162622888180357,0.06666666666666667
573-D,1,77,0.25,-9.0,122.0,0.6352105479002211,0.041666666666666664
573-D,1,77,0.25,-9.0,122.5,0.4136973523868064,0.06382978723404255
573-D,1,77,0.25,-9.0,124.0,0.359387900325814,0.06666666666666667
573-D,1,77,0.25,-9.0,124.5,0.3644587619913008,0.10256410256410256
573-D,1,77,0.25,-9.5,119.5,0.37034216609389226,0.043478260869565216
573-D,1,77,0.25,-9.5,120.0,0.1123887870799869,0.1111111111111111
573-D,1,77,0.25,-9.5,120.5,0.05834593545130573,0.0975609756097561
573-D,1,77,0.25,-9.5,121.0,0.07837272251666161,0.0975609756097561
573-D,1,77,0.25,-9.5,123.5,0.06675914873482414,0.06382978723404255
573-D,1,77,0.25,-9.5,124.0,-0.03800485478338733,0.08333333333333333
573-D,1,77,0.25,-10.0,119.5,0.41741719740994987,0.0425531914893617
573-D,1,77,0.25,-10.0,121.0,0.4522579271231463,0.047619047619047616
573-D,1,77,0.25,-10.0,123.5,0.27201838668876155,0.0975609756097561
573-D,1,77,0.25,-10.5,119.5,0.5488312533855801,0.021739130434782608
573-D,1,77,0.25,-10.5,120.0,0.49762069717877133,0.0425531914893617
573-D,1,77,0.25,-10.5,120.5,0.5060895224123498,0.043478260869565216
573-D,1,77,0.25,-10.5,121.0,0.5377856323814358,0.043478260869565216
573-D,1,78,0.25,-8.5,119.5,0.13604701591713764,0.1956521739130435
573-D,1,78,0.25,-8.5,122.5,0.09479154266269074,0.11363636363636363
573-D,1,78,0.25,-8.5,124.5,0.3238783171521037,0.13333333333333333
573-D,1,78,0.25,-8.5,125.0,0.09337235200264415,0.13333333333333333
573-D,1,78,0.25,-9.0,119.5,0.6774178612014935,0.044444444444444446
573-D,1,78,0.25,-9.0,120.0,0.18602675077791198,0.10869565217391304
573-D,1,78,0.25,-9.0,120.5,0.15399012545478874,0.13953488372093023
573-D,1,78,0.25,-9.0,121.0,0.06288076443705848,0.16279069767441862
573-D,1,78,0.25,-9.0,121.5,0.5383726421868935,0.08888888888888889
573-D,1,78,0.25,-9.0,122.0,0.6453249382195425,0.041666666666666664
573-D,1,78,0.25,-9.0,122.5,0.4782064618181896,0.10638297872340426
573-D,1,78,0.25,-9.0,124.0,0.4167532407202116,0.08888888888888889
573-D,1,78,0.25,-9.0,124.5,0.35333772732508273,0.1282051282051282
573-D,1,78,0.25,-9.5,119.5,0.4546173630439001,0.06521739130434782
573-D,1,78,0.25,-9.5,120.0,0.12964282072121902,0.1111111111111111
573-D,1,78,0.25,-9.5,120.5,0.051294871873365344,0.0975609756097561
573-D,1,78,0.25,-9.5,121.0,0.07655940791119797,0.12195121951219512
573-D,1,78,0.25,-9.5,123.5,0.1885350464023401,0.10638297872340426
573-D,1,78,0.25,-9.5,124.0,0.07515044893822176,0.125
573-D,1,78,0.25,-10.0,119.5,0.51381440399492,0.06382978723404255
573-D,1,78,0.25,-10.0,121.0,0.49924413521783473,0.047619047619047616
573-D,1,78,0.25,-10.0,123.5,0.3427569723319561,0.14634146341463414
573-D,1,78,0.25,-10.5,119.5,0.6124367142373566,0.043478260869565216
573-D,1,78,0.25,-10.5,120.0,0.5589669448403496,0.0425531914893617
573-D,1,78,0.25,-10.5,120.5,0.5948387350101172,0.08695652173913043
573-D,1,78,0.25,-10.5,121.0,0.6223872183588852,0.08695652173913043
573-D,1,79,0.25,-8.5,119.5,0.2441496403680523,0.15217391304347827
573-D,1,79,0.25,-8.5,122.5,0.20215164440160127,0.09090909090909091
573-D,1,79,0.25,-8.5,124.5,0.38530626654898514,0.1111111111111111
573-D,1,79,0.25,-8.5,125.0,0.14490544370052605,0.13333333333333333
573-D,1,79,0.25,-9.0,119.5,0.6921798650474802,0.0
573-D,1,79,0.25,-9.0,120.0,0.27226663941207674,0.10869565217391304
573-D,1,79,0.25,-9.0,120.5,0.238510878426887,0.13953488372093023
573-D,1,79,0.25,-9.0,121.0,0.12698712089738273,0.16279069767441862
573-D,1,79,0.25,-9.0,121.5,0.5269149914728946,0.06666666666666667
573-D,1,79,0.25,-9.0,122.0,0.6614829428431774,0.020833333333333332
573-D,1,79,0.25,-9.0,122.5,0.5113472974744621,0.06382978723404255
573-D,1,79,0.25,-9.0,124.0,0.46792906417671243,0.044444444444444446
573-D,1,79,0.25,-9.0,124.5,0.44015959148674755,0.07692307692307693
573-D,1,79,0.25,-9.5,119.5,0.4868073586958924,0.021739130434782608
573-D,1,79,0.25,-9.5,120.0,0.2042926101158561,0.1111111111111111
573-D,1,79,0.25,-9.5,120.5,0.12397014675600071,0.12195121951219512
573-D,1,79,0.25,-9.5,121.0,0.21226443259104244,0.12195121951219512
573-D,1,79,0.25,-9.5,123.5,0.23823878117237163,0.0851063829787234
573-D,1,79,0.25,-9.5,124.0,0.12026750655411433,0.08333333333333333
573-D,1,79,0.25,-10.0,119.5,0.5552111508454933,0.06382978723404255
573-D,1,79,0.25,-10.0,121.0,0.5776691343772066,0.047619047619047616
573-D,1,79,0.25,-10.0,123.5,0.3810491627669552,0.0975609756097561
573-D,1,79,0.25,-10.5,119.5,0.6397867986904262,0.06521739130434782
573-D,1,79,0.25,-10.5,120.0,0.5939201718509368,0.02127659574468085
573-D,1,79,0.25,-10.5,120.5,0.6206037056778176,0.06521739130434782
573-D,1,79,0.25,-10.5,121.0,0.6440414989014922,0.06521739130434782
573-D,1,80,0.25,-8.5,119.5,0.24773074269830497,0.17391304347826086
573-D,1,80,0.25,-8.5,122.5,0.24356147161385655,0.09090909090909091
573-D,1,80,0.25,-8.5,124.5,0.4282836128273022,0.08888888888888889
573-D,1,80,0.25,-8.5,125.0,0.17722135268090344,0.1111111111111111
573-D,1,80,0.25,-9.0,119.5,0.679782159834819,0.0
573-D,1,80,0.25,-9.0,120.0,0.2307551137792092,0.10869565217391304
573-D,1,80,0.25,-9.0,120.5,0.26713063238461443,0.13953488372093023
573-D,1,80,0.25,-9.0,121.0,0.1431998338180307,0.16279069767441862
573-D,1,80,0.25,-9.0,121.5,0.5341802322124849,0.06666666666666667
573-D,1,80,0.25,-9.0,122.0,0.6656535966340181,0.020833333333333332
573-D,1,80,0.25,-9.0,122.5,0.5223383632037861,0.06382978723404255
573-D,1,80,0.25,-9.0,124.0,0.5058062683837891,0.044444444444444446
573-D,1,80,0.25,-9.0,124.5,0.47378185567839626,0.07692307692307693
573-D,1,80,0.25,-9.5,119.5,0.4759456916648447,0.021739130434782608
573-D,1,80,0.25,-9.5,120.0,0.20837801422165636,0.13333333333333333
573-D,1,80,0.25,-9.5,120.5,0.14070766419658343,0.12195121951219512
573-D,1,80,0.25,-9.5,121.0,0.23802473102381538,0.12195121951219512
573-D,1,80,0.25,-9.5,123.5,0.23086172317751186,0.10638297872340426
573-D,1,80,0.25,-9.5,124.0,0.11908005066269589,0.10416666666666667
573-D,1,80,0.25,-10.0,119.5,0.5566016630092789,0.06382978723404255
573-D,1,80,0.25,-10.0,121.0,0.5873195451641466,0.047619047619047616
573-D,1,80,0.25,-10.0,123.5,0.3978617176164695,0.0975609756097561
573-D,1,80,0.25,-10.5,119.5,0.6456680352372705,0.06521739130434782
573-D,1,80,0.25,-10.5,120.0,0.5925008347032488,0.02127659574468085
573-D,1,80,0.25,-10.5,120.5,0.6085967615002499,0.06521739130434782
573-D,1,80,0.25,-10.5,121.0,0.6403006226376088,0.06521739130434782
573-D,1,81,0.25,-8.5,119.5,0.17491668611080136,0.17391304347826086
573-D,1,81,0.25,-8.5,122.5,0.2896575602985966,0.09090909090909091
573-D,1,81,0.25,-8.5,124.5,0.489837716975581,0.1111111111111111
573-D,1,81,0.25,-8.5,125.0,0.21969912882593112,0.1111111111111111
573-D,1,81,0.25,-9.0,119.5,0.675035270122262,0.0
573-D,1,81,0.25,-9.0,120.0,0.227433833639077,0.10869565217391304
573-D,1,81,0.25,-9.0,120.5,0.2253143974884706,0.13953488372093023
573-D,1,81,0.25,-9.0,121.0,0.0967752388865808,0.18604651162790697
573-D,1,81,0.25,-9.0,121.5,0.5252903992074769,0.08888888888888889
573-D,1,81,0.25,-9.0,122.0,0.6696184416746578,0.020833333333333332
573-D,1,81,0.25,-9.0,122.5,0.5601988665060489,0.06382978723404255
573-D,1,81,0.25,-9.0,124.0,0.5496169626021203,0.06666666666666667
573-D,1,81,0.25,-9.0,124.5,0.48753791417638237,0.07692307692307693
573-D,1,81,0.25,-9.5,119.5,0.4851251464689018,0.021739130434782608
573-D,1,81,0.25,-9.5,120.0,0.17040415215503546,0.13333333333333333
573-D,1,81,0.25,-9.5,120.5,0.09452778962592301,0.12195121951219512
573-D,1,81,0.25,-9.5,121.0,0.16976847007711027,0.14634146341463414
573-D,1,81,0.25,-9.5,123.5,0.24084656041982566,0.10638297872340426
573-D,1,81,0.25,-9.5,124.0,0.09995229811095807,0.125
573-D,1,81,0.25,-10.0,119.5,0.5643606028765116,0.0425531914893617
573-D,1,81,0.25,-10.0,121.0,0.6016942859704771,0.047619047619047616
573-D,1,81,0.25,-10.0,123.5,0.4260754276690496,0.0975609756097561
573-D,1,81,0.25,-10.5,119.5,0.6815313003784067,0.043478260869565216
573-D,1,81,0.25,-10.5,120.0,0.6241216257149637,0.0
573-D,1,81,0.25,-10.5,120.5,0.6375297207792316,0.043478260869565216
573-D,1,81,0.25,-10.5,121.0,0.6818166448448885,0.043478260869565216
573-D,1,82,0.25,-8.5,119.5,0.11841224270337714,0.17391304347826086
573-D,1,82,0.25,-8.5,122.5,0.28883804524245726,0.06818181818181818
573-D,1,82,0.25,-8.5,124.5,0.463225183877611,0.13333333333333333
573-D,1,82,0.25,-8.5,125.0,0.22405473769863427,0.1111111111111111
573-D,1,82,0.25,-9.0,119.5,0.6972234353670721,0.022222222222222223
573-D,1,82,0.25,-9.0,120.0,0.2070712232561227,0.10869565217391304
573-D,1,82,0.25,-9.0,120.5,0.17501916501381098,0.13953488372093023
573-D,1,82,0.25,-9.0,121.0,0.08682343165766515,0.18604651162790697
573-D,1,82,0.25,-9.0,121.5,0.5167753179544833,0.06666666666666667
573-D,1,82,0.25,-9.0,122.0,0.6584951849327818,0.041666666666666664
573-D,1,82,0.25,-9.0,122.5,0.5824082770419118,0.06382978723404255
573-D,1,82,0.25,-9.0,124.0,0.5358786105075561,0.08888888888888889
573-D,1,82,0.25,-9.0,124.5,0.46129783036754124,0.10256410256410256
573-D,1,82,0.25,-9.5,119.5,0.5207940395447612,0.06521739130434782
573-D,1,82,0.25,-9.5,120.0,0.16532907281104858,0.13333333333333333
573-D,1,82,0.25,-9.5,120.5,0.06957865728429624,0.12195121951219512
573-D,1,82,0.25,-9.5,121.0,0.15962570798171194,0.12195121951219512
573-D,1,82,0.25,-9.5,123.5,0.2588019270682109,0.0851063829787234
573-D,1,82,0.25,-9.5,124.0,0.06466778258277928,0.125
573-D,1,82,0.25,-10.0,119.5,0.6268397365894002,0.06382978723404255
573-D,1,82,0.25,-10.0,121.0,0.6355624922942422,0.047619047619047616
573-D,1,82,0.25,-10.0,123.5,0.4466290651505359,0.07317073170731707
573-D,1,82,0.25,-10.5,119.5,0.7326211924246007,0.043478260869565216
573-D,1,82,0.25,-10.5,120.0,0.6715159167546919,0.0425531914893617
573-D,1,82,0.25,-10.5,120.5,0.6833682268787793,0.06521739130434782
573-D,1,82,0.25,-10.5,121.0,0.7327426401255632,0.06521739130434782
573-D,1,83,0.25,-8.5,119.5,0.13419559615716292,0.17391304347826086
573-D,1,83,0.25,-8.5,122.5,0.30753155387023046,0.06818181818181818
573-D,1,83,0.25,-8.5,124.5,0.46936675492792,0.13333333333333333
573-D,1,83,0.25,-8.5,125.0,0.23385629576095568,0.08888888888888889
573-D,1,83,0.25,-9.0,119.5,0.7070287580115197,0.044444444444444446
573-D,1,83,0.25,-9.0,120.0,0.21053200909845715,0.13043478260869565
573-D,1,83,0.25,-9.0,120.5,0.14861783745634638,0.16279069767441862
573-D,1,83,0.25,-9.0,121.0,0.09398338180307442,0.16279069767441862
573-D,1,83,0.25,-9.0,121.5,0.5210899731528112,0.044444444444444446
573-D,1,83,0.25,-9.0,122.0,0.6845335228657052,0.020833333333333332
573-D,1,83,0.25,-9.0,122.5,0.5699734787346304,0.06382978723404255
573-D,1,83,0.25,-9.0,124.0,0.5095057255011265,0.08888888888888889
573-D,1,83,0.25,-9.0,124.5,0.4628559910340627,0.1282051282051282
573-D,1,83,0.25,-9.5,119.5,0.5118440219807754,0.06521739130434782
573-D,1,83,0.25,-9.5,120.0,0.1224547345259912,0.15555555555555556
573-D,1,83,0.25,-9.5,120.5,0.04264175767062528,0.0975609756097561
573-D,1,83,0.25,-9.5,121.0,0.12251282328321533,0.0975609756097561
573-D,1,83,0.25,-9.5,123.5,0.23958837414373446,0.06382978723404255
573-D,1,83,0.25,-9.5,124.0,0.042315257006655504,0.125
573-D,1,83,0.25,-10.0,119.5,0.6325920710321604,0.0425531914893617
573-D,1,83,0.25,-10.0,121.0,0.6438265672110199,0.047619047619047616
573-D,1,83,0.25,-10.0,123.5,0.4438787313385921,0.07317073170731707
573-D,1,83,0.25,-10.5,119.5,0.7632702857051452,0.021739130434782608
573-D,1,83,0.25,-10.5,120.0,0.6953107669658845,0.02127659574468085
573-D,1,83,0.25,-10.5,120.5,0.7138020541799572,0.043478260869565216
573-D,1,83,0.25,-10.5,121.0,0.7657423905911398,0.043478260869565216
573-D,1,84,0.25,-8.5,119.5,0.12709933247440985,0.17391304347826086
573-D,1,84,0.25,-8.5,122.5,0.3152723054722407,0.13636363636363635
573-D,1,84,0.25,-8.5,124.5,0.47445060311856424,0.17777777777777778
573-D,1,84,0.25,-8.5,125.0,0.2535441289749705,0.15555555555555556
573-D,1,84,0.25,-9.0,119.5,0.7261763757634238,0.022222222222222223
573-D,1,84,0.25,-9.0,120.0,0.20658108824891985,0.13043478260869565
573-D,1,84,0.25,-9.0,120.5,0.10281041238242405,0.16279069767441862
573-D,1,84,0.25,-9.0,121.0,0.0836202742002492,0.18604651162790697
573-D,1,84,0.25,-9.0,121.5,0.4988052700383636,0.13333333333333333
573-D,1,84,0.25,-9.0,122.0,0.6689081997131794,0.0625
573-D,1,84,0.25,-9.0,122.5,0.5617935811660331,0.1276595744680851
573-D,1,84,0.25,-9.0,124.0,0.5231506409647305,0.13333333333333333
573-D,1,84,0.25,-9.0,124.5,0.4552685850310534,0.1282051282051282
573-D,1,84,0.25,-9.5,119.5,0.5362360992721384,0.06521739130434782
573-D,1,84,0.25,-9.5,120.0,0.11225049522390929,0.15555555555555556
573-D,1,84,0.25,-9.5,120.5,0.01426607373786648,0.14634146341463414
573-D,1,84,0.25,-9.5,121.0,0.08717060368946616,0.17073170731707318
573-D,1,84,0.25,-9.5,123.5,0.2814795249002594,0.14893617021276595
573-D,1,84,0.25,-9.5,124.0,0.12056828693822019,0.14583333333333334
573-D,1,84,0.25,-10.0,119.5,0.6529206901621265,0.0425531914893617
573-D,1,84,0.25,-10.0,121.0,0.611350300944866,0.07142857142857142
573-D,1,84,0.25,-10.0,123.5,0.5000898966251675,0.12195121951219512
573-D,1,84,0.25,-10.5,119.5,0.7844019265761943,0.043478260869565216
573-D,1,84,0.25,-10.5,120.0,0.7236246299634097,0.02127659574468085
573-D,1,84,0.25,-10.5,120.5,0.7415286380489468,0.06521739130434782
573-D,1,84,0.25,-10.5,121.0,0.7850203158686345,0.06521739130434782
573-D,1,85,0.0,-8.5,119.5,0.2441667596603534,0.021739130434782608
573-D,1,85,0.0,-8.5,122.5,0.28761857199682905,0.0
573-D,1,85,0.0,-8.5,124.5,0.2313904089438069,0.022222222222222223
573-D,1,85,0.0,-8.5,125.0,0.05244929133108844,0.022222222222222223
573-D,1,85,0.0,-9.0,119.5,0.6048374373197907,0.0
573-D,1,85,0.0,-9.0,120.0,0.08992224235646751,0.0
573-D,1,85,0.0,-9.0,120.5,0.03257748141297856,0.0
573-D,1,85,0.0,-9.0,121.0,0.14433568757789783,0.0
573-D,1,85,0.0,-9.0,121.5,0.4632759983192951,0.0
573-D,1,85,0.0,-9.0,122.0,0.5526731681381825,0.0
573-D,1,85,0.0,-9.0,122.5,0.5630137957862567,0.0
573-D,1,85,0.0,-9.0,124.0,0.24359615949052238,0.022222222222222223
573-D,1,85,0.0,-9.0,124.5,0.19727804095005286,0.02564102564102564
573-D,1,85,0.0,-9.5,119.5,0.5034963385845146,0.0
573-D,1,85,0.0,-9.5,120.0,0.02600504958419747,0.0
573-D,1,85,0.0,-9.5,120.5,0.033088637957647715,0.0
573-D,1,85,0.0,-9.5,121.0,0.10268009462502548,0.0
573-D,1,85,0.0,-9.5,123.5,0.21831413792732635,0.0
573-D,1,85,0.0,-9.5,124.0,0.04908359893128955,0.020833333333333332
573-D,1,85,0.0,-10.0,119.5,0.5856436011118198,0.0
573-D,1,85,0.0,-10.0,121.0,0.3509258117665519,0.0
573-D,1,85,0.0,-10.0,123.5,0.3625310866301714,0.0
573-D,1,85,0.0,-10.5,119.5,0.5233971965990509,0.0
573-D,1,85,0.0,-10.5,120.0,0.5546638389243647,0.0
573-D,1,85,0.0,-10.5,120.5,0.5174097348814595,0.0
573-D,1,85,0.0,-10.5,121.0,0.5304476938610679,0.0
573-D,1,85,0.25,-8.5,119.5,0.13554485000963767,0.15217391304347827
573-D,1,85,0.25,-8.5,122.5,0.3669779710868699,0.09090909090909091
573-D,1,85,0.25,-8.5,124.5,0.5085632244777876,0.1111111111111111
573-D,1,85,0.25,-8.5,125.0,0.26418083019609906,0.1111111111111111
573-D,1,85,0.25,-9.0,119.5,0.7324049535943513,0.0
573-D,1,85,0.25,-9.0,120.0,0.2579579796888647,0.08695652173913043
573-D,1,85,0.25,-9.0,120.5,0.14320296053832393,0.11627906976744186
573-D,1,85,0.25,-9.0,121.0,0.15194100540091393,0.13953488372093023
573-D,1,85,0.25,-9.0,121.5,0.553515017792358,0.08888888888888889
573-D,1,85,0.25,-9.0,122.0,0.687243338076687,0.020833333333333332
573-D,1,85,0.25,-9.0,122.5,0.6030584349014695,0.06382978723404255
573-D,1,85,0.25,-9.0,124.0,0.5439537525629087,0.08888888888888889
573-D,1,85,0.25,-9.0,124.5,0.4564752568291224,0.10256410256410256
573-D,1,85,0.25,-9.5,119.5,0.5536576079079696,0.043478260869565216
573-D,1,85,0.25,-9.5,120.0,0.13691125525740844,0.1111111111111111
573-D,1,85,0.25,-9.5,120.5,0.041898895979635586,0.12195121951219512
573-D,1,85,0.25,-9.5,121.0,0.12973480540454463,0.14634146341463414
573-D,1,85,0.25,-9.5,123.5,0.31720878902259353,0.10638297872340426
573-D,1,85,0.25,-9.5,124.0,0.1513136818260502,0.125
573-D,1,85,0.25,-10.0,119.5,0.6746870241318764,0.02127659574468085
573-D,1,85,0.25,-10.0,121.0,0.6356780786603751,0.047619047619047616
573-D,1,85,0.25,-10.0,123.5,0.5260706499463135,0.07317073170731707
573-D,1,85,0.25,-10.5,119.5,0.7833799298695829,0.021739130434782608
573-D,1,85,0.25,-10.5,120.0,0.7255650587981822,0.0
573-D,1,85,0.25,-10.5,120.5,0.7460400142358983,0.021739130434782608
573-D,1,85,0.25,-10.5,121.0,0.7840187540313934,0.021739130434782608
573-D,1,85,0.5,-8.5,119.5,0.20746109482312614,0.34782608695652173
573-D,1,85,0.5,-8.5,122.5,0.40684893920345155,0.22727272727272727
573-D,1,85,0.5,-8.5,124.5,0.4627332744924977,0.3111111111111111
573-D,1,85,0.5,-8.5,125.0,0.2533872454761338,0.3111111111111111
573-D,1,85,0.5,-9.0,119.5,0.6101108064910743,0.15555555555555556
573-D,1,85,0.5,-9.0,120.0,0.30767273901914793,0.2608695652173913
573-D,1,85,0.5,-9.0,120.5,0.22556993100595024,0.3488372093023256
573-D,1,85,0.5,-9.0,121.0,0.285365184877441,0.37209302325581395
573-D,1,85,0.5,-9.0,121.5,0.5682539173582206,0.28888888888888886
573-D,1,85,0.5,-9.0,122.0,0.6221432055620824,0.20833333333333334
573-D,1,85,0.5,-9.0,122.5,0.5412127353654841,0.2765957446808511
573-D,1,85,0.5,-9.0,124.0,0.5159966679547195,0.2222222222222222
573-D,1,85,0.5,-9.0,124.5,0.41758385911923923,0.2564102564102564
573-D,1,85,0.5,-9.5,119.5,0.4669686525843624,0.15217391304347827
573-D,1,85,0.5,-9.5,120.0,0.22086909092032847,0.28888888888888886
573-D,1,85,0.5,-9.5,120.5,0.15059071790235468,0.3170731707317073
573-D,1,85,0.5,-9.5,121.0,0.21153086117871833,0.34146341463414637
573-D,1,85,0.5,-9.5,123.5,0.32442454108462115,0.2765957446808511
573-D,1,85,0.5,-9.5,124.0,0.21842530502969026,0.25
573-D,1,85,0.5,-10.0,119.5,0.5581672184298916,0.1702127659574468
573-D,1,85,0.5,-10.0,121.0,0.6113783218821103,0.21428571428571427
573-D,1,85,0.5,-10.0,123.5,0.5013270753547459,0.21951219512195122
573-D,1,85,0.5,-10.5,119.5,0.6353616048288047,0.17391304347826086
573-D,1,85,0.5,-10.5,120.0,0.5934336981430642,0.14893617021276595
573-D,1,85,0.5,-10.5,120.5,0.6087337736659276,0.15217391304347827
573-D,1,85,0.5,-10.5,121.0,0.645731313488427,0.15217391304347827
573-D,1,86,0.25,-8.5,119.5,0.1441596583242878,0.21739130434782608
573-D,1,86,0.25,-8.5,122.5,0.3659203683970603,0.11363636363636363
573-D,1,86,0.25,-8.5,124.5,0.5399272727272728,0.1111111111111111
573-D,1,86,0.25,-8.5,125.0,0.30814429307511015,0.1111111111111111
573-D,1,86,0.25,-9.0,119.5,0.7388478960257374,0.022222222222222223
573-D,1,86,0.25,-9.0,120.0,0.23254332323471183,0.13043478260869565
573-D,1,86,0.25,-9.0,120.5,0.16083097066231855,0.13953488372093023
573-D,1,86,0.25,-9.0,121.0,0.1660457000415455,0.16279069767441862
573-D,1,86,0.25,-9.0,121.5,0.5553380080441366,0.13333333333333333
573-D,1,86,0.25,-9.0,122.0,0.6673893513140234,0.0625
573-D,1,86,0.25,-9.0,122.5,0.5996621440100411,0.10638297872340426
573-D,1,86,0.25,-9.0,124.0,0.5627292364801945,0.08888888888888889
573-D,1,86,0.25,-9.0,124.5,0.4820598984567398,0.10256410256410256
573-D,1,86,0.25,-9.5,119.5,0.549517420280385,0.08695652173913043
573-D,1,86,0.25,-9.5,120.0,0.1322502789014528,0.15555555555555556
573-D,1,86,0.25,-9.5,120.5,0.04102882262544505,0.14634146341463414
573-D,1,86,0.25,-9.5,121.0,0.13408150035256916,0.14634146341463414
573-D,1,86,0.25,-9.5,123.5,0.31786140594251056,0.1276595744680851
573-D,1,86,0.25,-9.5,124.0,0.14783355878807425,0.14583333333333334
573-D,1,86,0.25,-10.0,119.5,0.656907841200364,0.0851063829787234
573-D,1,86,0.25,-10.0,121.0,0.6385663367668322,0.07142857142857142
573-D,1,86,0.25,-10.0,123.5,0.5164240505533355,0.0975609756097561
573-D,1,86,0.25,-10.5,119.5,0.7750574008514046,0.08695652173913043
573-D,1,86,0.25,-10.5,120.0,0.7191065281765298,0.0851063829787234
573-D,1,86,0.25,-10.5,120.5,0.7328730615702597,0.08695652173913043
573-D,1,86,0.25,-10.5,121.0,0.7739967153907954,0.06521739130434782
573-D,1,87,0.25,-8.5,119.5,0.18627818976798927,0.1956521739130435
573-D,1,87,0.25,-8.5,122.5,0.40207775012993197,0.09090909090909091
573-D,1,87,0.25,-8.5,124.5,0.5548926154751399,0.08888888888888889
573-D,1,87,0.25,-8.5,125.0,0.2845155463703173,0.08888888888888889
573-D,1,87,0.25,-9.0,119.5,0.7241247636273005,0.022222222222222223
573-D,1,87,0.25,-9.0,120.0,0.19268796155312362,0.13043478260869565
573-D,1,87,0.25,-9.0,120.5,0.1785084143536826,0.13953488372093023
573-D,1,87,0.25,-9.0,121.0,0.19160116327378485,0.13953488372093023
573-D,1,87,0.25,-9.0,121.5,0.5670682054868734,0.08888888888888889
573-D,1,87,0.25,-9.0,122.0,0.6614208975581903,0.041666666666666664
573-D,1,87,0.25,-9.0,122.5,0.6280166864752292,0.0851063829787234
573-D,1,87,0.25,-9.0,124.0,0.565695981485822,0.08888888888888889
573-D,1,87,0.25,-9.0,124.5,0.497565631061926,0.10256410256410256
573-D,1,87,0.25,-9.5,119.5,0.5255969912769631,0.08695652173913043
573-D,1,87,0.25,-9.5,120.0,0.1544047887611214,0.15555555555555556
573-D,1,87,0.25,-9.5,120.5,0.08458283077923634,0.12195121951219512
573-D,1,87,0.25,-9.5,121.0,0.1905238496008005,0.0975609756097561
573-D,1,87,0.25,-9.5,123.5,0.29955587099826875,0.0851063829787234
573-D,1,87,0.25,-9.5,124.0,0.1272551675088256,0.125
573-D,1,87,0.25,-10.0,119.5,0.6382667177373398,0.0851063829787234
573-D,1,87,0.25,-10.0,121.0,0.6297313352537015,0.07142857142857142
573-D,1,87,0.25,-10.0,123.5,0.5256702013432943,0.07317073170731707
573-D,1,87,0.25,-10.5,119.5,0.745895044742618,0.08695652173913043
573-D,1,87,0.25,-10.5,120.0,0.7022566822948622,0.0851063829787234
573-D,1,87,0.25,-10.5,120.5,0.7062943723088388,0.06521739130434782
573-D,1,87,0.25,-10.5,121.0,0.7568862726533813,0.043478260869565216
573-D,1,88,0.25,-8.5,119.5,0.16383860184837618,0.1956521739130435
573-D,1,88,0.25,-8.5,122.5,0.4679097067166844,0.11363636363636363
573-D,1,88,0.25,-8.5,124.5,0.5286331273904089,0.1111111111111111
573-D,1,88,0.25,-8.5,125.0,0.33212811943227005,0.1111111111111111
573-D,1,88,0.25,-9.0,119.5,0.7074128993755415,0.022222222222222223
573-D,1,88,0.25,-9.0,120.0,0.1835678695241214,0.13043478260869565
573-D,1,88,0.25,-9.0,120.5,0.13357786471325506,0.16279069767441862
573-D,1,88,0.25,-9.0,121.0,0.1970427918570835,0.13953488372093023
573-D,1,88,0.25,-9.0,121.5,0.5801203881653262,0.08888888888888889
573-D,1,88,0.25,-9.0,122.0,0.6501755679791852,0.020833333333333332
573-D,1,88,0.25,-9.0,122.5,0.6502852003172237,0.0851063829787234
573-D,1,88,0.25,-9.0,124.0,0.5814931068049317,0.1111111111111111
573-D,1,88,0.25,-9.0,124.5,0.45800736435454925,0.1282051282051282
573-D,1,88,0.25,-9.5,119.5,0.5683710692905378,0.06521739130434782
573-D,1,88,0.25,-9.5,120.0,0.14937760938963074,0.13333333333333333
573-D,1,88,0.25,-9.5,120.5,0.005286426923702514,0.14634146341463414
573-D,1,88,0.25,-9.5,121.0,0.1531863441985305,0.14634146341463414
573-D,1,88,0.25,-9.5,123.5,0.36495534514092776,0.10638297872340426
573-D,1,88,0.25,-9.5,124.0,0.19496130194042505,0.16666666666666666
573-D,1,88,0.25,-10.0,119.5,0.6897309103281914,0.0851063829787234
573-D,1,88,0.25,-10.0,121.0,0.6170945930799493,0.047619047619047616
573-D,1,88,0.25,-10.0,123.5,0.5212476645736888,0.12195121951219512
573-D,1,88,0.25,-10.5,119.5,0.7627515056510279,0.06521739130434782
573-D,1,88,0.25,-10.5,120.0,0.7300089141296471,0.06382978723404255
573-D,1,88,0.25,-10.5,120.5,0.723606778426265,0.06521739130434782
573-D,1,88,0.25,-10.5,121.0,0.7602774583099885,0.06521739130434782
573-D,1,89,0.25,-8.5,119.5,0.15307690746959124,0.17391304347826086
573-D,1,89,0.25,-8.5,122.5,0.4737566454033115,0.045454545454545456
573-D,1,89,0.25,-8.5,124.5,0.47622100617828766,0.13333333333333333
573-D,1,89,0.25,-8.5,125.0,0.31177143956821474,0.08888888888888889
573-D,1,89,0.25,-9.0,119.5,0.5941363564648934,0.044444444444444446
573-D,1,89,0.25,-9.0,120.0,0.10117818906678122,0.15217391304347827
573-D,1,89,0.25,-9.0,120.5,0.1533474890789841,0.18604651162790697
573-D,1,89,0.25,-9.0,121.0,0.16365267968425434,0.16279069767441862
573-D,1,89,0.25,-9.0,121.5,0.5506405850135372,0.044444444444444446
573-D,1,89,0.25,-9.0,122.0,0.5951746927875636,0.020833333333333332
573-D,1,89,0.25,-9.0,122.5,0.6256590018633661,0.0425531914893617
573-D,1,89,0.25,-9.0,124.0,0.5670368235346286,0.08888888888888889
573-D,1,89,0.25,-9.0,124.5,0.40599569620392006,0.15384615384615385
573-D,1,89,0.25,-9.5,119.5,0.5610138472989536,0.043478260869565216
573-D,1,89,0.25,-9.5,120.0,0.09891189804413592,0.15555555555555556
573-D,1,89,0.25,-9.5,120.5,0.023510348022539262,0.14634146341463414
573-D,1,89,0.25,-9.5,121.0,0.10535279666992703,0.14634146341463414
573-D,1,89,0.25,-9.5,123.5,0.38209342839629645,0.0425531914893617
573-D,1,89,0.25,-9.5,124.0,0.1910895377773114,0.10416666666666667
573-D,1,89,0.25,-10.0,119.5,0.6448121554757809,0.06382978723404255
573-D,1,89,0.25,-10.0,121.0,0.5278051760275277,0.07142857142857142
573-D,1,89,0.25,-10.0,123.5,0.5377578398658214,0.04878048780487805
573-D,1,89,0.25,-10.5,119.5,0.684530281407917,0.021739130434782608
573-D,1,89,0.25,-10.5,120.0,0.681555130726144,0.06382978723404255
573-D,1,89,0.25,-10.5,120.5,0.656841334899505,0.043478260869565216
573-D,1,89,0.25,-10.5,121.0,0.6913139335656329,0.043478260869565216
573-D,1,90,0.25,-8.5,119.5,0.147581614640926,0.17391304347826086
573-D,1,90,0.25,-8.5,122.5,0.47392577472844943,0.022727272727272728
573-D,1,90,0.25,-8.5,124.5,0.48576498970285376,0.1111111111111111
573-D,1,90,0.25,-8.5,125.0,0.2994482407345912,0.08888888888888889
573-D,1,90,0.25,-9.0,119.5,0.6055971454638163,0.044444444444444446
573-D,1,90,0.25,-9.0,120.0,0.14612662790845132,0.15217391304347827
573-D,1,90,0.25,-9.0,120.5,0.19275821053528197,0.18604651162790697
573-D,1,90,0.25,-9.0,121.0,0.23124968840880777,0.11627906976744186
573-D,1,90,0.25,-9.0,121.5,0.5889781568493064,0.044444444444444446
573-D,1,90,0.25,-9.0,122.0,0.607341117410361,0.020833333333333332
573-D,1,90,0.25,-9.0,122.5,0.5784671611285078,0.02127659574468085
573-D,1,90,0.25,-9.0,124.0,0.5629704824708657,0.06666666666666667
573-D,1,90,0.25,-9.0,124.5,0.4165344203130398,0.1282051282051282
573-D,1,90,0.25,-9.5,119.5,0.5324098525362151,0.021739130434782608
573-D,1,90,0.25,-9.5,120.0,0.14553325030671427,0.15555555555555556
573-D,1,90,0.25,-9.5,120.5,0.05731123523885551,0.14634146341463414
573-D,1,90,0.25,-9.5,121.0,0.1735614323408321,0.14634146341463414
573-D,1,90,0.25,-9.5,123.5,0.33993679495865203,0.02127659574468085
573-D,1,90,0.25,-9.5,124.0,0.1750377346224069,0.08333333333333333
573-D,1,90,0.25,-10.0,119.5,0.6259502611635559,0.0851063829787234
573-D,1,90,0.25,-10.0,121.0,0.561954992770598,0.07142857142857142
573-D,1,90,0.25,-10.0,123.5,0.4968762494373602,0.04878048780487805
573-D,1,90,0.25,-10.5,119.5,0.6792296462049725,0.043478260869565216
573-D,1,90,0.25,-10.5,120.0,0.6578522914596989,0.06382978723404255
573-D,1,90,0.25,-10.5,120.5,0.6512309373470101,0.043478260869565216
573-D,1,90,0.25,-10.5,121.0,0.6827736928226966,0.043478260869565216
573-D,1,91,0.25,-8.5,119.5,0.20216489302344476,0.17391304347826086
573-D,1,91,0.25,-8.5,122.5,0.4800195115719298,0.045454545454545456
573-D,1,91,0.25,-8.5,124.5,0.4866108855545749,0.1111111111111111
573-D,1,91,0.25,-8.5,125.0,0.30760879739908065,0.1111111111111111
573-D,1,91,0.25,-9.0,119.5,0.5954648453488026,0.022222222222222223
573-D,1,91,0.25,-9.0,120.0,0.13417613676631734,0.15217391304347827
573-D,1,91,0.25,-9.0,120.5,0.1709519231939256,0.18604651162790697
573-D,1,91,0.25,-9.0,121.0,0.27037141670128806,0.11627906976744186
573-D,1,91,0.25,-9.0,121.5,0.5666193049924817,0.06666666666666667
573-D,1,91,0.25,-9.0,122.0,0.5768698204167326,0.041666666666666664
573-D,1,91,0.25,-9.0,122.5,0.5577116919234796,0.06382978723404255
573-D,1,91,0.25,-9.0,124.0,0.4916815003916948,0.1111111111111111
573-D,1,91,0.25,-9.0,124.5,0.4064070615896256,0.1282051282051282
573-D,1,91,0.25,-9.5,119.5,0.49154398488760265,0.021739130434782608
573-D,1,91,0.25,-9.5,120.0,0.17532007997750254,0.15555555555555556
573-D,1,91,0.25,-9.5,120.5,0.09153797540257069,0.14634146341463414
573-D,1,91,0.25,-9.5,121.0,0.2077542478902713,0.14634146341463414
573-D,1,91,0.25,-9.5,123.5,0.28642556806572683,0.06382978723404255
573-D,1,91,0.25,-9.5,124.0,0.13225564139458723,0.125
573-D,1,91,0.25,-10.0,119.5,0.5904268056129882,0.0851063829787234
573-D,1,91,0.25,-10.0,121.0,0.5853125455340231,0.07142857142857142
573-D,1,91,0.25,-10.0,123.5,0.45279735666203136,0.07317073170731707
573-D,1,91,0.25,-10.5,119.5,0.6428653259949012,0.043478260869565216
573-D,1,91,0.25,-10.5,120.0,0.6289904622912273,0.06382978723404255
573-D,1,91,0.25,-10.5,120.5,0.6235657583205652,0.043478260869565216
573-D,1,91,0.25,-10.5,121.0,0.6492312156863418,0.043478260869565216
573-D,1,92,0.25,-8.5,119.5,0.23896249480080767,0.17391304347826086
573-D,1,92,0.25,-8.5,122.5,0.465278402838469,0.045454545454545456
573-D,1,92,0.25,-8.5,124.5,0.4785332156516622,0.08888888888888889
573-D,1,92,0.25,-8.5,125.0,0.2723121019408058,0.08888888888888889
573-D,1,92,0.25,-9.0,119.5,0.5920510176316311,0.022222222222222223
573-D,1,92,0.25,-9.0,120.0,0.1776541705863789,0.15217391304347827
573-D,1,92,0.25,-9.0,120.5,0.20254377532519696,0.18604651162790697
573-D,1,92,0.25,-9.0,121.0,0.2662999584545077,0.13953488372093023
573-D,1,92,0.25,-9.0,121.5,0.5059215452865113,0.08888888888888889
573-D,1,92,0.25,-9.0,122.0,0.5357242122392649,0.041666666666666664
573-D,1,92,0.25,-9.0,122.5,0.535753201787284,0.0851063829787234
573-D,1,92,0.25,-9.0,124.0,0.48170436861120425,0.08888888888888889
573-D,1,92,0.25,-9.0,124.5,0.4116268312615752,0.10256410256410256
573-D,1,92,0.25,-9.5,119.5,0.4423943028817219,0.043478260869565216
573-D,1,92,0.25,-9.5,120.0,0.23463878785256698,0.17777777777777778
573-D,1,92,0.25,-9.5,120.5,0.14734239869495813,0.14634146341463414
573-D,1,92,0.25,-9.5,121.0,0.24768839706116508,0.17073170731707318
573-D,1,92,0.25,-9.5,123.5,0.2387677302104504,0.0851063829787234
573-D,1,92,0.25,-9.5,124.0,0.08081592945446736,0.125
573-D,1,92,0.25,-10.0,119.5,0.5544898349528933,0.10638297872340426
573-D,1,92,0.25,-10.0,121.0,0.5954813436599827,0.09523809523809523
573-D,1,92,0.25,-10.0,123.5,0.403901136343634,0.0975609756097561
573-D,1,92,0.25,-10.5,119.5,0.5997823717672977,0.06521739130434782
573-D,1,92,0.25,-10.5,120.0,0.5823217823157697,0.0851063829787234
573-D,1,92,0.25,-10.5,120.5,0.5759172713860118,0.08695652173913043
573-D,1,92,0.25,-10.5,121.0,0.6025601461424246,0.06521739130434782
573-D,1,93,0.25,-8.5,119.5,0.07981965142584702,0.21739130434782608
573-D,1,93,0.25,-8.5,122.5,0.4414529443020111,0.06818181818181818
573-D,1,93,0.25,-8.5,124.5,0.3717794645483966,0.1111111111111111
573-D,1,93,0.25,-8.5,125.0,0.2910204591770835,0.1111111111111111
573-D,1,93,0.25,-9.0,119.5,0.4971595261341887,0.044444444444444446
573-D,1,93,0.25,-9.0,120.0,0.147388893406453,0.1956521739130435
573-D,1,93,0.25,-9.0,120.5,0.0634399982964432,0.2558139534883721
573-D,1,93,0.25,-9.0,121.0,0.13943747403406725,0.20930232558139536
573-D,1,93,0.25,-9.0,121.5,0.39610324978573686,0.1111111111111111
573-D,1,93,0.25,-9.0,122.0,0.4234631055027106,0.10416666666666667
573-D,1,93,0.25,-9.0,122.5,0.4255292969715465,0.0851063829787234
573-D,1,93,0.25,-9.0,124.0,0.4366314880390555,0.1111111111111111
573-D,1,93,0.25,-9.0,124.5,0.30567419130135876,0.1282051282051282
573-D,1,93,0.25,-9.5,119.5,0.4624467246237254,0.06521739130434782
573-D,1,93,0.25,-9.5,120.0,0.088683708755806,0.2222222222222222
573-D,1,93,0.25,-9.5,120.5,-0.060118055144554816,0.24390243902439024
573-D,1,93,0.25,-9.5,121.0,0.07408573686964048,0.2682926829268293
573-D,1,93,0.25,-9.5,123.5,0.2930774214708951,0.1276595744680851
573-D,1,93,0.25,-9.5,124.0,0.16707645383060254,0.14583333333333334
573-D,1,93,0.25,-10.0,119.5,0.5352208175601821,0.1276595744680851
573-D,1,93,0.25,-10.0,121.0,0.486987777267174,0.14285714285714285
573-D,1,93,0.25,-10.0,123.5,0.3418969822394444,0.0975609756097561
573-D,1,93,0.25,-10.5,119.5,0.5524034863748903,0.10869565217391304
573-D,1,93,0.25,-10.5,120.0,0.5472041199039259,0.1276595744680851
573-D,1,93,0.25,-10.5,120.5,0.55939936874151,0.13043478260869565
573-D,1,93,0.25,-10.5,121.0,0.5657861340183903,0.10869565217391304
573-D,1,94,0.25,-8.5,119.5,0.05112518133768895,0.21739130434782608
573-D,1,94,0.25,-8.5,122.5,0.41892172433516917,0.09090909090909091
573-D,1,94,0.25,-8.5,124.5,0.34260382465431016,0.13333333333333333
573-D,1,94,0.25,-8.5,125.0,0.25568820345907217,0.1111111111111111
573-D,1,94,0.25,-9.0,119.5,0.39859068137074427,0.06666666666666667
573-D,1,94,0.25,-9.0,120.0,0.09364264308846204,0.17391304347826086
573-D,1,94,0.25,-9.0,120.5,0.06460206738783913,0.2558139534883721
573-D,1,94,0.25,-9.0,121.0,0.0804229331117573,0.20930232558139536
573-D,1,94,0.25,-9.0,121.5,0.3446480306160826,0.1111111111111111
573-D,1,94,0.25,-9.0,122.0,0.34471301029094226,0.10416666666666667
573-D,1,94,0.25,-9.0,122.5,0.391141918858683,0.10638297872340426
573-D,1,94,0.25,-9.0,124.0,0.4070865085951143,0.1111111111111111
573-D,1,94,0.25,-9.0,124.5,0.28119703670659024,0.15384615384615385
573-D,1,94,0.25,-9.5,119.5,0.39960941626154856,0.06521739130434782
573-D,1,94,0.25,-9.5,120.0,0.0864092326424406,0.2
573-D,1,94,0.25,-9.5,120.5,-0.04126896015009596,0.21951219512195122
573-D,1,94,0.25,-9.5,121.0,0.06851855537611184,0.24390243902439024
573-D,1,94,0.25,-9.5,123.5,0.2568965007366304,0.1276595744680851
573-D,1,94,0.25,-9.5,124.0,0.13919473884978129,0.14583333333333334
573-D,1,94,0.25,-10.0,119.5,0.4647924581924425,0.10638297872340426
573-D,1,94,0.25,-10.0,121.0,0.4257508210134612,0.14285714285714285
573-D,1,94,0.25,-10.0,123.5,0.3283081329413924,0.0975609756097561
573-D,1,94,0.25,-10.5,119.5,0.4571848659753345,0.08695652173913043
573-D,1,94,0.25,-10.5,120.0,0.45956779452953933,0.10638297872340426
573-D,1,94,0.25,-10.5,120.5,0.4800325654525497,0.10869565217391304
573-D,1,94,0.25,-10.5,121.0,0.49026152320434746,0.08695652173913043
573-D,1,95,0.25,-8.5,119.5,0.04029500978969924,0.30434782608695654
573-D,1,95,0.25,-8.5,122.5,0.37605070685895636,0.13636363636363635
573-D,1,95,0.25,-8.5,124.5,0.28690979699911745,0.2
573-D,1,95,0.25,-8.5,125.0,0.2599747835922871,0.2
573-D,1,95,0.25,-9.0,119.5,0.3719311563798333,0.1111111111111111
573-D,1,95,0.25,-9.0,120.0,0.06864575772111825,0.2391304347826087
573-D,1,95,0.25,-9.0,120.5,0.07227948065854639,0.3488372093023256
573-D,1,95,0.25,-9.0,121.0,0.14246447860407152,0.2558139534883721
573-D,1,95,0.25,-9.0,121.5,0.3402345104279183,0.15555555555555556
573-D,1,95,0.25,-9.0,122.0,0.3181319022226843,0.14583333333333334
573-D,1,95,0.25,-9.0,122.5,0.38177726865354067,0.1276595744680851
573-D,1,95,0.25,-9.0,124.0,0.3812467930647848,0.2
573-D,1,95,0.25,-9.0,124.5,0.2399082929433466,0.2564102564102564
573-D,1,95,0.25,-9.5,119.5,0.38363871741143707,0.13043478260869565
573-D,1,95,0.25,-9.5,120.0,0.06738135485844776,0.26666666666666666
573-D,1,95,0.25,-9.5,120.5,0.028081804582477332,0.2682926829268293
573-D,1,95,0.25,-9.5,121.0,0.10713554579987705,0.3170731707317073
573-D,1,95,0.25,-9.5,123.5,0.2742200858147563,0.19148936170212766
573-D,1,95,0.25,-9.5,124.0,0.17573093941390105,0.22916666666666666
573-D,1,95,0.25,-10.0,119.5,0.44332753297672367,0.14893617021276595
573-D,1,95,0.25,-10.0,121.0,0.3928759569150069,0.16666666666666666
573-D,1,95,0.25,-10.0,123.5,0.30715225093605636,0.1951219512195122
573-D,1,95,0.25,-10.5,119.5,0.40112073784357827,0.15217391304347827
573-D,1,95,0.25,-10.5,120.0,0.41441000714679066,0.1702127659574468
573-D,1,95,0.25,-10.5,120.5,0.4341547936713748,0.15217391304347827
573-D,1,95,0.25,-10.5,121.0,0.43832454969308976,0.13043478260869565
573-D,1,96,0.25,-8.5,119.5,0.012257413287614316,0.30434782608695654
573-D,1,96,0.25,-8.5,122.5,0.2788848207519503,0.18181818181818182
573-D,1,96,0.25,-8.5,124.5,0.1442796116504852,0.26666666666666666
573-D,1,96,0.25,-8.5,125.0,0.16151469972236854,0.2
573-D,1,96,0.25,-9.0,119.5,0.27771362718623305,0.2
573-D,1,96,0.25,-9.0,120.0,0.08807211325774156,0.2826086956521739
573-D,1,96,0.25,-9.0,120.5,0.047958165512709705,0.32558139534883723
573-D,1,96,0.25,-9.0,121.0,0.18578811798919825,0.27906976744186046
573-D,1,96,0.25,-9.0,121.5,0.2231997386757837,0.24444444444444444
573-D,1,96,0.25,-9.0,122.0,0.2285445638998338,0.25
573-D,1,96,0.25,-9.0,122.5,0.3053405747420409,0.2553191489361702
573-D,1,96,0.25,-9.0,124.0,0.2517974673921992,0.2222222222222222
573-D,1,96,0.25,-9.0,124.5,0.11257699388802433,0.2564102564102564
573-D,1,96,0.25,-9.5,119.5,0.3173131769196943,0.21739130434782608
573-D,1,96,0.25,-9.5,120.0,0.052965008297511496,0.3333333333333333
573-D,1,96,0.25,-9.5,120.5,0.02791853827676538,0.2926829268292683
573-D,1,96,0.25,-9.5,121.0,0.09378625207560864,0.2682926829268293
573-D,1,96,0.25,-9.5,123.5,0.2125608929896442,0.23404255319148937
573-D,1,96,0.25,-9.5,124.0,0.10438959205877107,0.2708333333333333
573-D,1,96,0.25,-10.0,119.5,0.3666231844793669,0.2127659574468085
573-D,1,96,0.25,-10.0,121.0,0.2971704457570695,0.23809523809523808
573-D,1,96,0.25,-10.0,123.5,0.18875273776085721,0.21951219512195122
573-D,1,96,0.25,-10.5,119.5,0.27583535477422483,0.2608695652173913
573-D,1,96,0.25,-10.5,120.0,0.29563389847184407,0.23404255319148937
573-D,1,96,0.25,-10.5,120.5,0.30054286893449667,0.2826086956521739
573-D,1,96,0.25,-10.5,121.0,0.314336330457196,0.2608695652173913
573-D,1,97,0.25,-8.5,119.5,0.06399318271737708,0.32608695652173914
573-D,1,97,0.25,-8.5,122.5,0.24424307005293067,0.2727272727272727
573-D,1,97,0.25,-8.5,124.5,0.1289904089438071,0.3333333333333333
573-D,1,97,0.25,-8.5,125.0,0.15254514714887757,0.24444444444444444
573-D,1,97,0.25,-9.0,119.5,0.28085306821481715,0.26666666666666666
573-D,1,97,0.25,-9.0,120.0,0.24058243257659562,0.2608695652173913
573-D,1,97,0.25,-9.0,120.5,0.1755880312967718,0.27906976744186046
573-D,1,97,0.25,-9.0,121.0,0.26614374740340674,0.3023255813953488
573-D,1,97,0.25,-9.0,121.5,0.20732255571342795,0.3111111111111111
573-D,1,97,0.25,-9.0,122.0,0.25257576208508503,0.2916666666666667
573-D,1,97,0.25,-9.0,122.5,0.28376464418735114,0.2978723404255319
573-D,1,97,0.25,-9.0,124.0,0.19934837187990273,0.28888888888888886
573-D,1,97,0.25,-9.0,124.5,0.1036860166849799,0.3076923076923077
573-D,1,97,0.25,-9.5,119.5,0.2880867046769333,0.2826086956521739
573-D,1,97,0.25,-9.5,120.0,0.1756538346245725,0.3333333333333333
573-D,1,97,0.25,-9.5,120.5,0.08851754874689732,0.2926829268292683
573-D,1,97,0.25,-9.5,121.0,0.11808793758387737,0.2926829268292683
573-D,1,97,0.25,-9.5,123.5,0.18964200836640122,0.2978723404255319
573-D,1,97,0.25,-9.5,124.0,0.06027513572323184,0.3125
573-D,1,97,0.25,-10.0,119.5,0.3348597170887948,0.2765957446808511
573-D,1,97,0.25,-10.0,121.0,0.2899158251045181,0.2619047619047619
573-D,1,97,0.25,-10.0,123.5,0.13493294843328418,0.2926829268292683
573-D,1,97,0.25,-10.5,119.5,0.23760472331946614,0.34782608695652173
573-D,1,97,0.25,-10.5,120.0,0.24122172314635515,0.2978723404255319
573-D,1,97,0.25,-10.5,120.5,0.260710758963854,0.34782608695652173
573-D,1,97,0.25,-10.5,121.0,0.27633176693056816,0.32608695652173914
573-D,2,70,0.25,-8.5,119.5,-0.3127476957220825,0.18421052631578946
573-D,2,70,0.25,-8.5,122.5,-0.657556927374586,0.13333333333333333
573-D,2,70,0.25,-8.5,124.5,-0.27390881954345403,0.25
573-D,2,70,0.25,-8.5,125.0,-0.5851450478200251,0.25
573-D,2,70,0.25,-9.0,119.5,-0.1705382455497042,0.12195121951219512
573-D,2,70,0.25,-9.0,120.0,-0.34664432399158707,0.13333333333333333
573-D,2,70,0.25,-9.0,120.5,-0.3293359670125713,0.08888888888888889
573-D,2,70,0.25,-9.0,121.0,-0.32947875362607904,0.10256410256410256
573-D,2,70,0.25,-9.0,121.5,-0.11805555555555536,0.13333333333333333
573-D,2,70,0.25,-9.0,122.0,0.1043900772486569,0.1590909090909091
573-D,2,70,0.25,-9.0,122.5,-0.17613219823463955,0.1951219512195122
573-D,2,70,0.25,-9.0,124.0,-0.6015406671913428,0.21739130434782608
573-D,2,70,0.25,-9.0,124.5,-0.12777474529648214,0.175
573-D,2,70,0.25,-9.5,119.5,-0.16316693147280636,0.2
573-D,2,70,0.25,-9.5,120.0,-0.4278201634877381,0.14634146341463414
573-D,2,70,0.25,-9.5,120.5,-0.4116021640635723,0.15789473684210525
573-D,2,70,0.25,-9.5,121.0,-0.2902125812173366,0.11904761904761904
573-D,2,70,0.25,-9.5,123.5,-0.4799534100975873,0.17777777777777778
573-D,2,70,0.25,-9.5,124.0,-0.6160672697933749,0.17391304347826086
573-D,2,70,0.25,-10.0,119.5,-0.22908874165320547,0.16666666666666666
573-D,2,70,0.25,-10.0,121.0,-0.3360657594009617,0.15
573-D,2,70,0.25,-10.0,123.5,-0.6491366978858171,0.1956521739130435
573-D,2,70,0.25,-10.5,119.5,-0.19215051742525202,0.21739130434782608
573-D,2,70,0.25,-10.5,120.0,-0.16439858883046,0.2222222222222222
573-D,2,70,0.25,-10.5,120.5,-0.08785074994285291,0.19148936170212766
573-D,2,70,0.25,-10.5,121.0,-0.20358545711785858,0.1956521739130435
573-D,2,71,0.25,-8.5,119.5,-0.26168486876372943,0.18421052631578946
573-D,2,71,0.25,-8.5,122.5,-0.4852185083422118,0.1111111111111111
573-D,2,71,0.25,-8.5,124.5,-0.13126842757881008,0.20454545454545456
573-D,2,71,0.25,-8.5,125.0,-0.43955378561963987,0.20454545454545456
573-D,2,71,0.25,-9.0,119.5,-0.12856303750708742,0.0975609756097561
573-D,2,71,0.25,-9.0,120.0,-0.2843655421233515,0.13333333333333333
573-D,2,71,0.25,-9.0,120.5,-0.28485046715439166,0.1111111111111111
573-D,2,71,0.25,-9.0,121.0,-0.16281282239780603,0.15384615384615385
573-D,2,71,0.25,-9.0,121.5,-0.0011606334572134003,0.13333333333333333
573-D,2,71,0.25,-9.0,122.0,0.18581493062804844,0.13636363636363635
573-D,2,71,0.25,-9.0,122.5,-0.05928915228195608,0.17073170731707318
573-D,2,71,0.25,-9.0,124.0,-0.48223853078872625,0.17391304347826086
573-D,2,71,0.25,-9.0,124.5,-0.057294764954135324,0.175
573-D,2,71,0.25,-9.5,119.5,-0.07858232948972521,0.2
573-D,2,71,0.25,-9.5,120.0,-0.3481190395095368,0.17073170731707318
573-D,2,71,0.25,-9.5,120.5,-0.3308833620785363,0.15789473684210525
573-D,2,71,0.25,-9.5,121.0,-0.14197305050284914,0.11904761904761904
573-D,2,71,0.25,-9.5,123.5,-0.2790793215961265,0.13333333333333333
573-D,2,71,0.25,-9.5,124.0,-0.35543536803828224,0.10869565217391304
573-D,2,71,0.25,-10.0,119.5,-0.15143207043036866,0.16666666666666666
573-D,2,71,0.25,-10.0,121.0,-0.1023541017643761,0.1
573-D,2,71,0.25,-10.0,123.5,-0.46259498073044925,0.17391304347826086
573-D,2,71,0.25,-10.5,119.5,-0.11214852995924973,0.1956521739130435
573-D,2,71,0.25,-10.5,120.0,-0.08505558144178926,0.2
573-D,2,71,0.25,-10.5,120.5,0.016496984403298498,0.1702127659574468
573-D,2,71,0.25,-10.5,121.0,-0.12652219701664014,0.17391304347826086
573-D,2,72,0.25,-8.5,119.5,-0.15588057952306533,0.21052631578947367
573-D,2,72,0.25,-8.5,122.5,-0.37977172976637763,0.15555555555555556
573-D,2,72,0.25,-8.5,124.5,-0.03525688612646105,0.25
573-D,2,72,0.25,-8.5,125.0,-0.3839711261161136,0.22727272727272727
573-D,2,72,0.25,-9.0,119.5,-0.0152520447762714,0.14634146341463414
573-D,2,72,0.25,-9.0,120.0,-0.11365610519296188,0.17777777777777778
573-D,2,72,0.25,-9.0,120.5,-0.18431751337069202,0.15555555555555556
573-D,2,72,0.25,-9.0,121.0,-0.09455825598727752,0.1794871794871795
573-D,2,72,0.25,-9.0,121.5,0.06525827258433403,0.13333333333333333
573-D,2,72,0.25,-9.0,122.0,0.24694006586064843,0.11363636363636363
573-D,2,72,0.25,-9.0,122.5,0.05765486101312223,0.14634146341463414
573-D,2,72,0.25,-9.0,124.0,-0.3818387039172155,0.21739130434782608
573-D,2,72,0.25,-9.0,124.5,0.02053471447079447,0.2
573-D,2,72,0.25,-9.5,119.5,0.017227735324729987,0.2
573-D,2,72,0.25,-9.5,120.0,-0.1895768051771114,0.21951219512195122
573-D,2,72,0.25,-9.5,120.5,-0.21685479986607947,0.21052631578947367
573-D,2,72,0.25,-9.5,121.0,-0.04753824879292856,0.14285714285714285
573-D,2,72,0.25,-9.5,123.5,-0.16958953205123106,0.13333333333333333
573-D,2,72,0.25,-9.5,124.0,-0.2351112686326644,0.13043478260869565
573-D,2,72,0.25,-10.0,119.5,-0.03703654482400731,0.19047619047619047
573-D,2,72,0.25,-10.0,121.0,0.009623128119046753,0.15
573-D,2,72,0.25,-10.0,123.5,-0.35819382411996514,0.17391304347826086
573-D,2,72,0.25,-10.5,119.5,-0.011464654429348853,0.1956521739130435
573-D,2,72,0.25,-10.5,120.0,0.012922185981495082,0.2
573-D,2,72,0.25,-10.5,120.5,0.13497705333122323,0.1702127659574468
573-D,2,72,0.25,-10.5,121.0,-0.015384196011371865,0.1956521739130435
573-D,2,73,0.25,-8.5,119.5,-0.21044228548135058,0.21052631578947367
573-D,2,73,0.25,-8.5,122.5,-0.5410952689235411,0.15555555555555556
573-D,2,73,0.25,-8.5,124.5,-0.10172531967124754,0.20454545454545456
573-D,2,73,0.25,-8.5,125.0,-0.6679618825472067,0.22727272727272727
573-D,2,73,0.25,-9.0,119.5,-0.04484960836041041,0.12195121951219512
573-D,2,73,0.25,-9.0,120.0,-0.043048407229451024,0.13333333333333333
573-D,2,73,0.25,-9.0,120.5,-0.2042617563710425,0.15555555555555556
573-D,2,73,0.25,-9.0,121.0,-0.187829788961541,0.20512820512820512
573-D,2,73,0.25,-9.0,121.5,-0.03362635791881052,0.15555555555555556
573-D,2,73,0.25,-9.0,122.0,0.20535426196215356,0.11363636363636363
573-D,2,73,0.25,-9.0,122.5,-0.061709232867692476,0.14634146341463414
573-D,2,73,0.25,-9.0,124.0,-0.5382561787250366,0.17391304347826086
573-D,2,73,0.25,-9.0,124.5,-0.008924861490669622,0.175
573-D,2,73,0.25,-9.5,119.5,-0.13217813785051025,0.2
573-D,2,73,0.25,-9.5,120.0,-0.1462397820163488,0.1951219512195122
573-D,2,73,0.25,-9.5,120.5,-0.23619028304336087,0.18421052631578946
573-D,2,73,0.25,-9.5,121.0,-0.13814968464366406,0.14285714285714285
573-D,2,73,0.25,-9.5,123.5,-0.4048676595171927,0.13333333333333333
573-D,2,73,0.25,-9.5,124.0,-0.5242983539116683,0.15217391304347827
573-D,2,73,0.25,-10.0,119.5,-0.20157895541221849,0.16666666666666666
573-D,2,73,0.25,-10.0,121.0,-0.09161674531186192,0.15
573-D,2,73,0.25,-10.0,123.5,-0.6030472574245727,0.15217391304347827
573-D,2,73,0.25,-10.5,119.5,-0.15923923257888806,0.17391304347826086
573-D,2,73,0.25,-10.5,120.0,-0.14409904812620633,0.17777777777777778
573-D,2,73,0.25,-10.5,120.5,0.03328796750540697,0.14893617021276595
573-D,2,73,0.25,-10.5,121.0,-0.09765463979213851,0.17391304347826086
573-D,2,74,0.25,-8.5,119.5,-0.22531818284756633,0.15789473684210525
573-D,2,74,0.25,-8.5,122.5,-0.5981230661004937,0.15555555555555556
573-D,2,74,0.25,-8.5,124.5,-0.06995378402216645,0.20454545454545456
573-D,2,74,0.25,-8.5,125.0,-0.6655052063636864,0.22727272727272727
573-D,2,74,0.25,-9.0,119.5,0.06171167041839387,0.07317073170731707
573-D,2,74,0.25,-9.0,120.0,-0.03064480276319581,0.06666666666666667
573-D,2,74,0.25,-9.0,120.5,-0.1879145468189296,0.08888888888888889
573-D,2,74,0.25,-9.0,121.0,-0.13071976178856248,0.1282051282051282
573-D,2,74,0.25,-9.0,121.5,0.10216850104821829,0.1111111111111111
573-D,2,74,0.25,-9.0,122.0,0.31298280410727497,0.09090909090909091
573-D,2,74,0.25,-9.0,122.5,0.011132746970195617,0.12195121951219512
573-D,2,74,0.25,-9.0,124.0,-0.47380182372786184,0.17391304347826086
573-D,2,74,0.25,-9.0,124.5,-0.005624671550390037,0.175
573-D,2,74,0.25,-9.5,119.5,-0.034636779357526404,0.15555555555555556
573-D,2,74,0.25,-9.5,120.0,-0.09742166212534031,0.12195121951219512
573-D,2,74,0.25,-9.5,120.5,-0.20700741897218333,0.13157894736842105
573-D,2,74,0.25,-9.5,121.0,-0.11088366365104219,0.09523809523809523
573-D,2,74,0.25,-9.5,123.5,-0.3879418717071026,0.13333333333333333
573-D,2,74,0.25,-9.5,124.0,-0.5442916937481197,0.15217391304347827
573-D,2,74,0.25,-10.0,119.5,-0.08836621771670106,0.11904761904761904
573-D,2,74,0.25,-10.0,121.0,0.01635650958462831,0.1
573-D,2,74,0.25,-10.0,123.5,-0.6017742859767536,0.15217391304347827
573-D,2,74,0.25,-10.5,119.5,-0.04241655703199321,0.15217391304347827
573-D,2,74,0.25,-10.5,120.0,-0.0321773280969182,0.15555555555555556
573-D,2,74,0.25,-10.5,120.5,0.15500624219725345,0.1276595744680851
573-D,2,74,0.25,-10.5,121.0,0.0483459612413204,0.13043478260869565
573-D,2,75,0.25,-8.5,119.5,-0.19351405213216477,0.18421052631578946
573-D,2,75,0.25,-8.5,122.5,-0.4904863613887882,0.13333333333333333
573-D,2,75,0.25,-8.5,124.5,-0.0414960770316013,0.1590909090909091
573-D,2,75,0.25,-8.5,125.0,-0.5740250517460879,0.1590909090909091
573-D,2,75,0.25,-9.0,119.5,0.11293344333873145,0.04878048780487805
573-D,2,75,0.25,-9.0,120.0,-0.010423541883966214,0.06666666666666667
573-D,2,75,0.25,-9.0,120.5,-0.18419400642065797,0.1111111111111111
573-D,2,75,0.25,-9.0,121.0,-0.1427503572024278,0.15384615384615385
573-D,2,75,0.25,-9.0,121.5,0.17071659996188304,0.15555555555555556
573-D,2,75,0.25,-9.0,122.0,0.3708125344012754,0.06818181818181818
573-D,2,75,0.25,-9.0,122.5,0.07512973676371437,0.12195121951219512
573-D,2,75,0.25,-9.0,124.0,-0.3669794883891482,0.13043478260869565
573-D,2,75,0.25,-9.0,124.5,0.01740491477199657,0.15
573-D,2,75,0.25,-9.5,119.5,0.05139352100829464,0.13333333333333333
573-D,2,75,0.25,-9.5,120.0,-0.08792915531335144,0.14634146341463414
573-D,2,75,0.25,-9.5,120.5,-0.2543377865815124,0.13157894736842105
573-D,2,75,0.25,-9.5,121.0,-0.11632164703094605,0.11904761904761904
573-D,2,75,0.25,-9.5,123.5,-0.2635848361128046,0.08888888888888889
573-D,2,75,0.25,-9.5,124.0,-0.4342255311266279,0.10869565217391304
573-D,2,75,0.25,-10.0,119.5,-0.00023921553253059002,0.11904761904761904
573-D,2,75,0.25,-10.0,121.0,0.0901021194797007,0.1
573-D,2,75,0.25,-10.0,123.5,-0.4851989728738968,0.13043478260869565
573-D,2,75,0.25,-10.5,119.5,0.007909538612648204,0.15217391304347827
573-D,2,75,0.25,-10.5,120.0,0.013153165146775003,0.15555555555555556
573-D,2,75,0.25,-10.5,120.5,0.20515763746021698,0.1276595744680851
573-D,2,75,0.25,-10.5,121.0,0.11334533627290089,0.10869565217391304
573-D,2,76,0.25,-8.5,119.5,-0.023243766560228085,0.15789473684210525
573-D,2,76,0.25,-8.5,122.5,-0.44495873498121563,0.1111111111111111
573-D,2,76,0.25,-8.5,124.5,0.048177970496890876,0.13636363636363635
573-D,2,76,0.25,-8.5,125.0,-0.4415695014188681,0.13636363636363635
573-D,2,76,0.25,-9.0,119.5,0.24525499862493239,0.024390243902439025
573-D,2,76,0.25,-9.0,120.0,0.11118102696510113,0.044444444444444446
573-D,2,76,0.25,-9.0,120.5,-0.01741703527102989,0.08888888888888889
573-D,2,76,0.25,-9.0,121.0,0.012581291682809415,0.15384615384615385
573-D,2,76,0.25,-9.0,121.5,0.3046651658090338,0.13333333333333333
573-D,2,76,0.25,-9.0,122.0,0.4872288230493289,0.045454545454545456
573-D,2,76,0.25,-9.0,122.5,0.1681501340482573,0.0975609756097561
573-D,2,76,0.25,-9.0,124.0,-0.22992286376272286,0.10869565217391304
573-D,2,76,0.25,-9.0,124.5,0.1473176092037034,0.125
573-D,2,76,0.25,-9.5,119.5,0.10638049881706302,0.08888888888888889
573-D,2,76,0.25,-9.5,120.0,0.03428133514986398,0.12195121951219512
573-D,2,76,0.25,-9.5,120.5,-0.10976617168972003,0.10526315789473684
573-D,2,76,0.25,-9.5,121.0,0.047073840861152405,0.09523809523809523
573-D,2,76,0.25,-9.5,123.5,-0.17076395651726406,0.08888888888888889
573-D,2,76,0.25,-9.5,124.0,-0.3106677188725695,0.08695652173913043
573-D,2,76,0.25,-10.0,119.5,0.07600674853596767,0.07142857142857142
573-D,2,76,0.25,-10.0,121.0,0.2615447190559317,0.075
573-D,2,76,0.25,-10.0,123.5,-0.365080337184327,0.10869565217391304
573-D,2,76,0.25,-10.5,119.5,0.10359018451029511,0.10869565217391304
573-D,2,76,0.25,-10.5,120.0,0.10432803035345817,0.1111111111111111
573-D,2,76,0.25,-10.5,120.5,0.2984269662921347,0.10638297872340426
573-D,2,76,0.25,-10.5,121.0,0.20840170310542794,0.06521739130434782
573-D,2,77,0.25,-8.5,119.5,0.009319020766809127,0.13157894736842105
573-D,2,77,0.25,-8.5,122.5,-0.36665969995565084,0.08888888888888889
573-D,2,77,0.25,-8.5,124.5,0.10643844095480026,0.13636363636363635
573-D,2,77,0.25,-8.5,125.0,-0.3431263586054394,0.11363636363636363
573-D,2,77,0.25,-9.0,119.5,0.2742746943445681,0.024390243902439025
573-D,2,77,0.25,-9.0,120.0,0.18367046834122736,0.06666666666666667
573-D,2,77,0.25,-9.0,120.5,0.04594799250099857,0.13333333333333333
573-D,2,77,0.25,-9.0,121.0,0.043653269626717894,0.1794871794871795
573-D,2,77,0.25,-9.0,121.5,0.3097603392414714,0.1111111111111111
573-D,2,77,0.25,-9.0,122.0,0.4784671740657088,0.022727272727272728
573-D,2,77,0.25,-9.0,122.5,0.14851857077904762,0.07317073170731707
573-D,2,77,0.25,-9.0,124.0,-0.10374188276497054,0.08695652173913043
573-D,2,77,0.25,-9.0,124.5,0.19055488030533907,0.125
573-D,2,77,0.25,-9.5,119.5,0.13842170088016537,0.08888888888888889
573-D,2,77,0.25,-9.5,120.0,0.10393732970027258,0.14634146341463414
573-D,2,77,0.25,-9.5,120.5,-0.08668142826797132,0.13157894736842105
573-D,2,77,0.25,-9.5,121.0,0.08695930420103237,0.09523809523809523
573-D,2,77,0.25,-9.5,123.5,-0.07191876325626101,0.06666666666666667
573-D,2,77,0.25,-9.5,124.0,-0.2773797503188207,0.08695652173913043
573-D,2,77,0.25,-10.0,119.5,0.11039531031238214,0.07142857142857142
573-D,2,77,0.25,-10.0,121.0,0.29700435636102074,0.05
573-D,2,77,0.25,-10.0,123.5,-0.2734045205797049,0.08695652173913043
573-D,2,77,0.25,-10.5,119.5,0.1283672606741687,0.08695652173913043
573-D,2,77,0.25,-10.5,120.0,0.14013712307794723,0.1111111111111111
573-D,2,77,0.25,-10.5,120.5,0.3576205799089167,0.0851063829787234
573-D,2,77,0.25,-10.5,121.0,0.3018038982072715,0.06521739130434782
573-D,2,78,0.25,-8.5,119.5,0.005894450483502012,0.15789473684210525
573-D,2,78,0.25,-8.5,122.5,-0.2575436736316785,0.1111111111111111
573-D,2,78,0.25,-8.5,124.5,0.14741046120386592,0.1590909090909091
573-D,2,78,0.25,-8.5,125.0,-0.2733716220702478,0.13636363636363635
573-D,2,78,0.25,-9.0,119.5,0.3437186577983302,0.04878048780487805
573-D,2,78,0.25,-9.0,120.0,0.1423362344612965,0.08888888888888889
573-D,2,78,0.25,-9.0,120.5,0.04416182647188327,0.15555555555555556
573-D,2,78,0.25,-9.0,121.0,0.03420582802567429,0.1794871794871795
573-D,2,78,0.25,-9.0,121.5,0.373231876548504,0.1111111111111111
573-D,2,78,0.25,-9.0,122.0,0.523602240590658,0.045454545454545456
573-D,2,78,0.25,-9.0,122.5,0.25368954110029307,0.0975609756097561
573-D,2,78,0.25,-9.0,124.0,0.02916656562605857,0.10869565217391304
573-D,2,78,0.25,-9.0,124.5,0.19085321269305633,0.15
573-D,2,78,0.25,-9.5,119.5,0.2638293898689327,0.1111111111111111
573-D,2,78,0.25,-9.5,120.0,0.09606352179836519,0.17073170731707318
573-D,2,78,0.25,-9.5,120.5,-0.09231886807132117,0.15789473684210525
573-D,2,78,0.25,-9.5,121.0,0.09091585222314758,0.09523809523809523
573-D,2,78,0.25,-9.5,123.5,0.084628059331748,0.06666666666666667
573-D,2,78,0.25,-9.5,124.0,-0.1482507433791873,0.10869565217391304
573-D,2,78,0.25,-10.0,119.5,0.23021504811886873,0.09523809523809523
573-D,2,78,0.25,-10.0,121.0,0.34302923354678805,0.075
573-D,2,78,0.25,-10.0,123.5,-0.13892777308737103,0.13043478260869565
573-D,2,78,0.25,-10.5,119.5,0.2686585972666582,0.10869565217391304
573-D,2,78,0.25,-10.5,120.0,0.26951008453704317,0.13333333333333333
573-D,2,78,0.25,-10.5,120.5,0.4707713949112905,0.0851063829787234
573-D,2,78,0.25,-10.5,121.0,0.42168946250056505,0.08695652173913043
573-D,2,79,0.25,-8.5,119.5,0.08737643521978378,0.13157894736842105
573-D,2,79,0.25,-8.5,122.5,-0.09725902401476239,0.1111111111111111
573-D,2,79,0.25,-8.5,124.5,0.24697718217447628,0.13636363636363635
573-D,2,79,0.25,-8.5,125.0,-0.16697531487891304,0.13636363636363635
573-D,2,79,0.25,-9.0,119.5,0.3819081862350652,0.0
573-D,2,79,0.25,-9.0,120.0,0.19453601901407258,0.08888888888888889
573-D,2,79,0.25,-9.0,120.5,0.1129577529571395,0.15555555555555556
573-D,2,79,0.25,-9.0,121.0,0.0679818658542719,0.1282051282051282
573-D,2,79,0.25,-9.0,121.5,0.4251067574328188,0.06666666666666667
573-D,2,79,0.25,-9.0,122.0,0.5574910556683812,0.022727272727272728
573-D,2,79,0.25,-9.0,122.5,0.2984111753915618,0.07317073170731707
573-D,2,79,0.25,-9.0,124.0,0.12350836506008422,0.08695652173913043
573-D,2,79,0.25,-9.0,124.5,0.27815041093941206,0.125
573-D,2,79,0.25,-9.5,119.5,0.2883565047225465,0.06666666666666667
573-D,2,79,0.25,-9.5,120.0,0.1501507152588556,0.14634146341463414
573-D,2,79,0.25,-9.5,120.5,-0.019938651647480654,0.15789473684210525
573-D,2,79,0.25,-9.5,121.0,0.15956174420203573,0.11904761904761904
573-D,2,79,0.25,-9.5,123.5,0.10741629256628893,0.08888888888888889
573-D,2,79,0.25,-9.5,124.0,-0.08821932710932878,0.10869565217391304
573-D,2,79,0.25,-10.0,119.5,0.27439018312613495,0.07142857142857142
573-D,2,79,0.25,-10.0,121.0,0.44022617929292696,0.05
573-D,2,79,0.25,-10.0,123.5,-0.02176190622006202,0.08695652173913043
573-D,2,79,0.25,-10.5,119.5,0.29301513714595573,0.08695652173913043
573-D,2,79,0.25,-10.5,120.0,0.28504892498169465,0.1111111111111111
573-D,2,79,0.25,-10.5,120.5,0.4593152925040882,0.0851063829787234
573-D,2,79,0.25,-10.5,121.0,0.42268941197120347,0.043478260869565216
573-D,2,80,0.25,-8.5,119.5,0.1214253968793172,0.13157894736842105
573-D,2,80,0.25,-8.5,122.5,-0.05183334947571239,0.08888888888888889
573-D,2,80,0.25,-8.5,124.5,0.2956785315020496,0.11363636363636363
573-D,2,80,0.25,-8.5,125.0,-0.10536499395213084,0.11363636363636363
573-D,2,80,0.25,-9.0,119.5,0.4021030044375633,0.0
573-D,2,80,0.25,-9.0,120.0,0.2213814270813741,0.08888888888888889
573-D,2,80,0.25,-9.0,120.5,0.16492607044325358,0.15555555555555556
573-D,2,80,0.25,-9.0,121.0,0.10724015564229816,0.15384615384615385
573-D,2,80,0.25,-9.0,121.5,0.4416638376691443,0.06666666666666667
573-D,2,80,0.25,-9.0,122.0,0.5887226687797749,0.022727272727272728
573-D,2,80,0.25,-9.0,122.5,0.3262279917846448,0.07317073170731707
573-D,2,80,0.25,-9.0,124.0,0.1719226153865373,0.06521739130434782
573-D,2,80,0.25,-9.0,124.5,0.3362887570540064,0.1
573-D,2,80,0.25,-9.5,119.5,0.27469973301270323,0.06666666666666667
573-D,2,80,0.25,-9.5,120.0,0.19380194141689389,0.14634146341463414
573-D,2,80,0.25,-9.5,120.5,0.05527033748587118,0.13157894736842105
573-D,2,80,0.25,-9.5,121.0,0.2103335521326012,0.09523809523809523
573-D,2,80,0.25,-9.5,123.5,0.12882864575223418,0.06666666666666667
573-D,2,80,0.25,-9.5,124.0,-0.03888272008788851,0.08695652173913043
573-D,2,80,0.25,-10.0,119.5,0.2541817865280456,0.07142857142857142
573-D,2,80,0.25,-10.0,121.0,0.4593909066285716,0.075
573-D,2,80,0.25,-10.0,123.5,0.021029182104908783,0.08695652173913043
573-D,2,80,0.25,-10.5,119.5,0.30781167751491867,0.08695652173913043
573-D,2,80,0.25,-10.5,120.0,0.30615256606536645,0.1111111111111111
573-D,2,80,0.25,-10.5,120.5,0.47088111691371703,0.0851063829787234
573-D,2,80,0.25,-10.5,121.0,0.4333963177392631,0.043478260869565216
573-D,2,81,0.25,-8.5,119.5,0.12290307878705542,0.13157894736842105
573-D,2,81,0.25,-8.5,122.5,-0.06334575446931501,0.08888888888888889
573-D,2,81,0.25,-8.5,124.5,0.35300885201734744,0.11363636363636363
573-D,2,81,0.25,-8.5,125.0,-0.05963790729295093,0.11363636363636363
573-D,2,81,0.25,-9.0,119.5,0.44824823193483876,0.0
573-D,2,81,0.25,-9.0,120.0,0.2210120889831234,0.08888888888888889
573-D,2,81,0.25,-9.0,120.5,0.13480400298801642,0.15555555555555556
573-D,2,81,0.25,-9.0,121.0,0.09670279434230178,0.1794871794871795
573-D,2,81,0.25,-9.0,121.5,0.4532240149132838,0.08888888888888889
573-D,2,81,0.25,-9.0,122.0,0.6135627621614439,0.022727272727272728
573-D,2,81,0.25,-9.0,122.5,0.39510904159415516,0.07317073170731707
573-D,2,81,0.25,-9.0,124.0,0.20231856964710748,0.06521739130434782
573-D,2,81,0.25,-9.0,124.5,0.370201795853359,0.1
573-D,2,81,0.25,-9.5,119.5,0.29546707781483483,0.06666666666666667
573-D,2,81,0.25,-9.5,120.0,0.18908123297002732,0.14634146341463414
573-D,2,81,0.25,-9.5,120.5,0.01113938524020519,0.13157894736842105
573-D,2,81,0.25,-9.5,121.0,0.2703277924364639,0.09523809523809523
573-D,2,81,0.25,-9.5,123.5,0.17452827283947692,0.06666666666666667
573-D,2,81,0.25,-9.5,124.0,-0.041054233219225855,0.08695652173913043
573-D,2,81,0.25,-10.0,119.5,0.28873248327650836,0.047619047619047616
573-D,2,81,0.25,-10.0,121.0,0.47175068823981814,0.075
573-D,2,81,0.25,-10.0,123.5,0.04690856040490121,0.08695652173913043
573-D,2,81,0.25,-10.5,119.5,0.3715229246282322,0.08695652173913043
573-D,2,81,0.25,-10.5,120.0,0.38730812753777544,0.1111111111111111
573-D,2,81,0.25,-10.5,120.5,0.5421075767966099,0.0851063829787234
573-D,2,81,0.25,-10.5,121.0,0.4901700445988102,0.043478260869565216
573-D,2,82,0.25,-8.5,119.5,0.11876089861177153,0.15789473684210525
573-D,2,82,0.25,-8.5,122.5,-0.13065335854942872,0.08888888888888889
573-D,2,82,0.25,-8.5,124.5,0.33361197154500477,0.13636363636363635
573-D,2,82,0.25,-8.5,125.0,-0.08712684358969214,0.11363636363636363
573-D,2,82,0.25,-9.0,119.5,0.5074535447881545,0.024390243902439025
573-D,2,82,0.25,-9.0,120.0,0.16576099037327086,0.06666666666666667
573-D,2,82,0.25,-9.0,120.5,0.09208678194549857,0.13333333333333333
573-D,2,82,0.25,-9.0,121.0,0.08394587997115899,0.1794871794871795
573-D,2,82,0.25,-9.0,121.5,0.47062904993329524,0.08888888888888889
573-D,2,82,0.25,-9.0,122.0,0.6492991629813806,0.022727272727272728
573-D,2,82,0.25,-9.0,122.5,0.42291394258658244,0.07317073170731707
573-D,2,82,0.25,-9.0,124.0,0.17797843830166526,0.08695652173913043
573-D,2,82,0.25,-9.0,124.5,0.34472636224008735,0.125
573-D,2,82,0.25,-9.5,119.5,0.3517388936488103,0.08888888888888889
573-D,2,82,0.25,-9.5,120.0,0.1473603542234334,0.14634146341463414
573-D,2,82,0.25,-9.5,120.5,-0.017371251941721955,0.15789473684210525
573-D,2,82,0.25,-9.5,121.0,0.27315834580835074,0.09523809523809523
573-D,2,82,0.25,-9.5,123.5,0.1643173778752507,0.08888888888888889
573-D,2,82,0.25,-9.5,124.0,-0.1416751703320771,0.10869565217391304
573-D,2,82,0.25,-10.0,119.5,0.33624135252462073,0.09523809523809523
573-D,2,82,0.25,-10.0,121.0,0.4566778059304124,0.05
573-D,2,82,0.25,-10.0,123.5,0.047677373916771515,0.06521739130434782
573-D,2,82,0.25,-10.5,119.5,0.4465864911359737,0.08695652173913043
573-D,2,82,0.25,-10.5,120.0,0.45986820209012846,0.1111111111111111
573-D,2,82,0.25,-10.5,120.5,0.6151465597580488,0.0851063829787234
573-D,2,82,0.25,-10.5,121.0,0.5549054702023035,0.06521739130434782
573-D,2,83,0.25,-8.5,119.5,0.1380535645537514,0.13157894736842105
573-D,2,83,0.25,-8.5,122.5,-0.1290680069938981,0.08888888888888889
573-D,2,83,0.25,-8.5,124.5,0.3401548848803855,0.13636363636363635
573-D,2,83,0.25,-8.5,125.0,-0.0520513679154051,0.09090909090909091
573-D,2,83,0.25,-9.0,119.5,0.5581558477715418,0.024390243902439025
573-D,2,83,0.25,-9.0,120.0,0.1727108732452165,0.08888888888888889
573-D,2,83,0.25,-9.0,120.5,0.09297858730195219,0.13333333333333333
573-D,2,83,0.25,-9.0,121.0,0.08695970650712959,0.1794871794871795
573-D,2,83,0.25,-9.0,121.5,0.5062543179435868,0.06666666666666667
573-D,2,83,0.25,-9.0,122.0,0.6666308814318522,0.0
573-D,2,83,0.25,-9.0,122.5,0.47093614285938257,0.04878048780487805
573-D,2,83,0.25,-9.0,124.0,0.16852765095650557,0.08695652173913043
573-D,2,83,0.25,-9.0,124.5,0.3423654111396953,0.1
573-D,2,83,0.25,-9.5,119.5,0.3772931973109055,0.08888888888888889
573-D,2,83,0.25,-9.5,120.0,0.14036188692098095,0.17073170731707318
573-D,2,83,0.25,-9.5,120.5,-0.054485344317410256,0.13157894736842105
573-D,2,83,0.25,-9.5,121.0,0.25949333700016697,0.09523809523809523
573-D,2,83,0.25,-9.5,123.5,0.17959545255809017,0.08888888888888889
573-D,2,83,0.25,-9.5,124.0,-0.14677736957804366,0.10869565217391304
573-D,2,83,0.25,-10.0,119.5,0.3837488927975524,0.07142857142857142
573-D,2,83,0.25,-10.0,121.0,0.4947092271694161,0.05
573-D,2,83,0.25,-10.0,123.5,0.08265674827973879,0.06521739130434782
573-D,2,83,0.25,-10.5,119.5,0.477636326845985,0.08695652173913043
573-D,2,83,0.25,-10.5,120.0,0.5001910404047127,0.1111111111111111
573-D,2,83,0.25,-10.5,120.5,0.6382578115383939,0.0851063829787234
573-D,2,83,0.25,-10.5,121.0,0.5827185594344967,0.06521739130434782
573-D,2,84,0.25,-8.5,119.5,0.12757391240346938,0.21052631578947367
573-D,2,84,0.25,-8.5,122.5,-0.18037018723460663,0.17777777777777778
573-D,2,84,0.25,-8.5,124.5,0.30549798614402,0.18181818181818182
573-D,2,84,0.25,-8.5,125.0,-0.04750752735975161,0.13636363636363635
573-D,2,84,0.25,-9.0,119.5,0.5966495886680858,0.024390243902439025
573-D,2,84,0.25,-9.0,120.0,0.14262349742660274,0.08888888888888889
573-D,2,84,0.25,-9.0,120.5,0.11076358810687703,0.15555555555555556
573-D,2,84,0.25,-9.0,121.0,0.10956649436815968,0.1794871794871795
573-D,2,84,0.25,-9.0,121.5,0.5425786461311226,0.08888888888888889
573-D,2,84,0.25,-9.0,122.0,0.6786499753259817,0.045454545454545456
573-D,2,84,0.25,-9.0,122.5,0.5010081056080773,0.07317073170731707
573-D,2,84,0.25,-9.0,124.0,0.18076715908347718,0.13043478260869565
573-D,2,84,0.25,-9.0,124.5,0.30877043412444216,0.175
573-D,2,84,0.25,-9.5,119.5,0.43104782119416996,0.08888888888888889
573-D,2,84,0.25,-9.5,120.0,0.15389730926430534,0.14634146341463414
573-D,2,84,0.25,-9.5,120.5,-0.08203877936184778,0.21052631578947367
573-D,2,84,0.25,-9.5,121.0,0.24284729627236956,0.16666666666666666
573-D,2,84,0.25,-9.5,123.5,0.25526533635604676,0.08888888888888889
573-D,2,84,0.25,-9.5,124.0,-0.10538584511800386,0.17391304347826086
573-D,2,84,0.25,-10.0,119.5,0.44598745846121934,0.07142857142857142
573-D,2,84,0.25,-10.0,121.0,0.48799849262118145,0.075
573-D,2,84,0.25,-10.0,123.5,0.11508908612898561,0.13043478260869565
573-D,2,84,0.25,-10.5,119.5,0.5079149393354807,0.10869565217391304
573-D,2,84,0.25,-10.5,120.0,0.5302303135192704,0.13333333333333333
573-D,2,84,0.25,-10.5,120.5,0.6682709992790703,0.1276595744680851
573-D,2,84,0.25,-10.5,121.0,0.6227112193798716,0.10869565217391304
573-D,2,85,0.25,-8.5,119.5,0.18955162828090677,0.18421052631578946
573-D,2,85,0.25,-8.5,122.5,-0.1239337108950862,0.1111111111111111
573-D,2,85,0.25,-8.5,124.5,0.3702640825853829,0.11363636363636363
573-D,2,85,0.25,-8.5,125.0,0.011140925453879125,0.09090909090909091
573-D,2,85,0.25,-9.0,119.5,0.6460053440894167,0.0
573-D,2,85,0.25,-9.0,120.0,0.21554725304789424,0.044444444444444446
573-D,2,85,0.25,-9.0,120.5,0.19150135900233645,0.06666666666666667
573-D,2,85,0.25,-9.0,121.0,0.19152492562511536,0.1282051282051282
573-D,2,85,0.25,-9.0,121.5,0.6105996581379838,0.06666666666666667
573-D,2,85,0.25,-9.0,122.0,0.7241308339818171,0.022727272727272728
573-D,2,85,0.25,-9.0,122.5,0.6001567815875702,0.04878048780487805
573-D,2,85,0.25,-9.0,124.0,0.2534370340650143,0.08695652173913043
573-D,2,85,0.25,-9.0,124.5,0.34269782157570905,0.1
573-D,2,85,0.25,-9.5,119.5,0.49357887712654314,0.06666666666666667
573-D,2,85,0.25,-9.5,120.0,0.19581147820163491,0.0975609756097561
573-D,2,85,0.25,-9.5,120.5,-0.00748715644529252,0.15789473684210525
573-D,2,85,0.25,-9.5,121.0,0.3224141256115354,0.07142857142857142
573-D,2,85,0.25,-9.5,123.5,0.29173847370564787,0.08888888888888889
573-D,2,85,0.25,-9.5,124.0,-0.037683462342771756,0.13043478260869565
573-D,2,85,0.25,-10.0,119.5,0.49548115214174293,0.047619047619047616
573-D,2,85,0.25,-10.0,121.0,0.544731738205259,0.05
573-D,2,85,0.25,-10.0,123.5,0.19020752496730076,0.08695652173913043
573-D,2,85,0.25,-10.5,119.5,0.5672191966172753,0.08695652173913043
573-D,2,85,0.25,-10.5,120.0,0.5870392065499568,0.08888888888888889
573-D,2,85,0.25,-10.5,120.5,0.6999806579803415,0.0851063829787234
573-D,2,85,0.25,-10.5,121.0,0.6572094761168983,0.043478260869565216
573-D,2,86,0.25,-8.5,119.5,0.23957979482301794,0.21052631578947367
573-D,2,86,0.25,-8.5,122.5,-0.06975954651808869,0.13333333333333333
573-D,2,86,0.25,-8.5,124.5,0.4274188135706978,0.11363636363636363
573-D,2,86,0.25,-8.5,125.0,0.06679792034133625,0.09090909090909091
573-D,2,86,0.25,-9.0,119.5,0.6777147397048188,0.024390243902439025
573-D,2,86,0.25,-9.0,120.0,0.24689225928902425,0.08888888888888889
573-D,2,86,0.25,-9.0,120.5,0.23337191860806816,0.08888888888888889
573-D,2,86,0.25,-9.0,121.0,0.22548894150705445,0.1794871794871795
573-D,2,86,0.25,-9.0,121.5,0.6219893510577472,0.1111111111111111
573-D,2,86,0.25,-9.0,122.0,0.7338930855808834,0.06818181818181818
573-D,2,86,0.25,-9.0,122.5,0.6192897794083063,0.07317073170731707
573-D,2,86,0.25,-9.0,124.0,0.31923247349612993,0.08695652173913043
573-D,2,86,0.25,-9.0,124.5,0.4131407345672775,0.1
573-D,2,86,0.25,-9.5,119.5,0.4963060054760683,0.08888888888888889
573-D,2,86,0.25,-9.5,120.0,0.23876362397820172,0.12195121951219512
573-D,2,86,0.25,-9.5,120.5,0.026518432915864865,0.18421052631578946
573-D,2,86,0.25,-9.5,121.0,0.3810739498283767,0.09523809523809523
573-D,2,86,0.25,-9.5,123.5,0.3217236856342818,0.1111111111111111
573-D,2,86,0.25,-9.5,124.0,0.02479893694367019,0.13043478260869565
573-D,2,86,0.25,-10.0,119.5,0.5094015026722367,0.09523809523809523
573-D,2,86,0.25,-10.0,121.0,0.5797465900536551,0.075
573-D,2,86,0.25,-10.0,123.5,0.25397748896539374,0.08695652173913043
573-D,2,86,0.25,-10.5,119.5,0.6184648553362382,0.08695652173913043
573-D,2,86,0.25,-10.5,120.0,0.6355135458962924,0.1111111111111111
573-D,2,86,0.25,-10.5,120.5,0.7501102495120536,0.10638297872340426
573-D,2,86,0.25,-10.5,121.0,0.7055148808969759,0.06521739130434782
573-D,2,87,0.25,-8.5,119.5,0.2939850986253595,0.18421052631578946
573-D,2,87,0.25,-8.5,122.5,-0.004942626585988874,0.13333333333333333
573-D,2,87,0.25,-8.5,124.5,0.4723209207128527,0.09090909090909091
573-D,2,87,0.25,-8.5,125.0,0.0796067008657545,0.06818181818181818
573-D,2,87,0.25,-9.0,119.5,0.7003296766724045,0.024390243902439025
573-D,2,87,0.25,-9.0,120.0,0.30752184395465354,0.08888888888888889
573-D,2,87,0.25,-9.0,120.5,0.3002735040114206,0.08888888888888889
573-D,2,87,0.25,-9.0,121.0,0.27657661076452345,0.15384615384615385
573-D,2,87,0.25,-9.0,121.5,0.6165070516485611,0.08888888888888889
573-D,2,87,0.25,-9.0,122.0,0.739651147341849,0.045454545454545456
573-D,2,87,0.25,-9.0,122.5,0.6498835112804351,0.04878048780487805
573-D,2,87,0.25,-9.0,124.0,0.3483262898844022,0.06521739130434782
573-D,2,87,0.25,-9.0,124.5,0.4716306226537711,0.075
573-D,2,87,0.25,-9.5,119.5,0.4828209999107087,0.08888888888888889
573-D,2,87,0.25,-9.5,120.0,0.3047411444141689,0.12195121951219512
573-D,2,87,0.25,-9.5,120.5,0.11776645841328215,0.15789473684210525
573-D,2,87,0.25,-9.5,121.0,0.4457624289659097,0.09523809523809523
573-D,2,87,0.25,-9.5,123.5,0.33968402263692155,0.1111111111111111
573-D,2,87,0.25,-9.5,124.0,0.0550801950078752,0.13043478260869565
573-D,2,87,0.25,-10.0,119.5,0.4939215997671633,0.09523809523809523
573-D,2,87,0.25,-10.0,121.0,0.5853557785421364,0.075
573-D,2,87,0.25,-10.0,123.5,0.29121737190451413,0.06521739130434782
573-D,2,87,0.25,-10.5,119.5,0.6257695129916188,0.08695652173913043
573-D,2,87,0.25,-10.5,120.0,0.6476469413565866,0.1111111111111111
573-D,2,87,0.25,-10.5,120.5,0.7594900740271843,0.10638297872340426
573-D,2,87,0.25,-10.5,121.0,0.7123363447059855,0.06521739130434782
573-D,2,88,0.25,-8.5,119.5,0.25259938967774065,0.18421052631578946
573-D,2,88,0.25,-8.5,122.5,0.091099092118611,0.13333333333333333
573-D,2,88,0.25,-8.5,124.5,0.45151254448211575,0.11363636363636363
573-D,2,88,0.25,-8.5,125.0,0.17277347482556438,0.11363636363636363
573-D,2,88,0.25,-9.0,119.5,0.6930958031582413,0.024390243902439025
573-D,2,88,0.25,-9.0,120.0,0.26200861788895935,0.08888888888888889
573-D,2,88,0.25,-9.0,120.5,0.27111479076645006,0.1111111111111111
573-D,2,88,0.25,-9.0,121.0,0.2940638648817282,0.1794871794871795
573-D,2,88,0.25,-9.0,121.5,0.6407597496188298,0.08888888888888889
573-D,2,88,0.25,-9.0,122.0,0.7472864511169738,0.022727272727272728
573-D,2,88,0.25,-9.0,122.5,0.6830653936001756,0.07317073170731707
573-D,2,88,0.25,-9.0,124.0,0.4108840208136305,0.08695652173913043
573-D,2,88,0.25,-9.0,124.5,0.45241957132206667,0.1
573-D,2,88,0.25,-9.5,119.5,0.5325043572026927,0.08888888888888889
573-D,2,88,0.25,-9.5,120.0,0.24732373978201638,0.14634146341463414
573-D,2,88,0.25,-9.5,120.5,0.10068105587700249,0.15789473684210525
573-D,2,88,0.25,-9.5,121.0,0.41362488119545693,0.11904761904761904
573-D,2,88,0.25,-9.5,123.5,0.40453600556686,0.13333333333333333
573-D,2,88,0.25,-9.5,124.0,0.1131874450563276,0.13043478260869565
573-D,2,88,0.25,-10.0,119.5,0.5674345263765026,0.09523809523809523
573-D,2,88,0.25,-10.0,121.0,0.5514968253551262,0.1
573-D,2,88,0.25,-10.0,123.5,0.35047944216728866,0.10869565217391304
573-D,2,88,0.25,-10.5,119.5,0.6716130086850824,0.08695652173913043
573-D,2,88,0.25,-10.5,120.0,0.6987026559275777,0.1111111111111111
573-D,2,88,0.25,-10.5,120.5,0.7746507007086213,0.10638297872340426
573-D,2,88,0.25,-10.5,121.0,0.7455401189833493,0.06521739130434782
573-D,2,89,0.25,-8.5,119.5,0.2675368571234461,0.15789473684210525
573-D,2,89,0.25,-8.5,122.5,0.08700980267215874,0.06666666666666667
573-D,2,89,0.25,-8.5,124.5,0.47048773890175855,0.11363636363636363
573-D,2,89,0.25,-8.5,125.0,0.22057257009898856,0.09090909090909091
573-D,2,89,0.25,-9.0,119.5,0.7264919482159773,0.024390243902439025
573-D,2,89,0.25,-9.0,120.0,0.28850435169194477,0.08888888888888889
573-D,2,89,0.25,-9.0,120.5,0.31152370950143216,0.13333333333333333
573-D,2,89,0.25,-9.0,121.0,0.2684644311104559,0.15384615384615385
573-D,2,89,0.25,-9.0,121.5,0.6124124499714123,0.08888888888888889
573-D,2,89,0.25,-9.0,122.0,0.7053945944919999,0.0
573-D,2,89,0.25,-9.0,122.5,0.72773246789897,0.024390243902439025
573-D,2,89,0.25,-9.0,124.0,0.4290882315983008,0.08695652173913043
573-D,2,89,0.25,-9.0,124.5,0.45944383429459323,0.1
573-D,2,89,0.25,-9.5,119.5,0.5666646899927819,0.044444444444444446
573-D,2,89,0.25,-9.5,120.0,0.2768562670299728,0.17073170731707318
573-D,2,89,0.25,-9.5,120.5,0.1632436127518554,0.15789473684210525
573-D,2,89,0.25,-9.5,121.0,0.465694782804972,0.11904761904761904
573-D,2,89,0.25,-9.5,123.5,0.39762581516934137,0.08888888888888889
573-D,2,89,0.25,-9.5,124.0,0.15485843940161292,0.10869565217391304
573-D,2,89,0.25,-10.0,119.5,0.5743883890096411,0.047619047619047616
573-D,2,89,0.25,-10.0,121.0,0.48615141004236784,0.075
573-D,2,89,0.25,-10.0,123.5,0.3948704937466919,0.043478260869565216
573-D,2,89,0.25,-10.5,119.5,0.7183739071637348,0.021739130434782608
573-D,2,89,0.25,-10.5,120.0,0.7529654529721094,0.022222222222222223
573-D,2,89,0.25,-10.5,120.5,0.7515113150815003,0.02127659574468085
573-D,2,89,0.25,-10.5,121.0,0.7650012366396379,0.021739130434782608
573-D,2,90,0.0,-8.5,119.5,0.30639819281201164,0.07894736842105263
573-D,2,90,0.0,-8.5,122.5,0.22114583705032875,0.0
573-D,2,90,0.0,-8.5,124.5,0.40599011139426877,0.022727272727272728
573-D,2,90,0.0,-8.5,125.0,0.18645046376619134,0.022727272727272728
573-D,2,90,0.0,-9.0,119.5,0.6622487955427441,0.0
573-D,2,90,0.0,-9.0,120.0,0.3356154780021544,0.022222222222222223
573-D,2,90,0.0,-9.0,120.5,0.2999123526540791,0.044444444444444446
573-D,2,90,0.0,-9.0,121.0,0.1902655609203333,0.07692307692307693
573-D,2,90,0.0,-9.0,121.5,0.47361885363064615,0.044444444444444446
573-D,2,90,0.0,-9.0,122.0,0.5876141173344468,0.0
573-D,2,90,0.0,-9.0,122.5,0.6347471896900427,0.0
573-D,2,90,0.0,-9.0,124.0,0.41399166249644537,0.021739130434782608
573-D,2,90,0.0,-9.0,124.5,0.37395456618943435,0.025
573-D,2,90,0.0,-9.5,119.5,0.5269458139159204,0.0
573-D,2,90,0.0,-9.5,120.0,0.226624659400545,0.04878048780487805
573-D,2,90,0.0,-9.5,120.5,0.14486533171206295,0.05263157894736842
573-D,2,90,0.0,-9.5,121.0,0.3185786522829931,0.07142857142857142
573-D,2,90,0.0,-9.5,123.5,0.3669693778717317,0.0
573-D,2,90,0.0,-9.5,124.0,0.1746975889565492,0.0
573-D,2,90,0.0,-10.0,119.5,0.5102148354828397,0.0
573-D,2,90,0.0,-10.0,121.0,0.4140581192369257,0.05
573-D,2,90,0.0,-10.0,123.5,0.4217997454057105,0.0
573-D,2,90,0.0,-10.5,119.5,0.6311327908127224,0.0
573-D,2,90,0.0,-10.5,120.0,0.6295706583239034,0.0
573-D,2,90,0.0,-10.5,120.5,0.6320662552091576,0.0
573-D,2,90,0.0,-10.5,121.0,0.6497942923096971,0.0
573-D,2,90,0.25,-8.5,119.5,0.27554592137147005,0.13157894736842105
573-D,2,90,0.25,-8.5,122.5,0.09500996579514809,0.044444444444444446
573-D,2,90,0.25,-8.5,124.5,0.48194715907665653,0.09090909090909091
573-D,2,90,0.25,-8.5,125.0,0.22718408905234644,0.06818181818181818
573-D,2,90,0.25,-9.0,119.5,0.738018748450927,0.024390243902439025
573-D,2,90,0.25,-9.0,120.0,0.3249739240463042,0.1111111111111111
573-D,2,90,0.25,-9.0,120.5,0.36379099898383593,0.1111111111111111
573-D,2,90,0.25,-9.0,121.0,0.3514386498763141,0.1282051282051282
573-D,2,90,0.25,-9.0,121.5,0.670973443157995,0.08888888888888889
573-D,2,90,0.25,-9.0,122.0,0.727703821625828,0.0
573-D,2,90,0.25,-9.0,122.5,0.7194211623786901,0.0
573-D,2,90,0.25,-9.0,124.0,0.44768190799940333,0.06521739130434782
573-D,2,90,0.25,-9.0,124.5,0.4755950356055817,0.075
573-D,2,90,0.25,-9.5,119.5,0.517298963745756,0.044444444444444446
573-D,2,90,0.25,-9.5,120.0,0.3296875,0.14634146341463414
573-D,2,90,0.25,-9.5,120.5,0.1963523168225434,0.13157894736842105
573-D,2,90,0.25,-9.5,121.0,0.4924860180349404,0.11904761904761904
573-D,2,90,0.25,-9.5,123.5,0.3707020243207032,0.06666666666666667
573-D,2,90,0.25,-9.5,124.0,0.1405605030886239,0.08695652173913043
573-D,2,90,0.25,-10.0,119.5,0.5112055864800695,0.047619047619047616
573-D,2,90,0.25,-10.0,121.0,0.5456448619126861,0.05
573-D,2,90,0.25,-10.0,123.5,0.39065459603935293,0.043478260869565216
573-D,2,90,0.25,-10.5,119.5,0.6897853608726991,0.021739130434782608
573-D,2,90,0.25,-10.5,120.0,0.7185655328496305,0.022222222222222223
573-D,2,90,0.25,-10.5,120.5,0.7570698598582758,0.02127659574468085
573-D,2,90,0.25,-10.5,121.0,0.7764215372095559,0.021739130434782608
573-D,2,90,0.5,-8.5,119.5,0.28020755486106386,0.34210526315789475
573-D,2,90,0.5,-8.5,122.5,0.14778942861075295,0.3111111111111111
573-D,2,90,0.5,-8.5,124.5,0.4485871822354919,0.29545454545454547
573-D,2,90,0.5,-8.5,125.0,0.225907396875893,0.3409090909090909
573-D,2,90,0.5,-9.0,119.5,0.6153783472707457,0.14634146341463414
573-D,2,90,0.5,-9.0,120.0,0.35769368876425645,0.28888888888888886
573-D,2,90,0.5,-9.0,120.5,0.3993448169243702,0.37777777777777777
573-D,2,90,0.5,-9.0,121.0,0.4095273984631691,0.38461538461538464
573-D,2,90,0.5,-9.0,121.5,0.6179870640365923,0.28888888888888886
573-D,2,90,0.5,-9.0,122.0,0.6273013267029817,0.25
573-D,2,90,0.5,-9.0,122.5,0.630563002680965,0.21951219512195122
573-D,2,90,0.5,-9.0,124.0,0.41497928851245447,0.2391304347826087
573-D,2,90,0.5,-9.0,124.5,0.433616260848926,0.275
573-D,2,90,0.5,-9.5,119.5,0.4737473851671754,0.2
573-D,2,90,0.5,-9.5,120.0,0.37249659400544965,0.3170731707317073
573-D,2,90,0.5,-9.5,120.5,0.26759700303944445,0.34210526315789475
573-D,2,90,0.5,-9.5,121.0,0.5113157273432494,0.2857142857142857
573-D,2,90,0.5,-9.5,123.5,0.3854223573470147,0.28888888888888886
573-D,2,90,0.5,-9.5,124.0,0.2204921025665184,0.2826086956521739
573-D,2,90,0.5,-10.0,119.5,0.460808854164244,0.21428571428571427
573-D,2,90,0.5,-10.0,121.0,0.5301552763240974,0.225
573-D,2,90,0.5,-10.0,123.5,0.4019046452521665,0.2608695652173913
573-D,2,90,0.5,-10.5,119.5,0.5906230489888766,0.21739130434782608
573-D,2,90,0.5,-10.5,120.0,0.6216468082273847,0.2222222222222222
573-D,2,90,0.5,-10.5,120.5,0.642633328058237,0.2553191489361702
573-D,2,90,0.5,-10.5,121.0,0.6518686555732556,0.21739130434782608
573-D,2,91,0.25,-8.5,119.5,0.32214597911995835,0.13157894736842105
573-D,2,91,0.25,-8.5,122.5,0.16741312426403498,0.06666666666666667
573-D,2,91,0.25,-8.5,124.5,0.4945468942686627,0.06818181818181818
573-D,2,91,0.25,-8.5,125.0,0.22492876793792183,0.11363636363636363
573-D,2,91,0.25,-9.0,119.5,0.7346513609772825,0.04878048780487805
573-D,2,91,0.25,-9.0,120.0,0.3401467093001387,0.1111111111111111
573-D,2,91,0.25,-9.0,120.5,0.35505948350245276,0.13333333333333333
573-D,2,91,0.25,-9.0,121.0,0.3672296888830838,0.15384615384615385
573-D,2,91,0.25,-9.0,121.5,0.6538140842386126,0.1111111111111111
573-D,2,91,0.25,-9.0,122.0,0.7074230834930817,0.022727272727272728
573-D,2,91,0.25,-9.0,122.5,0.6740253672608689,0.024390243902439025
573-D,2,91,0.25,-9.0,124.0,0.42077571263022306,0.06521739130434782
573-D,2,91,0.25,-9.0,124.5,0.48184686281672395,0.075
573-D,2,91,0.25,-9.5,119.5,0.4843259985099968,0.06666666666666667
573-D,2,91,0.25,-9.5,120.0,0.35362397820163494,0.12195121951219512
573-D,2,91,0.25,-9.5,120.5,0.24553327523101764,0.13157894736842105
573-D,2,91,0.25,-9.5,121.0,0.500474353353034,0.11904761904761904
573-D,2,91,0.25,-9.5,123.5,0.3267204878568031,0.1111111111111111
573-D,2,91,0.25,-9.5,124.0,0.12970829126115857,0.10869565217391304
573-D,2,91,0.25,-10.0,119.5,0.49676029075318995,0.07142857142857142
573-D,2,91,0.25,-10.0,121.0,0.5849209577290759,0.075
573-D,2,91,0.25,-10.0,123.5,0.3793542403947525,0.043478260869565216
573-D,2,91,0.25,-10.5,119.5,0.6657953500496505,0.021739130434782608
573-D,2,91,0.25,-10.5,120.0,0.6876496039406244,0.022222222222222223
573-D,2,91,0.25,-10.5,120.5,0.7194499832955286,0.02127659574468085
573-D,2,91,0.25,-10.5,121.0,0.7366861780920645,0.021739130434782608
573-D,2,92,0.25,-8.5,119.5,0.37027255021853844,0.13157894736842105
573-D,2,92,0.25,-8.5,122.5,0.24001916695128234,0.044444444444444446
573-D,2,92,0.25,-8.5,124.5,0.5457024293048756,0.045454545454545456
573-D,2,92,0.25,-8.5,125.0,0.18979916455688883,0.09090909090909091
573-D,2,92,0.25,-9.0,119.5,0.7172460623839256,0.04878048780487805
573-D,2,92,0.25,-9.0,120.0,0.4327103602756357,0.1111111111111111
573-D,2,92,0.25,-9.0,120.5,0.41890150363323364,0.13333333333333333
573-D,2,92,0.25,-9.0,121.0,0.40743757672461034,0.1282051282051282
573-D,2,92,0.25,-9.0,121.5,0.6083506051076807,0.08888888888888889
573-D,2,92,0.25,-9.0,122.0,0.6598900108186079,0.022727272727272728
573-D,2,92,0.25,-9.0,122.5,0.6414699841650595,0.0
573-D,2,92,0.25,-9.0,124.0,0.40507951344721893,0.043478260869565216
573-D,2,92,0.25,-9.0,124.5,0.5068804775231357,0.05
573-D,2,92,0.25,-9.5,119.5,0.45000548697405984,0.06666666666666667
573-D,2,92,0.25,-9.5,120.0,0.4566382833787467,0.12195121951219512
573-D,2,92,0.25,-9.5,120.5,0.33187902713296524,0.15789473684210525
573-D,2,92,0.25,-9.5,121.0,0.5321267375299552,0.11904761904761904
573-D,2,92,0.25,-9.5,123.5,0.29671856127284746,0.08888888888888889
573-D,2,92,0.25,-9.5,124.0,0.1195488649346671,0.06521739130434782
573-D,2,92,0.25,-10.0,119.5,0.45273931686688784,0.07142857142857142
573-D,2,92,0.25,-10.0,121.0,0.5968857771017924,0.05
573-D,2,92,0.25,-10.0,123.5,0.3661039637093776,0.06521739130434782
573-D,2,92,0.25,-10.5,119.5,0.6414100063152453,0.021739130434782608
573-D,2,92,0.25,-10.5,120.0,0.6530439992012248,0.022222222222222223
573-D,2,92,0.25,-10.5,120.5,0.6896393592516398,0.02127659574468085
573-D,2,92,0.25,-10.5,121.0,0.6975897494541499,0.021739130434782608
573-D,2,93,0.25,-8.5,119.5,0.20775938696016483,0.15789473684210525
573-D,2,93,0.25,-8.5,122.5,0.2662279337924567,0.06666666666666667
573-D,2,93,0.25,-8.5,124.5,0.45372537933101065,0.06818181818181818
573-D,2,93,0.25,-8.5,125.0,0.2628304316071165,0.11363636363636363
573-D,2,93,0.25,-9.0,119.5,0.6426399937527798,0.07317073170731707
573-D,2,93,0.25,-9.0,120.0,0.269285946343382,0.15555555555555556
573-D,2,93,0.25,-9.0,120.5,0.23043415674139256,0.17777777777777778
573-D,2,93,0.25,-9.0,121.0,0.23982734259926863,0.1794871794871795
573-D,2,93,0.25,-9.0,121.5,0.48316969816085387,0.13333333333333333
573-D,2,93,0.25,-9.0,122.0,0.5355169444075387,0.06818181818181818
573-D,2,93,0.25,-9.0,122.5,0.6079005377608453,0.024390243902439025
573-D,2,93,0.25,-9.0,124.0,0.5014281630670492,0.06521739130434782
573-D,2,93,0.25,-9.0,124.5,0.3776152660090598,0.1
573-D,2,93,0.25,-9.5,119.5,0.5007030824525206,0.06666666666666667
573-D,2,93,0.25,-9.5,120.0,0.26206488419618534,0.14634146341463414
573-D,2,93,0.25,-9.5,120.5,0.11760473933069249,0.21052631578947367
573-D,2,93,0.25,-9.5,121.0,0.37809118827028354,0.14285714285714285
573-D,2,93,0.25,-9.5,123.5,0.42484695093896785,0.1111111111111111
573-D,2,93,0.25,-9.5,124.0,0.2654931786861916,0.06521739130434782
573-D,2,93,0.25,-10.0,119.5,0.5355178584362347,0.09523809523809523
573-D,2,93,0.25,-10.0,121.0,0.4487776552831182,0.1
573-D,2,93,0.25,-10.0,123.5,0.4494475041448126,0.06521739130434782
573-D,2,93,0.25,-10.5,119.5,0.6372903349384282,0.06521739130434782
573-D,2,93,0.25,-10.5,120.0,0.6700319510084538,0.022222222222222223
573-D,2,93,0.25,-10.5,120.5,0.6652663044433895,0.06382978723404255
573-D,2,93,0.25,-10.5,121.0,0.7118928830723978,0.043478260869565216
573-D,2,94,0.25,-8.5,119.5,0.21368709944063247,0.13157894736842105
573-D,2,94,0.25,-8.5,122.5,0.2782949569508236,0.08888888888888889
573-D,2,94,0.25,-8.5,124.5,0.4741046120386623,0.09090909090909091
573-D,2,94,0.25,-8.5,125.0,0.2472878410406374,0.11363636363636363
573-D,2,94,0.25,-9.0,119.5,0.5873032040769901,0.07317073170731707
573-D,2,94,0.25,-9.0,120.0,0.27189867140878554,0.17777777777777778
573-D,2,94,0.25,-9.0,120.5,0.24064520030697856,0.2
573-D,2,94,0.25,-9.0,121.0,0.21441412182919406,0.20512820512820512
573-D,2,94,0.25,-9.0,121.5,0.40757292857823524,0.15555555555555556
573-D,2,94,0.25,-9.0,122.0,0.4651627773454551,0.06818181818181818
573-D,2,94,0.25,-9.0,122.5,0.5794465609958765,0.024390243902439025
573-D,2,94,0.25,-9.0,124.0,0.47395981449679214,0.08695652173913043
573-D,2,94,0.25,-9.0,124.5,0.38989532060568044,0.1
573-D,2,94,0.25,-9.5,119.5,0.45827684476498376,0.044444444444444446
573-D,2,94,0.25,-9.5,120.0,0.2795103882833787,0.1951219512195122
573-D,2,94,0.25,-9.5,120.5,0.17430956878699289,0.18421052631578946
573-D,2,94,0.25,-9.5,121.0,0.4016592421934928,0.14285714285714285
573-D,2,94,0.25,-9.5,123.5,0.38349665311020154,0.08888888888888889
573-D,2,94,0.25,-9.5,124.0,0.2632788349211006,0.06521739130434782
573-D,2,94,0.25,-10.0,119.5,0.48756046006462794,0.07142857142857142
573-D,2,94,0.25,-10.0,121.0,0.3899500227827988,0.1
573-D,2,94,0.25,-10.0,123.5,0.4167264511218336,0.06521739130434782
573-D,2,94,0.25,-10.5,119.5,0.5945943805118877,0.043478260869565216
573-D,2,94,0.25,-10.5,120.0,0.6243846102642615,0.0
573-D,2,94,0.25,-10.5,120.5,0.6042693112482636,0.0425531914893617
573-D,2,94,0.25,-10.5,121.0,0.6583530353519369,0.043478260869565216
573-D,2,95,0.25,-8.5,119.5,0.193355526870032,0.21052631578947367
573-D,2,95,0.25,-8.5,122.5,0.31525148977167883,0.13333333333333333
573-D,2,95,0.25,-8.5,124.5,0.44543063840692165,0.1590909090909091
573-D,2,95,0.25,-8.5,125.0,0.2847203979180317,0.18181818181818182
573-D,2,95,0.25,-9.0,119.5,0.5382930829012905,0.12195121951219512
573-D,2,95,0.25,-9.0,120.0,0.24446078347554023,0.2222222222222222
573-D,2,95,0.25,-9.0,120.5,0.2516475401248527,0.26666666666666666
573-D,2,95,0.25,-9.0,121.0,0.2259549152730842,0.23076923076923078
573-D,2,95,0.25,-9.0,121.5,0.3949399656946826,0.2
573-D,2,95,0.25,-9.0,122.0,0.42929944768159123,0.13636363636363635
573-D,2,95,0.25,-9.0,122.5,0.5687785146512392,0.0975609756097561
573-D,2,95,0.25,-9.0,124.0,0.47963352020334504,0.13043478260869565
573-D,2,95,0.25,-9.0,124.5,0.36052422799768735,0.2
573-D,2,95,0.25,-9.5,119.5,0.45336446935507957,0.1111111111111111
573-D,2,95,0.25,-9.5,120.0,0.2583106267029972,0.21951219512195122
573-D,2,95,0.25,-9.5,120.5,0.20539197646069463,0.23684210526315788
573-D,2,95,0.25,-9.5,121.0,0.35184997807683227,0.19047619047619047
573-D,2,95,0.25,-9.5,123.5,0.39194635123472943,0.13333333333333333
573-D,2,95,0.25,-9.5,124.0,0.2971246724794975,0.08695652173913043
573-D,2,95,0.25,-10.0,119.5,0.49007288764378676,0.09523809523809523
573-D,2,95,0.25,-10.0,121.0,0.38581650742864193,0.125
573-D,2,95,0.25,-10.0,123.5,0.4124952427613421,0.13043478260869565
573-D,2,95,0.25,-10.5,119.5,0.5592556507762999,0.08695652173913043
573-D,2,95,0.25,-10.5,120.0,0.5822751780603075,0.044444444444444446
573-D,2,95,0.25,-10.5,120.5,0.5512095795748273,0.0851063829787234
573-D,2,95,0.25,-10.5,121.0,0.6019163925227182,0.06521739130434782
573-D,2,96,0.25,-8.5,119.5,0.14779366804810112,0.21052631578947367
573-D,2,96,0.25,-8.5,122.5,0.37006081428957394,0.17777777777777778
573-D,2,96,0.25,-8.5,124.5,0.3621239146838269,0.22727272727272727
573-D,2,96,0.25,-8.5,125.0,0.2392098220858364,0.18181818181818182
573-D,2,96,0.25,-9.0,119.5,0.3707589353921996,0.17073170731707318
573-D,2,96,0.25,-9.0,120.0,0.1605902569977602,0.26666666666666666
573-D,2,96,0.25,-9.0,120.5,0.13747601196910098,0.28888888888888886
573-D,2,96,0.25,-9.0,121.0,0.11507433958367708,0.28205128205128205
573-D,2,96,0.25,-9.0,121.5,0.23248106060606066,0.24444444444444444
573-D,2,96,0.25,-9.0,122.0,0.2809350503919372,0.20454545454545456
573-D,2,96,0.25,-9.0,122.5,0.4919429942147593,0.1951219512195122
573-D,2,96,0.25,-9.0,124.0,0.3879253901453441,0.1956521739130435
573-D,2,96,0.25,-9.0,124.5,0.24803079698989172,0.2
573-D,2,96,0.25,-9.5,119.5,0.40183462600989295,0.2
573-D,2,96,0.25,-9.5,120.0,0.13911784741144406,0.2682926829268293
573-D,2,96,0.25,-9.5,120.5,0.10332538141664149,0.23684210526315788
573-D,2,96,0.25,-9.5,121.0,0.24174119246465708,0.21428571428571427
573-D,2,96,0.25,-9.5,123.5,0.3437025776637661,0.2
573-D,2,96,0.25,-9.5,124.0,0.2516385394325582,0.17391304347826086
573-D,2,96,0.25,-10.0,119.5,0.4265212945015643,0.21428571428571427
573-D,2,96,0.25,-10.0,121.0,0.2339553384672386,0.175
573-D,2,96,0.25,-10.0,123.5,0.380539722395986,0.1956521739130435
573-D,2,96,0.25,-10.5,119.5,0.4734489664096643,0.21739130434782608
573-D,2,96,0.25,-10.5,120.0,0.4778353191772614,0.2
573-D,2,96,0.25,-10.5,120.5,0.41599831196919357,0.2127659574468085
573-D,2,96,0.25,-10.5,121.0,0.4353689574197047,0.1956521739130435
573-D,2,97,0.25,-8.5,119.5,0.20308218402518297,0.2631578947368421
573-D,2,97,0.25,-8.5,122.5,0.32525908518588365,0.24444444444444444
573-D,2,97,0.25,-8.5,124.5,0.34034810115855174,0.2727272727272727
573-D,2,97,0.25,-8.5,125.0,0.23660303172893982,0.22727272727272727
573-D,2,97,0.25,-9.0,119.5,0.33509545684495,0.21951219512195122
573-D,2,97,0.25,-9.0,120.0,0.230617444385548,0.3111111111111111
573-D,2,97,0.25,-9.0,120.5,0.18569312526245219,0.3111111111111111
573-D,2,97,0.25,-9.0,121.0,0.1498529270300969,0.28205128205128205
573-D,2,97,0.25,-9.0,121.5,0.2043429578806938,0.28888888888888886
573-D,2,97,0.25,-9.0,122.0,0.2391197069485832,0.3181818181818182
573-D,2,97,0.25,-9.0,122.5,0.47991220231096055,0.2926829268292683
573-D,2,97,0.25,-9.0,124.0,0.35102462524957034,0.2826086956521739
573-D,2,97,0.25,-9.0,124.5,0.21885042188025927,0.275
573-D,2,97,0.25,-9.5,119.5,0.38416179825521046,0.24444444444444444
573-D,2,97,0.25,-9.5,120.0,0.18715258855585848,0.3170731707317073
573-D,2,97,0.25,-9.5,120.5,0.1147663508919462,0.34210526315789475
573-D,2,97,0.25,-9.5,121.0,0.2547480738313481,0.2619047619047619
573-D,2,97,0.25,-9.5,123.5,0.33033085340631485,0.26666666666666666
573-D,2,97,0.25,-9.5,124.0,0.20698332068045022,0.30434782608695654
573-D,2,97,0.25,-10.0,119.5,0.4008348622085307,0.2619047619047619
573-D,2,97,0.25,-10.0,121.0,0.18377701664004897,0.25
573-D,2,97,0.25,-10.0,123.5,0.341873761477522,0.30434782608695654
573-D,2,97,0.25,-10.5,119.5,0.41635972558567236,0.30434782608695654
573-D,2,97,0.25,-10.5,120.0,0.4192291819210544,0.28888888888888886
573-D,2,97,0.25,-10.5,120.5,0.3627859541769971,0.2765957446808511
573-D,2,97,0.25,-10.5,121.0,0.3903313396397522,0.2608695652173913
573-D,3,70,0.25,-8.5,119.5,-1.438789332267448,0.23529411764705882
573-D,3,70,0.25,-8.5,122.5,-1.420747960116341,0.15625
573-D,3,70,0.25,-8.5,124.5,-1.012036289700129,0.2
573-D,3,70,0.25,-8.5,125.0,-1.388073860001323,0.24390243902439024
573-D,3,70,0.25,-9.0,119.5,-1.4609655507035417,0.2
573-D,3,70,0.25,-9.0,120.0,-0.8409166209021877,0.19444444444444445
573-D,3,70,0.25,-9.0,120.5,-0.955298912862971,0.16216216216216217
573-D,3,70,0.25,-9.0,121.0,-0.41879734010673797,0.10526315789473684
573-D,3,70,0.25,-9.0,121.5,-0.6946156366529885,0.1282051282051282
573-D,3,70,0.25,-9.0,122.0,-1.2262012816018255,0.16666666666666666
573-D,3,70,0.25,-9.0,122.5,-1.2209672253656452,0.20930232558139536
573-D,3,70,0.25,-9.0,124.0,-1.2059388940679523,0.2608695652173913
573-D,3,70,0.25,-9.0,124.5,-0.8448503587838159,0.21052631578947367
573-D,3,70,0.25,-9.5,119.5,-1.5213389148399838,0.2708333333333333
573-D,3,70,0.25,-9.5,120.0,-1.039449486364541,0.21052631578947367
573-D,3,70,0.25,-9.5,120.5,-0.9438825623411338,0.11764705882352941
573-D,3,70,0.25,-9.5,121.0,-0.8089149815177203,0.15625
573-D,3,70,0.25,-9.5,123.5,-0.9994161993950166,0.2
573-D,3,70,0.25,-9.5,124.0,-1.1490992803182682,0.15
573-D,3,70,0.25,-10.0,119.5,-1.3025884904991343,0.22727272727272727
573-D,3,70,0.25,-10.0,121.0,-0.9817677395243263,0.175
573-D,3,70,0.25,-10.0,123.5,-1.5630643675134923,0.20512820512820512
573-D,3,70,0.25,-10.5,119.5,-1.5798120360596504,0.2608695652173913
573-D,3,70,0.25,-10.5,120.0,-1.4282999862643653,0.2765957446808511
573-D,3,70,0.25,-10.5,120.5,-1.558802533103051,0.21951219512195122
573-D,3,70,0.25,-10.5,121.0,-1.5841257475425614,0.22727272727272727
573-D,3,71,0.25,-8.5,119.5,-1.186461872404681,0.23529411764705882
573-D,3,71,0.25,-8.5,122.5,-1.1910772883240903,0.15625
573-D,3,71,0.25,-8.5,124.5,-0.8577333933163085,0.17777777777777778
573-D,3,71,0.25,-8.5,125.0,-1.1823763484744862,0.21951219512195122
573-D,3,71,0.25,-9.0,119.5,-1.1759810164968467,0.17777777777777778
573-D,3,71,0.25,-9.0,120.0,-0.7759632098978357,0.19444444444444445
573-D,3,71,0.25,-9.0,120.5,-0.75582926249251,0.16216216216216217
573-D,3,71,0.25,-9.0,121.0,-0.22637289876994204,0.10526315789473684
573-D,3,71,0.25,-9.0,121.5,-0.45465892602085356,0.15384615384615385
573-D,3,71,0.25,-9.0,122.0,-0.8825363742162071,0.11904761904761904
573-D,3,71,0.25,-9.0,122.5,-0.993187520017081,0.20930232558139536
573-D,3,71,0.25,-9.0,124.0,-0.9758238661800096,0.21739130434782608
573-D,3,71,0.25,-9.0,124.5,-0.6739365318574913,0.21052631578947367
573-D,3,71,0.25,-9.5,119.5,-1.167429030625526,0.20833333333333334
573-D,3,71,0.25,-9.5,120.0,-0.7826930118012949,0.18421052631578946
573-D,3,71,0.25,-9.5,120.5,-0.763920720055719,0.11764705882352941
573-D,3,71,0.25,-9.5,121.0,-0.703129756468797,0.15625
573-D,3,71,0.25,-9.5,123.5,-0.7092874732529799,0.15555555555555556
573-D,3,71,0.25,-9.5,124.0,-0.8130601560055424,0.075
573-D,3,71,0.25,-10.0,119.5,-1.0573167615710317,0.18181818181818182
573-D,3,71,0.25,-10.0,121.0,-0.7861750171519912,0.175
573-D,3,71,0.25,-10.0,123.5,-1.2537564170067137,0.1794871794871795
573-D,3,71,0.25,-10.5,119.5,-1.302649453896906,0.21739130434782608
573-D,3,71,0.25,-10.5,120.0,-1.1435359530241294,0.23404255319148937
573-D,3,71,0.25,-10.5,120.5,-1.2588586643638449,0.17073170731707318
573-D,3,71,0.25,-10.5,121.0,-1.2469912127947214,0.18181818181818182
573-D,3,72,0.25,-8.5,119.5,-0.9702426553860501,0.2647058823529412
573-D,3,72,0.25,-8.5,122.5,-1.0539385029809525,0.1875
573-D,3,72,0.25,-8.5,124.5,-0.730701800812416,0.2222222222222222
573-D,3,72,0.25,-8.5,125.0,-1.0579526903306928,0.21951219512195122
573-D,3,72,0.25,-9.0,119.5,-0.930590429403203,0.2
573-D,3,72,0.25,-9.0,120.0,-0.5921034715950093,0.2222222222222222
573-D,3,72,0.25,-9.0,120.5,-0.575866434793699,0.21621621621621623
573-D,3,72,0.25,-9.0,121.0,-0.10501327092668156,0.15789473684210525
573-D,3,72,0.25,-9.0,121.5,-0.339865507933784,0.1794871794871795
573-D,3,72,0.25,-9.0,122.0,-0.7114234808792239,0.16666666666666666
573-D,3,72,0.25,-9.0,122.5,-0.8584805700864742,0.20930232558139536
573-D,3,72,0.25,-9.0,124.0,-0.8180608004550554,0.2391304347826087
573-D,3,72,0.25,-9.0,124.5,-0.5261357878736701,0.23684210526315788
573-D,3,72,0.25,-9.5,119.5,-0.9816353555785153,0.22916666666666666
573-D,3,72,0.25,-9.5,120.0,-0.5669591583589841,0.23684210526315788
573-D,3,72,0.25,-9.5,120.5,-0.5527972402626395,0.17647058823529413
573-D,3,72,0.25,-9.5,121.0,-0.49304060665361993,0.21875
573-D,3,72,0.25,-9.5,123.5,-0.5831714116752553,0.15555555555555556
573-D,3,72,0.25,-9.5,124.0,-0.6591331969961107,0.1
573-D,3,72,0.25,-10.0,119.5,-0.8876986734246912,0.20454545454545456
573-D,3,72,0.25,-10.0,121.0,-0.5885131439498816,0.225
573-D,3,72,0.25,-10.0,123.5,-1.044200013163091,0.20512820512820512
573-D,3,72,0.25,-10.5,119.5,-1.1167626680926501,0.2391304347826087
573-D,3,72,0.25,-10.5,120.0,-0.9758696373792406,0.2553191489361702
573-D,3,72,0.25,-10.5,120.5,-1.0791925734024175,0.21951219512195122
573-D,3,72,0.25,-10.5,121.0,-1.064487718534473,0.22727272727272727
573-D,3,73,0.25,-8.5,119.5,-1.1303710612217701,0.23529411764705882
573-D,3,73,0.25,-8.5,122.5,-1.3464680586101316,0.1875
573-D,3,73,0.25,-8.5,124.5,-0.8767217539727692,0.17777777777777778
573-D,3,73,0.25,-8.5,125.0,-1.4057226058373224,0.21951219512195122
573-D,3,73,0.25,-9.0,119.5,-1.0676855895196509,0.15555555555555556
573-D,3,73,0.25,-9.0,120.0,-0.6628209375893537,0.19444444444444445
573-D,3,73,0.25,-9.0,120.5,-0.5766675390687797,0.1891891891891892
573-D,3,73,0.25,-9.0,121.0,-0.031233768086988745,0.13157894736842105
573-D,3,73,0.25,-9.0,121.5,-0.3133855207560605,0.15384615384615385
573-D,3,73,0.25,-9.0,122.0,-0.8904811529614027,0.16666666666666666
573-D,3,73,0.25,-9.0,122.5,-1.1217252055087004,0.18604651162790697
573-D,3,73,0.25,-9.0,124.0,-1.0280459479530406,0.1956521739130435
573-D,3,73,0.25,-9.0,124.5,-0.6022891143647775,0.21052631578947367
573-D,3,73,0.25,-9.5,119.5,-1.322875284370649,0.1875
573-D,3,73,0.25,-9.5,120.0,-0.6088950329314184,0.21052631578947367
573-D,3,73,0.25,-9.5,120.5,-0.5376130295796702,0.14705882352941177
573-D,3,73,0.25,-9.5,121.0,-0.43202870189171527,0.1875
573-D,3,73,0.25,-9.5,123.5,-0.8458779011926936,0.1111111111111111
573-D,3,73,0.25,-9.5,124.0,-0.9436770819364353,0.1
573-D,3,73,0.25,-10.0,119.5,-1.1412302108754142,0.1590909090909091
573-D,3,73,0.25,-10.0,121.0,-0.5856365196255615,0.2
573-D,3,73,0.25,-10.0,123.5,-1.4167171251809925,0.20512820512820512
573-D,3,73,0.25,-10.5,119.5,-1.417954713703503,0.17391304347826086
573-D,3,73,0.25,-10.5,120.0,-1.2473329975733711,0.19148936170212766
573-D,3,73,0.25,-10.5,120.5,-1.3538514680483584,0.17073170731707318
573-D,3,73,0.25,-10.5,121.0,-1.3274981096624896,0.18181818181818182
573-D,3,74,0.25,-8.5,119.5,-1.2244298625452439,0.20588235294117646
573-D,3,74,0.25,-8.5,122.5,-1.4359715440183667,0.15625
573-D,3,74,0.25,-8.5,124.5,-0.9024659177615761,0.15555555555555556
573-D,3,74,0.25,-8.5,125.0,-1.4953065366542382,0.21951219512195122
573-D,3,74,0.25,-9.0,119.5,-1.1553796700630765,0.13333333333333333
573-D,3,74,0.25,-9.0,120.0,-0.694831866600705,0.16666666666666666
573-D,3,74,0.25,-9.0,120.5,-0.5326028183459521,0.13513513513513514
573-D,3,74,0.25,-9.0,121.0,-0.010813093980992505,0.07894736842105263
573-D,3,74,0.25,-9.0,121.5,-0.27151454633394945,0.1282051282051282
573-D,3,74,0.25,-9.0,122.0,-0.8598354055711097,0.14285714285714285
573-D,3,74,0.25,-9.0,122.5,-1.0764759261236252,0.16279069767441862
573-D,3,74,0.25,-9.0,124.0,-1.0748418629883023,0.1956521739130435
573-D,3,74,0.25,-9.0,124.5,-0.6624877121414865,0.18421052631578946
573-D,3,74,0.25,-9.5,119.5,-1.312177935586309,0.16666666666666666
573-D,3,74,0.25,-9.5,120.0,-0.600386183700375,0.15789473684210525
573-D,3,74,0.25,-9.5,120.5,-0.5635495603826488,0.08823529411764706
573-D,3,74,0.25,-9.5,121.0,-0.3787943031093717,0.125
573-D,3,74,0.25,-9.5,123.5,-0.880457054089189,0.08888888888888889
573-D,3,74,0.25,-9.5,124.0,-1.0203108935675647,0.1
573-D,3,74,0.25,-10.0,119.5,-1.0850958429802056,0.1590909090909091
573-D,3,74,0.25,-10.0,121.0,-0.44880249771193115,0.15
573-D,3,74,0.25,-10.0,123.5,-1.395570619981572,0.15384615384615385
573-D,3,74,0.25,-10.5,119.5,-1.356777566730908,0.17391304347826086
573-D,3,74,0.25,-10.5,120.0,-1.1708426811959165,0.1702127659574468
573-D,3,74,0.25,-10.5,120.5,-1.223275762809441,0.14634146341463414
573-D,3,74,0.25,-10.5,121.0,-1.206419127924295,0.1590909090909091
573-D,3,75,0.25,-8.5,119.5,-1.1574623054204691,0.20588235294117646
573-D,3,75,0.25,-8.5,122.5,-1.3119053287538271,0.0625
573-D,3,75,0.25,-8.5,124.5,-0.8307642095699306,0.1111111111111111
573-D,3,75,0.25,-8.5,125.0,-1.423150742350371,0.1951219512195122
573-D,3,75,0.25,-9.0,119.5,-1.0528869480834544,0.13333333333333333
573-D,3,75,0.25,-9.0,120.0,-0.668539606319583,0.1388888888888889
573-D,3,75,0.25,-9.0,120.5,-0.5216663500334124,0.10810810810810811
573-D,3,75,0.25,-9.0,121.0,-0.005799252261765364,0.05263157894736842
573-D,3,75,0.25,-9.0,121.5,-0.2710039246946554,0.10256410256410256
573-D,3,75,0.25,-9.0,122.0,-0.7836116327056588,0.09523809523809523
573-D,3,75,0.25,-9.0,122.5,-0.9278531013131202,0.13953488372093023
573-D,3,75,0.25,-9.0,124.0,-0.9731654263247427,0.15217391304347827
573-D,3,75,0.25,-9.0,124.5,-0.64498806940962,0.15789473684210525
573-D,3,75,0.25,-9.5,119.5,-1.2060064255235896,0.125
573-D,3,75,0.25,-9.5,120.0,-0.6001523017188937,0.15789473684210525
573-D,3,75,0.25,-9.5,120.5,-0.6078565603290733,0.11764705882352941
573-D,3,75,0.25,-9.5,121.0,-0.4552946292672315,0.09375
573-D,3,75,0.25,-9.5,123.5,-0.7863125867662619,0.06666666666666667
573-D,3,75,0.25,-9.5,124.0,-0.9602163515265294,0.05
573-D,3,75,0.25,-10.0,119.5,-1.007112612894478,0.1590909090909091
573-D,3,75,0.25,-10.0,121.0,-0.4473294041745832,0.125
573-D,3,75,0.25,-10.0,123.5,-1.3495853626431487,0.10256410256410256
573-D,3,75,0.25,-10.5,119.5,-1.2978383065008443,0.13043478260869565
573-D,3,75,0.25,-10.5,120.0,-1.0972711872167022,0.1276595744680851
573-D,3,75,0.25,-10.5,120.5,-1.1650201496833619,0.12195121951219512
573-D,3,75,0.25,-10.5,121.0,-1.1465985381389916,0.11363636363636363
573-D,3,76,0.25,-8.5,119.5,-0.9095496635800411,0.17647058823529413
573-D,3,76,0.25,-8.5,122.5,-1.1646241469615268,0.0625
573-D,3,76,0.25,-8.5,124.5,-0.6753245034865103,0.08888888888888889
573-D,3,76,0.25,-8.5,125.0,-1.2625195790774115,0.1951219512195122
573-D,3,76,0.25,-9.0,119.5,-0.8259279475982539,0.1111111111111111
573-D,3,76,0.25,-9.0,120.0,-0.46750116869618874,0.1111111111111111
573-D,3,76,0.25,-9.0,120.5,-0.3355869649839047,0.08108108108108109
573-D,3,76,0.25,-9.0,121.0,0.10408516224778108,0.05263157894736842
573-D,3,76,0.25,-9.0,121.5,-0.15376519631274443,0.07692307692307693
573-D,3,76,0.25,-9.0,122.0,-0.6388351286324185,0.07142857142857142
573-D,3,76,0.25,-9.0,122.5,-0.7638678338849147,0.11627906976744186
573-D,3,76,0.25,-9.0,124.0,-0.856309943276083,0.13043478260869565
573-D,3,76,0.25,-9.0,124.5,-0.4900289711976933,0.13157894736842105
573-D,3,76,0.25,-9.5,119.5,-1.0239962746838578,0.08333333333333333
573-D,3,76,0.25,-9.5,120.0,-0.42997531709802583,0.15789473684210525
573-D,3,76,0.25,-9.5,120.5,-0.4322298749307987,0.08823529411764706
573-D,3,76,0.25,-9.5,121.0,-0.30764840182648356,0.0625
573-D,3,76,0.25,-9.5,123.5,-0.7062196830328382,0.06666666666666667
573-D,3,76,0.25,-9.5,124.0,-0.8406363148719318,0.075
573-D,3,76,0.25,-10.0,119.5,-0.8455196796195474,0.13636363636363635
573-D,3,76,0.25,-10.0,121.0,-0.3046030081115618,0.1
573-D,3,76,0.25,-10.0,123.5,-1.2201592733973938,0.10256410256410256
573-D,3,76,0.25,-10.5,119.5,-1.0890595466424746,0.10869565217391304
573-D,3,76,0.25,-10.5,120.0,-0.9422130396959845,0.10638297872340426
573-D,3,76,0.25,-10.5,120.5,-1.0086528497409324,0.0975609756097561
573-D,3,76,0.25,-10.5,121.0,-0.9631269619412051,0.09090909090909091
573-D,3,77,0.25,-8.5,119.5,-0.80925099371572,0.17647058823529413
573-D,3,77,0.25,-8.5,122.5,-1.1163828338441717,0.0625
573-D,3,77,0.25,-8.5,124.5,-0.613343565723258,0.08888888888888889
573-D,3,77,0.25,-8.5,125.0,-1.1499922786736967,0.17073170731707318
573-D,3,77,0.25,-9.0,119.5,-0.793425521591461,0.08888888888888889
573-D,3,77,0.25,-9.0,120.0,-0.38256986080034117,0.08333333333333333
573-D,3,77,0.25,-9.0,120.5,-0.2982392976853001,0.08108108108108109
573-D,3,77,0.25,-9.0,121.0,-0.0243020634150517,0.02631578947368421
573-D,3,77,0.25,-9.0,121.5,-0.3506155118343657,0.07692307692307693
573-D,3,77,0.25,-9.0,122.0,-0.73989053718102,0.047619047619047616
573-D,3,77,0.25,-9.0,122.5,-0.7667983345788407,0.09302325581395349
573-D,3,77,0.25,-9.0,124.0,-0.7628919190801979,0.10869565217391304
573-D,3,77,0.25,-9.0,124.5,-0.41623253175355845,0.13157894736842105
573-D,3,77,0.25,-9.5,119.5,-1.0335553324246405,0.08333333333333333
573-D,3,77,0.25,-9.5,120.0,-0.30913629333255366,0.13157894736842105
573-D,3,77,0.25,-9.5,120.5,-0.48910927631304846,0.08823529411764706
573-D,3,77,0.25,-9.5,121.0,-0.346292672320069,0.0625
573-D,3,77,0.25,-9.5,123.5,-0.622818155568361,0.06666666666666667
573-D,3,77,0.25,-9.5,124.0,-0.7520227079701396,0.075
573-D,3,77,0.25,-10.0,119.5,-0.8498008051227492,0.13636363636363635
573-D,3,77,0.25,-10.0,121.0,-0.31097550163608845,0.1
573-D,3,77,0.25,-10.0,123.5,-1.0966434118731088,0.10256410256410256
573-D,3,77,0.25,-10.5,119.5,-1.0658399261868299,0.10869565217391304
573-D,3,77,0.25,-10.5,120.0,-0.9300627260656555,0.10638297872340426
573-D,3,77,0.25,-10.5,120.5,-1.0246401842256758,0.0975609756097561
573-D,3,77,0.25,-10.5,121.0,-0.9184290722452637,0.09090909090909091
573-D,3,78,0.25,-8.5,119.5,-0.7493823973530522,0.20588235294117646
573-D,3,78,0.25,-8.5,122.5,-1.0317224592814078,0.09375
573-D,3,78,0.25,-8.5,124.5,-0.48420705593853475,0.1111111111111111
573-D,3,78,0.25,-8.5,125.0,-0.9907330296278316,0.1951219512195122
573-D,3,78,0.25,-9.0,119.5,-0.6171018316351287,0.1111111111111111
573-D,3,78,0.25,-9.0,120.0,-0.2936978909005088,0.1111111111111111
573-D,3,78,0.25,-9.0,120.5,-0.26964532204258984,0.08108108108108109
573-D,3,78,0.25,-9.0,121.0,-0.07812665886583492,0.02631578947368421
573-D,3,78,0.25,-9.0,121.5,-0.39896145232141356,0.10256410256410256
573-D,3,78,0.25,-9.0,122.0,-0.5764694959235581,0.07142857142857142
573-D,3,78,0.25,-9.0,122.5,-0.5079307675883418,0.11627906976744186
573-D,3,78,0.25,-9.0,124.0,-0.5580893467532533,0.13043478260869565
573-D,3,78,0.25,-9.0,124.5,-0.35504549214226633,0.15789473684210525
573-D,3,78,0.25,-9.5,119.5,-0.7920840265752149,0.10416666666666667
573-D,3,78,0.25,-9.5,120.0,-0.2799971043183249,0.13157894736842105
573-D,3,78,0.25,-9.5,120.5,-0.4873159827843825,0.08823529411764706
573-D,3,78,0.25,-9.5,121.0,-0.36907887584257404,0.0625
573-D,3,78,0.25,-9.5,123.5,-0.47352281424675247,0.06666666666666667
573-D,3,78,0.25,-9.5,124.0,-0.6432867886996556,0.075
573-D,3,78,0.25,-10.0,119.5,-0.6498954487620712,0.13636363636363635
573-D,3,78,0.25,-10.0,121.0,-0.2965787402595097,0.125
573-D,3,78,0.25,-10.0,123.5,-0.9097785309990789,0.10256410256410256
573-D,3,78,0.25,-10.5,119.5,-0.8274694415638009,0.10869565217391304
573-D,3,78,0.25,-10.5,120.0,-0.6979977450666177,0.10638297872340426
573-D,3,78,0.25,-10.5,120.5,-0.8070451928612552,0.0975609756097561
573-D,3,78,0.25,-10.5,121.0,-0.7250747542561238,0.11363636363636363
573-D,3,79,0.25,-8.5,119.5,-0.6087743987742322,0.20588235294117646
573-D,3,79,0.25,-8.5,122.5,-0.8698969611102689,0.0625
573-D,3,79,0.25,-8.5,124.5,-0.35799581883377196,0.06666666666666667
573-D,3,79,0.25,-8.5,125.0,-0.8064580621677069,0.1951219512195122
573-D,3,79,0.25,-9.0,119.5,-0.6588291484716162,0.08888888888888889
573-D,3,79,0.25,-9.0,120.0,-0.29337110983020986,0.1111111111111111
573-D,3,79,0.25,-9.0,120.5,-0.31587820557956503,0.10810810810810811
573-D,3,79,0.25,-9.0,121.0,-0.11865749593310304,0.05263157894736842
573-D,3,79,0.25,-9.0,121.5,-0.3361890321308665,0.10256410256410256
573-D,3,79,0.25,-9.0,122.0,-0.5501395098665409,0.07142857142857142
573-D,3,79,0.25,-9.0,122.5,-0.4427017721789259,0.09302325581395349
573-D,3,79,0.25,-9.0,124.0,-0.47746448829970434,0.10869565217391304
573-D,3,79,0.25,-9.0,124.5,-0.2641218349291312,0.13157894736842105
573-D,3,79,0.25,-9.5,119.5,-0.7567193934719656,0.08333333333333333
573-D,3,79,0.25,-9.5,120.0,-0.3229200165387971,0.13157894736842105
573-D,3,79,0.25,-9.5,120.5,-0.5550831314327898,0.08823529411764706
573-D,3,79,0.25,-9.5,121.0,-0.4244169928245267,0.09375
573-D,3,79,0.25,-9.5,123.5,-0.4160657387221198,0.08888888888888889
573-D,3,79,0.25,-9.5,124.0,-0.545615696660855,0.1
573-D,3,79,0.25,-10.0,119.5,-0.6459115512170694,0.13636363636363635
573-D,3,79,0.25,-10.0,121.0,-0.324011015466118,0.125
573-D,3,79,0.25,-10.0,123.5,-0.7916266289324734,0.10256410256410256
573-D,3,79,0.25,-10.5,119.5,-0.8410204021705032,0.13043478260869565
573-D,3,79,0.25,-10.5,120.0,-0.6998520557666772,0.1276595744680851
573-D,3,79,0.25,-10.5,120.5,-0.7599525043177893,0.0975609756097561
573-D,3,79,0.25,-10.5,121.0,-0.6741845771372275,0.11363636363636363
573-D,3,80,0.25,-8.5,119.5,-0.5813056536317807,0.17647058823529413
573-D,3,80,0.25,-8.5,122.5,-0.8335428296486953,0.03125
573-D,3,80,0.25,-8.5,124.5,-0.32021536534483586,0.044444444444444446
573-D,3,80,0.25,-8.5,125.0,-0.6956018773853381,0.17073170731707318
573-D,3,80,0.25,-9.0,119.5,-0.6679751940805441,0.08888888888888889
573-D,3,80,0.25,-9.0,120.0,-0.277349760133617,0.08333333333333333
573-D,3,80,0.25,-9.0,120.5,-0.276920358543983,0.08108108108108109
573-D,3,80,0.25,-9.0,121.0,-0.08768400924683917,0.02631578947368421
573-D,3,80,0.25,-9.0,121.5,-0.3022213459702734,0.10256410256410256
573-D,3,80,0.25,-9.0,122.0,-0.5299245862327853,0.07142857142857142
573-D,3,80,0.25,-9.0,122.5,-0.42515079534536127,0.06976744186046512
573-D,3,80,0.25,-9.0,124.0,-0.4391113252961283,0.08695652173913043
573-D,3,80,0.25,-9.0,124.5,-0.20156310221333018,0.10526315789473684
573-D,3,80,0.25,-9.5,119.5,-0.7362236871251844,0.08333333333333333
573-D,3,80,0.25,-9.5,120.0,-0.2859945065577447,0.13157894736842105
573-D,3,80,0.25,-9.5,120.5,-0.5297597433134709,0.08823529411764706
573-D,3,80,0.25,-9.5,121.0,-0.355184550989345,0.0625
573-D,3,80,0.25,-9.5,123.5,-0.37217099431456413,0.06666666666666667
573-D,3,80,0.25,-9.5,124.0,-0.49195247195029235,0.075
573-D,3,80,0.25,-10.0,119.5,-0.6177948292764319,0.13636363636363635
573-D,3,80,0.25,-10.0,121.0,-0.2779904821789778,0.1
573-D,3,80,0.25,-10.0,123.5,-0.7751464393839678,0.10256410256410256
573-D,3,80,0.25,-10.5,119.5,-0.7961946652365626,0.10869565217391304
573-D,3,80,0.25,-10.5,120.0,-0.6663599995421454,0.10638297872340426
573-D,3,80,0.25,-10.5,120.5,-0.7159225676453651,0.0975609756097561
573-D,3,80,0.25,-10.5,121.0,-0.6101193203950237,0.09090909090909091
573-D,3,81,0.25,-8.5,119.5,-0.6066537317078586,0.17647058823529413
573-D,3,81,0.25,-8.5,122.5,-0.9666193288237517,0.03125
573-D,3,81,0.25,-8.5,124.5,-0.38886058809779,0.06666666666666667
573-D,3,81,0.25,-8.5,125.0,-0.7931222285953803,0.17073170731707318
573-D,3,81,0.25,-9.0,119.5,-0.5463230834546342,0.08888888888888889
573-D,3,81,0.25,-9.0,120.0,-0.1978874965392976,0.08333333333333333
573-D,3,81,0.25,-9.0,120.5,-0.2584431475028264,0.08108108108108109
573-D,3,81,0.25,-9.0,121.0,-0.07032734952481512,0.05263157894736842
573-D,3,81,0.25,-9.0,121.5,-0.35595576314531585,0.10256410256410256
573-D,3,81,0.25,-9.0,122.0,-0.5305200844582965,0.07142857142857142
573-D,3,81,0.25,-9.0,122.5,-0.4574023166435357,0.06976744186046512
573-D,3,81,0.25,-9.0,124.0,-0.4858177039717273,0.08695652173913043
573-D,3,81,0.25,-9.0,124.5,-0.2650139226308792,0.10526315789473684
573-D,3,81,0.25,-9.5,119.5,-0.7494757231947815,0.08333333333333333
573-D,3,81,0.25,-9.5,120.0,-0.21497791346645112,0.13157894736842105
573-D,3,81,0.25,-9.5,120.5,-0.48118455594778187,0.08823529411764706
573-D,3,81,0.25,-9.5,121.0,-0.3395615894759727,0.0625
573-D,3,81,0.25,-9.5,123.5,-0.39415619377136446,0.06666666666666667
573-D,3,81,0.25,-9.5,124.0,-0.5329542152787086,0.075
573-D,3,81,0.25,-10.0,119.5,-0.6062498696368601,0.13636363636363635
573-D,3,81,0.25,-10.0,121.0,-0.24029565532884756,0.1
573-D,3,81,0.25,-10.0,123.5,-0.8431864551796766,0.10256410256410256
573-D,3,81,0.25,-10.5,119.5,-0.7675039680761133,0.10869565217391304
573-D,3,81,0.25,-10.5,120.0,-0.6514911748546308,0.10638297872340426
573-D,3,81,0.25,-10.5,120.5,-0.6858362118595276,0.0975609756097561
573-D,3,81,0.25,-10.5,121.0,-0.5909066173269486,0.09090909090909091
573-D,3,82,0.25,-8.5,119.5,-0.6444551773144138,0.20588235294117646
573-D,3,82,0.25,-8.5,122.5,-1.0933410139399684,0.09375
573-D,3,82,0.25,-8.5,124.5,-0.42052035231177,0.1111111111111111
573-D,3,82,0.25,-8.5,125.0,-0.8436045357276791,0.17073170731707318
573-D,3,82,0.25,-9.0,119.5,-0.5153505579815627,0.08888888888888889
573-D,3,82,0.25,-9.0,120.0,-0.1860337401455081,0.1111111111111111
573-D,3,82,0.25,-9.0,120.5,-0.2625708937427509,0.08108108108108109
573-D,3,82,0.25,-9.0,121.0,-0.08941807699991444,0.05263157894736842
573-D,3,82,0.25,-9.0,121.5,-0.3935531181252243,0.07692307692307693
573-D,3,82,0.25,-9.0,122.0,-0.4805990840212777,0.047619047619047616
573-D,3,82,0.25,-9.0,122.5,-0.3840450517775167,0.06976744186046512
573-D,3,82,0.25,-9.0,124.0,-0.5093091479825349,0.10869565217391304
573-D,3,82,0.25,-9.0,124.5,-0.3198740683962773,0.15789473684210525
573-D,3,82,0.25,-9.5,119.5,-0.7090259688813214,0.08333333333333333
573-D,3,82,0.25,-9.5,120.0,-0.24652274571877641,0.13157894736842105
573-D,3,82,0.25,-9.5,120.5,-0.5336901069725632,0.08823529411764706
573-D,3,82,0.25,-9.5,121.0,-0.38081648184387884,0.0625
573-D,3,82,0.25,-9.5,123.5,-0.4552484683114799,0.08888888888888889
573-D,3,82,0.25,-9.5,124.0,-0.6320850654865668,0.1
573-D,3,82,0.25,-10.0,119.5,-0.5369449137517466,0.13636363636363635
573-D,3,82,0.25,-10.0,121.0,-0.26414203895241206,0.1
573-D,3,82,0.25,-10.0,123.5,-0.8968211135974729,0.1282051282051282
573-D,3,82,0.25,-10.5,119.5,-0.6884901837447206,0.10869565217391304
573-D,3,82,0.25,-10.5,120.0,-0.5754715901286569,0.10638297872340426
573-D,3,82,0.25,-10.5,120.5,-0.620995970063327,0.0975609756097561
573-D,3,82,0.25,-10.5,121.0,-0.5443198221937084,0.09090909090909091
573-D,3,83,0.25,-8.5,119.5,-0.660414307285768,0.20588235294117646
573-D,3,83,0.25,-8.5,122.5,-1.0850516193371478,0.09375
573-D,3,83,0.25,-8.5,124.5,-0.38954862810996294,0.13333333333333333
573-D,3,83,0.25,-8.5,125.0,-0.8450757241501021,0.14634146341463414
573-D,3,83,0.25,-9.0,119.5,-0.44625030325084913,0.08888888888888889
573-D,3,83,0.25,-9.0,120.0,-0.1807314903486117,0.1111111111111111
573-D,3,83,0.25,-9.0,120.5,-0.2664143343195462,0.08108108108108109
573-D,3,83,0.25,-9.0,121.0,-0.08693056308684599,0.05263157894736842
573-D,3,83,0.25,-9.0,121.5,-0.3969416600593172,0.05128205128205128
573-D,3,83,0.25,-9.0,122.0,-0.44307789340901893,0.047619047619047616
573-D,3,83,0.25,-9.0,122.5,-0.3096922707376961,0.06976744186046512
573-D,3,83,0.25,-9.0,124.0,-0.44669558164399303,0.10869565217391304
573-D,3,83,0.25,-9.0,124.5,-0.323995643494039,0.13157894736842105
573-D,3,83,0.25,-9.5,119.5,-0.5843976516279665,0.10416666666666667
573-D,3,83,0.25,-9.5,120.0,-0.2266051891172487,0.13157894736842105
573-D,3,83,0.25,-9.5,120.5,-0.5461181519998572,0.08823529411764706
573-D,3,83,0.25,-9.5,121.0,-0.39611736247010176,0.0625
573-D,3,83,0.25,-9.5,123.5,-0.3638943913531947,0.1111111111111111
573-D,3,83,0.25,-9.5,124.0,-0.5783478051942244,0.1
573-D,3,83,0.25,-10.0,119.5,-0.461202626035083,0.13636363636363635
573-D,3,83,0.25,-10.0,121.0,-0.25280058269033256,0.075
573-D,3,83,0.25,-10.0,123.5,-0.8459507042253522,0.1282051282051282
573-D,3,83,0.25,-10.5,119.5,-0.6169844476144408,0.13043478260869565
573-D,3,83,0.25,-10.5,120.0,-0.5082285037315142,0.1276595744680851
573-D,3,83,0.25,-10.5,120.5,-0.535369890616004,0.0975609756097561
573-D,3,83,0.25,-10.5,121.0,-0.48367292578420384,0.09090909090909091
573-D,3,84,0.25,-8.5,119.5,-0.7210032087580214,0.23529411764705882
573-D,3,84,0.25,-8.5,122.5,-1.1324937941919297,0.09375
573-D,3,84,0.25,-8.5,124.5,-0.4393256766829412,0.13333333333333333
573-D,3,84,0.25,-8.5,125.0,-0.9135638884599264,0.1951219512195122
573-D,3,84,0.25,-9.0,119.5,-0.40189076904415355,0.08888888888888889
573-D,3,84,0.25,-9.0,120.0,-0.1504043915744946,0.1111111111111111
573-D,3,84,0.25,-9.0,120.5,-0.3159419750740988,0.16216216216216217
573-D,3,84,0.25,-9.0,121.0,-0.1691429549930077,0.13157894736842105
573-D,3,84,0.25,-9.0,121.5,-0.4607126292333723,0.10256410256410256
573-D,3,84,0.25,-9.0,122.0,-0.4686651074858288,0.07142857142857142
573-D,3,84,0.25,-9.0,122.5,-0.26951932315575955,0.06976744186046512
573-D,3,84,0.25,-9.0,124.0,-0.4888830075789894,0.15217391304347827
573-D,3,84,0.25,-9.0,124.5,-0.4309682182929946,0.18421052631578946
573-D,3,84,0.25,-9.5,119.5,-0.4667397501257131,0.125
573-D,3,84,0.25,-9.5,120.0,-0.2635585421913351,0.15789473684210525
573-D,3,84,0.25,-9.5,120.5,-0.6208977480400273,0.20588235294117646
573-D,3,84,0.25,-9.5,121.0,-0.5256346488367032,0.21875
573-D,3,84,0.25,-9.5,123.5,-0.3785007546536978,0.13333333333333333
573-D,3,84,0.25,-9.5,124.0,-0.6242442783067359,0.175
573-D,3,84,0.25,-10.0,119.5,-0.3261985587051288,0.1590909090909091
573-D,3,84,0.25,-10.0,121.0,-0.2675096944558488,0.15
573-D,3,84,0.25,-10.0,123.5,-0.881899104909833,0.07692307692307693
573-D,3,84,0.25,-10.5,119.5,-0.5346648347317551,0.15217391304347827
573-D,3,84,0.25,-10.5,120.0,-0.4326252804358772,0.14893617021276595
573-D,3,84,0.25,-10.5,120.5,-0.45637161773172097,0.14634146341463414
573-D,3,84,0.25,-10.5,121.0,-0.411416206493596,0.11363636363636363
573-D,3,85,0.25,-8.5,119.5,-0.5569568427597538,0.14705882352941177
573-D,3,85,0.25,-8.5,122.5,-0.9325294224394693,0.0625
573-D,3,85,0.25,-8.5,124.5,-0.29224389254226324,0.08888888888888889
573-D,3,85,0.25,-8.5,125.0,-0.7674653643362963,0.17073170731707318
573-D,3,85,0.25,-9.0,119.5,-0.23598829451722492,0.06666666666666667
573-D,3,85,0.25,-9.0,120.0,0.017070906953628895,0.08333333333333333
573-D,3,85,0.25,-9.0,120.5,-0.14457740088825544,0.05405405405405406
573-D,3,85,0.25,-9.0,121.0,-0.056413710436941544,0.07894736842105263
573-D,3,85,0.25,-9.0,121.5,-0.3299764688527891,0.05128205128205128
573-D,3,85,0.25,-9.0,122.0,-0.2609899037437946,0.047619047619047616
573-D,3,85,0.25,-9.0,122.5,-0.056249332763958604,0.046511627906976744
573-D,3,85,0.25,-9.0,124.0,-0.3518607762275696,0.10869565217391304
573-D,3,85,0.25,-9.0,124.5,-0.29268596347637055,0.13157894736842105
573-D,3,85,0.25,-9.5,119.5,-0.27110244457702937,0.08333333333333333
573-D,3,85,0.25,-9.5,120.0,-0.10944702225080793,0.13157894736842105
573-D,3,85,0.25,-9.5,120.5,-0.4545991654116093,0.08823529411764706
573-D,3,85,0.25,-9.5,121.0,-0.3791571537290712,0.0625
573-D,3,85,0.25,-9.5,123.5,-0.26082773595064324,0.1111111111111111
573-D,3,85,0.25,-9.5,124.0,-0.5086817196370297,0.125
573-D,3,85,0.25,-10.0,119.5,-0.15652832530296368,0.11363636363636363
573-D,3,85,0.25,-10.0,121.0,-0.1459140068007816,0.075
573-D,3,85,0.25,-10.0,123.5,-0.7092125180992499,0.07692307692307693
573-D,3,85,0.25,-10.5,119.5,-0.33190116824488225,0.10869565217391304
573-D,3,85,0.25,-10.5,120.0,-0.23905584680188618,0.10638297872340426
573-D,3,85,0.25,-10.5,120.5,-0.267252446747265,0.0975609756097561
573-D,3,85,0.25,-10.5,121.0,-0.25802390990536894,0.09090909090909091
573-D,3,86,0.25,-8.5,119.5,-0.44242555459329824,0.20588235294117646
573-D,3,86,0.25,-8.5,122.5,-0.7962214079151315,0.0625
573-D,3,86,0.25,-8.5,124.5,-0.14426346639850718,0.08888888888888889
573-D,3,86,0.25,-8.5,125.0,-0.6347757506232212,0.1951219512195122
573-D,3,86,0.25,-9.0,119.5,-0.0650836972343527,0.08888888888888889
573-D,3,86,0.25,-9.0,120.0,0.11117364329123003,0.1111111111111111
573-D,3,86,0.25,-9.0,120.5,-0.0007971186816719822,0.08108108108108109
573-D,3,86,0.25,-9.0,121.0,0.06178258511943835,0.13157894736842105
573-D,3,86,0.25,-9.0,121.5,-0.22559264024010584,0.10256410256410256
573-D,3,86,0.25,-9.0,122.0,-0.10127311757728252,0.07142857142857142
573-D,3,86,0.25,-9.0,122.5,0.0546866659549482,0.06976744186046512
573-D,3,86,0.25,-9.0,124.0,-0.20349507813364065,0.13043478260869565
573-D,3,86,0.25,-9.0,124.5,-0.15812037987346206,0.15789473684210525
573-D,3,86,0.25,-9.5,119.5,-0.13418899188482558,0.10416666666666667
573-D,3,86,0.25,-9.5,120.0,-0.011326570246035672,0.13157894736842105
573-D,3,86,0.25,-9.5,120.5,-0.2761463684689889,0.08823529411764706
573-D,3,86,0.25,-9.5,121.0,-0.20242987606001273,0.0625
573-D,3,86,0.25,-9.5,123.5,-0.17954327374700396,0.13333333333333333
573-D,3,86,0.25,-9.5,124.0,-0.37429596352420536,0.125
573-D,3,86,0.25,-10.0,119.5,-0.056457668481321166,0.13636363636363635
573-D,3,86,0.25,-10.0,121.0,-0.016596853854117244,0.075
573-D,3,86,0.25,-10.0,123.5,-0.595360010530473,0.07692307692307693
573-D,3,86,0.25,-10.5,119.5,-0.17696614887201556,0.13043478260869565
573-D,3,86,0.25,-10.5,120.0,-0.09218327915388502,0.1276595744680851
573-D,3,86,0.25,-10.5,120.5,-0.11462867012089784,0.12195121951219512
573-D,3,86,0.25,-10.5,121.0,-0.11728685012487694,0.11363636363636363
573-D,3,87,0.25,-8.5,119.5,-0.3033553172118224,0.20588235294117646
573-D,3,87,0.25,-8.5,122.5,-0.6818514035698171,0.0625
573-D,3,87,0.25,-8.5,124.5,-0.0759313900613503,0.08888888888888889
573-D,3,87,0.25,-8.5,125.0,-0.5192040415627965,0.17073170731707318
573-D,3,87,0.25,-9.0,119.5,0.02804463852498784,0.08888888888888889
573-D,3,87,0.25,-9.0,120.0,0.23210533243165987,0.1111111111111111
573-D,3,87,0.25,-9.0,120.5,0.1032215551519775,0.08108108108108109
573-D,3,87,0.25,-9.0,121.0,0.1289899825908275,0.13157894736842105
573-D,3,87,0.25,-9.0,121.5,-0.12195914175849576,0.05128205128205128
573-D,3,87,0.25,-9.0,122.0,-0.0051994038614535665,0.07142857142857142
573-D,3,87,0.25,-9.0,122.5,0.07430340557275539,0.06976744186046512
573-D,3,87,0.25,-9.0,124.0,-0.1441430053669146,0.10869565217391304
573-D,3,87,0.25,-9.0,124.5,-0.03095457714609884,0.13157894736842105
573-D,3,87,0.25,-9.5,119.5,-0.034278082561671974,0.10416666666666667
573-D,3,87,0.25,-9.5,120.0,0.10734069226282195,0.13157894736842105
573-D,3,87,0.25,-9.5,120.5,-0.1332960288593763,0.08823529411764706
573-D,3,87,0.25,-9.5,121.0,-0.048967166775385707,0.0625
573-D,3,87,0.25,-9.5,123.5,-0.120139355600136,0.13333333333333333
573-D,3,87,0.25,-9.5,124.0,-0.2903759331277096,0.125
573-D,3,87,0.25,-10.0,119.5,0.03349811234173927,0.13636363636363635
573-D,3,87,0.25,-10.0,121.0,0.11284987676481406,0.025
573-D,3,87,0.25,-10.0,123.5,-0.5302092931420301,0.07692307692307693
573-D,3,87,0.25,-10.5,119.5,-0.05964400909373335,0.13043478260869565
573-D,3,87,0.25,-10.5,120.0,-0.002701341513666744,0.1276595744680851
573-D,3,87,0.25,-10.5,120.5,-0.0007369027058146127,0.12195121951219512
573-D,3,87,0.25,-10.5,121.0,-0.004261851843365472,0.11363636363636363
573-D,3,88,0.25,-8.5,119.5,-0.30833916239202375,0.20588235294117646
573-D,3,88,0.25,-8.5,122.5,-0.5494691557603717,0.09375
573-D,3,88,0.25,-8.5,124.5,0.036824474818176745,0.08888888888888889
573-D,3,88,0.25,-8.5,125.0,-0.37398657592269857,0.17073170731707318
573-D,3,88,0.25,-9.0,119.5,0.07929554827753504,0.1111111111111111
573-D,3,88,0.25,-9.0,120.0,0.22790823806000982,0.1388888888888889
573-D,3,88,0.25,-9.0,120.5,0.13284647095631652,0.10810810810810811
573-D,3,88,0.25,-9.0,121.0,0.11904791803419046,0.10526315789473684
573-D,3,88,0.25,-9.0,121.5,-0.057820808682837344,0.05128205128205128
573-D,3,88,0.25,-9.0,122.0,0.1546486480429401,0.047619047619047616
573-D,3,88,0.25,-9.0,122.5,0.24072942244048257,0.09302325581395349
573-D,3,88,0.25,-9.0,124.0,0.009750246224989101,0.10869565217391304
573-D,3,88,0.25,-9.0,124.5,0.02168401041057688,0.10526315789473684
573-D,3,88,0.25,-9.5,119.5,0.10928725841632037,0.10416666666666667
573-D,3,88,0.25,-9.5,120.0,0.11954014347545827,0.15789473684210525
573-D,3,88,0.25,-9.5,120.5,-0.10044080791966059,0.08823529411764706
573-D,3,88,0.25,-9.5,121.0,-0.0010097303761684717,0.0625
573-D,3,88,0.25,-9.5,123.5,-0.001479045593188122,0.13333333333333333
573-D,3,88,0.25,-9.5,124.0,-0.18663532028072005,0.15
573-D,3,88,0.25,-10.0,119.5,0.15803271593350454,0.1590909090909091
573-D,3,88,0.25,-10.0,121.0,0.13485216551569867,0.075
573-D,3,88,0.25,-10.0,123.5,-0.3983003159141769,0.1282051282051282
573-D,3,88,0.25,-10.5,119.5,0.1008950001468224,0.13043478260869565
573-D,3,88,0.25,-10.5,120.0,0.15170007096744664,0.1276595744680851
573-D,3,88,0.25,-10.5,120.5,0.16494099021301112,0.12195121951219512
573-D,3,88,0.25,-10.5,121.0,0.1586981302843523,0.11363636363636363
573-D,3,89,0.25,-8.5,119.5,-0.2944007727666378,0.14705882352941177
573-D,3,89,0.25,-8.5,122.5,-0.5387790166270705,0.125
573-D,3,89,0.25,-8.5,124.5,0.0537862047977562,0.13333333333333333
573-D,3,89,0.25,-8.5,125.0,-0.274145690396876,0.12195121951219512
573-D,3,89,0.25,-9.0,119.5,0.20194687045123716,0.044444444444444446
573-D,3,89,0.25,-9.0,120.0,0.2709695866673325,0.08333333333333333
573-D,3,89,0.25,-9.0,120.5,0.18333729678455613,0.08108108108108109
573-D,3,89,0.25,-9.0,121.0,0.17134735580353355,0.07894736842105263
573-D,3,89,0.25,-9.0,121.5,-0.11567282202140916,0.0
573-D,3,89,0.25,-9.0,122.0,0.26267234631103253,0.0
573-D,3,89,0.25,-9.0,122.5,0.2998238496850646,0.023255813953488372
573-D,3,89,0.25,-9.0,124.0,0.08356902463303273,0.08695652173913043
573-D,3,89,0.25,-9.0,124.5,0.061904823769373785,0.10526315789473684
573-D,3,89,0.25,-9.5,119.5,0.21346837604350088,0.0625
573-D,3,89,0.25,-9.5,120.0,0.22085141394187202,0.10526315789473684
573-D,3,89,0.25,-9.5,120.5,-0.035770625107895304,0.08823529411764706
573-D,3,89,0.25,-9.5,121.0,0.10070123939986986,0.0625
573-D,3,89,0.25,-9.5,123.5,0.06367083228782999,0.1111111111111111
573-D,3,89,0.25,-9.5,124.0,-0.11085221939117562,0.15
573-D,3,89,0.25,-10.0,119.5,0.2800043802014893,0.06818181818181818
573-D,3,89,0.25,-10.0,121.0,0.18227077368782163,0.05
573-D,3,89,0.25,-10.0,123.5,-0.3145912860339606,0.1282051282051282
573-D,3,89,0.25,-10.5,119.5,0.24221105682964994,0.06521739130434782
573-D,3,89,0.25,-10.5,120.0,0.26405040977977223,0.06382978723404255
573-D,3,89,0.25,-10.5,120.5,0.2950431778929189,0.024390243902439025
573-D,3,89,0.25,-10.5,121.0,0.299824714158055,0.022727272727272728
573-D,3,90,0.25,-8.5,119.5,-0.28252475962072254,0.11764705882352941
573-D,3,90,0.25,-8.5,122.5,-0.4796577690390529,0.09375
573-D,3,90,0.25,-8.5,124.5,0.11870123626676554,0.1111111111111111
573-D,3,90,0.25,-8.5,125.0,-0.16629392883143268,0.12195121951219512
573-D,3,90,0.25,-9.0,119.5,0.22925915817564269,0.022222222222222223
573-D,3,90,0.25,-9.0,120.0,0.3252526880012345,0.027777777777777776
573-D,3,90,0.25,-9.0,120.5,0.26399375058953567,0.05405405405405406
573-D,3,90,0.25,-9.0,121.0,0.22775878307029318,0.07894736842105263
573-D,3,90,0.25,-9.0,121.5,-0.002838205278409278,0.02564102564102564
573-D,3,90,0.25,-9.0,122.0,0.3120714853998884,0.0
573-D,3,90,0.25,-9.0,122.5,0.3695540194299135,0.0
573-D,3,90,0.25,-9.0,124.0,0.13912501909231212,0.06521739130434782
573-D,3,90,0.25,-9.0,124.5,0.11501543831386762,0.07894736842105263
573-D,3,90,0.25,-9.5,119.5,0.22273477656996044,0.0625
573-D,3,90,0.25,-9.5,120.0,0.25280275535248664,0.07894736842105263
573-D,3,90,0.25,-9.5,120.5,-0.007314554102400894,0.08823529411764706
573-D,3,90,0.25,-9.5,121.0,0.18675934985866516,0.0625
573-D,3,90,0.25,-9.5,123.5,0.08203848544722525,0.08888888888888889
573-D,3,90,0.25,-9.5,124.0,-0.09769204550534161,0.125
573-D,3,90,0.25,-10.0,119.5,0.3251374027490981,0.045454545454545456
573-D,3,90,0.25,-10.0,121.0,0.29202033414671746,0.05
573-D,3,90,0.25,-10.0,123.5,-0.2597851125444257,0.07692307692307693
573-D,3,90,0.25,-10.5,119.5,0.30148259996692617,0.06521739130434782
573-D,3,90,0.25,-10.5,120.0,0.32516969232178017,0.06382978723404255
573-D,3,90,0.25,-10.5,120.5,0.3511586067933219,0.024390243902439025
573-D,3,90,0.25,-10.5,121.0,0.363209735811012,0.022727272727272728
573-D,3,91,0.25,-8.5,119.5,-0.10789865209957128,0.11764705882352941
573-D,3,91,0.25,-8.5,122.5,-0.3373428985743707,0.125
573-D,3,91,0.25,-8.5,124.5,0.205053565679153,0.08888888888888889
573-D,3,91,0.25,-8.5,125.0,-0.11621699133005348,0.12195121951219512
573-D,3,91,0.25,-9.0,119.5,0.32731683648714194,0.06666666666666667
573-D,3,91,0.25,-9.0,120.0,0.3396163045599576,0.08333333333333333
573-D,3,91,0.25,-9.0,120.5,0.34790510567800936,0.05405405405405406
573-D,3,91,0.25,-9.0,121.0,0.31978994834327457,0.10526315789473684
573-D,3,91,0.25,-9.0,121.5,0.18475425624412267,0.02564102564102564
573-D,3,91,0.25,-9.0,122.0,0.4499149173906293,0.023809523809523808
573-D,3,91,0.25,-9.0,122.5,0.3926550656560265,0.023255813953488372
573-D,3,91,0.25,-9.0,124.0,0.19221876366087853,0.043478260869565216
573-D,3,91,0.25,-9.0,124.5,0.18745967200620128,0.10526315789473684
573-D,3,91,0.25,-9.5,119.5,0.3360028198573579,0.041666666666666664
573-D,3,91,0.25,-9.5,120.0,0.28722934773378106,0.10526315789473684
573-D,3,91,0.25,-9.5,120.5,0.09536452225469816,0.11764705882352941
573-D,3,91,0.25,-9.5,121.0,0.27790824092193966,0.0625
573-D,3,91,0.25,-9.5,123.5,0.1394463855429281,0.08888888888888889
573-D,3,91,0.25,-9.5,124.0,0.006727459657592583,0.15
573-D,3,91,0.25,-10.0,119.5,0.3488726195690718,0.06818181818181818
573-D,3,91,0.25,-10.0,121.0,0.3482829594449166,0.05
573-D,3,91,0.25,-10.0,123.5,-0.13144662366723714,0.05128205128205128
573-D,3,91,0.25,-10.5,119.5,0.3481459386528476,0.043478260869565216
573-D,3,91,0.25,-10.5,120.0,0.3483128061901928,0.0425531914893617
573-D,3,91,0.25,-10.5,120.5,0.3958779504893496,0.024390243902439025
573-D,3,91,0.25,-10.5,121.0,0.40755676740828994,0.022727272727272728
573-D,3,92,0.25,-8.5,119.5,0.07035396264961247,0.08823529411764706
573-D,3,92,0.25,-8.5,122.5,-0.20521870582888124,0.09375
573-D,3,92,0.25,-8.5,124.5,0.2855674786420912,0.06666666666666667
573-D,3,92,0.25,-8.5,125.0,-0.02545280063535449,0.0975609756097561
573-D,3,92,0.25,-9.0,119.5,0.4213306647258611,0.044444444444444446
573-D,3,92,0.25,-9.0,120.0,0.42352188298514515,0.05555555555555555
573-D,3,92,0.25,-9.0,120.5,0.46883332381219356,0.05405405405405406
573-D,3,92,0.25,-9.0,121.0,0.36464967607523047,0.10526315789473684
573-D,3,92,0.25,-9.0,121.5,0.2721953751863414,0.02564102564102564
573-D,3,92,0.25,-9.0,122.0,0.4745416504585497,0.0
573-D,3,92,0.25,-9.0,122.5,0.37039073342585693,0.0
573-D,3,92,0.25,-9.0,124.0,0.274207734888106,0.021739130434782608
573-D,3,92,0.25,-9.0,124.5,0.3302759842195748,0.10526315789473684
573-D,3,92,0.25,-9.5,119.5,0.365533711362376,0.020833333333333332
573-D,3,92,0.25,-9.5,120.0,0.42388324834229174,0.07894736842105263
573-D,3,92,0.25,-9.5,120.5,0.2545851762338751,0.11764705882352941
573-D,3,92,0.25,-9.5,121.0,0.4190530550119592,0.0625
573-D,3,92,0.25,-9.5,123.5,0.21526228786791735,0.044444444444444446
573-D,3,92,0.25,-9.5,124.0,0.12934714585847762,0.1
573-D,3,92,0.25,-10.0,119.5,0.3629361950649731,0.022727272727272728
573-D,3,92,0.25,-10.0,121.0,0.42981595878611656,0.025
573-D,3,92,0.25,-10.0,123.5,0.006219560352770825,0.05128205128205128
573-D,3,92,0.25,-10.5,119.5,0.4069491947162379,0.021739130434782608
573-D,3,92,0.25,-10.5,120.0,0.4027803214138548,0.02127659574468085
573-D,3,92,0.25,-10.5,120.5,0.4420782959124929,0.0
573-D,3,92,0.25,-10.5,121.0,0.4748814242833902,0.0
573-D,3,93,0.25,-8.5,119.5,-0.02448065862811699,0.08823529411764706
573-D,3,93,0.25,-8.5,122.5,-0.03591627028853872,0.125
573-D,3,93,0.25,-8.5,124.5,0.3542226250490671,0.06666666666666667
573-D,3,93,0.25,-8.5,125.0,0.09059459727768127,0.12195121951219512
573-D,3,93,0.25,-9.0,119.5,0.5156128699660358,0.044444444444444446
573-D,3,93,0.25,-9.0,120.0,0.29306475257680487,0.05555555555555555
573-D,3,93,0.25,-9.0,120.5,0.3672206198660575,0.08108108108108109
573-D,3,93,0.25,-9.0,121.0,0.20429235994177908,0.13157894736842105
573-D,3,93,0.25,-9.0,121.5,0.06461491327233271,0.07692307692307693
573-D,3,93,0.25,-9.0,122.0,0.5239343863406796,0.023809523809523808
573-D,3,93,0.25,-9.0,122.5,0.5650808690082203,0.0
573-D,3,93,0.25,-9.0,124.0,0.42258660009374993,0.043478260869565216
573-D,3,93,0.25,-9.0,124.5,0.23937073172844148,0.13157894736842105
573-D,3,93,0.25,-9.5,119.5,0.529161431983068,0.020833333333333332
573-D,3,93,0.25,-9.5,120.0,0.2608716837136005,0.10526315789473684
573-D,3,93,0.25,-9.5,120.5,0.1084086863864463,0.14705882352941177
573-D,3,93,0.25,-9.5,121.0,0.2784423244183519,0.09375
573-D,3,93,0.25,-9.5,123.5,0.4187766918554142,0.044444444444444446
573-D,3,93,0.25,-9.5,124.0,0.31678428545885307,0.125
573-D,3,93,0.25,-10.0,119.5,0.524718154892268,0.022727272727272728
573-D,3,93,0.25,-10.0,121.0,0.22993762540049734,0.075
573-D,3,93,0.25,-10.0,123.5,0.24721765170462018,0.10256410256410256
573-D,3,93,0.25,-10.5,119.5,0.5935268198671177,0.021739130434782608
573-D,3,93,0.25,-10.5,120.0,0.6186658692367566,0.02127659574468085
573-D,3,93,0.25,-10.5,120.5,0.65578727691422,0.0
573-D,3,93,0.25,-10.5,121.0,0.6821955983777466,0.0
573-D,3,94,0.25,-8.5,119.5,0.048032831479137506,0.058823529411764705
573-D,3,94,0.25,-8.5,122.5,-0.021538441047736834,0.09375
573-D,3,94,0.25,-8.5,124.5,0.38624294869250353,0.08888888888888889
573-D,3,94,0.25,-8.5,125.0,0.14915534205475567,0.0975609756097561
573-D,3,94,0.25,-9.0,119.5,0.5582984594856866,0.022222222222222223
573-D,3,94,0.25,-9.0,120.0,0.33857809386786253,0.027777777777777776
573-D,3,94,0.25,-9.0,120.5,0.41791205389585107,0.05405405405405406
573-D,3,94,0.25,-9.0,121.0,0.24701047404320897,0.13157894736842105
573-D,3,94,0.25,-9.0,121.5,0.0815618781231251,0.07692307692307693
573-D,3,94,0.25,-9.0,122.0,0.581620875734568,0.023809523809523808
573-D,3,94,0.25,-9.0,122.5,0.5589850005337889,0.0
573-D,3,94,0.25,-9.0,124.0,0.43851353842426544,0.06521739130434782
573-D,3,94,0.25,-9.0,124.5,0.3115518861592158,0.10526315789473684
573-D,3,94,0.25,-9.5,119.5,0.5213033432448733,0.041666666666666664
573-D,3,94,0.25,-9.5,120.0,0.34441766866997714,0.07894736842105263
573-D,3,94,0.25,-9.5,120.5,0.22887038878008403,0.11764705882352941
573-D,3,94,0.25,-9.5,121.0,0.3494468906283976,0.0625
573-D,3,94,0.25,-9.5,123.5,0.3866739631234718,0.06666666666666667
573-D,3,94,0.25,-9.5,124.0,0.31574499351839447,0.1
573-D,3,94,0.25,-10.0,119.5,0.5283787518511567,0.022727272727272728
573-D,3,94,0.25,-10.0,121.0,0.29533752255674495,0.075
573-D,3,94,0.25,-10.0,123.5,0.23269876266947465,0.10256410256410256
573-D,3,94,0.25,-10.5,119.5,0.6098164098300103,0.043478260869565216
573-D,3,94,0.25,-10.5,120.0,0.6274681218808663,0.0425531914893617
573-D,3,94,0.25,-10.5,120.5,0.683248416810593,0.0
573-D,3,94,0.25,-10.5,121.0,0.7108485324106959,0.0
573-D,3,95,0.0,-8.5,119.5,0.05924544223125272,0.11764705882352941
573-D,3,95,0.0,-8.5,122.5,0.019259232128022052,0.0625
573-D,3,95,0.0,-8.5,124.5,0.45100140695361457,0.1111111111111111
573-D,3,95,0.0,-8.5,125.0,0.26126762116967084,0.14634146341463414
573-D,3,95,0.0,-9.0,119.5,0.5537360504609412,0.044444444444444446
573-D,3,95,0.0,-9.0,120.0,0.3094072100612262,0.027777777777777776
573-D,3,95,0.0,-9.0,120.5,0.40920884642312927,0.05405405405405406
573-D,3,95,0.0,-9.0,121.0,0.12869773680755736,0.07894736842105263
573-D,3,95,0.0,-9.0,121.5,-0.06781055369824784,0.07692307692307693
573-D,3,95,0.0,-9.0,122.0,0.5298269373302151,0.047619047619047616
573-D,3,95,0.0,-9.0,122.5,0.6187466638197929,0.046511627906976744
573-D,3,95,0.0,-9.0,124.0,0.525610032285758,0.13043478260869565
573-D,3,95,0.0,-9.0,124.5,0.3841000523993261,0.07894736842105263
573-D,3,95,0.0,-9.5,119.5,0.5702320723202866,0.0625
573-D,3,95,0.0,-9.5,120.0,0.3001930918501875,0.07894736842105263
573-D,3,95,0.0,-9.5,120.5,0.15598826099638652,0.08823529411764706
573-D,3,95,0.0,-9.5,121.0,0.2811698195259841,0.0625
573-D,3,95,0.0,-9.5,123.5,0.41922683616638434,0.06666666666666667
573-D,3,95,0.0,-9.5,124.0,0.35633185820928903,0.05
573-D,3,95,0.0,-10.0,119.5,0.5523642658990884,0.022727272727272728
573-D,3,95,0.0,-10.0,121.0,0.15850486461861224,0.075
573-D,3,95,0.0,-10.0,123.5,0.3536659207581939,0.10256410256410256
573-D,3,95,0.0,-10.5,119.5,0.6436706288183556,0.043478260869565216
573-D,3,95,0.0,-10.5,120.0,0.6738015658623688,0.0425531914893617
573-D,3,95,0.0,-10.5,120.5,0.7144271732872769,0.0
573-D,3,95,0.0,-10.5,121.0,0.7641546181518227,0.0
573-D,3,95,0.25,-8.5,119.5,0.06262074478715607,0.14705882352941177
573-D,3,95,0.25,-8.5,122.5,0.09485771176747748,0.21875
573-D,3,95,0.25,-8.5,124.5,0.46193947894200627,0.17777777777777778
573-D,3,95,0.25,-8.5,125.0,0.2644664563524457,0.21951219512195122
573-D,3,95,0.25,-9.0,119.5,0.6001455604075692,0.06666666666666667
573-D,3,95,0.25,-9.0,120.0,0.33119261474781136,0.08333333333333333
573-D,3,95,0.25,-9.0,120.5,0.4280208473105881,0.10810810810810811
573-D,3,95,0.25,-9.0,121.0,0.21934872570564246,0.15789473684210525
573-D,3,95,0.25,-9.0,121.5,0.04595594753646359,0.1282051282051282
573-D,3,95,0.25,-9.0,122.0,0.6037199429474283,0.07142857142857142
573-D,3,95,0.25,-9.0,122.5,0.645414753923348,0.06976744186046512
573-D,3,95,0.25,-9.0,124.0,0.5335524340722717,0.17391304347826086
573-D,3,95,0.25,-9.0,124.5,0.37862627154976414,0.18421052631578946
573-D,3,95,0.25,-9.5,119.5,0.5819254257677401,0.08333333333333333
573-D,3,95,0.25,-9.5,120.0,0.3518921469948254,0.10526315789473684
573-D,3,95,0.25,-9.5,120.5,0.2363754338133307,0.14705882352941177
573-D,3,95,0.25,-9.5,121.0,0.3349641226353557,0.09375
573-D,3,95,0.25,-9.5,123.5,0.4353462895877963,0.1111111111111111
573-D,3,95,0.25,-9.5,124.0,0.37327343435698024,0.15
573-D,3,95,0.25,-10.0,119.5,0.5562855891371004,0.022727272727272728
573-D,3,95,0.25,-10.0,121.0,0.2317667165427042,0.1
573-D,3,95,0.25,-10.0,123.5,0.36030011846781607,0.1794871794871795
573-D,3,95,0.25,-10.5,119.5,0.6319000863935558,0.043478260869565216
573-D,3,95,0.25,-10.5,120.0,0.6483906414541458,0.0425531914893617
573-D,3,95,0.25,-10.5,120.5,0.6831088082901555,0.0
573-D,3,95,0.25,-10.5,121.0,0.722452626996311,0.0
573-D,3,95,0.5,-8.5,119.5,0.08553866053782777,0.4117647058823529
573-D,3,95,0.5,-8.5,122.5,0.23880082644215306,0.375
573-D,3,95,0.5,-8.5,124.5,0.46364745006196784,0.4
573-D,3,95,0.5,-8.5,125.0,0.29786808665534226,0.4146341463414634
573-D,3,95,0.5,-9.0,119.5,0.5651397986414362,0.3111111111111111
573-D,3,95,0.5,-9.0,120.0,0.3271135246515471,0.25
573-D,3,95,0.5,-9.0,120.5,0.42790792216401796,0.32432432432432434
573-D,3,95,0.5,-9.0,121.0,0.2752715545534976,0.3684210526315789
573-D,3,95,0.5,-9.0,121.5,0.10816526553034456,0.358974358974359
573-D,3,95,0.5,-9.0,122.0,0.5638135578297612,0.30952380952380953
573-D,3,95,0.5,-9.0,122.5,0.5785857264866018,0.3023255813953488
573-D,3,95,0.5,-9.0,124.0,0.5320843011160445,0.34782608695652173
573-D,3,95,0.5,-9.0,124.5,0.385110146848029,0.34210526315789475
573-D,3,95,0.5,-9.5,119.5,0.5623788342541526,0.2916666666666667
573-D,3,95,0.5,-9.5,120.0,0.3856978384014723,0.2894736842105263
573-D,3,95,0.5,-9.5,120.5,0.31634144308785783,0.3235294117647059
573-D,3,95,0.5,-9.5,121.0,0.37690938247445116,0.3125
573-D,3,95,0.5,-9.5,123.5,0.44954285764722035,0.35555555555555557
573-D,3,95,0.5,-9.5,124.0,0.42061290286531694,0.325
573-D,3,95,0.5,-10.0,119.5,0.48282465636276417,0.29545454545454547
573-D,3,95,0.5,-10.0,121.0,0.256366014640913,0.275
573-D,3,95,0.5,-10.0,123.5,0.4246956035277081,0.358974358974359
573-D,3,95,0.5,-10.5,119.5,0.5427354456222884,0.2826086956521739
573-D,3,95,0.5,-10.5,120.0,0.552952303008104,0.2765957446808511
573-D,3,95,0.5,-10.5,120.5,0.5774107656879679,0.21951219512195122
573-D,3,95,0.5,-10.5,121.0,0.6009339985793826,0.20454545454545456
573-D,3,96,0.25,-8.5,119.5,0.11250083272267031,0.14705882352941177
573-D,3,96,0.25,-8.5,122.5,0.3969319750202699,0.125
573-D,3,96,0.25,-8.5,124.5,0.5218121915397542,0.2
573-D,3,96,0.25,-8.5,125.0,0.38351276224933273,0.2682926829268293
573-D,3,96,0.25,-9.0,119.5,0.4610443959243088,0.17777777777777778
573-D,3,96,0.25,-9.0,120.0,0.17930749644852506,0.1111111111111111
573-D,3,96,0.25,-9.0,120.5,0.36201942046814795,0.13513513513513514
573-D,3,96,0.25,-9.0,121.0,0.10235908559034201,0.21052631578947367
573-D,3,96,0.25,-9.0,121.5,-0.08952899408955428,0.15384615384615385
573-D,3,96,0.25,-9.0,122.0,0.4463931536913688,0.16666666666666666
573-D,3,96,0.25,-9.0,122.5,0.5969734173161098,0.11627906976744186
573-D,3,96,0.25,-9.0,124.0,0.575028835974656,0.21739130434782608
573-D,3,96,0.25,-9.0,124.5,0.4517038442051109,0.18421052631578946
573-D,3,96,0.25,-9.5,119.5,0.5526273665216317,0.1875
573-D,3,96,0.25,-9.5,120.0,0.23561939048685054,0.18421052631578946
573-D,3,96,0.25,-9.5,120.5,0.12895640734104408,0.20588235294117646
573-D,3,96,0.25,-9.5,121.0,0.24747227658186588,0.15625
573-D,3,96,0.25,-9.5,123.5,0.5500385207526614,0.2222222222222222
573-D,3,96,0.25,-9.5,124.0,0.5290834115596086,0.175
573-D,3,96,0.25,-10.0,119.5,0.46735185532820245,0.1590909090909091
573-D,3,96,0.25,-10.0,121.0,-0.006874436507622317,0.2
573-D,3,96,0.25,-10.0,123.5,0.5987165986573646,0.23076923076923078
573-D,3,96,0.25,-10.5,119.5,0.5610542795720195,0.15217391304347827
573-D,3,96,0.25,-10.5,120.0,0.5847774827159928,0.14893617021276595
573-D,3,96,0.25,-10.5,120.5,0.5531433506044905,0.12195121951219512
573-D,3,96,0.25,-10.5,121.0,0.5704523062117635,0.11363636363636363
573-D,3,97,0.25,-8.5,119.5,0.1589723091954789,0.17647058823529413
573-D,3,97,0.25,-8.5,122.5,0.5206518970376944,0.125
573-D,3,97,0.25,-8.5,124.5,0.5337249868787243,0.24444444444444444
573-D,3,97,0.25,-8.5,125.0,0.42019457742284194,0.2682926829268293
573-D,3,97,0.25,-9.0,119.5,0.4214944201843762,0.24444444444444444
573-D,3,97,0.25,-9.0,120.0,0.2140779100535105,0.16666666666666666
573-D,3,97,0.25,-9.0,120.5,0.41852982087414703,0.1891891891891892
573-D,3,97,0.25,-9.0,121.0,0.17110077342389907,0.21052631578947367
573-D,3,97,0.25,-9.0,121.5,-0.14909017152631932,0.20512820512820512
573-D,3,97,0.25,-9.0,122.0,0.3340809077185857,0.23809523809523808
573-D,3,97,0.25,-9.0,122.5,0.5362656133233693,0.18604651162790697
573-D,3,97,0.25,-9.0,124.0,0.5724428152338217,0.2608695652173913
573-D,3,97,0.25,-9.0,124.5,0.48507052256418914,0.18421052631578946
573-D,3,97,0.25,-9.5,119.5,0.4802424042517758,0.3125
573-D,3,97,0.25,-9.5,120.0,0.3146603629904039,0.23684210526315788
573-D,3,97,0.25,-9.5,120.5,0.1559406382636751,0.20588235294117646
573-D,3,97,0.25,-9.5,121.0,0.27706023048488815,0.15625
573-D,3,97,0.25,-9.5,123.5,0.5509766366276247,0.28888888888888886
573-D,3,97,0.25,-9.5,124.0,0.5571498815430693,0.2
573-D,3,97,0.25,-10.0,119.5,0.3838516571762304,0.25
573-D,3,97,0.25,-10.0,121.0,-0.02467158879957876,0.275
573-D,3,97,0.25,-10.0,123.5,0.6572331183361853,0.23076923076923078
573-D,3,97,0.25,-10.5,119.5,0.4579013011580444,0.2826086956521739
573-D,3,97,0.25,-10.5,120.0,0.5000915708987685,0.2765957446808511
573-D,3,97,0.25,-10.5,120.5,0.4383649971214739,0.21951219512195122
573-D,3,97,0.25,-10.5,121.0,0.4274912357079026,0.25
573-F,1,70,0.25,-8.0,125.0,-0.3178712318951187,0.09090909090909091
573-F,1,70,0.25,-8.0,125.5,-0.1465799684202802,0.11363636363636363
573-F,1,70,0.25,-8.0,126.0,-0.22792523844257295,0.09090909090909091
573-F,1,70,0.25,-8.0,126.5,-0.4817407953287831,0.17777777777777778
573-F,1,70,0.25,-8.0,127.0,-0.4710277849924438,0.11363636363636363
573-F,1,70,0.25,-8.0,127.5,-0.3293417264644549,0.15217391304347827
573-F,1,70,0.25,-8.5,127.5,-0.37297391633669963,0.1276595744680851
573-F,1,70,0.25,-9.0,126.0,-0.40208973864345987,0.13636363636363635
573-F,1,70,0.25,-9.0,126.5,-0.44038168544737766,0.1956521739130435
573-F,1,70,0.25,-9.0,127.0,-0.4891408113628517,0.17777777777777778
573-F,1,70,0.25,-9.0,127.5,-0.19985821638326295,0.14634146341463414
573-F,1,70,0.25,-9.5,125.5,-0.48364329040907283,0.15555555555555556
573-F,1,70,0.25,-9.5,126.0,-0.32515271183912886,0.10869565217391304
573-F,1,70,0.25,-10.0,124.5,-0.37380809105720236,0.15555555555555556
573-F,1,70,0.25,-10.0,125.0,-0.3748398651867795,0.13953488372093023
573-F,1,70,0.25,-10.0,125.5,-0.19163686297458726,0.10869565217391304
573-F,1,70,0.25,-10.5,123.5,-0.4636073893581454,0.1702127659574468
573-F,1,70,0.25,-10.5,124.0,-0.47346220877822076,0.125
573-F,1,70,0.25,-10.5,124.5,-0.27305506037914795,0.13333333333333333
573-F,1,71,0.25,-8.0,125.0,-0.173965884684383,0.09090909090909091
573-F,1,71,0.25,-8.0,125.5,-0.09160190141161806,0.11363636363636363
573-F,1,71,0.25,-8.0,126.0,-0.09891053881024092,0.11363636363636363
573-F,1,71,0.25,-8.0,126.5,-0.27550799706562445,0.17777777777777778
573-F,1,71,0.25,-8.0,127.0,-0.29450719564601413,0.09090909090909091
573-F,1,71,0.25,-8.0,127.5,-0.15589725028290835,0.13043478260869565
573-F,1,71,0.25,-8.5,127.5,-0.24397156205221293,0.10638297872340426
573-F,1,71,0.25,-9.0,126.0,-0.34178562479367125,0.11363636363636363
573-F,1,71,0.25,-9.0,126.5,-0.3788921095868454,0.17391304347826086
573-F,1,71,0.25,-9.0,127.0,-0.35946489983237195,0.15555555555555556
573-F,1,71,0.25,-9.0,127.5,-0.10608150441788955,0.12195121951219512
573-F,1,71,0.25,-9.5,125.5,-0.3934699164213782,0.13333333333333333
573-F,1,71,0.25,-9.5,126.0,-0.25852498695036163,0.08695652173913043
573-F,1,71,0.25,-10.0,124.5,-0.32667907521629624,0.13333333333333333
573-F,1,71,0.25,-10.0,125.0,-0.33481939616382284,0.11627906976744186
573-F,1,71,0.25,-10.0,125.5,-0.13738888081961353,0.08695652173913043
573-F,1,71,0.25,-10.5,123.5,-0.37996720647508764,0.19148936170212766
573-F,1,71,0.25,-10.5,124.0,-0.4158713115246697,0.125
573-F,1,71,0.25,-10.5,124.5,-0.25922838124551384,0.1111111111111111
573-F,1,72,0.25,-8.0,125.0,-0.12706546847727718,0.11363636363636363
573-F,1,72,0.25,-8.0,125.5,-0.043541663214360815,0.1590909090909091
573-F,1,72,0.25,-8.0,126.0,-0.041372825575928474,0.13636363636363635
573-F,1,72,0.25,-8.0,126.5,-0.2375328054727448,0.15555555555555556
573-F,1,72,0.25,-8.0,127.0,-0.23737662920287073,0.13636363636363635
573-F,1,72,0.25,-8.0,127.5,-0.07111630533612101,0.15217391304347827
573-F,1,72,0.25,-8.5,127.5,-0.17401073418064983,0.1276595744680851
573-F,1,72,0.25,-9.0,126.0,-0.2506540873999181,0.13636363636363635
573-F,1,72,0.25,-9.0,126.5,-0.29184604662163194,0.1956521739130435
573-F,1,72,0.25,-9.0,127.0,-0.2670637991457292,0.17777777777777778
573-F,1,72,0.25,-9.0,127.5,-0.045654929210221296,0.14634146341463414
573-F,1,72,0.25,-9.5,125.5,-0.27739096839466226,0.13333333333333333
573-F,1,72,0.25,-9.5,126.0,-0.12901431731749113,0.10869565217391304
573-F,1,72,0.25,-10.0,124.5,-0.2638667942730759,0.13333333333333333
573-F,1,72,0.25,-10.0,125.0,-0.23257397963685067,0.11627906976744186
573-F,1,72,0.25,-10.0,125.5,-0.03605492439790914,0.10869565217391304
573-F,1,72,0.25,-10.5,123.5,-0.314051350392063,0.1702127659574468
573-F,1,72,0.25,-10.5,124.0,-0.31254472245036924,0.14583333333333334
573-F,1,72,0.25,-10.5,124.5,-0.17157001676683548,0.13333333333333333
573-F,1,73,0.25,-8.0,125.0,-0.05180778984894041,0.13636363636363635
573-F,1,73,0.25,-8.0,125.5,0.006352045224810143,0.18181818181818182
573-F,1,73,0.25,-8.0,126.0,0.0778823191019119,0.18181818181818182
573-F,1,73,0.25,-8.0,126.5,-0.097070009535978,0.17777777777777778
573-F,1,73,0.25,-8.0,127.0,-0.09882576383641828,0.1590909090909091
573-F,1,73,0.25,-8.0,127.5,0.0762409994425417,0.17391304347826086
573-F,1,73,0.25,-8.5,127.5,-0.027360431628243642,0.14893617021276595
573-F,1,73,0.25,-9.0,126.0,-0.1656684657881864,0.18181818181818182
573-F,1,73,0.25,-9.0,126.5,-0.2092488946475557,0.21739130434782608
573-F,1,73,0.25,-9.0,127.0,-0.15009752968947154,0.2222222222222222
573-F,1,73,0.25,-9.0,127.5,0.08309532680896925,0.17073170731707318
573-F,1,73,0.25,-9.5,125.5,-0.18129269379613344,0.15555555555555556
573-F,1,73,0.25,-9.5,126.0,0.00034255300638863506,0.15217391304347827
573-F,1,73,0.25,-10.0,124.5,-0.16034476136214537,0.17777777777777778
573-F,1,73,0.25,-10.0,125.0,-0.11064124508125839,0.16279069767441862
573-F,1,73,0.25,-10.0,125.5,0.09393127363332776,0.15217391304347827
573-F,1,73,0.25,-10.5,123.5,-0.1793010290256809,0.19148936170212766
573-F,1,73,0.25,-10.5,124.0,-0.14375368096316032,0.16666666666666666
573-F,1,73,0.25,-10.5,124.5,-0.061220800411092124,0.17777777777777778
573-F,1,74,0.25,-8.0,125.0,-0.00707175277668326,0.11363636363636363
573-F,1,74,0.25,-8.0,125.5,0.058375727647405506,0.13636363636363635
573-F,1,74,0.25,-8.0,126.0,0.1293313547227073,0.13636363636363635
573-F,1,74,0.25,-8.0,126.5,-0.07277444922853715,0.17777777777777778
573-F,1,74,0.25,-8.0,127.0,-0.024815091377030418,0.11363636363636363
573-F,1,74,0.25,-8.0,127.5,0.14842134564829823,0.15217391304347827
573-F,1,74,0.25,-8.5,127.5,0.05420577520398595,0.1276595744680851
573-F,1,74,0.25,-9.0,126.0,-0.02640134596032917,0.1590909090909091
573-F,1,74,0.25,-9.0,126.5,-0.04189063787891745,0.1956521739130435
573-F,1,74,0.25,-9.0,127.0,-0.028975240784944623,0.2
573-F,1,74,0.25,-9.0,127.5,0.17127324862089754,0.14634146341463414
573-F,1,74,0.25,-9.5,125.5,-0.0756284146930124,0.15555555555555556
573-F,1,74,0.25,-9.5,126.0,0.10174445701076296,0.13043478260869565
573-F,1,74,0.25,-10.0,124.5,-0.039443023631725804,0.17777777777777778
573-F,1,74,0.25,-10.0,125.0,-0.05564309788075028,0.16279069767441862
573-F,1,74,0.25,-10.0,125.5,0.09632258576060626,0.13043478260869565
573-F,1,74,0.25,-10.5,123.5,-0.11850453396975147,0.19148936170212766
573-F,1,74,0.25,-10.5,124.0,-0.06254692602015277,0.14583333333333334
573-F,1,74,0.25,-10.5,124.5,-0.021404202568795494,0.15555555555555556
573-F,1,75,0.25,-8.0,125.0,0.00446734495375245,0.09090909090909091
573-F,1,75,0.25,-8.0,125.5,0.09643236755574369,0.11363636363636363
573-F,1,75,0.25,-8.0,126.0,0.11807107391219929,0.13636363636363635
573-F,1,75,0.25,-8.0,126.5,-0.030828039490691017,0.17777777777777778
573-F,1,75,0.25,-8.0,127.0,0.036876210096335904,0.11363636363636363
573-F,1,75,0.25,-8.0,127.5,0.18045595314150087,0.13043478260869565
573-F,1,75,0.25,-8.5,127.5,0.09331007311565398,0.14893617021276595
573-F,1,75,0.25,-9.0,126.0,0.02216459376578528,0.13636363636363635
573-F,1,75,0.25,-9.0,126.5,0.011794878644991735,0.21739130434782608
573-F,1,75,0.25,-9.0,127.0,0.018315943201327234,0.2
573-F,1,75,0.25,-9.0,127.5,0.21453690190705021,0.14634146341463414
573-F,1,75,0.25,-9.5,125.5,-0.03981774097761326,0.13333333333333333
573-F,1,75,0.25,-9.5,126.0,0.1352944557679403,0.13043478260869565
573-F,1,75,0.25,-10.0,124.5,0.0012843328990871372,0.2
573-F,1,75,0.25,-10.0,125.0,-0.03851970143459593,0.16279069767441862
573-F,1,75,0.25,-10.0,125.5,0.1178528150192365,0.10869565217391304
573-F,1,75,0.25,-10.5,123.5,-0.07489306538163665,0.2127659574468085
573-F,1,75,0.25,-10.5,124.0,0.002239628197680199,0.16666666666666666
573-F,1,75,0.25,-10.5,124.5,0.0053697577152602705,0.17777777777777778
573-F,1,76,0.25,-8.0,125.0,0.023655533536380835,0.06818181818181818
573-F,1,76,0.25,-8.0,125.5,0.10061005200947859,0.09090909090909091
573-F,1,76,0.25,-8.0,126.0,0.12566112230045057,0.13636363636363635
573-F,1,76,0.25,-8.0,126.5,-0.00908556440278252,0.17777777777777778
573-F,1,76,0.25,-8.0,127.0,0.08893322629391764,0.09090909090909091
573-F,1,76,0.25,-8.0,127.5,0.17161874485332007,0.10869565217391304
573-F,1,76,0.25,-8.5,127.5,0.08934410708178941,0.1276595744680851
573-F,1,76,0.25,-9.0,126.0,0.05848404456306,0.11363636363636363
573-F,1,76,0.25,-9.0,126.5,0.017902505832222415,0.1956521739130435
573-F,1,76,0.25,-9.0,127.0,0.050810513412183234,0.17777777777777778
573-F,1,76,0.25,-9.0,127.5,0.2096099968030667,0.12195121951219512
573-F,1,76,0.25,-9.5,125.5,-0.03204912618139,0.1111111111111111
573-F,1,76,0.25,-9.5,126.0,0.06066217593398138,0.15217391304347827
573-F,1,76,0.25,-10.0,124.5,-0.012982565080869035,0.2
573-F,1,76,0.25,-10.0,125.0,-0.10066524324610482,0.13953488372093023
573-F,1,76,0.25,-10.0,125.5,0.03594826963166897,0.13043478260869565
573-F,1,76,0.25,-10.5,123.5,-0.06343275186160224,0.2127659574468085
573-F,1,76,0.25,-10.5,124.0,0.008602736433021563,0.1875
573-F,1,76,0.25,-10.5,124.5,-0.0508249653670827,0.2
573-F,1,77,0.25,-8.0,125.0,0.17747781176096422,0.09090909090909091
573-F,1,77,0.25,-8.0,125.5,0.3056651744815031,0.09090909090909091
573-F,1,77,0.25,-8.0,126.0,0.310071760105715,0.09090909090909091
573-F,1,77,0.25,-8.0,126.5,0.2421528863241592,0.1111111111111111
573-F,1,77,0.25,-8.0,127.0,0.39164620324896116,0.045454545454545456
573-F,1,77,0.25,-8.0,127.5,0.396782584616324,0.06521739130434782
573-F,1,77,0.25,-8.5,127.5,0.3209062158197742,0.0425531914893617
573-F,1,77,0.25,-9.0,126.0,0.1366770212275128,0.09090909090909091
573-F,1,77,0.25,-9.0,126.5,0.14835570229855188,0.10869565217391304
573-F,1,77,0.25,-9.0,127.0,0.21495652661824083,0.1111111111111111
573-F,1,77,0.25,-9.0,127.5,0.37610447245686973,0.04878048780487805
573-F,1,77,0.25,-9.5,125.5,0.08367312337227395,0.08888888888888889
573-F,1,77,0.25,-9.5,126.0,0.17389575203201513,0.10869565217391304
573-F,1,77,0.25,-10.0,124.5,0.14092612805239124,0.13333333333333333
573-F,1,77,0.25,-10.0,125.0,0.02392758200843481,0.11627906976744186
573-F,1,77,0.25,-10.0,125.5,0.13780357139098165,0.10869565217391304
573-F,1,77,0.25,-10.5,123.5,0.14199204332403548,0.14893617021276595
573-F,1,77,0.25,-10.5,124.0,0.1937538812876861,0.125
573-F,1,77,0.25,-10.5,124.5,0.09983815898561943,0.1111111111111111
573-F,1,78,0.25,-8.0,125.0,0.19440646261001548,0.1590909090909091
573-F,1,78,0.25,-8.0,125.5,0.3213206903980135,0.11363636363636363
573-F,1,78,0.25,-8.0,126.0,0.30012388888566444,0.13636363636363635
573-F,1,78,0.25,-8.0,126.5,0.3438444632240524,0.13333333333333333
573-F,1,78,0.25,-8.0,127.0,0.46799516551756726,0.06818181818181818
573-F,1,78,0.25,-8.0,127.5,0.49241180416705754,0.10869565217391304
573-F,1,78,0.25,-8.5,127.5,0.4074501940235654,0.06382978723404255
573-F,1,78,0.25,-9.0,126.0,0.2678357642023871,0.13636363636363635
573-F,1,78,0.25,-9.0,126.5,0.2828594349993049,0.13043478260869565
573-F,1,78,0.25,-9.0,127.0,0.3413959954769291,0.1111111111111111
573-F,1,78,0.25,-9.0,127.5,0.4697474120333176,0.04878048780487805
573-F,1,78,0.25,-9.5,125.5,0.24857992315695743,0.13333333333333333
573-F,1,78,0.25,-9.5,126.0,0.28217745643906433,0.15217391304347827
573-F,1,78,0.25,-10.0,124.5,0.27293874572289123,0.13333333333333333
573-F,1,78,0.25,-10.0,125.0,0.16499179474510794,0.16279069767441862
573-F,1,78,0.25,-10.0,125.5,0.2377552259081267,0.15217391304347827
573-F,1,78,0.25,-10.5,123.5,0.27253538659414067,0.1702127659574468
573-F,1,78,0.25,-10.5,124.0,0.3168228530218955,0.14583333333333334
573-F,1,78,0.25,-10.5,124.5,0.20280520010277292,0.1111111111111111
573-F,1,79,0.25,-8.0,125.0,0.19584725320553553,0.09090909090909091
573-F,1,79,0.25,-8.0,125.5,0.3496288080904686,0.06818181818181818
573-F,1,79,0.25,-8.0,126.0,0.2872151958327933,0.09090909090909091
573-F,1,79,0.25,-8.0,126.5,0.3461277464247515,0.1111111111111111
573-F,1,79,0.25,-8.0,127.0,0.4999240000472235,0.045454545454545456
573-F,1,79,0.25,-8.0,127.5,0.5096457775965615,0.043478260869565216
573-F,1,79,0.25,-8.5,127.5,0.4420268043626332,0.02127659574468085
573-F,1,79,0.25,-9.0,126.0,0.3485170174091854,0.06818181818181818
573-F,1,79,0.25,-9.0,126.5,0.3474668629991571,0.08695652173913043
573-F,1,79,0.25,-9.0,127.0,0.39986237520446943,0.08888888888888889
573-F,1,79,0.25,-9.0,127.5,0.544369731767466,0.024390243902439025
573-F,1,79,0.25,-9.5,125.5,0.317777573950079,0.06666666666666667
573-F,1,79,0.25,-9.5,126.0,0.32168057592403887,0.08695652173913043
573-F,1,79,0.25,-10.0,124.5,0.30445411450647997,0.08888888888888889
573-F,1,79,0.25,-10.0,125.0,0.20778616929293658,0.06976744186046512
573-F,1,79,0.25,-10.0,125.5,0.2398434139629333,0.08695652173913043
573-F,1,79,0.25,-10.5,123.5,0.3292555550474665,0.14893617021276595
573-F,1,79,0.25,-10.5,124.0,0.40213225425188803,0.125
573-F,1,79,0.25,-10.5,124.5,0.19630507163650135,0.08888888888888889
573-F,1,80,0.25,-8.0,125.0,0.22646980119516646,0.13636363636363635
573-F,1,80,0.25,-8.0,125.5,0.3753110034254763,0.09090909090909091
573-F,1,80,0.25,-8.0,126.0,0.29913909800378313,0.11363636363636363
573-F,1,80,0.25,-8.0,126.5,0.4499613878378006,0.1111111111111111
573-F,1,80,0.25,-8.0,127.0,0.5787920287117492,0.06818181818181818
573-F,1,80,0.25,-8.0,127.5,0.571279472805543,0.06521739130434782
573-F,1,80,0.25,-8.5,127.5,0.5618515472425478,0.0425531914893617
573-F,1,80,0.25,-9.0,126.0,0.5145068590679305,0.06818181818181818
573-F,1,80,0.25,-9.0,126.5,0.5074932955964269,0.10869565217391304
573-F,1,80,0.25,-9.0,127.0,0.5459979317315552,0.08888888888888889
573-F,1,80,0.25,-9.0,127.5,0.6657602390671303,0.024390243902439025
573-F,1,80,0.25,-9.5,125.5,0.46491986328720347,0.08888888888888889
573-F,1,80,0.25,-9.5,126.0,0.4558052248266262,0.08695652173913043
573-F,1,80,0.25,-10.0,124.5,0.4648372858244856,0.06666666666666667
573-F,1,80,0.25,-10.0,125.0,0.4132907483545376,0.09302325581395349
573-F,1,80,0.25,-10.0,125.5,0.37814166699996277,0.08695652173913043
573-F,1,80,0.25,-10.5,123.5,0.4525187067534483,0.1276595744680851
573-F,1,80,0.25,-10.5,124.0,0.5580368196478295,0.10416666666666667
573-F,1,80,0.25,-10.5,124.5,0.3564740378935768,0.06666666666666667
573-F,1,81,0.25,-8.0,125.0,0.2632201797539545,0.09090909090909091
573-F,1,81,0.25,-8.0,125.5,0.40355757143905513,0.09090909090909091
573-F,1,81,0.25,-8.0,126.0,0.3002586768976572,0.09090909090909091
573-F,1,81,0.25,-8.0,126.5,0.4789364894966742,0.08888888888888889
573-F,1,81,0.25,-8.0,127.0,0.6207971288250851,0.06818181818181818
573-F,1,81,0.25,-8.0,127.5,0.6263712063563359,0.043478260869565216
573-F,1,81,0.25,-8.5,127.5,0.6451361273857268,0.0425531914893617
573-F,1,81,0.25,-9.0,126.0,0.5582585246142893,0.045454545454545456
573-F,1,81,0.25,-9.0,126.5,0.5680588306011531,0.08695652173913043
573-F,1,81,0.25,-9.0,127.0,0.5944456004096013,0.06666666666666667
573-F,1,81,0.25,-9.0,127.5,0.7186343426220749,0.024390243902439025
573-F,1,81,0.25,-9.5,125.5,0.47168694289025825,0.06666666666666667
573-F,1,81,0.25,-9.5,126.0,0.48361959682831657,0.06521739130434782
573-F,1,81,0.25,-10.0,124.5,0.4908792358979448,0.044444444444444446
573-F,1,81,0.25,-10.0,125.0,0.4360325386882181,0.06976744186046512
573-F,1,81,0.25,-10.0,125.5,0.3987597173368025,0.06521739130434782
573-F,1,81,0.25,-10.5,123.5,0.462384346209038,0.10638297872340426
573-F,1,81,0.25,-10.5,124.0,0.5925311003826198,0.08333333333333333
573-F,1,81,0.25,-10.5,124.5,0.38581202603229947,0.044444444444444446
573-F,1,82,0.25,-8.0,125.0,0.35969694860222234,0.06818181818181818
573-F,1,82,0.25,-8.0,125.5,0.43792123061481014,0.06818181818181818
573-F,1,82,0.25,-8.0,126.0,0.3690379682996653,0.09090909090909091
573-F,1,82,0.25,-8.0,126.5,0.49791033505248494,0.08888888888888889
573-F,1,82,0.25,-8.0,127.0,0.6181762372497168,0.022727272727272728
573-F,1,82,0.25,-8.0,127.5,0.6018052354590167,0.043478260869565216
573-F,1,82,0.25,-8.5,127.5,0.6154715775967079,0.0
573-F,1,82,0.25,-9.0,126.0,0.5777383570851844,0.06818181818181818
573-F,1,82,0.25,-9.0,126.5,0.592919929816897,0.021739130434782608
573-F,1,82,0.25,-9.0,127.0,0.666185057812545,0.022222222222222223
573-F,1,82,0.25,-9.0,127.5,0.7259442101118323,0.0
573-F,1,82,0.25,-9.5,125.5,0.5141942830036421,0.044444444444444446
573-F,1,82,0.25,-9.5,126.0,0.5489423578832244,0.043478260869565216
573-F,1,82,0.25,-10.0,124.5,0.5511828665990224,0.0
573-F,1,82,0.25,-10.0,125.0,0.5324628116673431,0.046511627906976744
573-F,1,82,0.25,-10.0,125.5,0.5183533907444715,0.06521739130434782
573-F,1,82,0.25,-10.5,123.5,0.554322350623607,0.0425531914893617
573-F,1,82,0.25,-10.5,124.0,0.7137707085478475,0.020833333333333332
573-F,1,82,0.25,-10.5,124.5,0.5061835981680973,0.044444444444444446
573-F,1,83,0.25,-8.0,125.0,0.3637587518768276,0.045454545454545456
573-F,1,83,0.25,-8.0,125.5,0.42647299034380237,0.045454545454545456
573-F,1,83,0.25,-8.0,126.0,0.3402642747921265,0.06818181818181818
573-F,1,83,0.25,-8.0,126.5,0.49407513280131055,0.06666666666666667
573-F,1,83,0.25,-8.0,127.0,0.6105260672459389,0.022727272727272728
573-F,1,83,0.25,-8.0,127.5,0.6049275848961433,0.021739130434782608
573-F,1,83,0.25,-8.5,127.5,0.6337519042006878,0.02127659574468085
573-F,1,83,0.25,-9.0,126.0,0.5452634844621926,0.06818181818181818
573-F,1,83,0.25,-9.0,126.5,0.5968989628898592,0.021739130434782608
573-F,1,83,0.25,-9.0,127.0,0.6858795868762366,0.022222222222222223
573-F,1,83,0.25,-9.0,127.5,0.6930225984644139,0.0
573-F,1,83,0.25,-9.5,125.5,0.5220435023898798,0.044444444444444446
573-F,1,83,0.25,-9.5,126.0,0.5852949218264524,0.043478260869565216
573-F,1,83,0.25,-10.0,124.5,0.5913980903850277,0.022222222222222223
573-F,1,83,0.25,-10.0,125.0,0.5687565068553582,0.06976744186046512
573-F,1,83,0.25,-10.0,125.5,0.5645124508914445,0.06521739130434782
573-F,1,83,0.25,-10.5,123.5,0.5757317753868554,0.0425531914893617
573-F,1,83,0.25,-10.5,124.0,0.7310979787255354,0.020833333333333332
573-F,1,83,0.25,-10.5,124.5,0.6012221512935361,0.044444444444444446
573-F,1,84,0.25,-8.0,125.0,0.3474451193537901,0.09090909090909091
573-F,1,84,0.25,-8.0,125.5,0.40257040928169163,0.09090909090909091
573-F,1,84,0.25,-8.0,126.0,0.31116554225088233,0.09090909090909091
573-F,1,84,0.25,-8.0,126.5,0.4707606707441704,0.1111111111111111
573-F,1,84,0.25,-8.0,127.0,0.6249203107291275,0.06818181818181818
573-F,1,84,0.25,-8.0,127.5,0.6163703850679598,0.06521739130434782
573-F,1,84,0.25,-8.5,127.5,0.6611639152909787,0.06382978723404255
573-F,1,84,0.25,-9.0,126.0,0.5500491211881361,0.06818181818181818
573-F,1,84,0.25,-9.0,126.5,0.6066611088018821,0.043478260869565216
573-F,1,84,0.25,-9.0,127.0,0.686440684570359,0.022222222222222223
573-F,1,84,0.25,-9.0,127.5,0.7298682001869791,0.0
573-F,1,84,0.25,-9.5,125.5,0.524267077286831,0.044444444444444446
573-F,1,84,0.25,-9.5,126.0,0.5737522060102906,0.043478260869565216
573-F,1,84,0.25,-10.0,124.5,0.5859406758231733,0.022222222222222223
573-F,1,84,0.25,-10.0,125.0,0.6025056907412962,0.06976744186046512
573-F,1,84,0.25,-10.0,125.5,0.5399257205687226,0.06521739130434782
573-F,1,84,0.25,-10.5,123.5,0.5606981435148592,0.0425531914893617
573-F,1,84,0.25,-10.5,124.0,0.7308992567960095,0.020833333333333332
573-F,1,84,0.25,-10.5,124.5,0.5586587591482554,0.044444444444444446
573-F,1,85,0.0,-8.0,125.0,0.282154824956077,0.022727272727272728
573-F,1,85,0.0,-8.0,125.5,0.28435714911356624,0.0
573-F,1,85,0.0,-8.0,126.0,0.25889617002121135,0.022727272727272728
573-F,1,85,0.0,-8.0,126.5,0.23538628142208706,0.044444444444444446
573-F,1,85,0.0,-8.0,127.0,0.28439329901775634,0.022727272727272728
573-F,1,85,0.0,-8.0,127.5,0.35090090974040755,0.021739130434782608
573-F,1,85,0.0,-8.5,127.5,0.402220884453526,0.02127659574468085
573-F,1,85,0.0,-9.0,126.0,0.33183808701808526,0.022727272727272728
573-F,1,85,0.0,-9.0,126.5,0.3637766555535564,0.021739130434782608
573-F,1,85,0.0,-9.0,127.0,0.4721948816980064,0.0
573-F,1,85,0.0,-9.0,127.5,0.5245328736198582,0.0
573-F,1,85,0.0,-9.5,125.5,0.44450744573319156,0.0
573-F,1,85,0.0,-9.5,126.0,0.5413642464765978,0.0
573-F,1,85,0.0,-10.0,124.5,0.3776178785541212,0.022222222222222223
573-F,1,85,0.0,-10.0,125.0,0.5611017980977926,0.023255813953488372
573-F,1,85,0.0,-10.0,125.5,0.5216877555416624,0.0
573-F,1,85,0.0,-10.5,123.5,0.40372472891629674,0.02127659574468085
573-F,1,85,0.0,-10.5,124.0,0.49451631643262084,0.020833333333333332
573-F,1,85,0.0,-10.5,124.5,0.4652518601121496,0.0
573-F,1,85,0.25,-8.0,125.0,0.38105845739609034,0.09090909090909091
573-F,1,85,0.25,-8.0,125.5,0.40969360096396257,0.06818181818181818
573-F,1,85,0.25,-8.0,126.0,0.3296772891228653,0.09090909090909091
573-F,1,85,0.25,-8.0,126.5,0.45929074029065775,0.13333333333333333
573-F,1,85,0.25,-8.0,127.0,0.592274272761617,0.09090909090909091
573-F,1,85,0.25,-8.0,127.5,0.611486263043404,0.08695652173913043
573-F,1,85,0.25,-8.5,127.5,0.6659035732555543,0.0851063829787234
573-F,1,85,0.25,-9.0,126.0,0.561084086723756,0.06818181818181818
573-F,1,85,0.25,-9.0,126.5,0.5888026049151746,0.043478260869565216
573-F,1,85,0.25,-9.0,127.0,0.6730117464243659,0.0
573-F,1,85,0.25,-9.0,127.5,0.7279817827702675,0.0
573-F,1,85,0.25,-9.5,125.5,0.570428492147538,0.044444444444444446
573-F,1,85,0.25,-9.5,126.0,0.622455320523974,0.043478260869565216
573-F,1,85,0.25,-10.0,124.5,0.590309808302312,0.044444444444444446
573-F,1,85,0.25,-10.0,125.0,0.6697040814525949,0.06976744186046512
573-F,1,85,0.25,-10.0,125.5,0.5920967414863885,0.06521739130434782
573-F,1,85,0.25,-10.5,123.5,0.5733974686998944,0.0425531914893617
573-F,1,85,0.25,-10.5,124.0,0.7346877942266472,0.020833333333333332
573-F,1,85,0.25,-10.5,124.5,0.5735581978698436,0.044444444444444446
573-F,1,85,0.5,-8.0,125.0,0.3133566269661586,0.20454545454545456
573-F,1,85,0.5,-8.0,125.5,0.34836171325898446,0.20454545454545456
573-F,1,85,0.5,-8.0,126.0,0.29250417423639996,0.22727272727272727
573-F,1,85,0.5,-8.0,126.5,0.4066741438245439,0.28888888888888886
573-F,1,85,0.5,-8.0,127.0,0.5430204004533437,0.18181818181818182
573-F,1,85,0.5,-8.0,127.5,0.5492195216612992,0.21739130434782608
573-F,1,85,0.5,-8.5,127.5,0.5923300633367531,0.1702127659574468
573-F,1,85,0.5,-9.0,126.0,0.5054319681487875,0.20454545454545456
573-F,1,85,0.5,-9.0,126.5,0.5287399492877578,0.17391304347826086
573-F,1,85,0.5,-9.0,127.0,0.5777809988941699,0.13333333333333333
573-F,1,85,0.5,-9.0,127.5,0.6160603955883832,0.07317073170731707
573-F,1,85,0.5,-9.5,125.5,0.5082647499451055,0.2
573-F,1,85,0.5,-9.5,126.0,0.5528199647038354,0.15217391304347827
573-F,1,85,0.5,-10.0,124.5,0.5222601698360214,0.15555555555555556
573-F,1,85,0.5,-10.0,125.0,0.5936157823225283,0.16279069767441862
573-F,1,85,0.5,-10.0,125.5,0.5101914944227275,0.1956521739130435
573-F,1,85,0.5,-10.5,123.5,0.46048554450098755,0.19148936170212766
573-F,1,85,0.5,-10.5,124.0,0.6155507922834993,0.14583333333333334
573-F,1,85,0.5,-10.5,124.5,0.485300544855919,0.13333333333333333
573-F,1,86,0.25,-8.0,125.0,0.451289335147946,0.06818181818181818
573-F,1,86,0.25,-8.0,125.5,0.4874237434988151,0.06818181818181818
573-F,1,86,0.25,-8.0,126.0,0.356211824842656,0.13636363636363635
573-F,1,86,0.25,-8.0,126.5,0.5041239573043879,0.08888888888888889
573-F,1,86,0.25,-8.0,127.0,0.6059837788061957,0.06818181818181818
573-F,1,86,0.25,-8.0,127.5,0.6365755327290687,0.08695652173913043
573-F,1,86,0.25,-8.5,127.5,0.6806199710024503,0.0851063829787234
573-F,1,86,0.25,-9.0,126.0,0.5780947342881803,0.09090909090909091
573-F,1,86,0.25,-9.0,126.5,0.6130539628859306,0.06521739130434782
573-F,1,86,0.25,-9.0,127.0,0.7288284981518844,0.022222222222222223
573-F,1,86,0.25,-9.0,127.5,0.7752087264944152,0.0
573-F,1,86,0.25,-9.5,125.5,0.6063688743985924,0.022222222222222223
573-F,1,86,0.25,-9.5,126.0,0.6792429966940917,0.043478260869565216
573-F,1,86,0.25,-10.0,124.5,0.617872152461918,0.044444444444444446
573-F,1,86,0.25,-10.0,125.0,0.7178803973813768,0.06976744186046512
573-F,1,86,0.25,-10.0,125.5,0.6697357979004448,0.06521739130434782
573-F,1,86,0.25,-10.5,123.5,0.6725067884338589,0.06382978723404255
573-F,1,86,0.25,-10.5,124.0,0.8217279993589615,0.041666666666666664
573-F,1,86,0.25,-10.5,124.5,0.6283113174812134,0.06666666666666667
573-F,1,87,0.25,-8.0,125.0,0.44341096955116444,0.11363636363636363
573-F,1,87,0.25,-8.0,125.5,0.45495392059617956,0.09090909090909091
573-F,1,87,0.25,-8.0,126.0,0.32650428903193185,0.13636363636363635
573-F,1,87,0.25,-8.0,126.5,0.42739612808089,0.2
573-F,1,87,0.25,-8.0,127.0,0.5114427890064224,0.09090909090909091
573-F,1,87,0.25,-8.0,127.5,0.5504870676152913,0.13043478260869565
573-F,1,87,0.25,-8.5,127.5,0.6200247016163449,0.06382978723404255
573-F,1,87,0.25,-9.0,126.0,0.45953567550582897,0.06818181818181818
573-F,1,87,0.25,-9.0,126.5,0.48693181505667993,0.021739130434782608
573-F,1,87,0.25,-9.0,127.0,0.6436663370217713,0.0
573-F,1,87,0.25,-9.0,127.5,0.7017714638553807,0.0
573-F,1,87,0.25,-9.5,125.5,0.5641802466871051,0.022222222222222223
573-F,1,87,0.25,-9.5,126.0,0.6626016007556363,0.021739130434782608
573-F,1,87,0.25,-10.0,124.5,0.5456870420813074,0.044444444444444446
573-F,1,87,0.25,-10.0,125.0,0.6966067300735828,0.046511627906976744
573-F,1,87,0.25,-10.0,125.5,0.6769546415522759,0.021739130434782608
573-F,1,87,0.25,-10.5,123.5,0.5948243136622993,0.0425531914893617
573-F,1,87,0.25,-10.5,124.0,0.7443802960796491,0.020833333333333332
573-F,1,87,0.25,-10.5,124.5,0.6163493858782456,0.022222222222222223
573-F,1,88,0.25,-8.0,125.0,0.4168994007562873,0.13636363636363635
573-F,1,88,0.25,-8.0,125.5,0.40672974719653043,0.09090909090909091
573-F,1,88,0.25,-8.0,126.0,0.2812155170023145,0.20454545454545456
573-F,1,88,0.25,-8.0,126.5,0.4019410880230945,0.24444444444444444
573-F,1,88,0.25,-8.0,127.0,0.39880052890064244,0.13636363636363635
573-F,1,88,0.25,-8.0,127.5,0.4799115043604598,0.15217391304347827
573-F,1,88,0.25,-8.5,127.5,0.49388536075947564,0.10638297872340426
573-F,1,88,0.25,-9.0,126.0,0.41962142877029973,0.09090909090909091
573-F,1,88,0.25,-9.0,126.5,0.42851608938995245,0.06521739130434782
573-F,1,88,0.25,-9.0,127.0,0.5488782332280495,0.0
573-F,1,88,0.25,-9.0,127.5,0.5573637921222423,0.0
573-F,1,88,0.25,-9.5,125.5,0.5331836126236053,0.022222222222222223
573-F,1,88,0.25,-9.5,126.0,0.6119161840371854,0.021739130434782608
573-F,1,88,0.25,-10.0,124.5,0.49037990647175744,0.08888888888888889
573-F,1,88,0.25,-10.0,125.0,0.674800162340527,0.06976744186046512
573-F,1,88,0.25,-10.0,125.5,0.6768872806472821,0.021739130434782608
573-F,1,88,0.25,-10.5,123.5,0.5816023825025713,0.06382978723404255
573-F,1,88,0.25,-10.5,124.0,0.6511540695927402,0.041666666666666664
573-F,1,88,0.25,-10.5,124.5,0.6278583745440771,0.044444444444444446
573-F,1,89,0.25,-8.0,125.0,0.3754045038756373,0.13636363636363635
573-F,1,89,0.25,-8.0,125.5,0.3793099570809355,0.09090909090909091
573-F,1,89,0.25,-8.0,126.0,0.23298011135166563,0.20454545454545456
573-F,1,89,0.25,-8.0,126.5,0.3386357234224572,0.24444444444444444
573-F,1,89,0.25,-8.0,127.0,0.3485911232055158,0.1590909090909091
573-F,1,89,0.25,-8.0,127.5,0.42082452992142527,0.17391304347826086
573-F,1,89,0.25,-8.5,127.5,0.4465884071979491,0.1276595744680851
573-F,1,89,0.25,-9.0,126.0,0.32099960623501,0.11363636363636363
573-F,1,89,0.25,-9.0,126.5,0.30206942721253194,0.08695652173913043
573-F,1,89,0.25,-9.0,127.0,0.43053571581648675,0.022222222222222223
573-F,1,89,0.25,-9.0,127.5,0.4749229675099367,0.024390243902439025
573-F,1,89,0.25,-9.5,125.5,0.440029721784456,0.044444444444444446
573-F,1,89,0.25,-9.5,126.0,0.5376769468817578,0.043478260869565216
573-F,1,89,0.25,-10.0,124.5,0.41335274103047503,0.1111111111111111
573-F,1,89,0.25,-10.0,125.0,0.6192205890137813,0.06976744186046512
573-F,1,89,0.25,-10.0,125.5,0.6510817389498293,0.043478260869565216
573-F,1,89,0.25,-10.5,123.5,0.5621984581672064,0.06382978723404255
573-F,1,89,0.25,-10.5,124.0,0.6083415132514673,0.0625
573-F,1,89,0.25,-10.5,124.5,0.6194067507039156,0.044444444444444446
573-F,1,90,0.25,-8.0,125.0,0.32487464930224474,0.11363636363636363
573-F,1,90,0.25,-8.0,125.5,0.3373425452686052,0.06818181818181818
573-F,1,90,0.25,-8.0,126.0,0.1745349974815923,0.18181818181818182
573-F,1,90,0.25,-8.0,126.5,0.29054407100772905,0.2
573-F,1,90,0.25,-8.0,127.0,0.3120521167831509,0.11363636363636363
573-F,1,90,0.25,-8.0,127.5,0.37899551343969395,0.13043478260869565
573-F,1,90,0.25,-8.5,127.5,0.4019220062008404,0.10638297872340426
573-F,1,90,0.25,-9.0,126.0,0.22522323292989,0.06818181818181818
573-F,1,90,0.25,-9.0,126.5,0.20791783579574008,0.08695652173913043
573-F,1,90,0.25,-9.0,127.0,0.3390393851616156,0.022222222222222223
573-F,1,90,0.25,-9.0,127.5,0.3796347031273266,0.024390243902439025
573-F,1,90,0.25,-9.5,125.5,0.33183056729881055,0.0
573-F,1,90,0.25,-9.5,126.0,0.4436574097089311,0.043478260869565216
573-F,1,90,0.25,-10.0,124.5,0.34991229726745154,0.08888888888888889
573-F,1,90,0.25,-10.0,125.0,0.5126405039614619,0.06976744186046512
573-F,1,90,0.25,-10.0,125.5,0.5761764125967699,0.021739130434782608
573-F,1,90,0.25,-10.5,123.5,0.5123766885798257,0.0851063829787234
573-F,1,90,0.25,-10.5,124.0,0.5188653618862558,0.0625
573-F,1,90,0.25,-10.5,124.5,0.5759983948338017,0.06666666666666667
573-F,1,91,0.25,-8.0,125.0,0.28415762606758044,0.11363636363636363
573-F,1,91,0.25,-8.0,125.5,0.2607528472644718,0.06818181818181818
573-F,1,91,0.25,-8.0,126.0,0.10617425832735172,0.18181818181818182
573-F,1,91,0.25,-8.0,126.5,0.1796242245050098,0.2
573-F,1,91,0.25,-8.0,127.0,0.21734510766905957,0.11363636363636363
573-F,1,91,0.25,-8.0,127.5,0.31648529276023396,0.13043478260869565
573-F,1,91,0.25,-8.5,127.5,0.308131466863375,0.1276595744680851
573-F,1,91,0.25,-9.0,126.0,0.1576014541462658,0.06818181818181818
573-F,1,91,0.25,-9.0,126.5,0.1291959980230556,0.08695652173913043
573-F,1,91,0.25,-9.0,127.0,0.28185184059526236,0.022222222222222223
573-F,1,91,0.25,-9.0,127.5,0.2817715092019535,0.024390243902439025
573-F,1,91,0.25,-9.5,125.5,0.2387600605182969,0.0
573-F,1,91,0.25,-9.5,126.0,0.3831995227560838,0.043478260869565216
573-F,1,91,0.25,-10.0,124.5,0.3255499825554785,0.08888888888888889
573-F,1,91,0.25,-10.0,125.0,0.43843235517283985,0.06976744186046512
573-F,1,91,0.25,-10.0,125.5,0.5396225964962506,0.043478260869565216
573-F,1,91,0.25,-10.5,123.5,0.4699214857107188,0.10638297872340426
573-F,1,91,0.25,-10.5,124.0,0.4647593100823334,0.0625
573-F,1,91,0.25,-10.5,124.5,0.5662475399371176,0.08888888888888889
573-F,1,92,0.25,-8.0,125.0,0.30640302412749465,0.13636363636363635
573-F,1,92,0.25,-8.0,125.5,0.2876240166846974,0.11363636363636363
573-F,1,92,0.25,-8.0,126.0,0.14117012762296488,0.20454545454545456
573-F,1,92,0.25,-8.0,126.5,0.17926746150490058,0.2222222222222222
573-F,1,92,0.25,-8.0,127.0,0.24663829335096354,0.11363636363636363
573-F,1,92,0.25,-8.0,127.5,0.3408535730041785,0.13043478260869565
573-F,1,92,0.25,-8.5,127.5,0.3246227633590806,0.14893617021276595
573-F,1,92,0.25,-9.0,126.0,0.1872762201742907,0.13636363636363635
573-F,1,92,0.25,-9.0,126.5,0.12224369063175011,0.10869565217391304
573-F,1,92,0.25,-9.0,127.0,0.280710941950547,0.044444444444444446
573-F,1,92,0.25,-9.0,127.5,0.2973284066801548,0.024390243902439025
573-F,1,92,0.25,-9.5,125.5,0.24998911374790045,0.06666666666666667
573-F,1,92,0.25,-9.5,126.0,0.38886990131987775,0.08695652173913043
573-F,1,92,0.25,-10.0,124.5,0.34431644682301643,0.13333333333333333
573-F,1,92,0.25,-10.0,125.0,0.44527536129590095,0.11627906976744186
573-F,1,92,0.25,-10.0,125.5,0.5586352119307388,0.08695652173913043
573-F,1,92,0.25,-10.5,123.5,0.48093105157758054,0.1276595744680851
573-F,1,92,0.25,-10.5,124.0,0.492939361766061,0.10416666666666667
573-F,1,92,0.25,-10.5,124.5,0.578853127292858,0.13333333333333333
573-F,1,93,0.25,-8.0,125.0,0.31113413083477093,0.20454545454545456
573-F,1,93,0.25,-8.0,125.5,0.3179159278732455,0.18181818181818182
573-F,1,93,0.25,-8.0,126.0,0.15722602401806296,0.2727272727272727
573-F,1,93,0.25,-8.0,126.5,0.13894135039255062,0.26666666666666666
573-F,1,93,0.25,-8.0,127.0,0.16546148942198735,0.18181818181818182
573-F,1,93,0.25,-8.0,127.5,0.20670302139637942,0.1956521739130435
573-F,1,93,0.25,-8.5,127.5,0.23704224993852852,0.2127659574468085
573-F,1,93,0.25,-9.0,126.0,0.09163985219891868,0.1590909090909091
573-F,1,93,0.25,-9.0,126.5,-0.020875780150565015,0.15217391304347827
573-F,1,93,0.25,-9.0,127.0,0.12280558198689362,0.08888888888888889
573-F,1,93,0.25,-9.0,127.5,0.19270479456868994,0.07317073170731707
573-F,1,93,0.25,-9.5,125.5,0.16401088439912048,0.08888888888888889
573-F,1,93,0.25,-9.5,126.0,0.31564278789987843,0.10869565217391304
573-F,1,93,0.25,-10.0,124.5,0.21264711813302006,0.13333333333333333
573-F,1,93,0.25,-10.0,125.0,0.36934234440895697,0.13953488372093023
573-F,1,93,0.25,-10.0,125.5,0.4890064898021905,0.10869565217391304
573-F,1,93,0.25,-10.5,123.5,0.36294984942415365,0.1702127659574468
573-F,1,93,0.25,-10.5,124.0,0.37237284400729187,0.125
573-F,1,93,0.25,-10.5,124.5,0.5073993923677789,0.15555555555555556
573-F,1,94,0.25,-8.0,125.0,0.29634495183633747,0.20454545454545456
573-F,1,94,0.25,-8.0,125.5,0.2955645170835869,0.20454545454545456
573-F,1,94,0.25,-8.0,126.0,0.18775325151894462,0.2727272727272727
573-F,1,94,0.25,-8.0,126.5,0.2120562109836922,0.24444444444444444
573-F,1,94,0.25,-8.0,127.0,0.22611756823762774,0.18181818181818182
573-F,1,94,0.25,-8.0,127.5,0.26913765447307847,0.21739130434782608
573-F,1,94,0.25,-8.5,127.5,0.29586897968758386,0.23404255319148937
573-F,1,94,0.25,-9.0,126.0,0.15180952911275591,0.18181818181818182
573-F,1,94,0.25,-9.0,126.5,0.07649031053587318,0.17391304347826086
573-F,1,94,0.25,-9.0,127.0,0.2163460227135463,0.1111111111111111
573-F,1,94,0.25,-9.0,127.5,0.2776109611735089,0.0975609756097561
573-F,1,94,0.25,-9.5,125.5,0.2558287773210186,0.08888888888888889
573-F,1,94,0.25,-9.5,126.0,0.3311570990032562,0.13043478260869565
573-F,1,94,0.25,-10.0,124.5,0.25468121337050564,0.15555555555555556
573-F,1,94,0.25,-10.0,125.0,0.3856196290871875,0.16279069767441862
573-F,1,94,0.25,-10.0,125.5,0.46553612614452133,0.13043478260869565
573-F,1,94,0.25,-10.5,123.5,0.40485921938635905,0.1702127659574468
573-F,1,94,0.25,-10.5,124.0,0.4011835172980228,0.14583333333333334
573-F,1,94,0.25,-10.5,124.5,0.4753867894292123,0.17777777777777778
573-F,1,95,0.25,-8.0,125.0,0.258254050467267,0.29545454545454547
573-F,1,95,0.25,-8.0,125.5,0.23859496286897242,0.2727272727272727
573-F,1,95,0.25,-8.0,126.0,0.15080263359007562,0.36363636363636365
573-F,1,95,0.25,-8.0,126.5,0.21607351101617256,0.3333333333333333
573-F,1,95,0.25,-8.0,127.0,0.2218903475632794,0.2727272727272727
573-F,1,95,0.25,-8.0,127.5,0.2521776861035827,0.2826086956521739
573-F,1,95,0.25,-8.5,127.5,0.26240238763449497,0.2978723404255319
573-F,1,95,0.25,-9.0,126.0,0.13526424017277927,0.29545454545454547
573-F,1,95,0.25,-9.0,126.5,0.12410434432779593,0.2826086956521739
573-F,1,95,0.25,-9.0,127.0,0.2205675035594633,0.2222222222222222
573-F,1,95,0.25,-9.0,127.5,0.2517823092439747,0.21951219512195122
573-F,1,95,0.25,-9.5,125.5,0.2630711460582965,0.2
573-F,1,95,0.25,-9.5,126.0,0.3199398473813726,0.2391304347826087
573-F,1,95,0.25,-10.0,124.5,0.276129172681559,0.24444444444444444
573-F,1,95,0.25,-10.0,125.0,0.3456159234882039,0.27906976744186046
573-F,1,95,0.25,-10.0,125.5,0.39047432602257004,0.2391304347826087
573-F,1,95,0.25,-10.5,123.5,0.37416845768089246,0.2765957446808511
573-F,1,95,0.25,-10.5,124.0,0.3636034375688615,0.25
573-F,1,95,0.25,-10.5,124.5,0.42363673446683836,0.28888888888888886
573-F,1,96,0.25,-8.0,125.0,0.22928496296159095,0.3409090909090909
573-F,1,96,0.25,-8.0,125.5,0.22941932612570815,0.3409090909090909
573-F,1,96,0.25,-8.0,126.0,0.12511939057760857,0.36363636363636365
573-F,1,96,0.25,-8.0,126.5,0.13955973959274015,0.35555555555555557
573-F,1,96,0.25,-8.0,127.0,0.12589724216093723,0.3409090909090909
573-F,1,96,0.25,-8.0,127.5,0.20289456910342207,0.32608695652173914
573-F,1,96,0.25,-8.5,127.5,0.13482447438408462,0.3829787234042553
573-F,1,96,0.25,-9.0,126.0,0.04412077050660457,0.3409090909090909
573-F,1,96,0.25,-9.0,126.5,0.023251885208353196,0.32608695652173914
573-F,1,96,0.25,-9.0,127.0,0.06983172524292813,0.28888888888888886
573-F,1,96,0.25,-9.0,127.5,0.12817359877201517,0.2926829268292683
573-F,1,96,0.25,-9.5,125.5,0.1745432174943461,0.28888888888888886
573-F,1,96,0.25,-9.5,126.0,0.2206010290571947,0.32608695652173914
573-F,1,96,0.25,-10.0,124.5,0.14106696455721324,0.3333333333333333
573-F,1,96,0.25,-10.0,125.0,0.2764023927582009,0.3488372093023256
573-F,1,96,0.25,-10.0,125.5,0.30887781644013057,0.30434782608695654
573-F,1,96,0.25,-10.5,123.5,0.3246370247461188,0.3617021276595745
573-F,1,96,0.25,-10.5,124.0,0.2426010136421004,0.3541666666666667
573-F,1,96,0.25,-10.5,124.5,0.3336096903300655,0.35555555555555557
573-F,1,97,0.25,-8.0,125.0,0.24055071921379834,0.38636363636363635
573-F,1,97,0.25,-8.0,125.5,0.21672825580046529,0.38636363636363635
573-F,1,97,0.25,-8.0,126.0,0.1308359500910301,0.38636363636363635
573-F,1,97,0.25,-8.0,126.5,0.18787139585753565,0.35555555555555557
573-F,1,97,0.25,-8.0,127.0,0.15657170853796776,0.38636363636363635
573-F,1,97,0.25,-8.0,127.5,0.22971072479062615,0.391304347826087
573-F,1,97,0.25,-8.5,127.5,0.15540821258086657,0.44680851063829785
573-F,1,97,0.25,-9.0,126.0,0.10548128820813063,0.4318181818181818
573-F,1,97,0.25,-9.0,126.5,0.10586868090810608,0.41304347826086957
573-F,1,97,0.25,-9.0,127.0,0.1177369994833225,0.37777777777777777
573-F,1,97,0.25,-9.0,127.5,0.15894880598695693,0.36585365853658536
573-F,1,97,0.25,-9.5,125.5,0.21771021816049219,0.37777777777777777
573-F,1,97,0.25,-9.5,126.0,0.23503330764833108,0.391304347826087
573-F,1,97,0.25,-10.0,124.5,0.18069003485703483,0.37777777777777777
573-F,1,97,0.25,-10.0,125.0,0.28769211766159053,0.37209302325581395
573-F,1,97,0.25,-10.0,125.5,0.25514626789010897,0.3695652173913043
573-F,1,97,0.25,-10.5,123.5,0.2933213133959156,0.3829787234042553
573-F,1,97,0.25,-10.5,124.0,0.2237737134157335,0.3958333333333333
573-F,1,97,0.25,-10.5,124.5,0.276223674347272,0.37777777777777777
573-F,2,70,0.25,-8.0,125.0,-0.5231185636093121,0.17073170731707318
573-F,2,70,0.25,-8.0,125.5,-0.4814758742806551,0.11904761904761904
573-F,2,70,0.25,-8.0,126.0,-0.25730081030234975,0.0975609756097561
573-F,2,70,0.25,-8.0,126.5,-0.875215986843018,0.1951219512195122
573-F,2,70,0.25,-8.0,127.0,-0.9371350483085996,0.24444444444444444
573-F,2,70,0.25,-8.0,127.5,-0.797467206300899,0.20930232558139536
573-F,2,70,0.25,-8.5,127.5,-0.7670280338534963,0.21951219512195122
573-F,2,70,0.25,-9.0,126.0,-0.9381284161563634,0.18604651162790697
573-F,2,70,0.25,-9.0,126.5,-1.0734051479296531,0.23255813953488372
573-F,2,70,0.25,-9.0,127.0,-0.9574173600779274,0.18604651162790697
573-F,2,70,0.25,-9.0,127.5,-0.8115248778030748,0.2222222222222222
573-F,2,70,0.25,-9.5,125.5,-0.8269542138188437,0.20930232558139536
573-F,2,70,0.25,-9.5,126.0,-0.9668117233341915,0.2222222222222222
573-F,2,70,0.25,-10.0,124.5,-0.9759728037856767,0.1951219512195122
573-F,2,70,0.25,-10.0,125.0,-0.8731323823901964,0.2391304347826087
573-F,2,70,0.25,-10.0,125.5,-0.6462741096306268,0.2
573-F,2,70,0.25,-10.5,123.5,-0.6101932065331048,0.15384615384615385
573-F,2,70,0.25,-10.5,124.0,-0.746479039225723,0.2
573-F,2,70,0.25,-10.5,124.5,-0.6071642119838876,0.18604651162790697
573-F,2,71,0.25,-8.0,125.0,-0.28857852639430037,0.17073170731707318
573-F,2,71,0.25,-8.0,125.5,-0.3201726427622844,0.11904761904761904
573-F,2,71,0.25,-8.0,126.0,-0.09077697502530735,0.0975609756097561
573-F,2,71,0.25,-8.0,126.5,-0.5864146877992589,0.17073170731707318
573-F,2,71,0.25,-8.0,127.0,-0.66673347558198,0.2222222222222222
573-F,2,71,0.25,-8.0,127.5,-0.6377890142869214,0.18604651162790697
573-F,2,71,0.25,-8.5,127.5,-0.6428207241077408,0.1951219512195122
573-F,2,71,0.25,-9.0,126.0,-0.9037828303393838,0.16279069767441862
573-F,2,71,0.25,-9.0,126.5,-1.0002515305307944,0.20930232558139536
573-F,2,71,0.25,-9.0,127.0,-0.848273054611892,0.16279069767441862
573-F,2,71,0.25,-9.0,127.5,-0.6990203188449011,0.2
573-F,2,71,0.25,-9.5,125.5,-0.8088990080194398,0.18604651162790697
573-F,2,71,0.25,-9.5,126.0,-0.8806246866233924,0.2
573-F,2,71,0.25,-10.0,124.5,-0.9212755702708575,0.17073170731707318
573-F,2,71,0.25,-10.0,125.0,-0.829426016393263,0.21739130434782608
573-F,2,71,0.25,-10.0,125.5,-0.5968119832040368,0.17777777777777778
573-F,2,71,0.25,-10.5,123.5,-0.5628470189050152,0.1282051282051282
573-F,2,71,0.25,-10.5,124.0,-0.6973590492429955,0.17777777777777778
573-F,2,71,0.25,-10.5,124.5,-0.5656005390002745,0.16279069767441862
573-F,2,72,0.25,-8.0,125.0,-0.28220089114026314,0.1951219512195122
573-F,2,72,0.25,-8.0,125.5,-0.3264063745019923,0.19047619047619047
573-F,2,72,0.25,-8.0,126.0,-0.05726568025182721,0.12195121951219512
573-F,2,72,0.25,-8.0,126.5,-0.5243744188305826,0.1951219512195122
573-F,2,72,0.25,-8.0,127.0,-0.5780115557047298,0.2222222222222222
573-F,2,72,0.25,-8.0,127.5,-0.5444775551610448,0.16279069767441862
573-F,2,72,0.25,-8.5,127.5,-0.5352320131843229,0.1951219512195122
573-F,2,72,0.25,-9.0,126.0,-0.7977596278836663,0.18604651162790697
573-F,2,72,0.25,-9.0,126.5,-0.9038503662507285,0.23255813953488372
573-F,2,72,0.25,-9.0,127.0,-0.7562639631300676,0.16279069767441862
573-F,2,72,0.25,-9.0,127.5,-0.5657841871324933,0.2
573-F,2,72,0.25,-9.5,125.5,-0.6848586018811544,0.20930232558139536
573-F,2,72,0.25,-9.5,126.0,-0.7428448497824995,0.2
573-F,2,72,0.25,-10.0,124.5,-0.8493425740009071,0.17073170731707318
573-F,2,72,0.25,-10.0,125.0,-0.7202436457752284,0.2391304347826087
573-F,2,72,0.25,-10.0,125.5,-0.5126345435363491,0.17777777777777778
573-F,2,72,0.25,-10.5,123.5,-0.5283549081935675,0.1282051282051282
573-F,2,72,0.25,-10.5,124.0,-0.626739488308885,0.17777777777777778
573-F,2,72,0.25,-10.5,124.5,-0.49434393023894563,0.16279069767441862
573-F,2,73,0.25,-8.0,125.0,-0.17361599390885796,0.1951219512195122
573-F,2,73,0.25,-8.0,125.5,-0.19753430721558196,0.21428571428571427
573-F,2,73,0.25,-8.0,126.0,0.02349183457444104,0.12195121951219512
573-F,2,73,0.25,-8.0,126.5,-0.37412651104048367,0.24390243902439024
573-F,2,73,0.25,-8.0,127.0,-0.38751312603389976,0.24444444444444444
573-F,2,73,0.25,-8.0,127.5,-0.39658801110265696,0.20930232558139536
573-F,2,73,0.25,-8.5,127.5,-0.4448567406568127,0.24390243902439024
573-F,2,73,0.25,-9.0,126.0,-0.6949842210771955,0.23255813953488372
573-F,2,73,0.25,-9.0,126.5,-0.795425856967303,0.27906976744186046
573-F,2,73,0.25,-9.0,127.0,-0.6683780234265582,0.20930232558139536
573-F,2,73,0.25,-9.0,127.5,-0.4876665967556224,0.24444444444444444
573-F,2,73,0.25,-9.5,125.5,-0.5968853385394353,0.2558139534883721
573-F,2,73,0.25,-9.5,126.0,-0.6674743878145624,0.24444444444444444
573-F,2,73,0.25,-10.0,124.5,-0.7241201616989827,0.21951219512195122
573-F,2,73,0.25,-10.0,125.0,-0.6220233097243122,0.2826086956521739
573-F,2,73,0.25,-10.0,125.5,-0.42281085906479987,0.2222222222222222
573-F,2,73,0.25,-10.5,123.5,-0.4145764931615712,0.1794871794871795
573-F,2,73,0.25,-10.5,124.0,-0.5148944319433135,0.2222222222222222
573-F,2,73,0.25,-10.5,124.5,-0.384869512725442,0.20930232558139536
573-F,2,74,0.25,-8.0,125.0,-0.1267048787404388,0.17073170731707318
573-F,2,74,0.25,-8.0,125.5,-0.1281797255422754,0.14285714285714285
573-F,2,74,0.25,-8.0,126.0,0.1254651264912937,0.0975609756097561
573-F,2,74,0.25,-8.0,126.5,-0.36066419857604837,0.24390243902439024
573-F,2,74,0.25,-8.0,127.0,-0.345977799621203,0.24444444444444444
573-F,2,74,0.25,-8.0,127.5,-0.3422300772113729,0.23255813953488372
573-F,2,74,0.25,-8.5,127.5,-0.4097946816363669,0.24390243902439024
573-F,2,74,0.25,-9.0,126.0,-0.6430821365366237,0.20930232558139536
573-F,2,74,0.25,-9.0,126.5,-0.7479933246952859,0.2558139534883721
573-F,2,74,0.25,-9.0,127.0,-0.5806965936020396,0.20930232558139536
573-F,2,74,0.25,-9.0,127.5,-0.41319364601258557,0.24444444444444444
573-F,2,74,0.25,-9.5,125.5,-0.530299844145774,0.23255813953488372
573-F,2,74,0.25,-9.5,126.0,-0.6156131001585514,0.24444444444444444
573-F,2,74,0.25,-10.0,124.5,-0.672531937835047,0.21951219512195122
573-F,2,74,0.25,-10.0,125.0,-0.5649228395973331,0.2608695652173913
573-F,2,74,0.25,-10.0,125.5,-0.3821494804613179,0.2222222222222222
573-F,2,74,0.25,-10.5,123.5,-0.37654688088167654,0.1794871794871795
573-F,2,74,0.25,-10.5,124.0,-0.46549160132728784,0.2222222222222222
573-F,2,74,0.25,-10.5,124.5,-0.37247593953126445,0.20930232558139536
573-F,2,75,0.25,-8.0,125.0,-0.11814309521682209,0.14634146341463414
573-F,2,75,0.25,-8.0,125.5,-0.09736963258078779,0.11904761904761904
573-F,2,75,0.25,-8.0,126.0,0.152677972996085,0.07317073170731707
573-F,2,75,0.25,-8.0,126.5,-0.35699328966177646,0.21951219512195122
573-F,2,75,0.25,-8.0,127.0,-0.3007101244276089,0.2222222222222222
573-F,2,75,0.25,-8.0,127.5,-0.3116907247724514,0.23255813953488372
573-F,2,75,0.25,-8.5,127.5,-0.3942207000738185,0.21951219512195122
573-F,2,75,0.25,-9.0,126.0,-0.6404118572927597,0.20930232558139536
573-F,2,75,0.25,-9.0,126.5,-0.735058529576649,0.2558139534883721
573-F,2,75,0.25,-9.0,127.0,-0.5301448530872757,0.20930232558139536
573-F,2,75,0.25,-9.0,127.5,-0.3764120135812734,0.24444444444444444
573-F,2,75,0.25,-9.5,125.5,-0.5145880766757789,0.20930232558139536
573-F,2,75,0.25,-9.5,126.0,-0.5777301031263129,0.2222222222222222
573-F,2,75,0.25,-10.0,124.5,-0.6682037087132282,0.1951219512195122
573-F,2,75,0.25,-10.0,125.0,-0.5295169025459097,0.2391304347826087
573-F,2,75,0.25,-10.0,125.5,-0.35630028945082515,0.2
573-F,2,75,0.25,-10.5,123.5,-0.3089415858045088,0.1794871794871795
573-F,2,75,0.25,-10.5,124.0,-0.41021688131373524,0.2
573-F,2,75,0.25,-10.5,124.5,-0.34430716721596655,0.18604651162790697
573-F,2,76,0.25,-8.0,125.0,-0.192306048799058,0.17073170731707318
573-F,2,76,0.25,-8.0,125.5,-0.17128995130588764,0.16666666666666666
573-F,2,76,0.25,-8.0,126.0,0.08792127170782893,0.14634146341463414
573-F,2,76,0.25,-8.0,126.5,-0.3714071586193495,0.1951219512195122
573-F,2,76,0.25,-8.0,127.0,-0.264923880990626,0.17777777777777778
573-F,2,76,0.25,-8.0,127.5,-0.36535914560261484,0.23255813953488372
573-F,2,76,0.25,-8.5,127.5,-0.4479648418052906,0.21951219512195122
573-F,2,76,0.25,-9.0,126.0,-0.6929727020720111,0.23255813953488372
573-F,2,76,0.25,-9.0,126.5,-0.7621430772486457,0.2558139534883721
573-F,2,76,0.25,-9.0,127.0,-0.5355793881180733,0.23255813953488372
573-F,2,76,0.25,-9.0,127.5,-0.40142079457692437,0.24444444444444444
573-F,2,76,0.25,-9.5,125.5,-0.556969868471495,0.20930232558139536
573-F,2,76,0.25,-9.5,126.0,-0.6055858956811622,0.24444444444444444
573-F,2,76,0.25,-10.0,124.5,-0.7243230474390678,0.21951219512195122
573-F,2,76,0.25,-10.0,125.0,-0.5752713715370228,0.2391304347826087
573-F,2,76,0.25,-10.0,125.5,-0.40527924640590984,0.2222222222222222
573-F,2,76,0.25,-10.5,123.5,-0.33939102430047274,0.20512820512820512
573-F,2,76,0.25,-10.5,124.0,-0.43788444045062924,0.2222222222222222
573-F,2,76,0.25,-10.5,124.5,-0.4227089627391747,0.20930232558139536
573-F,2,77,0.25,-8.0,125.0,0.004848051650396479,0.12195121951219512
573-F,2,77,0.25,-8.0,125.5,0.09298273572377169,0.11904761904761904
573-F,2,77,0.25,-8.0,126.0,0.2136868525785921,0.14634146341463414
573-F,2,77,0.25,-8.0,126.5,-0.08581183295629624,0.14634146341463414
573-F,2,77,0.25,-8.0,127.0,0.041220781088921465,0.15555555555555556
573-F,2,77,0.25,-8.0,127.5,-0.1281596077436804,0.18604651162790697
573-F,2,77,0.25,-8.5,127.5,-0.173003038574445,0.17073170731707318
573-F,2,77,0.25,-9.0,126.0,-0.4323033311929332,0.18604651162790697
573-F,2,77,0.25,-9.0,126.5,-0.5002691655126579,0.18604651162790697
573-F,2,77,0.25,-9.0,127.0,-0.28377054185425554,0.16279069767441862
573-F,2,77,0.25,-9.0,127.5,-0.14431661111686656,0.17777777777777778
573-F,2,77,0.25,-9.5,125.5,-0.31874222784139716,0.16279069767441862
573-F,2,77,0.25,-9.5,126.0,-0.3558467605328419,0.2
573-F,2,77,0.25,-10.0,124.5,-0.461550770965812,0.17073170731707318
573-F,2,77,0.25,-10.0,125.0,-0.32103318230648314,0.1956521739130435
573-F,2,77,0.25,-10.0,125.5,-0.1804513990123202,0.17777777777777778
573-F,2,77,0.25,-10.5,123.5,-0.12327993642561408,0.1282051282051282
573-F,2,77,0.25,-10.5,124.0,-0.21370377599611046,0.17777777777777778
573-F,2,77,0.25,-10.5,124.5,-0.2405245811590222,0.16279069767441862
573-F,2,78,0.25,-8.0,125.0,0.03846295785535869,0.17073170731707318
573-F,2,78,0.25,-8.0,125.5,0.077992917220009,0.16666666666666666
573-F,2,78,0.25,-8.0,126.0,0.17664036535252536,0.14634146341463414
573-F,2,78,0.25,-8.0,126.5,0.05006123964304077,0.17073170731707318
573-F,2,78,0.25,-8.0,127.0,0.1658603246146102,0.15555555555555556
573-F,2,78,0.25,-8.0,127.5,-0.003528580888775945,0.18604651162790697
573-F,2,78,0.25,-8.5,127.5,0.01290707455666007,0.1951219512195122
573-F,2,78,0.25,-9.0,126.0,-0.2657348749432269,0.20930232558139536
573-F,2,78,0.25,-9.0,126.5,-0.32280091776158293,0.20930232558139536
573-F,2,78,0.25,-9.0,127.0,-0.13562494245130807,0.20930232558139536
573-F,2,78,0.25,-9.0,127.5,-0.004491995185403219,0.2222222222222222
573-F,2,78,0.25,-9.5,125.5,-0.1429471419658057,0.18604651162790697
573-F,2,78,0.25,-9.5,126.0,-0.2054793476345993,0.2222222222222222
573-F,2,78,0.25,-10.0,124.5,-0.266844279003136,0.1951219512195122
573-F,2,78,0.25,-10.0,125.0,-0.15086341845014206,0.21739130434782608
573-F,2,78,0.25,-10.0,125.5,-0.08573139684820208,0.2222222222222222
573-F,2,78,0.25,-10.5,123.5,-0.0403450322054455,0.1282051282051282
573-F,2,78,0.25,-10.5,124.0,-0.09286969075354179,0.2
573-F,2,78,0.25,-10.5,124.5,-0.14630181154444788,0.20930232558139536
573-F,2,79,0.25,-8.0,125.0,0.040164437521122864,0.0975609756097561
573-F,2,79,0.25,-8.0,125.5,0.09029570606463044,0.09523809523809523
573-F,2,79,0.25,-8.0,126.0,0.1268518390119211,0.0975609756097561
573-F,2,79,0.25,-8.0,126.5,0.0338440106588207,0.12195121951219512
573-F,2,79,0.25,-8.0,127.0,0.1748363740979597,0.1111111111111111
573-F,2,79,0.25,-8.0,127.5,-0.0009290373939749852,0.16279069767441862
573-F,2,79,0.25,-8.5,127.5,0.04592968361058203,0.14634146341463414
573-F,2,79,0.25,-9.0,126.0,-0.23507756338976638,0.13953488372093023
573-F,2,79,0.25,-9.0,126.5,-0.27051969363395667,0.16279069767441862
573-F,2,79,0.25,-9.0,127.0,-0.06895666038275339,0.13953488372093023
573-F,2,79,0.25,-9.0,127.5,0.04406501558679399,0.15555555555555556
573-F,2,79,0.25,-9.5,125.5,-0.11619663766791577,0.13953488372093023
573-F,2,79,0.25,-9.5,126.0,-0.20493051508950688,0.17777777777777778
573-F,2,79,0.25,-10.0,124.5,-0.27724574511454936,0.14634146341463414
573-F,2,79,0.25,-10.0,125.0,-0.12749124682805646,0.17391304347826086
573-F,2,79,0.25,-10.0,125.5,-0.08665114713299382,0.15555555555555556
573-F,2,79,0.25,-10.5,123.5,-0.0067332123886403306,0.10256410256410256
573-F,2,79,0.25,-10.5,124.0,-0.06776758454835674,0.15555555555555556
573-F,2,79,0.25,-10.5,124.5,-0.13052661242332686,0.13953488372093023
573-F,2,80,0.25,-8.0,125.0,0.0036205001107126877,0.12195121951219512
573-F,2,80,0.25,-8.0,125.5,0.03532890659583887,0.11904761904761904
573-F,2,80,0.25,-8.0,126.0,0.07065947425105978,0.0975609756097561
573-F,2,80,0.25,-8.0,126.5,0.1030769017251193,0.17073170731707318
573-F,2,80,0.25,-8.0,127.0,0.26190117714751504,0.1111111111111111
573-F,2,80,0.25,-8.0,127.5,0.08746865049172936,0.16279069767441862
573-F,2,80,0.25,-8.5,127.5,0.13622427082796862,0.12195121951219512
573-F,2,80,0.25,-9.0,126.0,-0.1074063053045371,0.13953488372093023
573-F,2,80,0.25,-9.0,126.5,-0.1365504490423275,0.13953488372093023
573-F,2,80,0.25,-9.0,127.0,0.06043412310331597,0.13953488372093023
573-F,2,80,0.25,-9.0,127.5,0.14952540508396495,0.15555555555555556
573-F,2,80,0.25,-9.5,125.5,-0.003766116547114784,0.11627906976744186
573-F,2,80,0.25,-9.5,126.0,-0.06943748051983212,0.15555555555555556
573-F,2,80,0.25,-10.0,124.5,-0.19176798253468164,0.12195121951219512
573-F,2,80,0.25,-10.0,125.0,0.015878494412231547,0.15217391304347827
573-F,2,80,0.25,-10.0,125.5,0.02801330932765067,0.15555555555555556
573-F,2,80,0.25,-10.5,123.5,0.1471098749424904,0.07692307692307693
573-F,2,80,0.25,-10.5,124.0,0.06751641617347581,0.15555555555555556
573-F,2,80,0.25,-10.5,124.5,0.02359699716195185,0.13953488372093023
573-F,2,81,0.25,-8.0,125.0,0.030160475171216672,0.07317073170731707
573-F,2,81,0.25,-8.0,125.5,0.06820717131474108,0.09523809523809523
573-F,2,81,0.25,-8.0,126.0,0.09884486847031759,0.04878048780487805
573-F,2,81,0.25,-8.0,126.5,0.11837119897852977,0.0975609756097561
573-F,2,81,0.25,-8.0,127.0,0.31602598834839746,0.08888888888888889
573-F,2,81,0.25,-8.0,127.5,0.11049116577901796,0.13953488372093023
573-F,2,81,0.25,-8.5,127.5,0.18276767780810643,0.0975609756097561
573-F,2,81,0.25,-9.0,126.0,-0.0462796197397064,0.11627906976744186
573-F,2,81,0.25,-9.0,126.5,-0.09440469870169399,0.11627906976744186
573-F,2,81,0.25,-9.0,127.0,0.09990937595409666,0.11627906976744186
573-F,2,81,0.25,-9.0,127.5,0.17666099797594903,0.1111111111111111
573-F,2,81,0.25,-9.5,125.5,0.008079150754565001,0.09302325581395349
573-F,2,81,0.25,-9.5,126.0,-0.04524819427316995,0.13333333333333333
573-F,2,81,0.25,-10.0,124.5,-0.16902953940174448,0.0975609756097561
573-F,2,81,0.25,-10.0,125.0,0.029792430204582443,0.13043478260869565
573-F,2,81,0.25,-10.0,125.5,0.04688923020508051,0.13333333333333333
573-F,2,81,0.25,-10.5,123.5,0.16744740474298359,0.07692307692307693
573-F,2,81,0.25,-10.5,124.0,0.08540019371637131,0.13333333333333333
573-F,2,81,0.25,-10.5,124.5,0.03937791815435354,0.11627906976744186
573-F,2,82,0.25,-8.0,125.0,0.11330766870093223,0.0975609756097561
573-F,2,82,0.25,-8.0,125.5,0.15865427180168212,0.09523809523809523
573-F,2,82,0.25,-8.0,126.0,0.1532853530801197,0.12195121951219512
573-F,2,82,0.25,-8.0,126.5,0.2755749240142673,0.024390243902439025
573-F,2,82,0.25,-8.0,127.0,0.3945625854091248,0.022222222222222223
573-F,2,82,0.25,-8.0,127.5,0.2226026432214615,0.06976744186046512
573-F,2,82,0.25,-8.5,127.5,0.31606667696691904,0.024390243902439025
573-F,2,82,0.25,-9.0,126.0,0.11544063522889225,0.06976744186046512
573-F,2,82,0.25,-9.0,126.5,0.09066236991880483,0.06976744186046512
573-F,2,82,0.25,-9.0,127.0,0.27313990511129294,0.06976744186046512
573-F,2,82,0.25,-9.0,127.5,0.30465717055683705,0.044444444444444446
573-F,2,82,0.25,-9.5,125.5,0.18057975002747562,0.046511627906976744
573-F,2,82,0.25,-9.5,126.0,0.10826230130229153,0.08888888888888889
573-F,2,82,0.25,-10.0,124.5,0.01827305182063732,0.07317073170731707
573-F,2,82,0.25,-10.0,125.0,0.20953941733284165,0.06521739130434782
573-F,2,82,0.25,-10.0,125.5,0.1981130090562344,0.08888888888888889
573-F,2,82,0.25,-10.5,123.5,0.34517336567819656,0.02564102564102564
573-F,2,82,0.25,-10.5,124.0,0.26787364978584416,0.06666666666666667
573-F,2,82,0.25,-10.5,124.5,0.2399867252586284,0.09302325581395349
573-F,2,83,0.25,-8.0,125.0,0.08454566996733026,0.07317073170731707
573-F,2,83,0.25,-8.0,125.5,0.0728109783089862,0.09523809523809523
573-F,2,83,0.25,-8.0,126.0,0.05222174457679851,0.0975609756097561
573-F,2,83,0.25,-8.0,126.5,0.3049699526737264,0.0
573-F,2,83,0.25,-8.0,127.0,0.40913140418594607,0.022222222222222223
573-F,2,83,0.25,-8.0,127.5,0.22670273621326154,0.06976744186046512
573-F,2,83,0.25,-8.5,127.5,0.3759729446704778,0.0
573-F,2,83,0.25,-9.0,126.0,0.1296299196567009,0.046511627906976744
573-F,2,83,0.25,-9.0,126.5,0.1728153970098497,0.046511627906976744
573-F,2,83,0.25,-9.0,127.0,0.3558355585494337,0.046511627906976744
573-F,2,83,0.25,-9.0,127.5,0.3858617968149203,0.022222222222222223
573-F,2,83,0.25,-9.5,125.5,0.23127694023799572,0.023255813953488372
573-F,2,83,0.25,-9.5,126.0,0.20111663707939775,0.06666666666666667
573-F,2,83,0.25,-10.0,124.5,0.09224919321961578,0.04878048780487805
573-F,2,83,0.25,-10.0,125.0,0.31443064508915186,0.043478260869565216
573-F,2,83,0.25,-10.0,125.5,0.2503403977769696,0.06666666666666667
573-F,2,83,0.25,-10.5,123.5,0.42306244510435387,0.0
573-F,2,83,0.25,-10.5,124.0,0.3495969152693432,0.044444444444444446
573-F,2,83,0.25,-10.5,124.5,0.305147395404193,0.09302325581395349
573-F,2,84,0.25,-8.0,125.0,0.1201873958426406,0.12195121951219512
573-F,2,84,0.25,-8.0,125.5,0.08565559982293036,0.14285714285714285
573-F,2,84,0.25,-8.0,126.0,0.0742316457041956,0.14634146341463414
573-F,2,84,0.25,-8.0,126.5,0.31567387895021726,0.07317073170731707
573-F,2,84,0.25,-8.0,127.0,0.45432619692647025,0.044444444444444446
573-F,2,84,0.25,-8.0,127.5,0.24085228393496216,0.11627906976744186
573-F,2,84,0.25,-8.5,127.5,0.40643079088771006,0.0
573-F,2,84,0.25,-9.0,126.0,0.14703371912734353,0.06976744186046512
573-F,2,84,0.25,-9.0,126.5,0.20359679377466589,0.046511627906976744
573-F,2,84,0.25,-9.0,127.0,0.35944888949197207,0.046511627906976744
573-F,2,84,0.25,-9.0,127.5,0.4252208725740657,0.022222222222222223
573-F,2,84,0.25,-9.5,125.5,0.2412460722744766,0.023255813953488372
573-F,2,84,0.25,-9.5,126.0,0.196539644681745,0.06666666666666667
573-F,2,84,0.25,-10.0,124.5,0.08715514186761542,0.04878048780487805
573-F,2,84,0.25,-10.0,125.0,0.33108551146456655,0.043478260869565216
573-F,2,84,0.25,-10.0,125.5,0.24570858343427548,0.06666666666666667
573-F,2,84,0.25,-10.5,123.5,0.41039200719394375,0.0
573-F,2,84,0.25,-10.5,124.0,0.34771720356055125,0.044444444444444446
573-F,2,84,0.25,-10.5,124.5,0.2990965165247642,0.09302325581395349
573-F,2,85,0.25,-8.0,125.0,0.22720580523107903,0.12195121951219512
573-F,2,85,0.25,-8.0,125.5,0.17939265161575935,0.16666666666666666
573-F,2,85,0.25,-8.0,126.0,0.1648006138514091,0.12195121951219512
573-F,2,85,0.25,-8.0,126.5,0.3961667106157968,0.12195121951219512
573-F,2,85,0.25,-8.0,127.0,0.5203116683848384,0.044444444444444446
573-F,2,85,0.25,-8.0,127.5,0.37641953391382765,0.09302325581395349
573-F,2,85,0.25,-8.5,127.5,0.5265214331084445,0.0
573-F,2,85,0.25,-9.0,126.0,0.2945294513789918,0.06976744186046512
573-F,2,85,0.25,-9.0,126.5,0.33670563688272925,0.023255813953488372
573-F,2,85,0.25,-9.0,127.0,0.459753715828192,0.023255813953488372
573-F,2,85,0.25,-9.0,127.5,0.5316945510658064,0.022222222222222223
573-F,2,85,0.25,-9.5,125.5,0.36012797180950984,0.0
573-F,2,85,0.25,-9.5,126.0,0.3338799073082813,0.022222222222222223
573-F,2,85,0.25,-10.0,124.5,0.22238563149853496,0.024390243902439025
573-F,2,85,0.25,-10.0,125.0,0.4504780172810272,0.021739130434782608
573-F,2,85,0.25,-10.0,125.5,0.3666016429264892,0.044444444444444446
573-F,2,85,0.25,-10.5,123.5,0.44697603412940734,0.0
573-F,2,85,0.25,-10.5,124.0,0.42226338797411733,0.022222222222222223
573-F,2,85,0.25,-10.5,124.5,0.4075917788153438,0.06976744186046512
573-F,2,86,0.25,-8.0,125.0,0.20861772258112155,0.12195121951219512
573-F,2,86,0.25,-8.0,125.5,0.2660398406374501,0.14285714285714285
573-F,2,86,0.25,-8.0,126.0,0.1773217034376604,0.14634146341463414
573-F,2,86,0.25,-8.0,126.5,0.49616601668216453,0.07317073170731707
573-F,2,86,0.25,-8.0,127.0,0.6172990338280069,0.044444444444444446
573-F,2,86,0.25,-8.0,127.5,0.5059916307380169,0.11627906976744186
573-F,2,86,0.25,-8.5,127.5,0.6584848328784054,0.0
573-F,2,86,0.25,-9.0,126.0,0.45728727819454673,0.06976744186046512
573-F,2,86,0.25,-9.0,126.5,0.49190461516756945,0.023255813953488372
573-F,2,86,0.25,-9.0,127.0,0.5881045035789229,0.0
573-F,2,86,0.25,-9.0,127.5,0.652810803025211,0.0
573-F,2,86,0.25,-9.5,125.5,0.5009073467830079,0.023255813953488372
573-F,2,86,0.25,-9.5,126.0,0.46564376024826204,0.022222222222222223
573-F,2,86,0.25,-10.0,124.5,0.41204665038500654,0.024390243902439025
573-F,2,86,0.25,-10.0,125.0,0.5936410072919892,0.043478260869565216
573-F,2,86,0.25,-10.0,125.5,0.5100556358750704,0.044444444444444446
573-F,2,86,0.25,-10.5,123.5,0.5669230206198503,0.02564102564102564
573-F,2,86,0.25,-10.5,124.0,0.563224088593936,0.022222222222222223
573-F,2,86,0.25,-10.5,124.5,0.5219634029112881,0.046511627906976744
573-F,2,87,0.25,-8.0,125.0,0.2355617019458247,0.14634146341463414
573-F,2,87,0.25,-8.0,125.5,0.3190898627711376,0.14285714285714285
573-F,2,87,0.25,-8.0,126.0,0.20613574066626905,0.14634146341463414
573-F,2,87,0.25,-8.0,126.5,0.5007876146725329,0.12195121951219512
573-F,2,87,0.25,-8.0,127.0,0.600497710436096,0.06666666666666667
573-F,2,87,0.25,-8.0,127.5,0.5626884492912898,0.046511627906976744
573-F,2,87,0.25,-8.5,127.5,0.69199498721052,0.0
573-F,2,87,0.25,-9.0,126.0,0.4508347559161172,0.046511627906976744
573-F,2,87,0.25,-9.0,126.5,0.49474106277682295,0.023255813953488372
573-F,2,87,0.25,-9.0,127.0,0.6100946463966037,0.0
573-F,2,87,0.25,-9.0,127.5,0.7074054326777699,0.0
573-F,2,87,0.25,-9.5,125.5,0.549769939778481,0.0
573-F,2,87,0.25,-9.5,126.0,0.5384419931429811,0.022222222222222223
573-F,2,87,0.25,-10.0,124.5,0.4264944011155858,0.024390243902439025
573-F,2,87,0.25,-10.0,125.0,0.6283009521527022,0.021739130434782608
573-F,2,87,0.25,-10.0,125.5,0.6031848607900836,0.022222222222222223
573-F,2,87,0.25,-10.5,123.5,0.568805157053829,0.0
573-F,2,87,0.25,-10.5,124.0,0.5916849273195327,0.0
573-F,2,87,0.25,-10.5,124.5,0.5966109356403918,0.023255813953488372
573-F,2,88,0.25,-8.0,125.0,0.20369586245207305,0.17073170731707318
573-F,2,88,0.25,-8.0,125.5,0.2982558654271801,0.11904761904761904
573-F,2,88,0.25,-8.0,126.0,0.22255441691049693,0.17073170731707318
573-F,2,88,0.25,-8.0,126.5,0.5212690658265444,0.12195121951219512
573-F,2,88,0.25,-8.0,127.0,0.5806199803409173,0.08888888888888889
573-F,2,88,0.25,-8.0,127.5,0.5883985684898696,0.046511627906976744
573-F,2,88,0.25,-8.5,127.5,0.7189301471219378,0.0
573-F,2,88,0.25,-9.0,126.0,0.5826533648650767,0.023255813953488372
573-F,2,88,0.25,-9.0,126.5,0.5813975073417215,0.023255813953488372
573-F,2,88,0.25,-9.0,127.0,0.6621235103975343,0.0
573-F,2,88,0.25,-9.0,127.5,0.7172502554280031,0.0
573-F,2,88,0.25,-9.5,125.5,0.6551104349639614,0.0
573-F,2,88,0.25,-9.5,126.0,0.6523789519331102,0.0
573-F,2,88,0.25,-10.0,124.5,0.5639042455508014,0.024390243902439025
573-F,2,88,0.25,-10.0,125.0,0.7101170549511012,0.0
573-F,2,88,0.25,-10.0,125.5,0.6904138575709576,0.0
573-F,2,88,0.25,-10.5,123.5,0.5490087414781044,0.02564102564102564
573-F,2,88,0.25,-10.5,124.0,0.6069995691099728,0.0
573-F,2,88,0.25,-10.5,124.5,0.6164972992767555,0.0
573-F,2,89,0.25,-8.0,125.0,0.1854583700757121,0.17073170731707318
573-F,2,89,0.25,-8.0,125.5,0.30539265161575935,0.11904761904761904
573-F,2,89,0.25,-8.0,126.0,0.18618094749444158,0.17073170731707318
573-F,2,89,0.25,-8.0,126.5,0.4728888804074779,0.12195121951219512
573-F,2,89,0.25,-8.0,127.0,0.5253319268298532,0.08888888888888889
573-F,2,89,0.25,-8.0,127.5,0.5549717149942233,0.046511627906976744
573-F,2,89,0.25,-8.5,127.5,0.6946601775076823,0.0
573-F,2,89,0.25,-9.0,126.0,0.5679404003069647,0.046511627906976744
573-F,2,89,0.25,-9.0,126.5,0.5718681200366807,0.023255813953488372
573-F,2,89,0.25,-9.0,127.0,0.6313937202867015,0.0
573-F,2,89,0.25,-9.0,127.5,0.718162468213638,0.0
573-F,2,89,0.25,-9.5,125.5,0.6701601897596592,0.0
573-F,2,89,0.25,-9.5,126.0,0.7005686514981095,0.022222222222222223
573-F,2,89,0.25,-10.0,124.5,0.5484630214544526,0.024390243902439025
573-F,2,89,0.25,-10.0,125.0,0.7427744664763429,0.0
573-F,2,89,0.25,-10.0,125.5,0.7611722608123259,0.0
573-F,2,89,0.25,-10.5,123.5,0.6163114569827262,0.02564102564102564
573-F,2,89,0.25,-10.5,124.0,0.6658267380151808,0.0
573-F,2,89,0.25,-10.5,124.5,0.7125625114437425,0.0
573-F,2,90,0.0,-8.0,125.0,0.23177124810137428,0.07317073170731707
573-F,2,90,0.0,-8.0,125.5,0.26890925188136316,0.023809523809523808
573-F,2,90,0.0,-8.0,126.0,0.23098840246095254,0.04878048780487805
573-F,2,90,0.0,-8.0,126.5,0.5902191789377265,0.0
573-F,2,90,0.0,-8.0,127.0,0.685209177435209,0.06666666666666667
573-F,2,90,0.0,-8.0,127.5,0.601425345901316,0.023255813953488372
573-F,2,90,0.0,-8.5,127.5,0.681455253987056,0.0
573-F,2,90,0.0,-9.0,126.0,0.45423818734240673,0.0
573-F,2,90,0.0,-9.0,126.5,0.471337585529662,0.0
573-F,2,90,0.0,-9.0,127.0,0.5418242087357702,0.0
573-F,2,90,0.0,-9.0,127.5,0.6603974148074961,0.0
573-F,2,90,0.0,-9.5,125.5,0.5405510887728708,0.0
573-F,2,90,0.0,-9.5,126.0,0.6237320951851801,0.0
573-F,2,90,0.0,-10.0,124.5,0.4540268533088473,0.0
573-F,2,90,0.0,-10.0,125.0,0.5952199115779844,0.0
573-F,2,90,0.0,-10.0,125.5,0.6697923648703483,0.0
573-F,2,90,0.0,-10.5,123.5,0.47562175854280797,0.0
573-F,2,90,0.0,-10.5,124.0,0.5678312973472643,0.0
573-F,2,90,0.0,-10.5,124.5,0.5413183477524488,0.0
573-F,2,90,0.25,-8.0,125.0,0.13696231494466338,0.14634146341463414
573-F,2,90,0.25,-8.0,125.5,0.2580088534749887,0.09523809523809523
573-F,2,90,0.25,-8.0,126.0,0.13230993949311043,0.14634146341463414
573-F,2,90,0.25,-8.0,126.5,0.45059973214161797,0.07317073170731707
573-F,2,90,0.25,-8.0,127.0,0.49829637265949034,0.06666666666666667
573-F,2,90,0.25,-8.0,127.5,0.5727669639586328,0.046511627906976744
573-F,2,90,0.25,-8.5,127.5,0.716290707455666,0.0
573-F,2,90,0.25,-9.0,126.0,0.5548004338224932,0.046511627906976744
573-F,2,90,0.25,-9.0,126.5,0.5770063968576318,0.046511627906976744
573-F,2,90,0.25,-9.0,127.0,0.6201970467222687,0.023255813953488372
573-F,2,90,0.25,-9.0,127.5,0.734375092126753,0.022222222222222223
573-F,2,90,0.25,-9.5,125.5,0.6852385019648364,0.0
573-F,2,90,0.25,-9.5,126.0,0.7548556434892199,0.0
573-F,2,90,0.25,-10.0,124.5,0.5624383246400444,0.024390243902439025
573-F,2,90,0.25,-10.0,125.0,0.7736538174293818,0.0
573-F,2,90,0.25,-10.0,125.5,0.7980584552403224,0.0
573-F,2,90,0.25,-10.5,123.5,0.6428077554477394,0.02564102564102564
573-F,2,90,0.25,-10.5,124.0,0.7132968243036708,0.0
573-F,2,90,0.25,-10.5,124.5,0.7362853897738716,0.0
573-F,2,90,0.5,-8.0,125.0,0.14534443309261436,0.34146341463414637
573-F,2,90,0.5,-8.0,125.5,0.23405400619743233,0.30952380952380953
573-F,2,90,0.5,-8.0,126.0,0.11705332834116833,0.34146341463414637
573-F,2,90,0.5,-8.0,126.5,0.3849839701330966,0.3170731707317073
573-F,2,90,0.5,-8.0,127.0,0.3975546019035747,0.28888888888888886
573-F,2,90,0.5,-8.0,127.5,0.47692464846281757,0.23255813953488372
573-F,2,90,0.5,-8.5,127.5,0.5775385830286175,0.14634146341463414
573-F,2,90,0.5,-9.0,126.0,0.5009827567305134,0.18604651162790697
573-F,2,90,0.5,-9.0,126.5,0.5099925376182007,0.16279069767441862
573-F,2,90,0.5,-9.0,127.0,0.5508158587234124,0.18604651162790697
573-F,2,90,0.5,-9.0,127.5,0.6008913237024553,0.2
573-F,2,90,0.5,-9.5,125.5,0.5913287589555604,0.09302325581395349
573-F,2,90,0.5,-9.5,126.0,0.6286673532719905,0.1111111111111111
573-F,2,90,0.5,-10.0,124.5,0.4899395343343632,0.0975609756097561
573-F,2,90,0.5,-10.0,125.0,0.6515043472610524,0.08695652173913043
573-F,2,90,0.5,-10.0,125.5,0.6516490882148729,0.06666666666666667
573-F,2,90,0.5,-10.5,123.5,0.518353444309674,0.1282051282051282
573-F,2,90,0.5,-10.5,124.0,0.55990660366588,0.08888888888888889
573-F,2,90,0.5,-10.5,124.5,0.5932121440996063,0.11627906976744186
573-F,2,91,0.25,-8.0,125.0,0.038551333796902676,0.14634146341463414
573-F,2,91,0.25,-8.0,125.5,0.14628773793714034,0.11904761904761904
573-F,2,91,0.25,-8.0,126.0,0.014769412819695127,0.14634146341463414
573-F,2,91,0.25,-8.0,126.5,0.4106976808738012,0.07317073170731707
573-F,2,91,0.25,-8.0,127.0,0.42557982306825537,0.06666666666666667
573-F,2,91,0.25,-8.0,127.5,0.5640093555386481,0.06976744186046512
573-F,2,91,0.25,-8.5,127.5,0.6977116272682015,0.0
573-F,2,91,0.25,-9.0,126.0,0.5495606959953643,0.046511627906976744
573-F,2,91,0.25,-9.0,126.5,0.5719822833403254,0.046511627906976744
573-F,2,91,0.25,-9.0,127.0,0.5990452974843345,0.023255813953488372
573-F,2,91,0.25,-9.0,127.5,0.7175130535712331,0.022222222222222223
573-F,2,91,0.25,-9.5,125.5,0.7093798974875538,0.0
573-F,2,91,0.25,-9.5,126.0,0.7541636740612253,0.0
573-F,2,91,0.25,-10.0,124.5,0.6205217497323431,0.024390243902439025
573-F,2,91,0.25,-10.0,125.0,0.7840479190277798,0.0
573-F,2,91,0.25,-10.0,125.5,0.8126985653698989,0.0
573-F,2,91,0.25,-10.5,123.5,0.6502467689991216,0.02564102564102564
573-F,2,91,0.25,-10.5,124.0,0.7507827835495764,0.0
573-F,2,91,0.25,-10.5,124.5,0.7508010619793097,0.023255813953488372
573-F,2,92,0.25,-8.0,125.0,0.10040672356393943,0.1951219512195122
573-F,2,92,0.25,-8.0,125.5,0.19189729969012836,0.14285714285714285
573-F,2,92,0.25,-8.0,126.0,0.06316013293950695,0.1951219512195122
573-F,2,92,0.25,-8.0,126.5,0.41696043190429277,0.0975609756097561
573-F,2,92,0.25,-8.0,127.0,0.4461863776941335,0.08888888888888889
573-F,2,92,0.25,-8.0,127.5,0.5902478372361711,0.11627906976744186
573-F,2,92,0.25,-8.5,127.5,0.7041080839813909,0.024390243902439025
573-F,2,92,0.25,-9.0,126.0,0.5487658768069411,0.046511627906976744
573-F,2,92,0.25,-9.0,126.5,0.5929474923055791,0.06976744186046512
573-F,2,92,0.25,-9.0,127.0,0.6236485143956538,0.046511627906976744
573-F,2,92,0.25,-9.0,127.5,0.7355046187615975,0.044444444444444446
573-F,2,92,0.25,-9.5,125.5,0.7017576652846611,0.046511627906976744
573-F,2,92,0.25,-9.5,126.0,0.7507521038580895,0.022222222222222223
573-F,2,92,0.25,-10.0,124.5,0.6322224465924722,0.024390243902439025
573-F,2,92,0.25,-10.0,125.0,0.776770275755507,0.043478260869565216
573-F,2,92,0.25,-10.0,125.5,0.818250129997385,0.044444444444444446
573-F,2,92,0.25,-10.5,123.5,0.6887495294658914,0.05128205128205128
573-F,2,92,0.25,-10.5,124.0,0.783403736589929,0.022222222222222223
573-F,2,92,0.25,-10.5,124.5,0.7889344731300925,0.023255813953488372
573-F,2,93,0.25,-8.0,125.0,0.17575352629718421,0.2682926829268293
573-F,2,93,0.25,-8.0,125.5,0.22749535192563097,0.19047619047619047
573-F,2,93,0.25,-8.0,126.0,0.14319748173006241,0.24390243902439024
573-F,2,93,0.25,-8.0,126.5,0.34161311812138306,0.14634146341463414
573-F,2,93,0.25,-8.0,127.0,0.431794011172113,0.15555555555555556
573-F,2,93,0.25,-8.0,127.5,0.5838933975822133,0.16279069767441862
573-F,2,93,0.25,-8.5,127.5,0.5932636349590565,0.07317073170731707
573-F,2,93,0.25,-9.0,126.0,0.4634422326980002,0.046511627906976744
573-F,2,93,0.25,-9.0,126.5,0.5236698582889985,0.11627906976744186
573-F,2,93,0.25,-9.0,127.0,0.5767527514332653,0.06976744186046512
573-F,2,93,0.25,-9.0,127.5,0.6729047533614156,0.08888888888888889
573-F,2,93,0.25,-9.5,125.5,0.5883449423529749,0.09302325581395349
573-F,2,93,0.25,-9.5,126.0,0.7062356863117099,0.044444444444444446
573-F,2,93,0.25,-10.0,124.5,0.5104833824196172,0.04878048780487805
573-F,2,93,0.25,-10.0,125.0,0.6617727103567177,0.08695652173913043
573-F,2,93,0.25,-10.0,125.5,0.7527615051442896,0.06666666666666667
573-F,2,93,0.25,-10.5,123.5,0.6400126521393616,0.07692307692307693
573-F,2,93,0.25,-10.5,124.0,0.717195458345456,0.044444444444444446
573-F,2,93,0.25,-10.5,124.5,0.752634921724801,0.046511627906976744
573-F,2,94,0.25,-8.0,125.0,0.20279947790213015,0.2682926829268293
573-F,2,94,0.25,-8.0,125.5,0.287586542718017,0.21428571428571427
573-F,2,94,0.25,-8.0,126.0,0.16705540840994915,0.24390243902439024
573-F,2,94,0.25,-8.0,126.5,0.42683944457552103,0.14634146341463414
573-F,2,94,0.25,-8.0,127.0,0.5181971182661649,0.17777777777777778
573-F,2,94,0.25,-8.0,127.5,0.6112740228816187,0.16279069767441862
573-F,2,94,0.25,-8.5,127.5,0.6463313934524729,0.07317073170731707
573-F,2,94,0.25,-9.0,126.0,0.46621920565065555,0.06976744186046512
573-F,2,94,0.25,-9.0,126.5,0.5189854502118054,0.13953488372093023
573-F,2,94,0.25,-9.0,127.0,0.5911043048844906,0.06976744186046512
573-F,2,94,0.25,-9.0,127.5,0.6802791051049383,0.08888888888888889
573-F,2,94,0.25,-9.5,125.5,0.5801056970301159,0.11627906976744186
573-F,2,94,0.25,-9.5,126.0,0.6549545688615451,0.06666666666666667
573-F,2,94,0.25,-10.0,124.5,0.5123436446280046,0.07317073170731707
573-F,2,94,0.25,-10.0,125.0,0.6415490645983668,0.10869565217391304
573-F,2,94,0.25,-10.0,125.5,0.6881693362468778,0.08888888888888889
573-F,2,94,0.25,-10.5,123.5,0.6248438088167635,0.07692307692307693
573-F,2,94,0.25,-10.5,124.0,0.6919894965952323,0.06666666666666667
573-F,2,94,0.25,-10.5,124.5,0.7270159582990021,0.06976744186046512
573-F,2,95,0.25,-8.0,125.0,0.214293206123773,0.3170731707317073
573-F,2,95,0.25,-8.0,125.5,0.29679681274900405,0.2619047619047619
573-F,2,95,0.25,-8.0,126.0,0.15063026084062514,0.34146341463414637
573-F,2,95,0.25,-8.0,126.5,0.41840034419108163,0.21951219512195122
573-F,2,95,0.25,-8.0,127.0,0.45619045335762753,0.24444444444444444
573-F,2,95,0.25,-8.0,127.5,0.5163158339673685,0.23255813953488372
573-F,2,95,0.25,-8.5,127.5,0.538950404284905,0.14634146341463414
573-F,2,95,0.25,-9.0,126.0,0.3782243034564847,0.20930232558139536
573-F,2,95,0.25,-9.0,126.5,0.4340210357488927,0.2558139534883721
573-F,2,95,0.25,-9.0,127.0,0.499174691175544,0.18604651162790697
573-F,2,95,0.25,-9.0,127.5,0.5594972469367592,0.17777777777777778
573-F,2,95,0.25,-9.5,125.5,0.4907512935208429,0.23255813953488372
573-F,2,95,0.25,-9.5,126.0,0.5294811160950226,0.17777777777777778
573-F,2,95,0.25,-10.0,124.5,0.4540982919497225,0.17073170731707318
573-F,2,95,0.25,-10.0,125.0,0.5391194422948877,0.21739130434782608
573-F,2,95,0.25,-10.0,125.5,0.5616608405796231,0.2
573-F,2,95,0.25,-10.5,123.5,0.5244573173282028,0.20512820512820512
573-F,2,95,0.25,-10.5,124.0,0.584260360695464,0.17777777777777778
573-F,2,95,0.25,-10.5,124.5,0.5961960999725351,0.18604651162790697
573-F,2,96,0.25,-8.0,125.0,0.2522851493456296,0.3170731707317073
573-F,2,96,0.25,-8.0,125.5,0.3019105799026117,0.23809523809523808
573-F,2,96,0.25,-8.0,126.0,0.1776249312421707,0.34146341463414637
573-F,2,96,0.25,-8.0,126.5,0.3310479785713296,0.21951219512195122
573-F,2,96,0.25,-8.0,127.0,0.38580901920356747,0.3333333333333333
573-F,2,96,0.25,-8.0,127.5,0.447896412770874,0.27906976744186046
573-F,2,96,0.25,-8.5,127.5,0.41132341075689693,0.1951219512195122
573-F,2,96,0.25,-9.0,126.0,0.2795414323972999,0.2558139534883721
573-F,2,96,0.25,-9.0,126.5,0.3427646453883594,0.32558139534883723
573-F,2,96,0.25,-9.0,127.0,0.3759647583924165,0.23255813953488372
573-F,2,96,0.25,-9.0,127.5,0.4471948403964545,0.26666666666666666
573-F,2,96,0.25,-9.5,125.5,0.3880830795618082,0.27906976744186046
573-F,2,96,0.25,-9.5,126.0,0.4479151138996924,0.26666666666666666
573-F,2,96,0.25,-10.0,124.5,0.34894061258158293,0.24390243902439024
573-F,2,96,0.25,-10.0,125.0,0.4573640990414338,0.30434782608695654
573-F,2,96,0.25,-10.0,125.5,0.4963766046787036,0.26666666666666666
573-F,2,96,0.25,-10.5,123.5,0.46946756451545446,0.23076923076923078
573-F,2,96,0.25,-10.5,124.0,0.5086358463674501,0.28888888888888886
573-F,2,96,0.25,-10.5,124.5,0.5348233086148495,0.23255813953488372
573-F,2,97,0.25,-8.0,125.0,0.251317869809613,0.34146341463414637
573-F,2,97,0.25,-8.0,125.5,0.2790863213811421,0.2619047619047619
573-F,2,97,0.25,-8.0,126.0,0.1961144315172021,0.36585365853658536
573-F,2,97,0.25,-8.0,126.5,0.3281230483116594,0.2682926829268293
573-F,2,97,0.25,-8.0,127.0,0.3571086763683442,0.37777777777777777
573-F,2,97,0.25,-8.0,127.5,0.3752958829994084,0.3488372093023256
573-F,2,97,0.25,-8.5,127.5,0.36422722356697723,0.24390243902439024
573-F,2,97,0.25,-9.0,126.0,0.25412679519506354,0.3488372093023256
573-F,2,97,0.25,-9.0,126.5,0.3115154575256821,0.3953488372093023
573-F,2,97,0.25,-9.0,127.0,0.3789112514356884,0.3023255813953488
573-F,2,97,0.25,-9.0,127.5,0.40859046699735435,0.3111111111111111
573-F,2,97,0.25,-9.5,125.5,0.3160007165313652,0.3488372093023256
573-F,2,97,0.25,-9.5,126.0,0.3412417166939953,0.35555555555555557
573-F,2,97,0.25,-10.0,124.5,0.29381284219108983,0.2926829268292683
573-F,2,97,0.25,-10.0,125.0,0.37585854502830807,0.3695652173913043
573-F,2,97,0.25,-10.0,125.5,0.3903077556590192,0.3111111111111111
573-F,2,97,0.25,-10.5,123.5,0.3696123844577355,0.2564102564102564
573-F,2,97,0.25,-10.5,124.0,0.40686625099896534,0.3333333333333333
573-F,2,97,0.25,-10.5,124.5,0.408258376819555,0.27906976744186046
573-F,3,70,0.25,-8.0,125.0,-1.2429426832703934,0.15
573-F,3,70,0.25,-8.0,125.5,-1.2014250638707331,0.13513513513513514
573-F,3,70,0.25,-8.0,126.0,-1.402496872536041,0.19444444444444445
573-F,3,70,0.25,-8.0,126.5,-1.549120751703529,0.19047619047619047
573-F,3,70,0.25,-8.0,127.0,-1.904030584970982,0.24324324324324326
573-F,3,70,0.25,-8.0,127.5,-1.307897811467,0.21621621621621623
573-F,3,70,0.25,-8.5,127.5,-1.6330568455750396,0.2702702702702703
573-F,3,70,0.25,-9.0,126.0,-1.7457375706340326,0.3125
573-F,3,70,0.25,-9.0,126.5,-1.7507193384799247,0.3142857142857143
573-F,3,70,0.25,-9.0,127.0,-1.979953481037609,0.32432432432432434
573-F,3,70,0.25,-9.0,127.5,-1.8743305015696499,0.32432432432432434
573-F,3,70,0.25,-9.5,125.5,-1.8129544535647124,0.2222222222222222
573-F,3,70,0.25,-9.5,126.0,-1.8692843358018303,0.2702702702702703
573-F,3,70,0.25,-10.0,124.5,-1.7535253061039042,0.22580645161290322
573-F,3,70,0.25,-10.0,125.0,-1.8075678756583784,0.2571428571428571
573-F,3,70,0.25,-10.0,125.5,-1.7859073663797242,0.275
573-F,3,70,0.25,-10.5,123.5,-1.699270577977709,0.23076923076923078
573-F,3,70,0.25,-10.5,124.0,-1.947629067668132,0.2777777777777778
573-F,3,70,0.25,-10.5,124.5,-1.4675067260215675,0.23684210526315788
573-F,3,71,0.25,-8.0,125.0,-1.0055790867298833,0.15
573-F,3,71,0.25,-8.0,125.5,-0.9717425926540366,0.13513513513513514
573-F,3,71,0.25,-8.0,126.0,-1.1133607809646242,0.19444444444444445
573-F,3,71,0.25,-8.0,126.5,-1.254454893126177,0.19047619047619047
573-F,3,71,0.25,-8.0,127.0,-1.5704342098564301,0.21621621621621623
573-F,3,71,0.25,-8.0,127.5,-1.05304770318021,0.1891891891891892
573-F,3,71,0.25,-8.5,127.5,-1.389242392735842,0.24324324324324326
573-F,3,71,0.25,-9.0,126.0,-1.5450142666756572,0.28125
573-F,3,71,0.25,-9.0,126.5,-1.5672715526987306,0.2857142857142857
573-F,3,71,0.25,-9.0,127.0,-1.7663180271593109,0.2972972972972973
573-F,3,71,0.25,-9.0,127.5,-1.6548428550887864,0.2972972972972973
573-F,3,71,0.25,-9.5,125.5,-1.6433730803047117,0.2222222222222222
573-F,3,71,0.25,-9.5,126.0,-1.6484924706376174,0.24324324324324326
573-F,3,71,0.25,-10.0,124.5,-1.61209280797801,0.22580645161290322
573-F,3,71,0.25,-10.0,125.0,-1.669216264465152,0.22857142857142856
573-F,3,71,0.25,-10.0,125.5,-1.6105168360702873,0.275
573-F,3,71,0.25,-10.5,123.5,-1.5143530920670214,0.20512820512820512
573-F,3,71,0.25,-10.5,124.0,-1.7314584158976385,0.25
573-F,3,71,0.25,-10.5,124.5,-1.30936312270001,0.21052631578947367
573-F,3,72,0.25,-8.0,125.0,-0.9982950076455959,0.2
573-F,3,72,0.25,-8.0,125.5,-0.9326984969640666,0.1891891891891892
573-F,3,72,0.25,-8.0,126.0,-1.075082807233501,0.2222222222222222
573-F,3,72,0.25,-8.0,126.5,-1.2021962784780045,0.23809523809523808
573-F,3,72,0.25,-8.0,127.0,-1.4674103960900116,0.21621621621621623
573-F,3,72,0.25,-8.0,127.5,-0.9739142824575391,0.24324324324324326
573-F,3,72,0.25,-8.5,127.5,-1.2430027032647115,0.24324324324324326
573-F,3,72,0.25,-9.0,126.0,-1.4865919070865719,0.28125
573-F,3,72,0.25,-9.0,126.5,-1.4792415775703347,0.2857142857142857
573-F,3,72,0.25,-9.0,127.0,-1.6544314315346407,0.2972972972972973
573-F,3,72,0.25,-9.0,127.5,-1.5061647774928697,0.2972972972972973
573-F,3,72,0.25,-9.5,125.5,-1.5699561670913043,0.2222222222222222
573-F,3,72,0.25,-9.5,126.0,-1.5029374217910463,0.21621621621621623
573-F,3,72,0.25,-10.0,124.5,-1.555388337384429,0.25806451612903225
573-F,3,72,0.25,-10.0,125.0,-1.5732534393729751,0.2
573-F,3,72,0.25,-10.0,125.5,-1.4705305349320978,0.275
573-F,3,72,0.25,-10.5,123.5,-1.4074085774217173,0.23076923076923078
573-F,3,72,0.25,-10.5,124.0,-1.6265073883258778,0.2777777777777778
573-F,3,72,0.25,-10.5,124.5,-1.170915313240433,0.21052631578947367
573-F,3,73,0.25,-8.0,125.0,-0.7834252596164337,0.225
573-F,3,73,0.25,-8.0,125.5,-0.7048856962739309,0.21621621621621623
573-F,3,73,0.25,-8.0,126.0,-0.7596104645763491,0.25
573-F,3,73,0.25,-8.0,126.5,-1.0359278915636372,0.2619047619047619
573-F,3,73,0.25,-8.0,127.0,-1.2093202703390697,0.2702702702702703
573-F,3,73,0.25,-8.0,127.5,-0.8022099053915412,0.2972972972972973
573-F,3,73,0.25,-8.5,127.5,-1.089686775567416,0.2972972972972973
573-F,3,73,0.25,-9.0,126.0,-1.4053514737927846,0.34375
573-F,3,73,0.25,-9.0,126.5,-1.3846144901321105,0.34285714285714286
573-F,3,73,0.25,-9.0,127.0,-1.543306000157691,0.35135135135135137
573-F,3,73,0.25,-9.0,127.5,-1.3874748376428863,0.35135135135135137
573-F,3,73,0.25,-9.5,125.5,-1.4552702173675858,0.2777777777777778
573-F,3,73,0.25,-9.5,126.0,-1.3970434845728157,0.2702702702702703
573-F,3,73,0.25,-10.0,124.5,-1.4399022625565063,0.3225806451612903
573-F,3,73,0.25,-10.0,125.0,-1.4614584979128233,0.2571428571428571
573-F,3,73,0.25,-10.0,125.5,-1.366992789776027,0.325
573-F,3,73,0.25,-10.5,123.5,-1.2578644266976666,0.28205128205128205
573-F,3,73,0.25,-10.5,124.0,-1.4427318248441492,0.3333333333333333
573-F,3,73,0.25,-10.5,124.5,-1.061162250636524,0.2631578947368421
573-F,3,74,0.25,-8.0,125.0,-0.7415283701282731,0.175
573-F,3,74,0.25,-8.0,125.5,-0.6634510103188562,0.16216216216216217
573-F,3,74,0.25,-8.0,126.0,-0.7404104762303634,0.2222222222222222
573-F,3,74,0.25,-8.0,126.5,-0.9125128018491813,0.21428571428571427
573-F,3,74,0.25,-8.0,127.0,-1.133767882598514,0.2702702702702703
573-F,3,74,0.25,-8.0,127.5,-0.7897398267411366,0.2702702702702703
573-F,3,74,0.25,-8.5,127.5,-1.1311645602766411,0.32432432432432434
573-F,3,74,0.25,-9.0,126.0,-1.360753946109409,0.34375
573-F,3,74,0.25,-9.0,126.5,-1.3366956297038017,0.34285714285714286
573-F,3,74,0.25,-9.0,127.0,-1.4892785012039131,0.35135135135135137
573-F,3,74,0.25,-9.0,127.5,-1.3561536940736656,0.35135135135135137
573-F,3,74,0.25,-9.5,125.5,-1.3442439625462872,0.2777777777777778
573-F,3,74,0.25,-9.5,126.0,-1.3291269474325382,0.2972972972972973
573-F,3,74,0.25,-10.0,124.5,-1.341199370754866,0.2903225806451613
573-F,3,74,0.25,-10.0,125.0,-1.3614040113343888,0.2857142857142857
573-F,3,74,0.25,-10.0,125.5,-1.2728257989593388,0.325
573-F,3,74,0.25,-10.5,123.5,-1.1510636483105454,0.2564102564102564
573-F,3,74,0.25,-10.5,124.0,-1.3069300546654334,0.3055555555555556
573-F,3,74,0.25,-10.5,124.5,-0.9926459219030486,0.2631578947368421
573-F,3,75,0.25,-8.0,125.0,-0.6811648012714977,0.175
573-F,3,75,0.25,-8.0,125.5,-0.6520106838315805,0.16216216216216217
573-F,3,75,0.25,-8.0,126.0,-0.7408402180029026,0.2222222222222222
573-F,3,75,0.25,-8.0,126.5,-0.8534581159588113,0.19047619047619047
573-F,3,75,0.25,-8.0,127.0,-1.1079431193361176,0.2702702702702703
573-F,3,75,0.25,-8.0,127.5,-0.7908910862874721,0.24324324324324326
573-F,3,75,0.25,-8.5,127.5,-1.1438999406976111,0.2972972972972973
573-F,3,75,0.25,-9.0,126.0,-1.3668766380854978,0.3125
573-F,3,75,0.25,-9.0,126.5,-1.3196356471462254,0.3142857142857143
573-F,3,75,0.25,-9.0,127.0,-1.42853092267663,0.32432432432432434
573-F,3,75,0.25,-9.0,127.5,-1.308932337223513,0.32432432432432434
573-F,3,75,0.25,-9.5,125.5,-1.299782118997041,0.25
573-F,3,75,0.25,-9.5,126.0,-1.2822733735299088,0.2702702702702703
573-F,3,75,0.25,-10.0,124.5,-1.3198572840235334,0.25806451612903225
573-F,3,75,0.25,-10.0,125.0,-1.3049801323329842,0.2571428571428571
573-F,3,75,0.25,-10.0,125.5,-1.1906326280956332,0.3
573-F,3,75,0.25,-10.5,123.5,-1.077685498749021,0.23076923076923078
573-F,3,75,0.25,-10.5,124.0,-1.2345376713405924,0.2777777777777778
573-F,3,75,0.25,-10.5,124.5,-0.9462831275889849,0.23684210526315788
573-F,3,76,0.25,-8.0,125.0,-0.7270725753526828,0.225
573-F,3,76,0.25,-8.0,125.5,-0.7655197584525035,0.24324324324324326
573-F,3,76,0.25,-8.0,126.0,-0.8871618287333358,0.3055555555555556
573-F,3,76,0.25,-8.0,126.5,-0.8773564049850888,0.23809523809523808
573-F,3,76,0.25,-8.0,127.0,-1.149119234293861,0.2972972972972973
573-F,3,76,0.25,-8.0,127.5,-0.9840419468824793,0.32432432432432434
573-F,3,76,0.25,-8.5,127.5,-1.2758793311922854,0.32432432432432434
573-F,3,76,0.25,-9.0,126.0,-1.455605462221643,0.34375
573-F,3,76,0.25,-9.0,126.5,-1.4063089893084402,0.34285714285714286
573-F,3,76,0.25,-9.0,127.0,-1.501125067473723,0.35135135135135137
573-F,3,76,0.25,-9.0,127.5,-1.3735771286155898,0.35135135135135137
573-F,3,76,0.25,-9.5,125.5,-1.4079412651858885,0.2777777777777778
573-F,3,76,0.25,-9.5,126.0,-1.3415662146787461,0.2972972972972973
573-F,3,76,0.25,-10.0,124.5,-1.4117353081483834,0.2903225806451613
573-F,3,76,0.25,-10.0,125.0,-1.394289393131737,0.2857142857142857
573-F,3,76,0.25,-10.0,125.5,-1.273870125770209,0.325
573-F,3,76,0.25,-10.5,123.5,-1.180090474866688,0.2564102564102564
573-F,3,76,0.25,-10.5,124.0,-1.3045474846980816,0.3055555555555556
573-F,3,76,0.25,-10.5,124.5,-1.0923736413583693,0.2631578947368421
573-F,3,77,0.25,-8.0,125.0,-0.4004826740533385,0.15
573-F,3,77,0.25,-8.0,125.5,-0.4632934072132451,0.1891891891891892
573-F,3,77,0.25,-8.0,126.0,-0.5855705095171408,0.25
573-F,3,77,0.25,-8.0,126.5,-0.6414143768714011,0.23809523809523808
573-F,3,77,0.25,-8.0,127.0,-0.776193870277976,0.2702702702702703
573-F,3,77,0.25,-8.0,127.5,-0.6608001823777492,0.2702702702702703
573-F,3,77,0.25,-8.5,127.5,-0.9075945565028529,0.24324324324324326
573-F,3,77,0.25,-9.0,126.0,-1.1180253601098302,0.28125
573-F,3,77,0.25,-9.0,126.5,-1.0881901870215445,0.2571428571428571
573-F,3,77,0.25,-9.0,127.0,-1.1491336070694262,0.2702702702702703
573-F,3,77,0.25,-9.0,127.5,-0.9701167054087079,0.2702702702702703
573-F,3,77,0.25,-9.5,125.5,-1.050372547635397,0.2222222222222222
573-F,3,77,0.25,-9.5,126.0,-1.0049248957345451,0.24324324324324326
573-F,3,77,0.25,-10.0,124.5,-1.0678312623520583,0.22580645161290322
573-F,3,77,0.25,-10.0,125.0,-1.0529819219734469,0.22857142857142856
573-F,3,77,0.25,-10.0,125.5,-0.9116338852339798,0.25
573-F,3,77,0.25,-10.5,123.5,-0.8467992620485729,0.20512820512820512
573-F,3,77,0.25,-10.5,124.0,-0.9326463983090825,0.25
573-F,3,77,0.25,-10.5,124.5,-0.7873134053622632,0.21052631578947367
573-F,3,78,0.25,-8.0,125.0,-0.28330068281116905,0.175
573-F,3,78,0.25,-8.0,125.5,-0.36179534821991455,0.1891891891891892
573-F,3,78,0.25,-8.0,126.0,-0.476002745977089,0.25
573-F,3,78,0.25,-8.0,126.5,-0.5944524568271266,0.2857142857142857
573-F,3,78,0.25,-8.0,127.0,-0.6901012498727226,0.2972972972972973
573-F,3,78,0.25,-8.0,127.5,-0.578637581215091,0.2972972972972973
573-F,3,78,0.25,-8.5,127.5,-0.8389901650454779,0.2972972972972973
573-F,3,78,0.25,-9.0,126.0,-1.0130114377280055,0.3125
573-F,3,78,0.25,-9.0,126.5,-0.9798417261539458,0.3142857142857143
573-F,3,78,0.25,-9.0,127.0,-1.0257264418149066,0.32432432432432434
573-F,3,78,0.25,-9.0,127.5,-0.873659505379951,0.32432432432432434
573-F,3,78,0.25,-9.5,125.5,-0.9481818648560187,0.2777777777777778
573-F,3,78,0.25,-9.5,126.0,-0.8906045108320888,0.2972972972972973
573-F,3,78,0.25,-10.0,124.5,-0.982824958542514,0.2903225806451613
573-F,3,78,0.25,-10.0,125.0,-0.9089202945523751,0.2571428571428571
573-F,3,78,0.25,-10.0,125.5,-0.7466203836808791,0.275
573-F,3,78,0.25,-10.5,123.5,-0.7484504915464121,0.23076923076923078
573-F,3,78,0.25,-10.5,124.0,-0.8078453389697227,0.2777777777777778
573-F,3,78,0.25,-10.5,124.5,-0.6483501919511576,0.23684210526315788
573-F,3,79,0.25,-8.0,125.0,-0.3654529791769461,0.125
573-F,3,79,0.25,-8.0,125.5,-0.4114453034274528,0.13513513513513514
573-F,3,79,0.25,-8.0,126.0,-0.5352634080343499,0.19444444444444445
573-F,3,79,0.25,-8.0,126.5,-0.6292464166101455,0.21428571428571427
573-F,3,79,0.25,-8.0,127.0,-0.7263373765400678,0.24324324324324326
573-F,3,79,0.25,-8.0,127.5,-0.664024564003191,0.21621621621621623
573-F,3,79,0.25,-8.5,127.5,-0.8890444613879833,0.21621621621621623
573-F,3,79,0.25,-9.0,126.0,-1.0093619231105802,0.25
573-F,3,79,0.25,-9.0,126.5,-0.9706011176071581,0.22857142857142856
573-F,3,79,0.25,-9.0,127.0,-1.0402461805323897,0.24324324324324326
573-F,3,79,0.25,-9.0,127.5,-0.8936096599487164,0.24324324324324326
573-F,3,79,0.25,-9.5,125.5,-0.9414432771356505,0.19444444444444445
573-F,3,79,0.25,-9.5,126.0,-0.8842420694345607,0.21621621621621623
573-F,3,79,0.25,-10.0,124.5,-0.9478984461961331,0.1935483870967742
573-F,3,79,0.25,-10.0,125.0,-0.896162461553,0.2
573-F,3,79,0.25,-10.0,125.5,-0.7553808903696444,0.225
573-F,3,79,0.25,-10.5,123.5,-0.6562950163006394,0.1794871794871795
573-F,3,79,0.25,-10.5,124.0,-0.7105798687777964,0.2222222222222222
573-F,3,79,0.25,-10.5,124.5,-0.635839129173484,0.18421052631578946
573-F,3,80,0.25,-8.0,125.0,-0.35891147555933345,0.125
573-F,3,80,0.25,-8.0,125.5,-0.5318026477321742,0.13513513513513514
573-F,3,80,0.25,-8.0,126.0,-0.595141368654708,0.19444444444444445
573-F,3,80,0.25,-8.0,126.5,-0.6078114966245223,0.23809523809523808
573-F,3,80,0.25,-8.0,127.0,-0.718867732410142,0.24324324324324326
573-F,3,80,0.25,-8.0,127.5,-0.6889319503020623,0.2702702702702703
573-F,3,80,0.25,-8.5,127.5,-0.8760364440131538,0.24324324324324326
573-F,3,80,0.25,-9.0,126.0,-1.00017358147355,0.21875
573-F,3,80,0.25,-9.0,126.5,-0.9393791789140469,0.22857142857142856
573-F,3,80,0.25,-9.0,127.0,-0.9693896736394565,0.24324324324324326
573-F,3,80,0.25,-9.0,127.5,-0.8249658510867739,0.24324324324324326
573-F,3,80,0.25,-9.5,125.5,-0.921992825008503,0.19444444444444445
573-F,3,80,0.25,-9.5,126.0,-0.8524156605688016,0.21621621621621623
573-F,3,80,0.25,-10.0,124.5,-0.9408236977806044,0.1935483870967742
573-F,3,80,0.25,-10.0,125.0,-0.8818497676568255,0.2
573-F,3,80,0.25,-10.0,125.5,-0.7131300489889343,0.225
573-F,3,80,0.25,-10.5,123.5,-0.6104778993656643,0.1794871794871795
573-F,3,80,0.25,-10.5,124.0,-0.6886460711971663,0.2222222222222222
573-F,3,80,0.25,-10.5,124.5,-0.5951119089237042,0.18421052631578946
573-F,3,81,0.25,-8.0,125.0,-0.4032966442428414,0.125
573-F,3,81,0.25,-8.0,125.5,-0.558054348186735,0.10810810810810811
573-F,3,81,0.25,-8.0,126.0,-0.6271753401060147,0.1388888888888889
573-F,3,81,0.25,-8.0,126.5,-0.5628031274861152,0.16666666666666666
573-F,3,81,0.25,-8.0,127.0,-0.721820588534773,0.1891891891891892
573-F,3,81,0.25,-8.0,127.5,-0.6579277328165956,0.1891891891891892
573-F,3,81,0.25,-8.5,127.5,-0.8812735380420964,0.21621621621621623
573-F,3,81,0.25,-9.0,126.0,-0.9956633322765434,0.1875
573-F,3,81,0.25,-9.0,126.5,-0.9505113214251104,0.2
573-F,3,81,0.25,-9.0,127.0,-0.9738778134268162,0.21621621621621623
573-F,3,81,0.25,-9.0,127.5,-0.83718756739917,0.21621621621621623
573-F,3,81,0.25,-9.5,125.5,-0.9424781316784214,0.16666666666666666
573-F,3,81,0.25,-9.5,126.0,-0.8799483682831042,0.1891891891891892
573-F,3,81,0.25,-10.0,124.5,-0.9679243997183156,0.16129032258064516
573-F,3,81,0.25,-10.0,125.0,-0.9083222711305292,0.17142857142857143
573-F,3,81,0.25,-10.0,125.5,-0.7710598860119404,0.225
573-F,3,81,0.25,-10.5,123.5,-0.6160125350653283,0.15384615384615385
573-F,3,81,0.25,-10.5,124.0,-0.7134310894713993,0.19444444444444445
573-F,3,81,0.25,-10.5,124.5,-0.6453799926076349,0.15789473684210525
573-F,3,82,0.25,-8.0,125.0,-0.19570120456814188,0.075
573-F,3,82,0.25,-8.0,125.5,-0.3812203457314445,0.10810810810810811
573-F,3,82,0.25,-8.0,126.0,-0.3873794310291765,0.1388888888888889
573-F,3,82,0.25,-8.0,126.5,-0.3251286200471317,0.11904761904761904
573-F,3,82,0.25,-8.0,127.0,-0.5046583850931681,0.10810810810810811
573-F,3,82,0.25,-8.0,127.5,-0.42275162430183477,0.16216216216216217
573-F,3,82,0.25,-8.5,127.5,-0.6208852229230681,0.13513513513513514
573-F,3,82,0.25,-9.0,126.0,-0.688931957496927,0.15625
573-F,3,82,0.25,-9.0,126.5,-0.6847973125746956,0.17142857142857143
573-F,3,82,0.25,-9.0,127.0,-0.7343081896421011,0.16216216216216217
573-F,3,82,0.25,-9.0,127.5,-0.6171966737760306,0.16216216216216217
573-F,3,82,0.25,-9.5,125.5,-0.6489837567947423,0.1111111111111111
573-F,3,82,0.25,-9.5,126.0,-0.6070829500141237,0.13513513513513514
573-F,3,82,0.25,-10.0,124.5,-0.6655005565525538,0.12903225806451613
573-F,3,82,0.25,-10.0,125.0,-0.6327176399190224,0.11428571428571428
573-F,3,82,0.25,-10.0,125.5,-0.516745872019934,0.15
573-F,3,82,0.25,-10.5,123.5,-0.3318506911976542,0.07692307692307693
573-F,3,82,0.25,-10.5,124.0,-0.42791271144325504,0.08333333333333333
573-F,3,82,0.25,-10.5,124.5,-0.39133002198566014,0.07894736842105263
573-F,3,83,0.25,-8.0,125.0,-0.41898192252136934,0.1
573-F,3,83,0.25,-8.0,125.5,-0.5939148611433691,0.13513513513513514
573-F,3,83,0.25,-8.0,126.0,-0.6182600192655421,0.1388888888888889
573-F,3,83,0.25,-8.0,126.5,-0.42088419608898797,0.09523809523809523
573-F,3,83,0.25,-8.0,127.0,-0.6279910396090016,0.08108108108108109
573-F,3,83,0.25,-8.0,127.5,-0.5444887723697702,0.13513513513513514
573-F,3,83,0.25,-8.5,127.5,-0.7284982632871999,0.10810810810810811
573-F,3,83,0.25,-9.0,126.0,-0.7410924730195578,0.125
573-F,3,83,0.25,-9.0,126.5,-0.6307490552020416,0.14285714285714285
573-F,3,83,0.25,-9.0,127.0,-0.7027941702703193,0.13513513513513514
573-F,3,83,0.25,-9.0,127.5,-0.5466701814086119,0.13513513513513514
573-F,3,83,0.25,-9.5,125.5,-0.7331583439760232,0.08333333333333333
573-F,3,83,0.25,-9.5,126.0,-0.6327220739791612,0.10810810810810811
573-F,3,83,0.25,-10.0,124.5,-0.7164762272551732,0.0967741935483871
573-F,3,83,0.25,-10.0,125.0,-0.6901633268412104,0.08571428571428572
573-F,3,83,0.25,-10.0,125.5,-0.510454542892095,0.125
573-F,3,83,0.25,-10.5,123.5,-0.4417094189896129,0.05128205128205128
573-F,3,83,0.25,-10.5,124.0,-0.4568998597193126,0.05555555555555555
573-F,3,83,0.25,-10.5,124.5,-0.4301708637728454,0.05263157894736842
573-F,3,84,0.25,-8.0,125.0,-0.3040781397833179,0.15
573-F,3,84,0.25,-8.0,125.5,-0.48230531869006943,0.1891891891891892
573-F,3,84,0.25,-8.0,126.0,-0.512485273150062,0.19444444444444445
573-F,3,84,0.25,-8.0,126.5,-0.31612935244073537,0.11904761904761904
573-F,3,84,0.25,-8.0,127.0,-0.5080885347724269,0.10810810810810811
573-F,3,84,0.25,-8.0,127.5,-0.43656103955317405,0.1891891891891892
573-F,3,84,0.25,-8.5,127.5,-0.62058948114261,0.13513513513513514
573-F,3,84,0.25,-9.0,126.0,-0.6734616879865847,0.125
573-F,3,84,0.25,-9.0,126.5,-0.584411641202881,0.14285714285714285
573-F,3,84,0.25,-9.0,127.0,-0.6145415729110437,0.13513513513513514
573-F,3,84,0.25,-9.0,127.5,-0.48747274077979297,0.13513513513513514
573-F,3,84,0.25,-9.5,125.5,-0.643368267027769,0.08333333333333333
573-F,3,84,0.25,-9.5,126.0,-0.5686684476873825,0.10810810810810811
573-F,3,84,0.25,-10.0,124.5,-0.6585436496217709,0.0967741935483871
573-F,3,84,0.25,-10.0,125.0,-0.6209048315862677,0.08571428571428572
573-F,3,84,0.25,-10.0,125.5,-0.4481331777413229,0.125
573-F,3,84,0.25,-10.5,123.5,-0.3739733124415574,0.07692307692307693
573-F,3,84,0.25,-10.5,124.0,-0.4013977743808459,0.05555555555555555
573-F,3,84,0.25,-10.5,124.5,-0.32532297420476874,0.05263157894736842
573-F,3,85,0.25,-8.0,125.0,-0.1636922936625418,0.175
573-F,3,85,0.25,-8.0,125.5,-0.2949533826603403,0.16216216216216217
573-F,3,85,0.25,-8.0,126.0,-0.3208495776330331,0.16666666666666666
573-F,3,85,0.25,-8.0,126.5,-0.08632318860413579,0.14285714285714285
573-F,3,85,0.25,-8.0,127.0,-0.2143620812544551,0.05405405405405406
573-F,3,85,0.25,-8.0,127.5,-0.139655761997036,0.1891891891891892
573-F,3,85,0.25,-8.5,127.5,-0.2814845621250275,0.10810810810810811
573-F,3,85,0.25,-9.0,126.0,-0.3641136800850411,0.0625
573-F,3,85,0.25,-9.0,126.5,-0.3125578991569493,0.08571428571428572
573-F,3,85,0.25,-9.0,127.0,-0.33268032921111845,0.08108108108108109
573-F,3,85,0.25,-9.0,127.5,-0.22670085552014152,0.08108108108108109
573-F,3,85,0.25,-9.5,125.5,-0.34819887176788455,0.08333333333333333
573-F,3,85,0.25,-9.5,126.0,-0.2885695394962122,0.05405405405405406
573-F,3,85,0.25,-10.0,124.5,-0.3644624156652503,0.0967741935483871
573-F,3,85,0.25,-10.0,125.0,-0.3450875698247715,0.05714285714285714
573-F,3,85,0.25,-10.0,125.5,-0.19906757541420772,0.1
573-F,3,85,0.25,-10.5,123.5,-0.1253506532891906,0.07692307692307693
573-F,3,85,0.25,-10.5,124.0,-0.1261897123302318,0.05555555555555555
573-F,3,85,0.25,-10.5,124.5,-0.0737587232118797,0.05263157894736842
573-F,3,86,0.25,-8.0,125.0,-0.09340817712379024,0.125
573-F,3,86,0.25,-8.0,125.5,-0.23313978565977655,0.16216216216216217
573-F,3,86,0.25,-8.0,126.0,-0.29556036688293363,0.16666666666666666
573-F,3,86,0.25,-8.0,126.5,-0.019454299090297944,0.09523809523809523
573-F,3,86,0.25,-8.0,127.0,-0.03400239283168749,0.02702702702702703
573-F,3,86,0.25,-8.0,127.5,0.00935255898780396,0.16216216216216217
573-F,3,86,0.25,-8.5,127.5,-0.060072549155518296,0.08108108108108109
573-F,3,86,0.25,-9.0,126.0,-0.10201426237198419,0.0625
573-F,3,86,0.25,-9.0,126.5,-0.12753900319777767,0.05714285714285714
573-F,3,86,0.25,-9.0,127.0,-0.17807604364412688,0.05405405405405406
573-F,3,86,0.25,-9.0,127.5,-0.0678844448704734,0.05405405405405406
573-F,3,86,0.25,-9.5,125.5,-0.09201060204468003,0.05555555555555555
573-F,3,86,0.25,-9.5,126.0,-0.12187105010264854,0.02702702702702703
573-F,3,86,0.25,-10.0,124.5,-0.0659174030576315,0.06451612903225806
573-F,3,86,0.25,-10.0,125.0,-0.08955289997061544,0.02857142857142857
573-F,3,86,0.25,-10.0,125.5,-0.006206768252465356,0.075
573-F,3,86,0.25,-10.5,123.5,0.07557052237862993,0.05128205128205128
573-F,3,86,0.25,-10.5,124.0,0.10645605691747373,0.027777777777777776
573-F,3,86,0.25,-10.5,124.5,0.09188916164393202,0.02631578947368421
573-F,3,87,0.25,-8.0,125.0,0.039499803771176234,0.15
573-F,3,87,0.25,-8.0,125.5,-0.0573940741232295,0.13513513513513514
573-F,3,87,0.25,-8.0,126.0,-0.1644818424996406,0.16666666666666666
573-F,3,87,0.25,-8.0,126.5,0.16163791482878986,0.11904761904761904
573-F,3,87,0.25,-8.0,127.0,0.09864703187048152,0.05405405405405406
573-F,3,87,0.25,-8.0,127.5,0.25433147156047,0.13513513513513514
573-F,3,87,0.25,-8.5,127.5,0.2163227898307959,0.05405405405405406
573-F,3,87,0.25,-9.0,126.0,0.06384355288281496,0.0625
573-F,3,87,0.25,-9.0,126.5,0.027608126877483263,0.05714285714285714
573-F,3,87,0.25,-9.0,127.0,-0.008424359681948657,0.05405405405405406
573-F,3,87,0.25,-9.0,127.5,0.12181576361762836,0.05405405405405406
573-F,3,87,0.25,-9.5,125.5,0.0960280838665375,0.05555555555555555
573-F,3,87,0.25,-9.5,126.0,0.06367490954192612,0.02702702702702703
573-F,3,87,0.25,-10.0,124.5,0.09593716635242278,0.06451612903225806
573-F,3,87,0.25,-10.0,125.0,0.10157833885336043,0.02857142857142857
573-F,3,87,0.25,-10.0,125.5,0.23126271936500387,0.075
573-F,3,87,0.25,-10.5,123.5,0.26751371022770365,0.05128205128205128
573-F,3,87,0.25,-10.5,124.0,0.3475878641479051,0.027777777777777776
573-F,3,87,0.25,-10.5,124.5,0.3517234371847753,0.02631578947368421
573-F,3,88,0.25,-8.0,125.0,0.05536746900643086,0.175
573-F,3,88,0.25,-8.0,125.5,-0.03586051295663428,0.13513513513513514
573-F,3,88,0.25,-8.0,126.0,-0.10846973689242034,0.16666666666666666
573-F,3,88,0.25,-8.0,126.5,0.3323472839025301,0.09523809523809523
573-F,3,88,0.25,-8.0,127.0,0.24625801853171758,0.02702702702702703
573-F,3,88,0.25,-8.0,127.5,0.4052661575287816,0.10810810810810811
573-F,3,88,0.25,-8.5,127.5,0.4267060989040612,0.02702702702702703
573-F,3,88,0.25,-9.0,126.0,0.22709621147674774,0.03125
573-F,3,88,0.25,-9.0,126.5,0.2797609741916729,0.02857142857142857
573-F,3,88,0.25,-9.0,127.0,0.24211694636672965,0.02702702702702703
573-F,3,88,0.25,-9.0,127.5,0.342279949196003,0.02702702702702703
573-F,3,88,0.25,-9.5,125.5,0.24066384715599531,0.027777777777777776
573-F,3,88,0.25,-9.5,126.0,0.2570729298001163,0.0
573-F,3,88,0.25,-10.0,124.5,0.21716907839440303,0.03225806451612903
573-F,3,88,0.25,-10.0,125.0,0.2537391229875777,0.0
573-F,3,88,0.25,-10.0,125.5,0.37811113553980835,0.05
573-F,3,88,0.25,-10.5,123.5,0.40084409512497177,0.02564102564102564
573-F,3,88,0.25,-10.5,124.0,0.47627495014688603,0.0
573-F,3,88,0.25,-10.5,124.5,0.4838789006875488,0.0
573-F,3,89,0.25,-8.0,125.0,0.03530327531148292,0.175
573-F,3,89,0.25,-8.0,125.5,-0.04961511662629836,0.13513513513513514
573-F,3,89,0.25,-8.0,126.0,-0.11767094526801514,0.16666666666666666
573-F,3,89,0.25,-8.0,126.5,0.3583149232340216,0.09523809523809523
573-F,3,89,0.25,-8.0,127.0,0.2326662890744321,0.02702702702702703
573-F,3,89,0.25,-8.0,127.5,0.44637096774193563,0.10810810810810811
573-F,3,89,0.25,-8.5,127.5,0.48733778486325807,0.02702702702702703
573-F,3,89,0.25,-9.0,126.0,0.30333864597843263,0.03125
573-F,3,89,0.25,-9.0,126.5,0.35283180981297846,0.02857142857142857
573-F,3,89,0.25,-9.0,127.0,0.3144806191206886,0.02702702702702703
573-F,3,89,0.25,-9.0,127.5,0.412616226125716,0.02702702702702703
573-F,3,89,0.25,-9.5,125.5,0.29546621400471074,0.05555555555555555
573-F,3,89,0.25,-9.5,126.0,0.34542596955432914,0.0
573-F,3,89,0.25,-10.0,124.5,0.2663742872719842,0.06451612903225806
573-F,3,89,0.25,-10.0,125.0,0.31077579142124356,0.02857142857142857
573-F,3,89,0.25,-10.0,125.5,0.450829260317836,0.075
573-F,3,89,0.25,-10.5,123.5,0.4554212262124392,0.05128205128205128
573-F,3,89,0.25,-10.5,124.0,0.520279366157756,0.027777777777777776
573-F,3,89,0.25,-10.5,124.5,0.5108904854957965,0.02631578947368421
573-F,3,90,0.25,-8.0,125.0,-0.030043365755871854,0.125
573-F,3,90,0.25,-8.0,125.5,-0.11000199077607076,0.10810810810810811
573-F,3,90,0.25,-8.0,126.0,-0.22952034626989581,0.1388888888888889
573-F,3,90,0.25,-8.0,126.5,0.3410863788324713,0.047619047619047616
573-F,3,90,0.25,-8.0,127.0,0.16681250636391376,0.05405405405405406
573-F,3,90,0.25,-8.0,127.5,0.4496993616778756,0.08108108108108109
573-F,3,90,0.25,-8.5,127.5,0.5261538935483623,0.0
573-F,3,90,0.25,-9.0,126.0,0.3693971558460373,0.0
573-F,3,90,0.25,-9.0,126.5,0.4228082302399949,0.0
573-F,3,90,0.25,-9.0,127.0,0.38061396539280323,0.0
573-F,3,90,0.25,-9.0,127.5,0.4807942318291837,0.0
573-F,3,90,0.25,-9.5,125.5,0.3544063945988616,0.027777777777777776
573-F,3,90,0.25,-9.5,126.0,0.4017285263657866,0.0
573-F,3,90,0.25,-10.0,124.5,0.3150101656027806,0.03225806451612903
573-F,3,90,0.25,-10.0,125.0,0.3611219805354453,0.0
573-F,3,90,0.25,-10.0,125.5,0.5189515015192768,0.025
573-F,3,90,0.25,-10.5,123.5,0.44225435315524797,0.0
573-F,3,90,0.25,-10.5,124.0,0.5158256116049245,0.0
573-F,3,90,0.25,-10.5,124.5,0.5192076326907473,0.0
573-F,3,91,0.25,-8.0,125.0,-0.18503156759960881,0.15
573-F,3,91,0.25,-8.0,125.5,-0.26254354822655057,0.13513513513513514
573-F,3,91,0.25,-8.0,126.0,-0.3996015783905442,0.16666666666666666
573-F,3,91,0.25,-8.0,126.5,0.23093708784061207,0.047619047619047616
573-F,3,91,0.25,-8.0,127.0,0.04986763058751642,0.05405405405405406
573-F,3,91,0.25,-8.0,127.5,0.3802576085717544,0.08108108108108109
573-F,3,91,0.25,-8.5,127.5,0.42925687176051086,0.0
573-F,3,91,0.25,-9.0,126.0,0.32585115890738325,0.0
573-F,3,91,0.25,-9.0,126.5,0.4164578959268712,0.0
573-F,3,91,0.25,-9.0,127.0,0.31426682597541233,0.0
573-F,3,91,0.25,-9.0,127.5,0.41666466965419746,0.0
573-F,3,91,0.25,-9.5,125.5,0.2642039802591468,0.027777777777777776
573-F,3,91,0.25,-9.5,126.0,0.3285872760639966,0.0
573-F,3,91,0.25,-10.0,124.5,0.28649962517889205,0.03225806451612903
573-F,3,91,0.25,-10.0,125.0,0.29400898659393915,0.0
573-F,3,91,0.25,-10.0,125.5,0.46050725250441127,0.025
573-F,3,91,0.25,-10.5,123.5,0.33053653112284886,0.0
573-F,3,91,0.25,-10.5,124.0,0.43921065378348967,0.0
573-F,3,91,0.25,-10.5,124.5,0.418696499229103,0.0
573-F,3,92,0.25,-8.0,125.0,-0.09134981004072773,0.2
573-F,3,92,0.25,-8.0,125.5,-0.15544643153389326,0.16216216216216217
573-F,3,92,0.25,-8.0,126.0,-0.2921515677380466,0.16666666666666666
573-F,3,92,0.25,-8.0,126.5,0.306179627426712,0.09523809523809523
573-F,3,92,0.25,-8.0,127.0,0.17491217798594827,0.05405405405405406
573-F,3,92,0.25,-8.0,127.5,0.4256981648238919,0.08108108108108109
573-F,3,92,0.25,-8.5,127.5,0.4808638124504211,0.0
573-F,3,92,0.25,-9.0,126.0,0.4205549155834559,0.0
573-F,3,92,0.25,-9.0,126.5,0.49133369940889593,0.0
573-F,3,92,0.25,-9.0,127.0,0.4072016448425816,0.0
573-F,3,92,0.25,-9.0,127.5,0.4673548371636036,0.0
573-F,3,92,0.25,-9.5,125.5,0.3698329472015609,0.027777777777777776
573-F,3,92,0.25,-9.5,126.0,0.4457496145768075,0.0
573-F,3,92,0.25,-10.0,124.5,0.3909327366484181,0.03225806451612903
573-F,3,92,0.25,-10.0,125.0,0.38510936445614596,0.0
573-F,3,92,0.25,-10.0,125.5,0.5010457361587939,0.025
573-F,3,92,0.25,-10.5,123.5,0.39976370390962634,0.0
573-F,3,92,0.25,-10.5,124.0,0.5239263494939204,0.0
573-F,3,92,0.25,-10.5,124.5,0.43998415500994714,0.0
573-F,3,93,0.25,-8.0,125.0,-0.04916631247771064,0.2
573-F,3,93,0.25,-8.0,125.5,-0.20749858986695013,0.1891891891891892
573-F,3,93,0.25,-8.0,126.0,-0.3121673370759712,0.2222222222222222
573-F,3,93,0.25,-8.0,126.5,0.42434915473957935,0.11904761904761904
573-F,3,93,0.25,-8.0,127.0,0.3364537725282557,0.05405405405405406
573-F,3,93,0.25,-8.0,127.5,0.5075173828792889,0.10810810810810811
573-F,3,93,0.25,-8.5,127.5,0.6112612924840001,0.0
573-F,3,93,0.25,-9.0,126.0,0.5460155879032361,0.0
573-F,3,93,0.25,-9.0,126.5,0.53028069382086,0.0
573-F,3,93,0.25,-9.0,127.0,0.4858290018741017,0.0
573-F,3,93,0.25,-9.0,127.5,0.5887811833497091,0.0
573-F,3,93,0.25,-9.5,125.5,0.5072231242659753,0.027777777777777776
573-F,3,93,0.25,-9.5,126.0,0.6042804460652116,0.0
573-F,3,93,0.25,-10.0,124.5,0.41937370800299856,0.03225806451612903
573-F,3,93,0.25,-10.0,125.0,0.547346474098203,0.0
573-F,3,93,0.25,-10.0,125.5,0.6156200848991187,0.025
573-F,3,93,0.25,-10.5,123.5,0.3961244913947789,0.05128205128205128
573-F,3,93,0.25,-10.5,124.0,0.5063126309233992,0.027777777777777776
573-F,3,93,0.25,-10.5,124.5,0.5187496594652463,0.0
573-F,3,94,0.25,-8.0,125.0,0.16677821583216512,0.2
573-F,3,94,0.25,-8.0,125.5,0.06760177842662318,0.1891891891891892
573-F,3,94,0.25,-8.0,126.0,-0.05552591470354207,0.2222222222222222
573-F,3,94,0.25,-8.0,126.5,0.5091128111732885,0.14285714285714285
573-F,3,94,0.25,-8.0,127.0,0.5082746792587313,0.05405405405405406
573-F,3,94,0.25,-8.0,127.5,0.619880599566853,0.13513513513513514
573-F,3,94,0.25,-8.5,127.5,0.7608249963417358,0.02702702702702703
573-F,3,94,0.25,-9.0,126.0,0.6737299502638868,0.0
573-F,3,94,0.25,-9.0,126.5,0.6602525921379889,0.02857142857142857
573-F,3,94,0.25,-9.0,127.0,0.6488349031714167,0.02702702702702703
573-F,3,94,0.25,-9.0,127.5,0.7138455870018454,0.02702702702702703
573-F,3,94,0.25,-9.5,125.5,0.6847640531642484,0.027777777777777776
573-F,3,94,0.25,-9.5,126.0,0.7614084475927028,0.0
573-F,3,94,0.25,-10.0,124.5,0.5819055110061109,0.06451612903225806
573-F,3,94,0.25,-10.0,125.0,0.709103688401742,0.0
573-F,3,94,0.25,-10.0,125.5,0.810314453708558,0.025
573-F,3,94,0.25,-10.5,123.5,0.66384195961485,0.07692307692307693
573-F,3,94,0.25,-10.5,124.0,0.7752756861486976,0.05555555555555555
573-F,3,94,0.25,-10.5,124.5,0.7272541191820097,0.0
573-F,3,95,0.0,-8.0,125.0,0.16739214335614794,0.175
573-F,3,95,0.0,-8.0,125.5,0.07071236603736009,0.13513513513513514
573-F,3,95,0.0,-8.0,126.0,-0.08692437819461096,0.1388888888888889
573-F,3,95,0.0,-8.0,126.5,0.46932143055870956,0.14285714285714285
573-F,3,95,0.0,-8.0,127.0,0.5980297322064962,0.02702702702702703
573-F,3,95,0.0,-8.0,127.5,0.5964436338766672,0.08108108108108109
573-F,3,95,0.0,-8.5,127.5,0.7853053302834963,0.02702702702702703
573-F,3,95,0.0,-9.0,126.0,0.6919273138338695,0.0625
573-F,3,95,0.0,-9.0,126.5,0.7332019768080364,0.05714285714285714
573-F,3,95,0.0,-9.0,127.0,0.7253319100673827,0.05405405405405406
573-F,3,95,0.0,-9.0,127.5,0.7911045076565459,0.05405405405405406
573-F,3,95,0.0,-9.5,125.5,0.7161385967051515,0.08333333333333333
573-F,3,95,0.0,-9.5,126.0,0.8013267710136511,0.05405405405405406
573-F,3,95,0.0,-10.0,124.5,0.6020308489130188,0.0967741935483871
573-F,3,95,0.0,-10.0,125.0,0.7577798417379005,0.05714285714285714
573-F,3,95,0.0,-10.0,125.5,0.8351232051954202,0.075
573-F,3,95,0.0,-10.5,123.5,0.6498268846824535,0.1282051282051282
573-F,3,95,0.0,-10.5,124.0,0.7627998263790599,0.08333333333333333
573-F,3,95,0.0,-10.5,124.5,0.7576261377542229,0.02631578947368421
573-F,3,95,0.25,-8.0,125.0,0.30910680873307816,0.225
573-F,3,95,0.25,-8.0,125.5,0.2311689173496133,0.21621621621621623
573-F,3,95,0.25,-8.0,126.0,0.11856502666766233,0.25
573-F,3,95,0.25,-8.0,126.5,0.5379709238235457,0.19047619047619047
573-F,3,95,0.25,-8.0,127.0,0.5409072395886365,0.05405405405405406
573-F,3,95,0.25,-8.0,127.5,0.6360424028268553,0.13513513513513514
573-F,3,95,0.25,-8.5,127.5,0.7125528522908435,0.02702702702702703
573-F,3,95,0.25,-9.0,126.0,0.6125331562132841,0.0625
573-F,3,95,0.25,-9.0,126.5,0.6172912561775251,0.05714285714285714
573-F,3,95,0.25,-9.0,127.0,0.6101201487151184,0.05405405405405406
573-F,3,95,0.25,-9.0,127.5,0.6717630424884373,0.05405405405405406
573-F,3,95,0.25,-9.5,125.5,0.6603045841649606,0.08333333333333333
573-F,3,95,0.25,-9.5,126.0,0.7030119027518504,0.05405405405405406
573-F,3,95,0.25,-10.0,124.5,0.5631857522546059,0.0967741935483871
573-F,3,95,0.25,-10.0,125.0,0.6939906767410233,0.05714285714285714
573-F,3,95,0.25,-10.0,125.5,0.810025537384363,0.075
573-F,3,95,0.25,-10.5,123.5,0.695089590335869,0.1282051282051282
573-F,3,95,0.25,-10.5,124.0,0.7945045198059975,0.08333333333333333
573-F,3,95,0.25,-10.5,124.5,0.7972091612316092,0.02631578947368421
573-F,3,95,0.5,-8.0,125.0,0.36130693282134707,0.375
573-F,3,95,0.5,-8.0,125.5,0.27575732439696066,0.35135135135135137
573-F,3,95,0.5,-8.0,126.0,0.2050578421500201,0.3333333333333333
573-F,3,95,0.5,-8.0,126.5,0.477735685615158,0.30952380952380953
573-F,3,95,0.5,-8.0,127.0,0.3767707590876691,0.1891891891891892
573-F,3,95,0.5,-8.0,127.5,0.5530619514419244,0.21621621621621623
573-F,3,95,0.5,-8.5,127.5,0.5704905154686815,0.13513513513513514
573-F,3,95,0.5,-9.0,126.0,0.4531294157477127,0.1875
573-F,3,95,0.5,-9.0,126.5,0.43887076455957896,0.14285714285714285
573-F,3,95,0.5,-9.0,127.0,0.43806215467100107,0.10810810810810811
573-F,3,95,0.5,-9.0,127.5,0.5032246758848764,0.10810810810810811
573-F,3,95,0.5,-9.5,125.5,0.5024242871536847,0.1388888888888889
573-F,3,95,0.5,-9.5,126.0,0.524584240018052,0.13513513513513514
573-F,3,95,0.5,-10.0,124.5,0.4049899479793736,0.1935483870967742
573-F,3,95,0.5,-10.0,125.0,0.5242804892274573,0.11428571428571428
573-F,3,95,0.5,-10.0,125.5,0.6480703208239611,0.125
573-F,3,95,0.5,-10.5,123.5,0.5943431095049156,0.20512820512820512
573-F,3,95,0.5,-10.5,124.0,0.6524325803468645,0.1111111111111111
573-F,3,95,0.5,-10.5,124.5,0.690781190406418,0.15789473684210525
573-F,3,96,0.25,-8.0,125.0,0.23823644840484692,0.25
573-F,3,96,0.25,-8.0,125.5,0.18147914662065745,0.21621621621621623
573-F,3,96,0.25,-8.0,126.0,0.09790828655035722,0.19444444444444445
573-F,3,96,0.25,-8.0,126.5,0.5895603081767911,0.16666666666666666
573-F,3,96,0.25,-8.0,127.0,0.5814580999898176,0.10810810810810811
573-F,3,96,0.25,-8.0,127.5,0.6177818306166649,0.10810810810810811
573-F,3,96,0.25,-8.5,127.5,0.6620056529809077,0.05405405405405406
573-F,3,96,0.25,-9.0,126.0,0.5486781268694079,0.125
573-F,3,96,0.25,-9.0,126.5,0.5596563196485674,0.11428571428571428
573-F,3,96,0.25,-9.0,127.0,0.5596103809460271,0.08108108108108109
573-F,3,96,0.25,-9.0,127.5,0.5864746339476146,0.08108108108108109
573-F,3,96,0.25,-9.5,125.5,0.5885803400098834,0.1111111111111111
573-F,3,96,0.25,-9.5,126.0,0.6283037118975443,0.10810810810810811
573-F,3,96,0.25,-10.0,124.5,0.49449126553235967,0.16129032258064516
573-F,3,96,0.25,-10.0,125.0,0.626563166777658,0.11428571428571428
573-F,3,96,0.25,-10.0,125.5,0.7058690884901373,0.15
573-F,3,96,0.25,-10.5,123.5,0.7241022012181253,0.20512820512820512
573-F,3,96,0.25,-10.5,124.0,0.7127013782734781,0.16666666666666666
573-F,3,96,0.25,-10.5,124.5,0.7639170111283076,0.13157894736842105
573-F,3,97,0.25,-8.0,125.0,0.24665230369382452,0.25
573-F,3,97,0.25,-8.0,125.5,0.18269352002388917,0.21621621621621623
573-F,3,97,0.25,-8.0,126.0,0.10593498881032537,0.19444444444444445
573-F,3,97,0.25,-8.0,126.5,0.49657188661283747,0.19047619047619047
573-F,3,97,0.25,-8.0,127.0,0.49888631503920167,0.16216216216216217
573-F,3,97,0.25,-8.0,127.5,0.5243417303089024,0.16216216216216217
573-F,3,97,0.25,-8.5,127.5,0.5792842124719855,0.16216216216216217
573-F,3,97,0.25,-9.0,126.0,0.4791881551445385,0.25
573-F,3,97,0.25,-9.0,126.5,0.5060008398204079,0.22857142857142856
573-F,3,97,0.25,-9.0,127.0,0.5122483760818539,0.1891891891891892
573-F,3,97,0.25,-9.0,127.5,0.5270255697476576,0.1891891891891892
573-F,3,97,0.25,-9.5,125.5,0.5193910883781825,0.19444444444444445
573-F,3,97,0.25,-9.5,126.0,0.5516009461606799,0.1891891891891892
573-F,3,97,0.25,-10.0,124.5,0.43320801435678435,0.22580645161290322
573-F,3,97,0.25,-10.0,125.0,0.5186767882746065,0.2
573-F,3,97,0.25,-10.0,125.5,0.5976931793197922,0.275
573-F,3,97,0.25,-10.5,123.5,0.6261530491040967,0.28205128205128205
573-F,3,97,0.25,-10.5,124.0,0.6001434259940743,0.2222222222222222
573-F,3,97,0.25,-10.5,124.5,0.6591633668542245,0.21052631578947367
