tanggal,zona,swh_indeks,ambang_m,terpicu,tahun,bulan,musim
2021-01-01,1,2.16085,2.98714,0,2021,1,Barat
2021-01-02,1,1.78401,2.98714,0,2021,1,Barat
2021-01-03,1,1.59359,2.98714,0,2021,1,Barat
2021-01-04,1,1.68687,2.98714,0,2021,1,Barat
2021-01-05,1,1.64545,2.98714,0,2021,1,Barat
2021-01-06,1,1.87055,2.98714,0,2021,1,Barat
2021-01-07,1,2.38378,2.98714,0,2021,1,Barat
2021-01-08,1,2.37215,2.98714,0,2021,1,Barat
2021-01-09,1,2.22369,2.98714,0,2021,1,Barat
2021-01-10,1,2.18192,2.98714,0,2021,1,Barat
2021-01-11,1,1.93766,2.98714,0,2021,1,Barat
2021-01-12,1,2.00100,2.98714,0,2021,1,Barat
2021-01-13,1,2.10957,2.98714,0,2021,1,Barat
2021-01-14,1,1.97557,2.98714,0,2021,1,Barat
2021-01-15,1,2.12637,2.98714,0,2021,1,Barat
2021-01-16,1,2.12906,2.98714,0,2021,1,Barat
2021-01-17,1,1.98330,2.98714,0,2021,1,Barat
2021-01-18,1,1.81489,2.98714,0,2021,1,Barat
2021-01-19,1,1.91678,2.98714,0,2021,1,Barat
2021-01-20,1,2.00081,2.98714,0,2021,1,Barat
2021-01-21,1,1.75212,2.98714,0,2021,1,Barat
2021-01-22,1,2.07910,2.98714,0,2021,1,Barat
2021-01-23,1,2.14848,2.98714,0,2021,1,Barat
2021-01-24,1,2.05334,2.98714,0,2021,1,Barat
2021-01-25,1,2.23823,2.98714,0,2021,1,Barat
2021-01-26,1,2.21210,2.98714,0,2021,1,Barat
2021-01-27,1,2.15907,2.98714,0,2021,1,Barat
2021-01-28,1,1.87193,2.98714,0,2021,1,Barat
2021-01-29,1,2.16221,2.98714,0,2021,1,Barat
2021-01-30,1,2.58621,2.98714,0,2021,1,Barat
2021-01-31,1,2.75101,2.98714,0,2021,1,Barat
2021-02-01,1,2.43469,2.98714,0,2021,2,Barat
2021-02-02,1,2.33307,2.98714,0,2021,2,Barat
2021-02-03,1,2.35147,2.98714,0,2021,2,Barat
2021-02-04,1,2.22521,2.98714,0,2021,2,Barat
2021-02-05,1,2.17877,2.98714,0,2021,2,Barat
2021-02-06,1,2.38717,2.98714,0,2021,2,Barat
2021-02-07,1,2.52406,2.98714,0,2021,2,Barat
2021-02-08,1,2.43908,2.98714,0,2021,2,Barat
2021-02-09,1,2.14783,2.98714,0,2021,2,Barat
2021-02-10,1,1.85286,2.98714,0,2021,2,Barat
2021-02-11,1,1.67612,2.98714,0,2021,2,Barat
2021-02-12,1,1.75269,2.98714,0,2021,2,Barat
2021-02-13,1,1.85524,2.98714,0,2021,2,Barat
2021-02-14,1,1.75646,2.98714,0,2021,2,Barat
2021-02-15,1,1.77035,2.98714,0,2021,2,Barat
2021-02-16,1,2.20001,2.98714,0,2021,2,Barat
2021-02-17,1,2.31644,2.98714,0,2021,2,Barat
2021-02-18,1,2.31871,2.98714,0,2021,2,Barat
2021-02-19,1,2.60114,2.98714,0,2021,2,Barat
2021-02-20,1,2.44431,2.98714,0,2021,2,Barat
2021-02-21,1,2.18174,2.98714,0,2021,2,Barat
2021-02-22,1,2.43746,2.98714,0,2021,2,Barat
2021-02-23,1,2.51883,2.98714,0,2021,2,Barat
2021-02-24,1,2.25522,2.98714,0,2021,2,Barat
2021-02-25,1,2.79168,2.98714,0,2021,2,Barat
2021-02-26,1,2.67926,2.98714,0,2021,2,Barat
2021-02-27,1,2.45561,2.98714,0,2021,2,Barat
2021-02-28,1,2.51697,2.98714,0,2021,2,Barat
2021-03-01,1,2.48422,2.98714,0,2021,3,Peralihan I
2021-03-02,1,2.21430,2.98714,0,2021,3,Peralihan I
2021-03-03,1,1.93489,2.98714,0,2021,3,Peralihan I
2021-03-04,1,1.84159,2.98714,0,2021,3,Peralihan I
2021-03-05,1,1.81261,2.98714,0,2021,3,Peralihan I
2021-03-06,1,1.68845,2.98714,0,2021,3,Peralihan I
2021-03-07,1,1.67891,2.98714,0,2021,3,Peralihan I
2021-03-08,1,2.15737,2.98714,0,2021,3,Peralihan I
2021-03-09,1,2.13236,2.98714,0,2021,3,Peralihan I
2021-03-10,1,1.81135,2.98714,0,2021,3,Peralihan I
2021-03-11,1,1.70757,2.98714,0,2021,3,Peralihan I
2021-03-12,1,1.59662,2.98714,0,2021,3,Peralihan I
2021-03-13,1,1.50585,2.98714,0,2021,3,Peralihan I
2021-03-14,1,1.54966,2.98714,0,2021,3,Peralihan I
2021-03-15,1,1.60439,2.98714,0,2021,3,Peralihan I
2021-03-16,1,1.57820,2.98714,0,2021,3,Peralihan I
2021-03-17,1,1.38854,2.98714,0,2021,3,Peralihan I
2021-03-18,1,1.28740,2.98714,0,2021,3,Peralihan I
2021-03-19,1,1.54579,2.98714,0,2021,3,Peralihan I
2021-03-20,1,1.72157,2.98714,0,2021,3,Peralihan I
2021-03-21,1,1.93380,2.98714,0,2021,3,Peralihan I
2021-03-22,1,2.24734,2.98714,0,2021,3,Peralihan I
2021-03-23,1,2.23862,2.98714,0,2021,3,Peralihan I
2021-03-24,1,1.93804,2.98714,0,2021,3,Peralihan I
2021-03-25,1,1.85798,2.98714,0,2021,3,Peralihan I
2021-03-26,1,1.67255,2.98714,0,2021,3,Peralihan I
2021-03-27,1,1.49901,2.98714,0,2021,3,Peralihan I
2021-03-28,1,1.40536,2.98714,0,2021,3,Peralihan I
2021-03-29,1,1.26389,2.98714,0,2021,3,Peralihan I
2021-03-30,1,1.36354,2.98714,0,2021,3,Peralihan I
2021-03-31,1,1.80430,2.98714,0,2021,3,Peralihan I
2021-04-01,1,2.08405,2.98714,0,2021,4,Peralihan I
2021-04-02,1,2.16515,2.98714,0,2021,4,Peralihan I
2021-04-03,1,2.48903,2.98714,0,2021,4,Peralihan I
2021-04-04,1,2.94531,2.98714,0,2021,4,Peralihan I
2021-04-05,1,2.90789,2.98714,0,2021,4,Peralihan I
2021-04-06,1,2.56735,2.98714,0,2021,4,Peralihan I
2021-04-07,1,2.41687,2.98714,0,2021,4,Peralihan I
2021-04-08,1,2.61374,2.98714,0,2021,4,Peralihan I
2021-04-09,1,2.65352,2.98714,0,2021,4,Peralihan I
2021-04-10,1,2.66424,2.98714,0,2021,4,Peralihan I
2021-04-11,1,2.56726,2.98714,0,2021,4,Peralihan I
2021-04-12,1,2.12374,2.98714,0,2021,4,Peralihan I
2021-04-13,1,1.75125,2.98714,0,2021,4,Peralihan I
2021-04-14,1,2.13475,2.98714,0,2021,4,Peralihan I
2021-04-15,1,2.32469,2.98714,0,2021,4,Peralihan I
2021-04-16,1,2.19796,2.98714,0,2021,4,Peralihan I
2021-04-17,1,1.97611,2.98714,0,2021,4,Peralihan I
2021-04-18,1,1.90973,2.98714,0,2021,4,Peralihan I
2021-04-19,1,1.94820,2.98714,0,2021,4,Peralihan I
2021-04-20,1,1.86275,2.98714,0,2021,4,Peralihan I
2021-04-21,1,1.79186,2.98714,0,2021,4,Peralihan I
2021-04-22,1,1.68061,2.98714,0,2021,4,Peralihan I
2021-04-23,1,1.66108,2.98714,0,2021,4,Peralihan I
2021-04-24,1,1.90039,2.98714,0,2021,4,Peralihan I
2021-04-25,1,1.95256,2.98714,0,2021,4,Peralihan I
2021-04-26,1,2.06949,2.98714,0,2021,4,Peralihan I
2021-04-27,1,2.49189,2.98714,0,2021,4,Peralihan I
2021-04-28,1,2.55725,2.98714,0,2021,4,Peralihan I
2021-04-29,1,2.49287,2.98714,0,2021,4,Peralihan I
2021-04-30,1,2.59519,2.98714,0,2021,4,Peralihan I
2021-05-01,1,2.24584,2.98714,0,2021,5,Peralihan I
2021-05-02,1,1.92576,2.98714,0,2021,5,Peralihan I
2021-05-03,1,2.16339,2.98714,0,2021,5,Peralihan I
2021-05-04,1,2.60707,2.98714,0,2021,5,Peralihan I
2021-05-05,1,2.51122,2.98714,0,2021,5,Peralihan I
2021-05-06,1,2.26622,2.98714,0,2021,5,Peralihan I
2021-05-07,1,2.16113,2.98714,0,2021,5,Peralihan I
2021-05-08,1,2.47986,2.98714,0,2021,5,Peralihan I
2021-05-09,1,2.80202,2.98714,0,2021,5,Peralihan I
2021-05-10,1,2.73442,2.98714,0,2021,5,Peralihan I
2021-05-11,1,2.32729,2.98714,0,2021,5,Peralihan I
2021-05-12,1,2.00369,2.98714,0,2021,5,Peralihan I
2021-05-13,1,1.94861,2.98714,0,2021,5,Peralihan I
2021-05-14,1,2.56823,2.98714,0,2021,5,Peralihan I
2021-05-15,1,2.78018,2.98714,0,2021,5,Peralihan I
2021-05-16,1,2.48738,2.98714,0,2021,5,Peralihan I
2021-05-17,1,2.22763,2.98714,0,2021,5,Peralihan I
2021-05-18,1,2.06088,2.98714,0,2021,5,Peralihan I
2021-05-19,1,1.81583,2.98714,0,2021,5,Peralihan I
2021-05-20,1,1.90876,2.98714,0,2021,5,Peralihan I
2021-05-21,1,1.99553,2.98714,0,2021,5,Peralihan I
2021-05-22,1,1.91348,2.98714,0,2021,5,Peralihan I
2021-05-23,1,1.65767,2.98714,0,2021,5,Peralihan I
2021-05-24,1,2.35223,2.98714,0,2021,5,Peralihan I
2021-05-25,1,3.24672,2.98714,1,2021,5,Peralihan I
2021-05-26,1,3.30751,2.98714,1,2021,5,Peralihan I
2021-05-27,1,2.73225,2.98714,0,2021,5,Peralihan I
2021-05-28,1,2.08888,2.98714,0,2021,5,Peralihan I
2021-05-29,1,2.66553,2.98714,0,2021,5,Peralihan I
2021-05-30,1,3.15797,2.98714,1,2021,5,Peralihan I
2021-05-31,1,3.05342,2.98714,1,2021,5,Peralihan I
2021-06-01,1,2.74734,2.98714,0,2021,6,Timur
2021-06-02,1,2.52661,2.98714,0,2021,6,Timur
2021-06-03,1,2.56501,2.98714,0,2021,6,Timur
2021-06-04,1,2.44919,2.98714,0,2021,6,Timur
2021-06-05,1,2.14883,2.98714,0,2021,6,Timur
2021-06-06,1,1.74207,2.98714,0,2021,6,Timur
2021-06-07,1,1.71205,2.98714,0,2021,6,Timur
2021-06-08,1,1.65235,2.98714,0,2021,6,Timur
2021-06-09,1,1.94255,2.98714,0,2021,6,Timur
2021-06-10,1,2.06294,2.98714,0,2021,6,Timur
2021-06-11,1,2.06774,2.98714,0,2021,6,Timur
2021-06-12,1,2.22366,2.98714,0,2021,6,Timur
2021-06-13,1,2.31679,2.98714,0,2021,6,Timur
2021-06-14,1,2.29869,2.98714,0,2021,6,Timur
2021-06-15,1,2.42852,2.98714,0,2021,6,Timur
2021-06-16,1,2.81906,2.98714,0,2021,6,Timur
2021-06-17,1,2.81715,2.98714,0,2021,6,Timur
2021-06-18,1,3.03117,2.98714,1,2021,6,Timur
2021-06-19,1,2.91254,2.98714,0,2021,6,Timur
2021-06-20,1,2.28806,2.98714,0,2021,6,Timur
2021-06-21,1,2.24504,2.98714,0,2021,6,Timur
2021-06-22,1,2.86135,2.98714,0,2021,6,Timur
2021-06-23,1,2.87960,2.98714,0,2021,6,Timur
2021-06-24,1,2.62231,2.98714,0,2021,6,Timur
2021-06-25,1,2.17724,2.98714,0,2021,6,Timur
2021-06-26,1,2.15938,2.98714,0,2021,6,Timur
2021-06-27,1,2.27273,2.98714,0,2021,6,Timur
2021-06-28,1,2.46980,2.98714,0,2021,6,Timur
2021-06-29,1,2.65698,2.98714,0,2021,6,Timur
2021-06-30,1,2.66721,2.98714,0,2021,6,Timur
2021-07-01,1,2.90273,2.98714,0,2021,7,Timur
2021-07-02,1,2.92564,2.98714,0,2021,7,Timur
2021-07-03,1,2.34936,2.98714,0,2021,7,Timur
2021-07-04,1,1.99839,2.98714,0,2021,7,Timur
2021-07-05,1,1.98536,2.98714,0,2021,7,Timur
2021-07-06,1,2.32151,2.98714,0,2021,7,Timur
2021-07-07,1,2.69880,2.98714,0,2021,7,Timur
2021-07-08,1,2.66184,2.98714,0,2021,7,Timur
2021-07-09,1,2.32900,2.98714,0,2021,7,Timur
2021-07-10,1,2.17674,2.98714,0,2021,7,Timur
2021-07-11,1,2.63908,2.98714,0,2021,7,Timur
2021-07-12,1,2.76403,2.98714,0,2021,7,Timur
2021-07-13,1,3.39215,2.98714,1,2021,7,Timur
2021-07-14,1,3.41053,2.98714,1,2021,7,Timur
2021-07-15,1,3.08499,2.98714,1,2021,7,Timur
2021-07-16,1,2.97786,2.98714,0,2021,7,Timur
2021-07-17,1,2.56644,2.98714,0,2021,7,Timur
2021-07-18,1,2.50446,2.98714,0,2021,7,Timur
2021-07-19,1,2.48433,2.98714,0,2021,7,Timur
2021-07-20,1,2.19841,2.98714,0,2021,7,Timur
2021-07-21,1,1.99907,2.98714,0,2021,7,Timur
2021-07-22,1,2.07138,2.98714,0,2021,7,Timur
2021-07-23,1,2.19236,2.98714,0,2021,7,Timur
2021-07-24,1,2.62460,2.98714,0,2021,7,Timur
2021-07-25,1,2.85930,2.98714,0,2021,7,Timur
2021-07-26,1,2.89234,2.98714,0,2021,7,Timur
2021-07-27,1,2.78330,2.98714,0,2021,7,Timur
2021-07-28,1,2.94288,2.98714,0,2021,7,Timur
2021-07-29,1,3.43720,2.98714,1,2021,7,Timur
2021-07-30,1,3.25312,2.98714,1,2021,7,Timur
2021-07-31,1,3.81444,2.98714,1,2021,7,Timur
2021-08-01,1,3.91399,2.98714,1,2021,8,Timur
2021-08-02,1,3.67238,2.98714,1,2021,8,Timur
2021-08-03,1,3.18275,2.98714,1,2021,8,Timur
2021-08-04,1,3.00903,2.98714,1,2021,8,Timur
2021-08-05,1,2.66471,2.98714,0,2021,8,Timur
2021-08-06,1,2.24392,2.98714,0,2021,8,Timur
2021-08-07,1,2.20290,2.98714,0,2021,8,Timur
2021-08-08,1,2.23526,2.98714,0,2021,8,Timur
2021-08-09,1,2.34149,2.98714,0,2021,8,Timur
2021-08-10,1,3.77328,2.98714,1,2021,8,Timur
2021-08-11,1,4.46795,2.98714,1,2021,8,Timur
2021-08-12,1,4.34482,2.98714,1,2021,8,Timur
2021-08-13,1,3.51655,2.98714,1,2021,8,Timur
2021-08-14,1,2.88730,2.98714,0,2021,8,Timur
2021-08-15,1,2.56252,2.98714,0,2021,8,Timur
2021-08-16,1,2.69289,2.98714,0,2021,8,Timur
2021-08-17,1,2.72609,2.98714,0,2021,8,Timur
2021-08-18,1,2.36167,2.98714,0,2021,8,Timur
2021-08-19,1,2.29945,2.98714,0,2021,8,Timur
2021-08-20,1,2.51778,2.98714,0,2021,8,Timur
2021-08-21,1,2.45690,2.98714,0,2021,8,Timur
2021-08-22,1,2.42170,2.98714,0,2021,8,Timur
2021-08-23,1,2.61829,2.98714,0,2021,8,Timur
2021-08-24,1,2.92237,2.98714,0,2021,8,Timur
2021-08-25,1,2.82157,2.98714,0,2021,8,Timur
2021-08-26,1,2.52540,2.98714,0,2021,8,Timur
2021-08-27,1,2.39707,2.98714,0,2021,8,Timur
2021-08-28,1,2.65918,2.98714,0,2021,8,Timur
2021-08-29,1,2.94812,2.98714,0,2021,8,Timur
2021-08-30,1,2.85864,2.98714,0,2021,8,Timur
2021-08-31,1,2.46260,2.98714,0,2021,8,Timur
2021-09-01,1,2.51917,2.98714,0,2021,9,Peralihan II
2021-09-02,1,3.07634,2.98714,1,2021,9,Peralihan II
2021-09-03,1,3.59064,2.98714,1,2021,9,Peralihan II
2021-09-04,1,3.63241,2.98714,1,2021,9,Peralihan II
2021-09-05,1,3.34543,2.98714,1,2021,9,Peralihan II
2021-09-06,1,2.65185,2.98714,0,2021,9,Peralihan II
2021-09-07,1,2.48419,2.98714,0,2021,9,Peralihan II
2021-09-08,1,2.43150,2.98714,0,2021,9,Peralihan II
2021-09-09,1,2.91838,2.98714,0,2021,9,Peralihan II
2021-09-10,1,3.03316,2.98714,1,2021,9,Peralihan II
2021-09-11,1,2.99571,2.98714,1,2021,9,Peralihan II
2021-09-12,1,2.74595,2.98714,0,2021,9,Peralihan II
2021-09-13,1,2.61664,2.98714,0,2021,9,Peralihan II
2021-09-14,1,2.49909,2.98714,0,2021,9,Peralihan II
2021-09-15,1,2.57479,2.98714,0,2021,9,Peralihan II
2021-09-16,1,2.83326,2.98714,0,2021,9,Peralihan II
2021-09-17,1,3.32570,2.98714,1,2021,9,Peralihan II
2021-09-18,1,3.55201,2.98714,1,2021,9,Peralihan II
2021-09-19,1,3.31814,2.98714,1,2021,9,Peralihan II
2021-09-20,1,2.83933,2.98714,0,2021,9,Peralihan II
2021-09-21,1,2.37670,2.98714,0,2021,9,Peralihan II
2021-09-22,1,2.11539,2.98714,0,2021,9,Peralihan II
2021-09-23,1,2.16794,2.98714,0,2021,9,Peralihan II
2021-09-24,1,2.13345,2.98714,0,2021,9,Peralihan II
2021-09-25,1,2.13462,2.98714,0,2021,9,Peralihan II
2021-09-26,1,2.03743,2.98714,0,2021,9,Peralihan II
2021-09-27,1,2.08596,2.98714,0,2021,9,Peralihan II
2021-09-28,1,2.20230,2.98714,0,2021,9,Peralihan II
2021-09-29,1,2.21493,2.98714,0,2021,9,Peralihan II
2021-09-30,1,2.27735,2.98714,0,2021,9,Peralihan II
2021-10-01,1,2.09101,2.98714,0,2021,10,Peralihan II
2021-10-02,1,2.65258,2.98714,0,2021,10,Peralihan II
2021-10-03,1,2.83527,2.98714,0,2021,10,Peralihan II
2021-10-04,1,2.62945,2.98714,0,2021,10,Peralihan II
2021-10-05,1,2.28514,2.98714,0,2021,10,Peralihan II
2021-10-06,1,2.39547,2.98714,0,2021,10,Peralihan II
2021-10-07,1,2.44107,2.98714,0,2021,10,Peralihan II
2021-10-08,1,2.30508,2.98714,0,2021,10,Peralihan II
2021-10-09,1,2.53495,2.98714,0,2021,10,Peralihan II
2021-10-10,1,2.63858,2.98714,0,2021,10,Peralihan II
2021-10-11,1,2.49614,2.98714,0,2021,10,Peralihan II
2021-10-12,1,2.21310,2.98714,0,2021,10,Peralihan II
2021-10-13,1,2.07378,2.98714,0,2021,10,Peralihan II
2021-10-14,1,2.21418,2.98714,0,2021,10,Peralihan II
2021-10-15,1,2.12300,2.98714,0,2021,10,Peralihan II
2021-10-16,1,2.00418,2.98714,0,2021,10,Peralihan II
2021-10-17,1,2.01661,2.98714,0,2021,10,Peralihan II
2021-10-18,1,1.85643,2.98714,0,2021,10,Peralihan II
2021-10-19,1,2.07598,2.98714,0,2021,10,Peralihan II
2021-10-20,1,2.48557,2.98714,0,2021,10,Peralihan II
2021-10-21,1,2.68102,2.98714,0,2021,10,Peralihan II
2021-10-22,1,2.56287,2.98714,0,2021,10,Peralihan II
2021-10-23,1,2.67387,2.98714,0,2021,10,Peralihan II
2021-10-24,1,2.66041,2.98714,0,2021,10,Peralihan II
2021-10-25,1,2.26984,2.98714,0,2021,10,Peralihan II
2021-10-26,1,2.17537,2.98714,0,2021,10,Peralihan II
2021-10-27,1,2.24662,2.98714,0,2021,10,Peralihan II
2021-10-28,1,2.21769,2.98714,0,2021,10,Peralihan II
2021-10-29,1,2.02427,2.98714,0,2021,10,Peralihan II
2021-10-30,1,1.85921,2.98714,0,2021,10,Peralihan II
2021-10-31,1,1.77616,2.98714,0,2021,10,Peralihan II
2021-11-01,1,1.78213,2.98714,0,2021,11,Peralihan II
2021-11-02,1,1.75385,2.98714,0,2021,11,Peralihan II
2021-11-03,1,1.71345,2.98714,0,2021,11,Peralihan II
2021-11-04,1,1.88608,2.98714,0,2021,11,Peralihan II
2021-11-05,1,2.21745,2.98714,0,2021,11,Peralihan II
2021-11-06,1,2.34547,2.98714,0,2021,11,Peralihan II
2021-11-07,1,2.45798,2.98714,0,2021,11,Peralihan II
2021-11-08,1,2.35764,2.98714,0,2021,11,Peralihan II
2021-11-09,1,2.31017,2.98714,0,2021,11,Peralihan II
2021-11-10,1,2.20603,2.98714,0,2021,11,Peralihan II
2021-11-11,1,2.03912,2.98714,0,2021,11,Peralihan II
2021-11-12,1,1.66172,2.98714,0,2021,11,Peralihan II
2021-11-13,1,1.41353,2.98714,0,2021,11,Peralihan II
2021-11-14,1,1.30787,2.98714,0,2021,11,Peralihan II
2021-11-15,1,1.36214,2.98714,0,2021,11,Peralihan II
2021-11-16,1,1.36199,2.98714,0,2021,11,Peralihan II
2021-11-17,1,1.42752,2.98714,0,2021,11,Peralihan II
2021-11-18,1,1.79700,2.98714,0,2021,11,Peralihan II
2021-11-19,1,2.23860,2.98714,0,2021,11,Peralihan II
2021-11-20,1,2.10450,2.98714,0,2021,11,Peralihan II
2021-11-21,1,2.36042,2.98714,0,2021,11,Peralihan II
2021-11-22,1,2.46651,2.98714,0,2021,11,Peralihan II
2021-11-23,1,2.59495,2.98714,0,2021,11,Peralihan II
2021-11-24,1,2.48880,2.98714,0,2021,11,Peralihan II
2021-11-25,1,2.10426,2.98714,0,2021,11,Peralihan II
2021-11-26,1,1.74556,2.98714,0,2021,11,Peralihan II
2021-11-27,1,1.58212,2.98714,0,2021,11,Peralihan II
2021-11-28,1,1.73887,2.98714,0,2021,11,Peralihan II
2021-11-29,1,1.62574,2.98714,0,2021,11,Peralihan II
2021-11-30,1,1.70014,2.98714,0,2021,11,Peralihan II
2021-12-01,1,2.03957,2.98714,0,2021,12,Barat
2021-12-02,1,1.93213,2.98714,0,2021,12,Barat
2021-12-03,1,2.15539,2.98714,0,2021,12,Barat
2021-12-04,1,2.20326,2.98714,0,2021,12,Barat
2021-12-05,1,2.12132,2.98714,0,2021,12,Barat
2021-12-06,1,2.30768,2.98714,0,2021,12,Barat
2021-12-07,1,2.18535,2.98714,0,2021,12,Barat
2021-12-08,1,1.90346,2.98714,0,2021,12,Barat
2021-12-09,1,2.01731,2.98714,0,2021,12,Barat
2021-12-10,1,1.76832,2.98714,0,2021,12,Barat
2021-12-11,1,1.75681,2.98714,0,2021,12,Barat
2021-12-12,1,1.99452,2.98714,0,2021,12,Barat
2021-12-13,1,2.08525,2.98714,0,2021,12,Barat
2021-12-14,1,2.13495,2.98714,0,2021,12,Barat
2021-12-15,1,2.08285,2.98714,0,2021,12,Barat
2021-12-16,1,2.10865,2.98714,0,2021,12,Barat
2021-12-17,1,2.10082,2.98714,0,2021,12,Barat
2021-12-18,1,2.32271,2.98714,0,2021,12,Barat
2021-12-19,1,2.46852,2.98714,0,2021,12,Barat
2021-12-20,1,2.32875,2.98714,0,2021,12,Barat
2021-12-21,1,1.91307,2.98714,0,2021,12,Barat
2021-12-22,1,1.70115,2.98714,0,2021,12,Barat
2021-12-23,1,1.88225,2.98714,0,2021,12,Barat
2021-12-24,1,1.82219,2.98714,0,2021,12,Barat
2021-12-25,1,1.54265,2.98714,0,2021,12,Barat
2021-12-26,1,1.32565,2.98714,0,2021,12,Barat
2021-12-27,1,1.24417,2.98714,0,2021,12,Barat
2021-12-28,1,1.37193,2.98714,0,2021,12,Barat
2021-12-29,1,1.40183,2.98714,0,2021,12,Barat
2021-12-30,1,1.34059,2.98714,0,2021,12,Barat
2021-12-31,1,1.29725,2.98714,0,2021,12,Barat
2022-01-01,1,1.22357,2.98714,0,2022,1,Barat
2022-01-02,1,1.12226,2.98714,0,2022,1,Barat
2022-01-03,1,1.17763,2.98714,0,2022,1,Barat
2022-01-04,1,1.31750,2.98714,0,2022,1,Barat
2022-01-05,1,1.35720,2.98714,0,2022,1,Barat
2022-01-06,1,1.39771,2.98714,0,2022,1,Barat
2022-01-07,1,1.37973,2.98714,0,2022,1,Barat
2022-01-08,1,1.34596,2.98714,0,2022,1,Barat
2022-01-09,1,1.52189,2.98714,0,2022,1,Barat
2022-01-10,1,1.68017,2.98714,0,2022,1,Barat
2022-01-11,1,1.78471,2.98714,0,2022,1,Barat
2022-01-12,1,1.65725,2.98714,0,2022,1,Barat
2022-01-13,1,1.52661,2.98714,0,2022,1,Barat
2022-01-14,1,1.35178,2.98714,0,2022,1,Barat
2022-01-15,1,1.49889,2.98714,0,2022,1,Barat
2022-01-16,1,1.71240,2.98714,0,2022,1,Barat
2022-01-17,1,1.70807,2.98714,0,2022,1,Barat
2022-01-18,1,1.66689,2.98714,0,2022,1,Barat
2022-01-19,1,1.74612,2.98714,0,2022,1,Barat
2022-01-20,1,1.87472,2.98714,0,2022,1,Barat
2022-01-21,1,1.84402,2.98714,0,2022,1,Barat
2022-01-22,1,1.82758,2.98714,0,2022,1,Barat
2022-01-23,1,1.79327,2.98714,0,2022,1,Barat
2022-01-24,1,1.79291,2.98714,0,2022,1,Barat
2022-01-25,1,2.07571,2.98714,0,2022,1,Barat
2022-01-26,1,2.19712,2.98714,0,2022,1,Barat
2022-01-27,1,2.13536,2.98714,0,2022,1,Barat
2022-01-28,1,1.95508,2.98714,0,2022,1,Barat
2022-01-29,1,2.01620,2.98714,0,2022,1,Barat
2022-01-30,1,2.15289,2.98714,0,2022,1,Barat
2022-01-31,1,2.16865,2.98714,0,2022,1,Barat
2022-02-01,1,1.97529,2.98714,0,2022,2,Barat
2022-02-02,1,2.22666,2.98714,0,2022,2,Barat
2022-02-03,1,2.74427,2.98714,0,2022,2,Barat
2022-02-04,1,2.27372,2.98714,0,2022,2,Barat
2022-02-05,1,2.00295,2.98714,0,2022,2,Barat
2022-02-06,1,2.42602,2.98714,0,2022,2,Barat
2022-02-07,1,2.33624,2.98714,0,2022,2,Barat
2022-02-08,1,2.55521,2.98714,0,2022,2,Barat
2022-02-09,1,2.62579,2.98714,0,2022,2,Barat
2022-02-10,1,2.38983,2.98714,0,2022,2,Barat
2022-02-11,1,2.28993,2.98714,0,2022,2,Barat
2022-02-12,1,2.29442,2.98714,0,2022,2,Barat
2022-02-13,1,2.23688,2.98714,0,2022,2,Barat
2022-02-14,1,2.52970,2.98714,0,2022,2,Barat
2022-02-15,1,2.51560,2.98714,0,2022,2,Barat
2022-02-16,1,2.09484,2.98714,0,2022,2,Barat
2022-02-17,1,1.78397,2.98714,0,2022,2,Barat
2022-02-18,1,1.91804,2.98714,0,2022,2,Barat
2022-02-19,1,1.93578,2.98714,0,2022,2,Barat
2022-02-20,1,1.77636,2.98714,0,2022,2,Barat
2022-02-21,1,1.63802,2.98714,0,2022,2,Barat
2022-02-22,1,1.57514,2.98714,0,2022,2,Barat
2022-02-23,1,1.42099,2.98714,0,2022,2,Barat
2022-02-24,1,1.54951,2.98714,0,2022,2,Barat
2022-02-25,1,1.79646,2.98714,0,2022,2,Barat
2022-02-26,1,2.04313,2.98714,0,2022,2,Barat
2022-02-27,1,2.03137,2.98714,0,2022,2,Barat
2022-02-28,1,2.12858,2.98714,0,2022,2,Barat
2022-03-01,1,2.03999,2.98714,0,2022,3,Peralihan I
2022-03-02,1,2.29680,2.98714,0,2022,3,Peralihan I
2022-03-03,1,2.31889,2.98714,0,2022,3,Peralihan I
2022-03-04,1,2.39455,2.98714,0,2022,3,Peralihan I
2022-03-05,1,2.21484,2.98714,0,2022,3,Peralihan I
2022-03-06,1,2.03863,2.98714,0,2022,3,Peralihan I
2022-03-07,1,1.95110,2.98714,0,2022,3,Peralihan I
2022-03-08,1,1.74229,2.98714,0,2022,3,Peralihan I
2022-03-09,1,1.59229,2.98714,0,2022,3,Peralihan I
2022-03-10,1,1.58021,2.98714,0,2022,3,Peralihan I
2022-03-11,1,1.51843,2.98714,0,2022,3,Peralihan I
2022-03-12,1,1.70517,2.98714,0,2022,3,Peralihan I
2022-03-13,1,2.05964,2.98714,0,2022,3,Peralihan I
2022-03-14,1,1.93151,2.98714,0,2022,3,Peralihan I
2022-03-15,1,1.35482,2.98714,0,2022,3,Peralihan I
2022-03-16,1,1.40232,2.98714,0,2022,3,Peralihan I
2022-03-17,1,1.37487,2.98714,0,2022,3,Peralihan I
2022-03-18,1,1.63907,2.98714,0,2022,3,Peralihan I
2022-03-19,1,1.95531,2.98714,0,2022,3,Peralihan I
2022-03-20,1,2.15358,2.98714,0,2022,3,Peralihan I
2022-03-21,1,2.46896,2.98714,0,2022,3,Peralihan I
2022-03-22,1,2.72064,2.98714,0,2022,3,Peralihan I
2022-03-23,1,2.90985,2.98714,0,2022,3,Peralihan I
2022-03-24,1,2.49877,2.98714,0,2022,3,Peralihan I
2022-03-25,1,1.98905,2.98714,0,2022,3,Peralihan I
2022-03-26,1,1.79153,2.98714,0,2022,3,Peralihan I
2022-03-27,1,1.77294,2.98714,0,2022,3,Peralihan I
2022-03-28,1,2.17739,2.98714,0,2022,3,Peralihan I
2022-03-29,1,2.24945,2.98714,0,2022,3,Peralihan I
2022-03-30,1,2.14061,2.98714,0,2022,3,Peralihan I
2022-03-31,1,1.97076,2.98714,0,2022,3,Peralihan I
2022-04-01,1,1.76787,2.98714,0,2022,4,Peralihan I
2022-04-02,1,1.47674,2.98714,0,2022,4,Peralihan I
2022-04-03,1,1.45593,2.98714,0,2022,4,Peralihan I
2022-04-04,1,1.84985,2.98714,0,2022,4,Peralihan I
2022-04-05,1,1.92280,2.98714,0,2022,4,Peralihan I
2022-04-06,1,1.76083,2.98714,0,2022,4,Peralihan I
2022-04-07,1,1.64183,2.98714,0,2022,4,Peralihan I
2022-04-08,1,1.65466,2.98714,0,2022,4,Peralihan I
2022-04-09,1,1.71981,2.98714,0,2022,4,Peralihan I
2022-04-10,1,2.16744,2.98714,0,2022,4,Peralihan I
2022-04-11,1,2.41127,2.98714,0,2022,4,Peralihan I
2022-04-12,1,2.20752,2.98714,0,2022,4,Peralihan I
2022-04-13,1,2.06784,2.98714,0,2022,4,Peralihan I
2022-04-14,1,1.91024,2.98714,0,2022,4,Peralihan I
2022-04-15,1,1.66552,2.98714,0,2022,4,Peralihan I
2022-04-16,1,1.68406,2.98714,0,2022,4,Peralihan I
2022-04-17,1,1.90437,2.98714,0,2022,4,Peralihan I
2022-04-18,1,1.97532,2.98714,0,2022,4,Peralihan I
2022-04-19,1,2.15927,2.98714,0,2022,4,Peralihan I
2022-04-20,1,2.24187,2.98714,0,2022,4,Peralihan I
2022-04-21,1,2.20711,2.98714,0,2022,4,Peralihan I
2022-04-22,1,2.25433,2.98714,0,2022,4,Peralihan I
2022-04-23,1,2.04901,2.98714,0,2022,4,Peralihan I
2022-04-24,1,1.81241,2.98714,0,2022,4,Peralihan I
2022-04-25,1,1.89751,2.98714,0,2022,4,Peralihan I
2022-04-26,1,2.40049,2.98714,0,2022,4,Peralihan I
2022-04-27,1,2.89877,2.98714,0,2022,4,Peralihan I
2022-04-28,1,3.15004,2.98714,1,2022,4,Peralihan I
2022-04-29,1,3.00996,2.98714,1,2022,4,Peralihan I
2022-04-30,1,2.86706,2.98714,0,2022,4,Peralihan I
2022-05-01,1,2.54136,2.98714,0,2022,5,Peralihan I
2022-05-02,1,2.27907,2.98714,0,2022,5,Peralihan I
2022-05-03,1,1.99303,2.98714,0,2022,5,Peralihan I
2022-05-04,1,2.43822,2.98714,0,2022,5,Peralihan I
2022-05-05,1,2.63108,2.98714,0,2022,5,Peralihan I
2022-05-06,1,2.40834,2.98714,0,2022,5,Peralihan I
2022-05-07,1,1.99202,2.98714,0,2022,5,Peralihan I
2022-05-08,1,2.14725,2.98714,0,2022,5,Peralihan I
2022-05-09,1,2.21974,2.98714,0,2022,5,Peralihan I
2022-05-10,1,2.21758,2.98714,0,2022,5,Peralihan I
2022-05-11,1,2.31916,2.98714,0,2022,5,Peralihan I
2022-05-12,1,2.38113,2.98714,0,2022,5,Peralihan I
2022-05-13,1,2.89848,2.98714,0,2022,5,Peralihan I
2022-05-14,1,3.12450,2.98714,1,2022,5,Peralihan I
2022-05-15,1,2.89120,2.98714,0,2022,5,Peralihan I
2022-05-16,1,2.54391,2.98714,0,2022,5,Peralihan I
2022-05-17,1,2.06263,2.98714,0,2022,5,Peralihan I
2022-05-18,1,2.03591,2.98714,0,2022,5,Peralihan I
2022-05-19,1,2.15131,2.98714,0,2022,5,Peralihan I
2022-05-20,1,2.08337,2.98714,0,2022,5,Peralihan I
2022-05-21,1,1.93236,2.98714,0,2022,5,Peralihan I
2022-05-22,1,2.23877,2.98714,0,2022,5,Peralihan I
2022-05-23,1,3.21334,2.98714,1,2022,5,Peralihan I
2022-05-24,1,3.49133,2.98714,1,2022,5,Peralihan I
2022-05-25,1,3.06784,2.98714,1,2022,5,Peralihan I
2022-05-26,1,2.37471,2.98714,0,2022,5,Peralihan I
2022-05-27,1,2.17184,2.98714,0,2022,5,Peralihan I
2022-05-28,1,2.59254,2.98714,0,2022,5,Peralihan I
2022-05-29,1,2.61177,2.98714,0,2022,5,Peralihan I
2022-05-30,1,2.27723,2.98714,0,2022,5,Peralihan I
2022-05-31,1,2.58924,2.98714,0,2022,5,Peralihan I
2022-06-01,1,2.63223,2.98714,0,2022,6,Timur
2022-06-02,1,2.32347,2.98714,0,2022,6,Timur
2022-06-03,1,2.07872,2.98714,0,2022,6,Timur
2022-06-04,1,1.92555,2.98714,0,2022,6,Timur
2022-06-05,1,1.75564,2.98714,0,2022,6,Timur
2022-06-06,1,1.95745,2.98714,0,2022,6,Timur
2022-06-07,1,2.01638,2.98714,0,2022,6,Timur
2022-06-08,1,2.48250,2.98714,0,2022,6,Timur
2022-06-09,1,2.79867,2.98714,0,2022,6,Timur
2022-06-10,1,2.76321,2.98714,0,2022,6,Timur
2022-06-11,1,2.53349,2.98714,0,2022,6,Timur
2022-06-12,1,2.68185,2.98714,0,2022,6,Timur
2022-06-13,1,2.60782,2.98714,0,2022,6,Timur
2022-06-14,1,2.34939,2.98714,0,2022,6,Timur
2022-06-15,1,2.31686,2.98714,0,2022,6,Timur
2022-06-16,1,2.07182,2.98714,0,2022,6,Timur
2022-06-17,1,2.10040,2.98714,0,2022,6,Timur
2022-06-18,1,2.47299,2.98714,0,2022,6,Timur
2022-06-19,1,2.90127,2.98714,0,2022,6,Timur
2022-06-20,1,3.02969,2.98714,1,2022,6,Timur
2022-06-21,1,2.72244,2.98714,0,2022,6,Timur
2022-06-22,1,2.53755,2.98714,0,2022,6,Timur
2022-06-23,1,2.84454,2.98714,0,2022,6,Timur
2022-06-24,1,3.30570,2.98714,1,2022,6,Timur
2022-06-25,1,3.19941,2.98714,1,2022,6,Timur
2022-06-26,1,2.79943,2.98714,0,2022,6,Timur
2022-06-27,1,2.52987,2.98714,0,2022,6,Timur
2022-06-28,1,2.51094,2.98714,0,2022,6,Timur
2022-06-29,1,2.51891,2.98714,0,2022,6,Timur
2022-06-30,1,2.67327,2.98714,0,2022,6,Timur
2022-07-01,1,3.33555,2.98714,1,2022,7,Timur
2022-07-02,1,3.83385,2.98714,1,2022,7,Timur
2022-07-03,1,3.66655,2.98714,1,2022,7,Timur
2022-07-04,1,2.98857,2.98714,1,2022,7,Timur
2022-07-05,1,2.68260,2.98714,0,2022,7,Timur
2022-07-06,1,2.70270,2.98714,0,2022,7,Timur
2022-07-07,1,2.82109,2.98714,0,2022,7,Timur
2022-07-08,1,2.52565,2.98714,0,2022,7,Timur
2022-07-09,1,2.39609,2.98714,0,2022,7,Timur
2022-07-10,1,2.63811,2.98714,0,2022,7,Timur
2022-07-11,1,2.99137,2.98714,1,2022,7,Timur
2022-07-12,1,3.33147,2.98714,1,2022,7,Timur
2022-07-13,1,3.06876,2.98714,1,2022,7,Timur
2022-07-14,1,2.61577,2.98714,0,2022,7,Timur
2022-07-15,1,3.16570,2.98714,1,2022,7,Timur
2022-07-16,1,3.10912,2.98714,1,2022,7,Timur
2022-07-17,1,2.69222,2.98714,0,2022,7,Timur
2022-07-18,1,2.26142,2.98714,0,2022,7,Timur
2022-07-19,1,2.16762,2.98714,0,2022,7,Timur
2022-07-20,1,2.14617,2.98714,0,2022,7,Timur
2022-07-21,1,2.42276,2.98714,0,2022,7,Timur
2022-07-22,1,2.77619,2.98714,0,2022,7,Timur
2022-07-23,1,2.79178,2.98714,0,2022,7,Timur
2022-07-24,1,2.85744,2.98714,0,2022,7,Timur
2022-07-25,1,3.09730,2.98714,1,2022,7,Timur
2022-07-26,1,3.39558,2.98714,1,2022,7,Timur
2022-07-27,1,3.06415,2.98714,1,2022,7,Timur
2022-07-28,1,2.92259,2.98714,0,2022,7,Timur
2022-07-29,1,3.01095,2.98714,1,2022,7,Timur
2022-07-30,1,2.59910,2.98714,0,2022,7,Timur
2022-07-31,1,2.66884,2.98714,0,2022,7,Timur
2022-08-01,1,2.61286,2.98714,0,2022,8,Timur
2022-08-02,1,2.58074,2.98714,0,2022,8,Timur
2022-08-03,1,3.26415,2.98714,1,2022,8,Timur
2022-08-04,1,3.22054,2.98714,1,2022,8,Timur
2022-08-05,1,3.01586,2.98714,1,2022,8,Timur
2022-08-06,1,2.71736,2.98714,0,2022,8,Timur
2022-08-07,1,2.57490,2.98714,0,2022,8,Timur
2022-08-08,1,2.63152,2.98714,0,2022,8,Timur
2022-08-09,1,2.76206,2.98714,0,2022,8,Timur
2022-08-10,1,3.03911,2.98714,1,2022,8,Timur
2022-08-11,1,3.07576,2.98714,1,2022,8,Timur
2022-08-12,1,2.62836,2.98714,0,2022,8,Timur
2022-08-13,1,1.95424,2.98714,0,2022,8,Timur
2022-08-14,1,2.61572,2.98714,0,2022,8,Timur
2022-08-15,1,3.02345,2.98714,1,2022,8,Timur
2022-08-16,1,2.75347,2.98714,0,2022,8,Timur
2022-08-17,1,3.31672,2.98714,1,2022,8,Timur
2022-08-18,1,3.56909,2.98714,1,2022,8,Timur
2022-08-19,1,3.31676,2.98714,1,2022,8,Timur
2022-08-20,1,3.13291,2.98714,1,2022,8,Timur
2022-08-21,1,2.77294,2.98714,0,2022,8,Timur
2022-08-22,1,2.40323,2.98714,0,2022,8,Timur
2022-08-23,1,2.41195,2.98714,0,2022,8,Timur
2022-08-24,1,2.43030,2.98714,0,2022,8,Timur
2022-08-25,1,2.44428,2.98714,0,2022,8,Timur
2022-08-26,1,2.32437,2.98714,0,2022,8,Timur
2022-08-27,1,2.27445,2.98714,0,2022,8,Timur
2022-08-28,1,2.79856,2.98714,0,2022,8,Timur
2022-08-29,1,3.50839,2.98714,1,2022,8,Timur
2022-08-30,1,3.71879,2.98714,1,2022,8,Timur
2022-08-31,1,3.18437,2.98714,1,2022,8,Timur
2022-09-01,1,2.58416,2.98714,0,2022,9,Peralihan II
2022-09-02,1,2.37063,2.98714,0,2022,9,Peralihan II
2022-09-03,1,2.40037,2.98714,0,2022,9,Peralihan II
2022-09-04,1,2.22975,2.98714,0,2022,9,Peralihan II
2022-09-05,1,1.98647,2.98714,0,2022,9,Peralihan II
2022-09-06,1,2.21127,2.98714,0,2022,9,Peralihan II
2022-09-07,1,2.50512,2.98714,0,2022,9,Peralihan II
2022-09-08,1,2.32666,2.98714,0,2022,9,Peralihan II
2022-09-09,1,2.17723,2.98714,0,2022,9,Peralihan II
2022-09-10,1,2.19130,2.98714,0,2022,9,Peralihan II
2022-09-11,1,2.07238,2.98714,0,2022,9,Peralihan II
2022-09-12,1,1.75503,2.98714,0,2022,9,Peralihan II
2022-09-13,1,2.24406,2.98714,0,2022,9,Peralihan II
2022-09-14,1,2.87407,2.98714,0,2022,9,Peralihan II
2022-09-15,1,3.09440,2.98714,1,2022,9,Peralihan II
2022-09-16,1,2.88441,2.98714,0,2022,9,Peralihan II
2022-09-17,1,2.53096,2.98714,0,2022,9,Peralihan II
2022-09-18,1,2.32120,2.98714,0,2022,9,Peralihan II
2022-09-19,1,2.54926,2.98714,0,2022,9,Peralihan II
2022-09-20,1,2.70395,2.98714,0,2022,9,Peralihan II
2022-09-21,1,2.98186,2.98714,0,2022,9,Peralihan II
2022-09-22,1,3.06711,2.98714,1,2022,9,Peralihan II
2022-09-23,1,3.10303,2.98714,1,2022,9,Peralihan II
2022-09-24,1,3.27310,2.98714,1,2022,9,Peralihan II
2022-09-25,1,2.97998,2.98714,0,2022,9,Peralihan II
2022-09-26,1,3.15550,2.98714,1,2022,9,Peralihan II
2022-09-27,1,3.17336,2.98714,1,2022,9,Peralihan II
2022-09-28,1,2.72310,2.98714,0,2022,9,Peralihan II
2022-09-29,1,2.52613,2.98714,0,2022,9,Peralihan II
2022-09-30,1,2.41357,2.98714,0,2022,9,Peralihan II
2022-10-01,1,2.33098,2.98714,0,2022,10,Peralihan II
2022-10-02,1,2.09699,2.98714,0,2022,10,Peralihan II
2022-10-03,1,2.18110,2.98714,0,2022,10,Peralihan II
2022-10-04,1,2.18181,2.98714,0,2022,10,Peralihan II
2022-10-05,1,2.10891,2.98714,0,2022,10,Peralihan II
2022-10-06,1,2.33582,2.98714,0,2022,10,Peralihan II
2022-10-07,1,2.55194,2.98714,0,2022,10,Peralihan II
2022-10-08,1,2.56259,2.98714,0,2022,10,Peralihan II
2022-10-09,1,2.38310,2.98714,0,2022,10,Peralihan II
2022-10-10,1,1.87089,2.98714,0,2022,10,Peralihan II
2022-10-11,1,1.76346,2.98714,0,2022,10,Peralihan II
2022-10-12,1,2.18191,2.98714,0,2022,10,Peralihan II
2022-10-13,1,2.29513,2.98714,0,2022,10,Peralihan II
2022-10-14,1,2.15030,2.98714,0,2022,10,Peralihan II
2022-10-15,1,1.86677,2.98714,0,2022,10,Peralihan II
2022-10-16,1,2.00727,2.98714,0,2022,10,Peralihan II
2022-10-17,1,2.19287,2.98714,0,2022,10,Peralihan II
2022-10-18,1,2.10015,2.98714,0,2022,10,Peralihan II
2022-10-19,1,1.95332,2.98714,0,2022,10,Peralihan II
2022-10-20,1,1.85422,2.98714,0,2022,10,Peralihan II
2022-10-21,1,1.75504,2.98714,0,2022,10,Peralihan II
2022-10-22,1,1.82941,2.98714,0,2022,10,Peralihan II
2022-10-23,1,2.15774,2.98714,0,2022,10,Peralihan II
2022-10-24,1,2.29208,2.98714,0,2022,10,Peralihan II
2022-10-25,1,2.18969,2.98714,0,2022,10,Peralihan II
2022-10-26,1,2.17121,2.98714,0,2022,10,Peralihan II
2022-10-27,1,2.42146,2.98714,0,2022,10,Peralihan II
2022-10-28,1,2.58766,2.98714,0,2022,10,Peralihan II
2022-10-29,1,2.46367,2.98714,0,2022,10,Peralihan II
2022-10-30,1,2.39840,2.98714,0,2022,10,Peralihan II
2022-10-31,1,2.71511,2.98714,0,2022,10,Peralihan II
2022-11-01,1,2.96165,2.98714,0,2022,11,Peralihan II
2022-11-02,1,2.93806,2.98714,0,2022,11,Peralihan II
2022-11-03,1,2.32371,2.98714,0,2022,11,Peralihan II
2022-11-04,1,1.93576,2.98714,0,2022,11,Peralihan II
2022-11-05,1,1.91781,2.98714,0,2022,11,Peralihan II
2022-11-06,1,1.87406,2.98714,0,2022,11,Peralihan II
2022-11-07,1,1.74130,2.98714,0,2022,11,Peralihan II
2022-11-08,1,1.71480,2.98714,0,2022,11,Peralihan II
2022-11-09,1,1.92558,2.98714,0,2022,11,Peralihan II
2022-11-10,1,2.05954,2.98714,0,2022,11,Peralihan II
2022-11-11,1,2.13798,2.98714,0,2022,11,Peralihan II
2022-11-12,1,2.17406,2.98714,0,2022,11,Peralihan II
2022-11-13,1,2.22115,2.98714,0,2022,11,Peralihan II
2022-11-14,1,2.13409,2.98714,0,2022,11,Peralihan II
2022-11-15,1,2.13766,2.98714,0,2022,11,Peralihan II
2022-11-16,1,2.09141,2.98714,0,2022,11,Peralihan II
2022-11-17,1,2.52185,2.98714,0,2022,11,Peralihan II
2022-11-18,1,2.68291,2.98714,0,2022,11,Peralihan II
2022-11-19,1,2.72967,2.98714,0,2022,11,Peralihan II
2022-11-20,1,2.73918,2.98714,0,2022,11,Peralihan II
2022-11-21,1,2.79090,2.98714,0,2022,11,Peralihan II
2022-11-22,1,2.37627,2.98714,0,2022,11,Peralihan II
2022-11-23,1,2.08303,2.98714,0,2022,11,Peralihan II
2022-11-24,1,1.90263,2.98714,0,2022,11,Peralihan II
2022-11-25,1,1.60993,2.98714,0,2022,11,Peralihan II
2022-11-26,1,1.49709,2.98714,0,2022,11,Peralihan II
2022-11-27,1,1.60531,2.98714,0,2022,11,Peralihan II
2022-11-28,1,1.58014,2.98714,0,2022,11,Peralihan II
2022-11-29,1,1.51453,2.98714,0,2022,11,Peralihan II
2022-11-30,1,1.53346,2.98714,0,2022,11,Peralihan II
2022-12-01,1,1.53570,2.98714,0,2022,12,Barat
2022-12-02,1,1.49044,2.98714,0,2022,12,Barat
2022-12-03,1,1.43528,2.98714,0,2022,12,Barat
2022-12-04,1,1.64377,2.98714,0,2022,12,Barat
2022-12-05,1,1.82545,2.98714,0,2022,12,Barat
2022-12-06,1,1.82341,2.98714,0,2022,12,Barat
2022-12-07,1,1.78370,2.98714,0,2022,12,Barat
2022-12-08,1,1.78297,2.98714,0,2022,12,Barat
2022-12-09,1,2.13325,2.98714,0,2022,12,Barat
2022-12-10,1,2.09954,2.98714,0,2022,12,Barat
2022-12-11,1,2.01218,2.98714,0,2022,12,Barat
2022-12-12,1,2.13140,2.98714,0,2022,12,Barat
2022-12-13,1,2.05546,2.98714,0,2022,12,Barat
2022-12-14,1,1.89648,2.98714,0,2022,12,Barat
2022-12-15,1,1.84831,2.98714,0,2022,12,Barat
2022-12-16,1,1.87995,2.98714,0,2022,12,Barat
2022-12-17,1,2.06716,2.98714,0,2022,12,Barat
2022-12-18,1,2.27405,2.98714,0,2022,12,Barat
2022-12-19,1,2.33332,2.98714,0,2022,12,Barat
2022-12-20,1,2.24928,2.98714,0,2022,12,Barat
2022-12-21,1,2.09400,2.98714,0,2022,12,Barat
2022-12-22,1,2.51586,2.98714,0,2022,12,Barat
2022-12-23,1,2.55636,2.98714,0,2022,12,Barat
2022-12-24,1,2.40655,2.98714,0,2022,12,Barat
2022-12-25,1,2.12591,2.98714,0,2022,12,Barat
2022-12-26,1,1.97993,2.98714,0,2022,12,Barat
2022-12-27,1,2.17211,2.98714,0,2022,12,Barat
2022-12-28,1,2.53621,2.98714,0,2022,12,Barat
2022-12-29,1,2.53840,2.98714,0,2022,12,Barat
2022-12-30,1,2.42768,2.98714,0,2022,12,Barat
2022-12-31,1,2.38421,2.98714,0,2022,12,Barat
2023-01-01,1,2.27889,2.98714,0,2023,1,Barat
2023-01-02,1,2.18695,2.98714,0,2023,1,Barat
2023-01-03,1,2.31093,2.98714,0,2023,1,Barat
2023-01-04,1,2.23030,2.98714,0,2023,1,Barat
2023-01-05,1,2.12201,2.98714,0,2023,1,Barat
2023-01-06,1,1.89754,2.98714,0,2023,1,Barat
2023-01-07,1,1.69957,2.98714,0,2023,1,Barat
2023-01-08,1,2.10798,2.98714,0,2023,1,Barat
2023-01-09,1,2.30325,2.98714,0,2023,1,Barat
2023-01-10,1,2.02336,2.98714,0,2023,1,Barat
2023-01-11,1,1.85009,2.98714,0,2023,1,Barat
2023-01-12,1,1.67855,2.98714,0,2023,1,Barat
2023-01-13,1,1.77258,2.98714,0,2023,1,Barat
2023-01-14,1,1.87349,2.98714,0,2023,1,Barat
2023-01-15,1,2.07544,2.98714,0,2023,1,Barat
2023-01-16,1,2.01825,2.98714,0,2023,1,Barat
2023-01-17,1,2.05284,2.98714,0,2023,1,Barat
2023-01-18,1,2.02220,2.98714,0,2023,1,Barat
2023-01-19,1,2.06531,2.98714,0,2023,1,Barat
2023-01-20,1,1.98895,2.98714,0,2023,1,Barat
2023-01-21,1,1.71916,2.98714,0,2023,1,Barat
2023-01-22,1,1.62748,2.98714,0,2023,1,Barat
2023-01-23,1,1.72590,2.98714,0,2023,1,Barat
2023-01-24,1,1.94076,2.98714,0,2023,1,Barat
2023-01-25,1,2.34069,2.98714,0,2023,1,Barat
2023-01-26,1,2.20542,2.98714,0,2023,1,Barat
2023-01-27,1,2.43094,2.98714,0,2023,1,Barat
2023-01-28,1,2.34542,2.98714,0,2023,1,Barat
2023-01-29,1,2.01933,2.98714,0,2023,1,Barat
2023-01-30,1,1.99099,2.98714,0,2023,1,Barat
2023-01-31,1,2.06965,2.98714,0,2023,1,Barat
2023-02-01,1,2.30628,2.98714,0,2023,2,Barat
2023-02-02,1,2.45871,2.98714,0,2023,2,Barat
2023-02-03,1,2.61461,2.98714,0,2023,2,Barat
2023-02-04,1,2.43856,2.98714,0,2023,2,Barat
2023-02-05,1,2.19720,2.98714,0,2023,2,Barat
2023-02-06,1,2.26915,2.98714,0,2023,2,Barat
2023-02-07,1,2.26033,2.98714,0,2023,2,Barat
2023-02-08,1,1.91350,2.98714,0,2023,2,Barat
2023-02-09,1,1.95803,2.98714,0,2023,2,Barat
2023-02-10,1,2.53237,2.98714,0,2023,2,Barat
2023-02-11,1,3.05938,2.98714,1,2023,2,Barat
2023-02-12,1,2.81519,2.98714,0,2023,2,Barat
2023-02-13,1,2.54522,2.98714,0,2023,2,Barat
2023-02-14,1,2.41983,2.98714,0,2023,2,Barat
2023-02-15,1,2.46971,2.98714,0,2023,2,Barat
2023-02-16,1,2.35994,2.98714,0,2023,2,Barat
2023-02-17,1,2.13891,2.98714,0,2023,2,Barat
2023-02-18,1,1.95425,2.98714,0,2023,2,Barat
2023-02-19,1,1.87121,2.98714,0,2023,2,Barat
2023-02-20,1,1.86646,2.98714,0,2023,2,Barat
2023-02-21,1,1.74340,2.98714,0,2023,2,Barat
2023-02-22,1,1.61992,2.98714,0,2023,2,Barat
2023-02-23,1,1.60779,2.98714,0,2023,2,Barat
2023-02-24,1,1.71473,2.98714,0,2023,2,Barat
2023-02-25,1,2.12613,2.98714,0,2023,2,Barat
2023-02-26,1,2.19372,2.98714,0,2023,2,Barat
2023-02-27,1,2.39036,2.98714,0,2023,2,Barat
2023-02-28,1,2.35071,2.98714,0,2023,2,Barat
2023-03-01,1,2.00911,2.98714,0,2023,3,Peralihan I
2023-03-02,1,1.87326,2.98714,0,2023,3,Peralihan I
2023-03-03,1,1.64711,2.98714,0,2023,3,Peralihan I
2023-03-04,1,1.59976,2.98714,0,2023,3,Peralihan I
2023-03-05,1,1.42824,2.98714,0,2023,3,Peralihan I
2023-03-06,1,1.26278,2.98714,0,2023,3,Peralihan I
2023-03-07,1,1.51337,2.98714,0,2023,3,Peralihan I
2023-03-08,1,1.68292,2.98714,0,2023,3,Peralihan I
2023-03-09,1,1.68082,2.98714,0,2023,3,Peralihan I
2023-03-10,1,1.58561,2.98714,0,2023,3,Peralihan I
2023-03-11,1,1.63153,2.98714,0,2023,3,Peralihan I
2023-03-12,1,1.67695,2.98714,0,2023,3,Peralihan I
2023-03-13,1,1.69896,2.98714,0,2023,3,Peralihan I
2023-03-14,1,1.96432,2.98714,0,2023,3,Peralihan I
2023-03-15,1,2.30911,2.98714,0,2023,3,Peralihan I
2023-03-16,1,2.22142,2.98714,0,2023,3,Peralihan I
2023-03-17,1,1.80771,2.98714,0,2023,3,Peralihan I
2023-03-18,1,1.81261,2.98714,0,2023,3,Peralihan I
2023-03-19,1,1.90828,2.98714,0,2023,3,Peralihan I
2023-03-20,1,2.08510,2.98714,0,2023,3,Peralihan I
2023-03-21,1,2.12076,2.98714,0,2023,3,Peralihan I
2023-03-22,1,2.14754,2.98714,0,2023,3,Peralihan I
2023-03-23,1,2.04497,2.98714,0,2023,3,Peralihan I
2023-03-24,1,1.85421,2.98714,0,2023,3,Peralihan I
2023-03-25,1,1.81174,2.98714,0,2023,3,Peralihan I
2023-03-26,1,1.87082,2.98714,0,2023,3,Peralihan I
2023-03-27,1,1.78515,2.98714,0,2023,3,Peralihan I
2023-03-28,1,1.85634,2.98714,0,2023,3,Peralihan I
2023-03-29,1,2.49023,2.98714,0,2023,3,Peralihan I
2023-03-30,1,2.90952,2.98714,0,2023,3,Peralihan I
2023-03-31,1,2.77615,2.98714,0,2023,3,Peralihan I
2023-04-01,1,2.37221,2.98714,0,2023,4,Peralihan I
2023-04-02,1,2.03427,2.98714,0,2023,4,Peralihan I
2023-04-03,1,1.95368,2.98714,0,2023,4,Peralihan I
2023-04-04,1,1.92072,2.98714,0,2023,4,Peralihan I
2023-04-05,1,1.71945,2.98714,0,2023,4,Peralihan I
2023-04-06,1,1.46378,2.98714,0,2023,4,Peralihan I
2023-04-07,1,1.48364,2.98714,0,2023,4,Peralihan I
2023-04-08,1,1.71407,2.98714,0,2023,4,Peralihan I
2023-04-09,1,1.86695,2.98714,0,2023,4,Peralihan I
2023-04-10,1,2.03689,2.98714,0,2023,4,Peralihan I
2023-04-11,1,2.02197,2.98714,0,2023,4,Peralihan I
2023-04-12,1,2.25537,2.98714,0,2023,4,Peralihan I
2023-04-13,1,2.47924,2.98714,0,2023,4,Peralihan I
2023-04-14,1,2.64780,2.98714,0,2023,4,Peralihan I
2023-04-15,1,3.14214,2.98714,1,2023,4,Peralihan I
2023-04-16,1,3.24411,2.98714,1,2023,4,Peralihan I
2023-04-17,1,2.81093,2.98714,0,2023,4,Peralihan I
2023-04-18,1,2.38240,2.98714,0,2023,4,Peralihan I
2023-04-19,1,2.27963,2.98714,0,2023,4,Peralihan I
2023-04-20,1,2.43232,2.98714,0,2023,4,Peralihan I
2023-04-21,1,2.31491,2.98714,0,2023,4,Peralihan I
2023-04-22,1,2.39290,2.98714,0,2023,4,Peralihan I
2023-04-23,1,2.47310,2.98714,0,2023,4,Peralihan I
2023-04-24,1,2.42614,2.98714,0,2023,4,Peralihan I
2023-04-25,1,2.29571,2.98714,0,2023,4,Peralihan I
2023-04-26,1,2.37503,2.98714,0,2023,4,Peralihan I
2023-04-27,1,2.58100,2.98714,0,2023,4,Peralihan I
2023-04-28,1,2.47980,2.98714,0,2023,4,Peralihan I
2023-04-29,1,2.40953,2.98714,0,2023,4,Peralihan I
2023-04-30,1,2.39400,2.98714,0,2023,4,Peralihan I
2023-05-01,1,2.43073,2.98714,0,2023,5,Peralihan I
2023-05-02,1,2.86950,2.98714,0,2023,5,Peralihan I
2023-05-03,1,2.69671,2.98714,0,2023,5,Peralihan I
2023-05-04,1,1.93891,2.98714,0,2023,5,Peralihan I
2023-05-05,1,1.69601,2.98714,0,2023,5,Peralihan I
2023-05-06,1,1.75973,2.98714,0,2023,5,Peralihan I
2023-05-07,1,1.78562,2.98714,0,2023,5,Peralihan I
2023-05-08,1,1.89072,2.98714,0,2023,5,Peralihan I
2023-05-09,1,1.96858,2.98714,0,2023,5,Peralihan I
2023-05-10,1,2.08337,2.98714,0,2023,5,Peralihan I
2023-05-11,1,2.34249,2.98714,0,2023,5,Peralihan I
2023-05-12,1,2.66789,2.98714,0,2023,5,Peralihan I
2023-05-13,1,3.02784,2.98714,1,2023,5,Peralihan I
2023-05-14,1,2.84031,2.98714,0,2023,5,Peralihan I
2023-05-15,1,2.54857,2.98714,0,2023,5,Peralihan I
2023-05-16,1,2.26981,2.98714,0,2023,5,Peralihan I
2023-05-17,1,2.39761,2.98714,0,2023,5,Peralihan I
2023-05-18,1,2.28412,2.98714,0,2023,5,Peralihan I
2023-05-19,1,1.98372,2.98714,0,2023,5,Peralihan I
2023-05-20,1,2.13357,2.98714,0,2023,5,Peralihan I
2023-05-21,1,2.25613,2.98714,0,2023,5,Peralihan I
2023-05-22,1,2.22356,2.98714,0,2023,5,Peralihan I
2023-05-23,1,2.16209,2.98714,0,2023,5,Peralihan I
2023-05-24,1,2.10965,2.98714,0,2023,5,Peralihan I
2023-05-25,1,2.31670,2.98714,0,2023,5,Peralihan I
2023-05-26,1,2.31858,2.98714,0,2023,5,Peralihan I
2023-05-27,1,2.39286,2.98714,0,2023,5,Peralihan I
2023-05-28,1,2.38568,2.98714,0,2023,5,Peralihan I
2023-05-29,1,2.15043,2.98714,0,2023,5,Peralihan I
2023-05-30,1,2.20562,2.98714,0,2023,5,Peralihan I
2023-05-31,1,2.17272,2.98714,0,2023,5,Peralihan I
2023-06-01,1,2.25404,2.98714,0,2023,6,Timur
2023-06-02,1,2.32079,2.98714,0,2023,6,Timur
2023-06-03,1,2.36044,2.98714,0,2023,6,Timur
2023-06-04,1,2.22264,2.98714,0,2023,6,Timur
2023-06-05,1,1.97408,2.98714,0,2023,6,Timur
2023-06-06,1,2.59030,2.98714,0,2023,6,Timur
2023-06-07,1,3.23688,2.98714,1,2023,6,Timur
2023-06-08,1,3.17484,2.98714,1,2023,6,Timur
2023-06-09,1,2.61540,2.98714,0,2023,6,Timur
2023-06-10,1,3.06073,2.98714,1,2023,6,Timur
2023-06-11,1,3.19061,2.98714,1,2023,6,Timur
2023-06-12,1,3.01873,2.98714,1,2023,6,Timur
2023-06-13,1,2.67981,2.98714,0,2023,6,Timur
2023-06-14,1,2.67597,2.98714,0,2023,6,Timur
2023-06-15,1,2.39856,2.98714,0,2023,6,Timur
2023-06-16,1,2.31984,2.98714,0,2023,6,Timur
2023-06-17,1,2.52637,2.98714,0,2023,6,Timur
2023-06-18,1,2.57389,2.98714,0,2023,6,Timur
2023-06-19,1,2.42350,2.98714,0,2023,6,Timur
2023-06-20,1,2.22506,2.98714,0,2023,6,Timur
2023-06-21,1,2.28604,2.98714,0,2023,6,Timur
2023-06-22,1,2.34856,2.98714,0,2023,6,Timur
2023-06-23,1,2.33986,2.98714,0,2023,6,Timur
2023-06-24,1,2.20066,2.98714,0,2023,6,Timur
2023-06-25,1,2.28517,2.98714,0,2023,6,Timur
2023-06-26,1,2.39652,2.98714,0,2023,6,Timur
2023-06-27,1,2.64971,2.98714,0,2023,6,Timur
2023-06-28,1,2.89024,2.98714,0,2023,6,Timur
2023-06-29,1,2.92861,2.98714,0,2023,6,Timur
2023-06-30,1,2.67642,2.98714,0,2023,6,Timur
2023-07-01,1,2.44364,2.98714,0,2023,7,Timur
2023-07-02,1,2.23394,2.98714,0,2023,7,Timur
2023-07-03,1,2.19867,2.98714,0,2023,7,Timur
2023-07-04,1,2.86702,2.98714,0,2023,7,Timur
2023-07-05,1,3.33546,2.98714,1,2023,7,Timur
2023-07-06,1,3.68667,2.98714,1,2023,7,Timur
2023-07-07,1,3.57330,2.98714,1,2023,7,Timur
2023-07-08,1,3.21307,2.98714,1,2023,7,Timur
2023-07-09,1,2.98854,2.98714,1,2023,7,Timur
2023-07-10,1,2.84713,2.98714,0,2023,7,Timur
2023-07-11,1,2.76162,2.98714,0,2023,7,Timur
2023-07-12,1,3.18646,2.98714,1,2023,7,Timur
2023-07-13,1,3.30634,2.98714,1,2023,7,Timur
2023-07-14,1,3.00974,2.98714,1,2023,7,Timur
2023-07-15,1,2.81518,2.98714,0,2023,7,Timur
2023-07-16,1,2.39571,2.98714,0,2023,7,Timur
2023-07-17,1,2.41200,2.98714,0,2023,7,Timur
2023-07-18,1,2.52822,2.98714,0,2023,7,Timur
2023-07-19,1,3.11026,2.98714,1,2023,7,Timur
2023-07-20,1,3.48129,2.98714,1,2023,7,Timur
2023-07-21,1,3.55891,2.98714,1,2023,7,Timur
2023-07-22,1,3.29069,2.98714,1,2023,7,Timur
2023-07-23,1,2.66341,2.98714,0,2023,7,Timur
2023-07-24,1,2.58097,2.98714,0,2023,7,Timur
2023-07-25,1,2.70988,2.98714,0,2023,7,Timur
2023-07-26,1,3.30688,2.98714,1,2023,7,Timur
2023-07-27,1,3.47016,2.98714,1,2023,7,Timur
2023-07-28,1,3.47411,2.98714,1,2023,7,Timur
2023-07-29,1,2.97488,2.98714,0,2023,7,Timur
2023-07-30,1,2.79750,2.98714,0,2023,7,Timur
2023-07-31,1,2.80446,2.98714,0,2023,7,Timur
2023-08-01,1,2.74217,2.98714,0,2023,8,Timur
2023-08-02,1,2.65937,2.98714,0,2023,8,Timur
2023-08-03,1,3.63060,2.98714,1,2023,8,Timur
2023-08-04,1,4.25355,2.98714,1,2023,8,Timur
2023-08-05,1,3.82435,2.98714,1,2023,8,Timur
2023-08-06,1,2.94401,2.98714,0,2023,8,Timur
2023-08-07,1,2.47408,2.98714,0,2023,8,Timur
2023-08-08,1,2.65111,2.98714,0,2023,8,Timur
2023-08-09,1,2.82538,2.98714,0,2023,8,Timur
2023-08-10,1,2.75996,2.98714,0,2023,8,Timur
2023-08-11,1,2.54493,2.98714,0,2023,8,Timur
2023-08-12,1,2.30814,2.98714,0,2023,8,Timur
2023-08-13,1,2.49419,2.98714,0,2023,8,Timur
2023-08-14,1,2.65441,2.98714,0,2023,8,Timur
2023-08-15,1,2.58964,2.98714,0,2023,8,Timur
2023-08-16,1,3.20682,2.98714,1,2023,8,Timur
2023-08-17,1,3.62354,2.98714,1,2023,8,Timur
2023-08-18,1,3.39620,2.98714,1,2023,8,Timur
2023-08-19,1,2.98076,2.98714,0,2023,8,Timur
2023-08-20,1,2.55079,2.98714,0,2023,8,Timur
2023-08-21,1,2.26614,2.98714,0,2023,8,Timur
2023-08-22,1,3.25774,2.98714,1,2023,8,Timur
2023-08-23,1,3.72377,2.98714,1,2023,8,Timur
2023-08-24,1,3.12196,2.98714,1,2023,8,Timur
2023-08-25,1,2.44925,2.98714,0,2023,8,Timur
2023-08-26,1,2.41960,2.98714,0,2023,8,Timur
2023-08-27,1,2.11430,2.98714,0,2023,8,Timur
2023-08-28,1,2.03225,2.98714,0,2023,8,Timur
2023-08-29,1,2.14894,2.98714,0,2023,8,Timur
2023-08-30,1,2.06787,2.98714,0,2023,8,Timur
2023-08-31,1,2.20698,2.98714,0,2023,8,Timur
2023-09-01,1,2.24020,2.98714,0,2023,9,Peralihan II
2023-09-02,1,2.15948,2.98714,0,2023,9,Peralihan II
2023-09-03,1,2.31216,2.98714,0,2023,9,Peralihan II
2023-09-04,1,2.97908,2.98714,0,2023,9,Peralihan II
2023-09-05,1,3.30387,2.98714,1,2023,9,Peralihan II
2023-09-06,1,3.07441,2.98714,1,2023,9,Peralihan II
2023-09-07,1,2.67359,2.98714,0,2023,9,Peralihan II
2023-09-08,1,2.55388,2.98714,0,2023,9,Peralihan II
2023-09-09,1,2.33297,2.98714,0,2023,9,Peralihan II
2023-09-10,1,2.03699,2.98714,0,2023,9,Peralihan II
2023-09-11,1,2.02343,2.98714,0,2023,9,Peralihan II
2023-09-12,1,2.01614,2.98714,0,2023,9,Peralihan II
2023-09-13,1,3.01787,2.98714,1,2023,9,Peralihan II
2023-09-14,1,3.62396,2.98714,1,2023,9,Peralihan II
2023-09-15,1,3.59639,2.98714,1,2023,9,Peralihan II
2023-09-16,1,3.38885,2.98714,1,2023,9,Peralihan II
2023-09-17,1,3.86521,2.98714,1,2023,9,Peralihan II
2023-09-18,1,3.17924,2.98714,1,2023,9,Peralihan II
2023-09-19,1,3.17215,2.98714,1,2023,9,Peralihan II
2023-09-20,1,3.05331,2.98714,1,2023,9,Peralihan II
2023-09-21,1,2.77212,2.98714,0,2023,9,Peralihan II
2023-09-22,1,2.58980,2.98714,0,2023,9,Peralihan II
2023-09-23,1,2.77617,2.98714,0,2023,9,Peralihan II
2023-09-24,1,2.74917,2.98714,0,2023,9,Peralihan II
2023-09-25,1,2.66437,2.98714,0,2023,9,Peralihan II
2023-09-26,1,2.83540,2.98714,0,2023,9,Peralihan II
2023-09-27,1,2.71345,2.98714,0,2023,9,Peralihan II
2023-09-28,1,2.71344,2.98714,0,2023,9,Peralihan II
2023-09-29,1,2.70409,2.98714,0,2023,9,Peralihan II
2023-09-30,1,2.49773,2.98714,0,2023,9,Peralihan II
2023-10-01,1,2.42447,2.98714,0,2023,10,Peralihan II
2023-10-02,1,2.68704,2.98714,0,2023,10,Peralihan II
2023-10-03,1,3.07950,2.98714,1,2023,10,Peralihan II
2023-10-04,1,3.67319,2.98714,1,2023,10,Peralihan II
2023-10-05,1,3.51084,2.98714,1,2023,10,Peralihan II
2023-10-06,1,2.78158,2.98714,0,2023,10,Peralihan II
2023-10-07,1,2.16398,2.98714,0,2023,10,Peralihan II
2023-10-08,1,2.06086,2.98714,0,2023,10,Peralihan II
2023-10-09,1,2.50218,2.98714,0,2023,10,Peralihan II
2023-10-10,1,2.42933,2.98714,0,2023,10,Peralihan II
2023-10-11,1,2.13720,2.98714,0,2023,10,Peralihan II
2023-10-12,1,2.28857,2.98714,0,2023,10,Peralihan II
2023-10-13,1,2.42529,2.98714,0,2023,10,Peralihan II
2023-10-14,1,2.25836,2.98714,0,2023,10,Peralihan II
2023-10-15,1,2.48548,2.98714,0,2023,10,Peralihan II
2023-10-16,1,2.45899,2.98714,0,2023,10,Peralihan II
2023-10-17,1,2.09540,2.98714,0,2023,10,Peralihan II
2023-10-18,1,1.68323,2.98714,0,2023,10,Peralihan II
2023-10-19,1,1.47116,2.98714,0,2023,10,Peralihan II
2023-10-20,1,1.67142,2.98714,0,2023,10,Peralihan II
2023-10-21,1,1.80796,2.98714,0,2023,10,Peralihan II
2023-10-22,1,1.67622,2.98714,0,2023,10,Peralihan II
2023-10-23,1,1.34342,2.98714,0,2023,10,Peralihan II
2023-10-24,1,1.38402,2.98714,0,2023,10,Peralihan II
2023-10-25,1,1.61191,2.98714,0,2023,10,Peralihan II
2023-10-26,1,1.88761,2.98714,0,2023,10,Peralihan II
2023-10-27,1,2.22393,2.98714,0,2023,10,Peralihan II
2023-10-28,1,2.37169,2.98714,0,2023,10,Peralihan II
2023-10-29,1,2.38040,2.98714,0,2023,10,Peralihan II
2023-10-30,1,2.27624,2.98714,0,2023,10,Peralihan II
2023-10-31,1,2.02479,2.98714,0,2023,10,Peralihan II
2023-11-01,1,1.92707,2.98714,0,2023,11,Peralihan II
2023-11-02,1,1.92403,2.98714,0,2023,11,Peralihan II
2023-11-03,1,1.72181,2.98714,0,2023,11,Peralihan II
2023-11-04,1,1.54327,2.98714,0,2023,11,Peralihan II
2023-11-05,1,1.69273,2.98714,0,2023,11,Peralihan II
2023-11-06,1,1.79182,2.98714,0,2023,11,Peralihan II
2023-11-07,1,1.84045,2.98714,0,2023,11,Peralihan II
2023-11-08,1,1.76920,2.98714,0,2023,11,Peralihan II
2023-11-09,1,1.85099,2.98714,0,2023,11,Peralihan II
2023-11-10,1,1.88230,2.98714,0,2023,11,Peralihan II
2023-11-11,1,2.06407,2.98714,0,2023,11,Peralihan II
2023-11-12,1,2.39805,2.98714,0,2023,11,Peralihan II
2023-11-13,1,2.28948,2.98714,0,2023,11,Peralihan II
2023-11-14,1,2.01577,2.98714,0,2023,11,Peralihan II
2023-11-15,1,1.74035,2.98714,0,2023,11,Peralihan II
2023-11-16,1,1.66602,2.98714,0,2023,11,Peralihan II
2023-11-17,1,1.48215,2.98714,0,2023,11,Peralihan II
2023-11-18,1,1.41062,2.98714,0,2023,11,Peralihan II
2023-11-19,1,1.36515,2.98714,0,2023,11,Peralihan II
2023-11-20,1,1.36532,2.98714,0,2023,11,Peralihan II
2023-11-21,1,1.45668,2.98714,0,2023,11,Peralihan II
2023-11-22,1,1.55155,2.98714,0,2023,11,Peralihan II
2023-11-23,1,1.60127,2.98714,0,2023,11,Peralihan II
2023-11-24,1,1.60956,2.98714,0,2023,11,Peralihan II
2023-11-25,1,1.54881,2.98714,0,2023,11,Peralihan II
2023-11-26,1,1.35125,2.98714,0,2023,11,Peralihan II
2023-11-27,1,1.33711,2.98714,0,2023,11,Peralihan II
2023-11-28,1,1.54455,2.98714,0,2023,11,Peralihan II
2023-11-29,1,1.52981,2.98714,0,2023,11,Peralihan II
2023-11-30,1,1.44046,2.98714,0,2023,11,Peralihan II
2023-12-01,1,1.47294,2.98714,0,2023,12,Barat
2023-12-02,1,1.59781,2.98714,0,2023,12,Barat
2023-12-03,1,1.60765,2.98714,0,2023,12,Barat
2023-12-04,1,2.02427,2.98714,0,2023,12,Barat
2023-12-05,1,2.34154,2.98714,0,2023,12,Barat
2023-12-06,1,2.26327,2.98714,0,2023,12,Barat
2023-12-07,1,2.04737,2.98714,0,2023,12,Barat
2023-12-08,1,1.99673,2.98714,0,2023,12,Barat
2023-12-09,1,1.99348,2.98714,0,2023,12,Barat
2023-12-10,1,2.05508,2.98714,0,2023,12,Barat
2023-12-11,1,1.99750,2.98714,0,2023,12,Barat
2023-12-12,1,1.82679,2.98714,0,2023,12,Barat
2023-12-13,1,1.77763,2.98714,0,2023,12,Barat
2023-12-14,1,1.79944,2.98714,0,2023,12,Barat
2023-12-15,1,1.56516,2.98714,0,2023,12,Barat
2023-12-16,1,1.35246,2.98714,0,2023,12,Barat
2023-12-17,1,1.33705,2.98714,0,2023,12,Barat
2023-12-18,1,1.42204,2.98714,0,2023,12,Barat
2023-12-19,1,1.88766,2.98714,0,2023,12,Barat
2023-12-20,1,1.95672,2.98714,0,2023,12,Barat
2023-12-21,1,1.89791,2.98714,0,2023,12,Barat
2023-12-22,1,1.67347,2.98714,0,2023,12,Barat
2023-12-23,1,1.57695,2.98714,0,2023,12,Barat
2023-12-24,1,1.53321,2.98714,0,2023,12,Barat
2023-12-25,1,1.53340,2.98714,0,2023,12,Barat
2023-12-26,1,1.59032,2.98714,0,2023,12,Barat
2023-12-27,1,1.58527,2.98714,0,2023,12,Barat
2023-12-28,1,1.55394,2.98714,0,2023,12,Barat
2023-12-29,1,1.78290,2.98714,0,2023,12,Barat
2023-12-30,1,1.91695,2.98714,0,2023,12,Barat
2023-12-31,1,1.97843,2.98714,0,2023,12,Barat
2024-01-01,1,1.91196,2.98714,0,2024,1,Barat
2024-01-02,1,1.77641,2.98714,0,2024,1,Barat
2024-01-03,1,1.71906,2.98714,0,2024,1,Barat
2024-01-04,1,1.72694,2.98714,0,2024,1,Barat
2024-01-05,1,1.80946,2.98714,0,2024,1,Barat
2024-01-06,1,1.84460,2.98714,0,2024,1,Barat
2024-01-07,1,1.76302,2.98714,0,2024,1,Barat
2024-01-08,1,1.76504,2.98714,0,2024,1,Barat
2024-01-09,1,1.81444,2.98714,0,2024,1,Barat
2024-01-10,1,1.78794,2.98714,0,2024,1,Barat
2024-01-11,1,1.74633,2.98714,0,2024,1,Barat
2024-01-12,1,1.73153,2.98714,0,2024,1,Barat
2024-01-13,1,1.65770,2.98714,0,2024,1,Barat
2024-01-14,1,1.67403,2.98714,0,2024,1,Barat
2024-01-15,1,1.69390,2.98714,0,2024,1,Barat
2024-01-16,1,1.68025,2.98714,0,2024,1,Barat
2024-01-17,1,1.64974,2.98714,0,2024,1,Barat
2024-01-18,1,1.78533,2.98714,0,2024,1,Barat
2024-01-19,1,1.98318,2.98714,0,2024,1,Barat
2024-01-20,1,1.94123,2.98714,0,2024,1,Barat
2024-01-21,1,1.82174,2.98714,0,2024,1,Barat
2024-01-22,1,1.84913,2.98714,0,2024,1,Barat
2024-01-23,1,1.81562,2.98714,0,2024,1,Barat
2024-01-24,1,1.73501,2.98714,0,2024,1,Barat
2024-01-25,1,1.63210,2.98714,0,2024,1,Barat
2024-01-26,1,1.90342,2.98714,0,2024,1,Barat
2024-01-27,1,2.10591,2.98714,0,2024,1,Barat
2024-01-28,1,2.00761,2.98714,0,2024,1,Barat
2024-01-29,1,1.75198,2.98714,0,2024,1,Barat
2024-01-30,1,1.61656,2.98714,0,2024,1,Barat
2024-01-31,1,1.75407,2.98714,0,2024,1,Barat
2024-02-01,1,1.82657,2.98714,0,2024,2,Barat
2024-02-02,1,1.77165,2.98714,0,2024,2,Barat
2024-02-03,1,1.57742,2.98714,0,2024,2,Barat
2024-02-04,1,1.65355,2.98714,0,2024,2,Barat
2024-02-05,1,1.70926,2.98714,0,2024,2,Barat
2024-02-06,1,1.75376,2.98714,0,2024,2,Barat
2024-02-07,1,1.61468,2.98714,0,2024,2,Barat
2024-02-08,1,1.44676,2.98714,0,2024,2,Barat
2024-02-09,1,1.31629,2.98714,0,2024,2,Barat
2024-02-10,1,1.18509,2.98714,0,2024,2,Barat
2024-02-11,1,1.12575,2.98714,0,2024,2,Barat
2024-02-12,1,1.14118,2.98714,0,2024,2,Barat
2024-02-13,1,1.25979,2.98714,0,2024,2,Barat
2024-02-14,1,1.48786,2.98714,0,2024,2,Barat
2024-02-15,1,1.54257,2.98714,0,2024,2,Barat
2024-02-16,1,1.56688,2.98714,0,2024,2,Barat
2024-02-17,1,1.38620,2.98714,0,2024,2,Barat
2024-02-18,1,1.27760,2.98714,0,2024,2,Barat
2024-02-19,1,1.28506,2.98714,0,2024,2,Barat
2024-02-20,1,1.20330,2.98714,0,2024,2,Barat
2024-02-21,1,1.53812,2.98714,0,2024,2,Barat
2024-02-22,1,1.77167,2.98714,0,2024,2,Barat
2024-02-23,1,1.91386,2.98714,0,2024,2,Barat
2024-02-24,1,2.07289,2.98714,0,2024,2,Barat
2024-02-25,1,1.81034,2.98714,0,2024,2,Barat
2024-02-26,1,1.63857,2.98714,0,2024,2,Barat
2024-02-27,1,1.69638,2.98714,0,2024,2,Barat
2024-02-28,1,1.69164,2.98714,0,2024,2,Barat
2024-02-29,1,1.69766,2.98714,0,2024,2,Barat
2024-03-01,1,1.83224,2.98714,0,2024,3,Peralihan I
2024-03-02,1,2.13204,2.98714,0,2024,3,Peralihan I
2024-03-03,1,2.17589,2.98714,0,2024,3,Peralihan I
2024-03-04,1,2.00771,2.98714,0,2024,3,Peralihan I
2024-03-05,1,1.86598,2.98714,0,2024,3,Peralihan I
2024-03-06,1,1.71873,2.98714,0,2024,3,Peralihan I
2024-03-07,1,2.14386,2.98714,0,2024,3,Peralihan I
2024-03-08,1,2.55598,2.98714,0,2024,3,Peralihan I
2024-03-09,1,2.75883,2.98714,0,2024,3,Peralihan I
2024-03-10,1,2.92771,2.98714,0,2024,3,Peralihan I
2024-03-11,1,4.08808,2.98714,1,2024,3,Peralihan I
2024-03-12,1,4.36570,2.98714,1,2024,3,Peralihan I
2024-03-13,1,2.98573,2.98714,0,2024,3,Peralihan I
2024-03-14,1,2.82006,2.98714,0,2024,3,Peralihan I
2024-03-15,1,2.39720,2.98714,0,2024,3,Peralihan I
2024-03-16,1,1.88296,2.98714,0,2024,3,Peralihan I
2024-03-17,1,1.82798,2.98714,0,2024,3,Peralihan I
2024-03-18,1,2.00722,2.98714,0,2024,3,Peralihan I
2024-03-19,1,2.01962,2.98714,0,2024,3,Peralihan I
2024-03-20,1,2.07609,2.98714,0,2024,3,Peralihan I
2024-03-21,1,2.12194,2.98714,0,2024,3,Peralihan I
2024-03-22,1,2.04153,2.98714,0,2024,3,Peralihan I
2024-03-23,1,1.79741,2.98714,0,2024,3,Peralihan I
2024-03-24,1,1.75099,2.98714,0,2024,3,Peralihan I
2024-03-25,1,1.66952,2.98714,0,2024,3,Peralihan I
2024-03-26,1,1.56479,2.98714,0,2024,3,Peralihan I
2024-03-27,1,1.50327,2.98714,0,2024,3,Peralihan I
2024-03-28,1,1.43101,2.98714,0,2024,3,Peralihan I
2024-03-29,1,1.29467,2.98714,0,2024,3,Peralihan I
2024-03-30,1,2.44298,2.98714,0,2024,3,Peralihan I
2024-03-31,1,2.86044,2.98714,0,2024,3,Peralihan I
2024-04-01,1,2.63931,2.98714,0,2024,4,Peralihan I
2024-04-02,1,2.13217,2.98714,0,2024,4,Peralihan I
2024-04-03,1,1.81590,2.98714,0,2024,4,Peralihan I
2024-04-04,1,1.77241,2.98714,0,2024,4,Peralihan I
2024-04-05,1,1.55168,2.98714,0,2024,4,Peralihan I
2024-04-06,1,1.47706,2.98714,0,2024,4,Peralihan I
2024-04-07,1,1.59884,2.98714,0,2024,4,Peralihan I
2024-04-08,1,1.72701,2.98714,0,2024,4,Peralihan I
2024-04-09,1,1.83906,2.98714,0,2024,4,Peralihan I
2024-04-10,1,1.96321,2.98714,0,2024,4,Peralihan I
2024-04-11,1,1.97623,2.98714,0,2024,4,Peralihan I
2024-04-12,1,1.80685,2.98714,0,2024,4,Peralihan I
2024-04-13,1,1.66411,2.98714,0,2024,4,Peralihan I
2024-04-14,1,1.59688,2.98714,0,2024,4,Peralihan I
2024-04-15,1,1.56870,2.98714,0,2024,4,Peralihan I
2024-04-16,1,1.68424,2.98714,0,2024,4,Peralihan I
2024-04-17,1,1.89292,2.98714,0,2024,4,Peralihan I
2024-04-18,1,2.27479,2.98714,0,2024,4,Peralihan I
2024-04-19,1,2.31535,2.98714,0,2024,4,Peralihan I
2024-04-20,1,2.22806,2.98714,0,2024,4,Peralihan I
2024-04-21,1,2.16019,2.98714,0,2024,4,Peralihan I
2024-04-22,1,2.48754,2.98714,0,2024,4,Peralihan I
2024-04-23,1,2.31786,2.98714,0,2024,4,Peralihan I
2024-04-24,1,2.35111,2.98714,0,2024,4,Peralihan I
2024-04-25,1,2.33126,2.98714,0,2024,4,Peralihan I
2024-04-26,1,2.00348,2.98714,0,2024,4,Peralihan I
2024-04-27,1,1.69951,2.98714,0,2024,4,Peralihan I
2024-04-28,1,1.83516,2.98714,0,2024,4,Peralihan I
2024-04-29,1,2.15276,2.98714,0,2024,4,Peralihan I
2024-04-30,1,2.14305,2.98714,0,2024,4,Peralihan I
2024-05-01,1,1.97794,2.98714,0,2024,5,Peralihan I
2024-05-02,1,1.94166,2.98714,0,2024,5,Peralihan I
2024-05-03,1,1.93798,2.98714,0,2024,5,Peralihan I
2024-05-04,1,2.35637,2.98714,0,2024,5,Peralihan I
2024-05-05,1,2.70617,2.98714,0,2024,5,Peralihan I
2024-05-06,1,2.60345,2.98714,0,2024,5,Peralihan I
2024-05-07,1,2.35704,2.98714,0,2024,5,Peralihan I
2024-05-08,1,2.11561,2.98714,0,2024,5,Peralihan I
2024-05-09,1,1.87290,2.98714,0,2024,5,Peralihan I
2024-05-10,1,1.83994,2.98714,0,2024,5,Peralihan I
2024-05-11,1,1.79354,2.98714,0,2024,5,Peralihan I
2024-05-12,1,1.60454,2.98714,0,2024,5,Peralihan I
2024-05-13,1,1.79397,2.98714,0,2024,5,Peralihan I
2024-05-14,1,2.03095,2.98714,0,2024,5,Peralihan I
2024-05-15,1,1.97389,2.98714,0,2024,5,Peralihan I
2024-05-16,1,2.02509,2.98714,0,2024,5,Peralihan I
2024-05-17,1,2.06688,2.98714,0,2024,5,Peralihan I
2024-05-18,1,2.02311,2.98714,0,2024,5,Peralihan I
2024-05-19,1,2.18911,2.98714,0,2024,5,Peralihan I
2024-05-20,1,2.35857,2.98714,0,2024,5,Peralihan I
2024-05-21,1,2.26680,2.98714,0,2024,5,Peralihan I
2024-05-22,1,2.02380,2.98714,0,2024,5,Peralihan I
2024-05-23,1,1.90200,2.98714,0,2024,5,Peralihan I
2024-05-24,1,1.88763,2.98714,0,2024,5,Peralihan I
2024-05-25,1,2.30599,2.98714,0,2024,5,Peralihan I
2024-05-26,1,2.56973,2.98714,0,2024,5,Peralihan I
2024-05-27,1,3.15343,2.98714,1,2024,5,Peralihan I
2024-05-28,1,3.11779,2.98714,1,2024,5,Peralihan I
2024-05-29,1,2.80416,2.98714,0,2024,5,Peralihan I
2024-05-30,1,2.67403,2.98714,0,2024,5,Peralihan I
2024-05-31,1,2.47019,2.98714,0,2024,5,Peralihan I
2024-06-01,1,2.18011,2.98714,0,2024,6,Timur
2024-06-02,1,2.55561,2.98714,0,2024,6,Timur
2024-06-03,1,3.44059,2.98714,1,2024,6,Timur
2024-06-04,1,3.69329,2.98714,1,2024,6,Timur
2024-06-05,1,3.39233,2.98714,1,2024,6,Timur
2024-06-06,1,2.78139,2.98714,0,2024,6,Timur
2024-06-07,1,2.68382,2.98714,0,2024,6,Timur
2024-06-08,1,2.70850,2.98714,0,2024,6,Timur
2024-06-09,1,2.66766,2.98714,0,2024,6,Timur
2024-06-10,1,2.91898,2.98714,0,2024,6,Timur
2024-06-11,1,3.20942,2.98714,1,2024,6,Timur
2024-06-12,1,2.88014,2.98714,0,2024,6,Timur
2024-06-13,1,2.20907,2.98714,0,2024,6,Timur
2024-06-14,1,1.80648,2.98714,0,2024,6,Timur
2024-06-15,1,1.90062,2.98714,0,2024,6,Timur
2024-06-16,1,2.26955,2.98714,0,2024,6,Timur
2024-06-17,1,2.43344,2.98714,0,2024,6,Timur
2024-06-18,1,2.43610,2.98714,0,2024,6,Timur
2024-06-19,1,2.73666,2.98714,0,2024,6,Timur
2024-06-20,1,2.93379,2.98714,0,2024,6,Timur
2024-06-21,1,2.86465,2.98714,0,2024,6,Timur
2024-06-22,1,2.30861,2.98714,0,2024,6,Timur
2024-06-23,1,2.03401,2.98714,0,2024,6,Timur
2024-06-24,1,2.32565,2.98714,0,2024,6,Timur
2024-06-25,1,2.31111,2.98714,0,2024,6,Timur
2024-06-26,1,2.04564,2.98714,0,2024,6,Timur
2024-06-27,1,1.95522,2.98714,0,2024,6,Timur
2024-06-28,1,2.32057,2.98714,0,2024,6,Timur
2024-06-29,1,2.72984,2.98714,0,2024,6,Timur
2024-06-30,1,2.79391,2.98714,0,2024,6,Timur
2024-07-01,1,2.45277,2.98714,0,2024,7,Timur
2024-07-02,1,2.40703,2.98714,0,2024,7,Timur
2024-07-03,1,2.76263,2.98714,0,2024,7,Timur
2024-07-04,1,3.07604,2.98714,1,2024,7,Timur
2024-07-05,1,2.89829,2.98714,0,2024,7,Timur
2024-07-06,1,2.50849,2.98714,0,2024,7,Timur
2024-07-07,1,2.05656,2.98714,0,2024,7,Timur
2024-07-08,1,1.88639,2.98714,0,2024,7,Timur
2024-07-09,1,2.02953,2.98714,0,2024,7,Timur
2024-07-10,1,2.10718,2.98714,0,2024,7,Timur
2024-07-11,1,2.53725,2.98714,0,2024,7,Timur
2024-07-12,1,2.35955,2.98714,0,2024,7,Timur
2024-07-13,1,2.42983,2.98714,0,2024,7,Timur
2024-07-14,1,2.99156,2.98714,1,2024,7,Timur
2024-07-15,1,2.79387,2.98714,0,2024,7,Timur
2024-07-16,1,2.64691,2.98714,0,2024,7,Timur
2024-07-17,1,2.47049,2.98714,0,2024,7,Timur
2024-07-18,1,2.55732,2.98714,0,2024,7,Timur
2024-07-19,1,2.69089,2.98714,0,2024,7,Timur
2024-07-20,1,2.78567,2.98714,0,2024,7,Timur
2024-07-21,1,3.07315,2.98714,1,2024,7,Timur
2024-07-22,1,3.10099,2.98714,1,2024,7,Timur
2024-07-23,1,2.58894,2.98714,0,2024,7,Timur
2024-07-24,1,2.23635,2.98714,0,2024,7,Timur
2024-07-25,1,2.40206,2.98714,0,2024,7,Timur
2024-07-26,1,2.77255,2.98714,0,2024,7,Timur
2024-07-27,1,2.72551,2.98714,0,2024,7,Timur
2024-07-28,1,2.24752,2.98714,0,2024,7,Timur
2024-07-29,1,2.04244,2.98714,0,2024,7,Timur
2024-07-30,1,2.55222,2.98714,0,2024,7,Timur
2024-07-31,1,3.09123,2.98714,1,2024,7,Timur
2024-08-01,1,3.11679,2.98714,1,2024,8,Timur
2024-08-02,1,2.61724,2.98714,0,2024,8,Timur
2024-08-03,1,2.64761,2.98714,0,2024,8,Timur
2024-08-04,1,2.58344,2.98714,0,2024,8,Timur
2024-08-05,1,2.18464,2.98714,0,2024,8,Timur
2024-08-06,1,2.71870,2.98714,0,2024,8,Timur
2024-08-07,1,3.02655,2.98714,1,2024,8,Timur
2024-08-08,1,3.17414,2.98714,1,2024,8,Timur
2024-08-09,1,3.23072,2.98714,1,2024,8,Timur
2024-08-10,1,2.73454,2.98714,0,2024,8,Timur
2024-08-11,1,2.45417,2.98714,0,2024,8,Timur
2024-08-12,1,3.12001,2.98714,1,2024,8,Timur
2024-08-13,1,3.17152,2.98714,1,2024,8,Timur
2024-08-14,1,2.85920,2.98714,0,2024,8,Timur
2024-08-15,1,2.71836,2.98714,0,2024,8,Timur
2024-08-16,1,2.44059,2.98714,0,2024,8,Timur
2024-08-17,1,2.27152,2.98714,0,2024,8,Timur
2024-08-18,1,3.19041,2.98714,1,2024,8,Timur
2024-08-19,1,3.02783,2.98714,1,2024,8,Timur
2024-08-20,1,2.55440,2.98714,0,2024,8,Timur
2024-08-21,1,2.45071,2.98714,0,2024,8,Timur
2024-08-22,1,2.50946,2.98714,0,2024,8,Timur
2024-08-23,1,2.09086,2.98714,0,2024,8,Timur
2024-08-24,1,2.16817,2.98714,0,2024,8,Timur
2024-08-25,1,2.63092,2.98714,0,2024,8,Timur
2024-08-26,1,3.12785,2.98714,1,2024,8,Timur
2024-08-27,1,3.07797,2.98714,1,2024,8,Timur
2024-08-28,1,2.58600,2.98714,0,2024,8,Timur
2024-08-29,1,2.70491,2.98714,0,2024,8,Timur
2024-08-30,1,2.78406,2.98714,0,2024,8,Timur
2024-08-31,1,2.80665,2.98714,0,2024,8,Timur
2024-09-01,1,2.74524,2.98714,0,2024,9,Peralihan II
2024-09-02,1,2.42929,2.98714,0,2024,9,Peralihan II
2024-09-03,1,2.63749,2.98714,0,2024,9,Peralihan II
2024-09-04,1,2.83559,2.98714,0,2024,9,Peralihan II
2024-09-05,1,2.90405,2.98714,0,2024,9,Peralihan II
2024-09-06,1,3.19885,2.98714,1,2024,9,Peralihan II
2024-09-07,1,3.35708,2.98714,1,2024,9,Peralihan II
2024-09-08,1,3.03494,2.98714,1,2024,9,Peralihan II
2024-09-09,1,2.58792,2.98714,0,2024,9,Peralihan II
2024-09-10,1,2.31964,2.98714,0,2024,9,Peralihan II
2024-09-11,1,2.35082,2.98714,0,2024,9,Peralihan II
2024-09-12,1,2.16656,2.98714,0,2024,9,Peralihan II
2024-09-13,1,2.04064,2.98714,0,2024,9,Peralihan II
2024-09-14,1,2.04347,2.98714,0,2024,9,Peralihan II
2024-09-15,1,2.06951,2.98714,0,2024,9,Peralihan II
2024-09-16,1,2.07046,2.98714,0,2024,9,Peralihan II
2024-09-17,1,1.81351,2.98714,0,2024,9,Peralihan II
2024-09-18,1,1.72064,2.98714,0,2024,9,Peralihan II
2024-09-19,1,1.78996,2.98714,0,2024,9,Peralihan II
2024-09-20,1,1.95699,2.98714,0,2024,9,Peralihan II
2024-09-21,1,2.30733,2.98714,0,2024,9,Peralihan II
2024-09-22,1,2.57078,2.98714,0,2024,9,Peralihan II
2024-09-23,1,2.25573,2.98714,0,2024,9,Peralihan II
2024-09-24,1,1.95489,2.98714,0,2024,9,Peralihan II
2024-09-25,1,2.01167,2.98714,0,2024,9,Peralihan II
2024-09-26,1,1.95259,2.98714,0,2024,9,Peralihan II
2024-09-27,1,1.77380,2.98714,0,2024,9,Peralihan II
2024-09-28,1,2.24184,2.98714,0,2024,9,Peralihan II
2024-09-29,1,2.74238,2.98714,0,2024,9,Peralihan II
2024-09-30,1,2.72187,2.98714,0,2024,9,Peralihan II
2024-10-01,1,2.36678,2.98714,0,2024,10,Peralihan II
2024-10-02,1,2.29741,2.98714,0,2024,10,Peralihan II
2024-10-03,1,2.42283,2.98714,0,2024,10,Peralihan II
2024-10-04,1,3.00336,2.98714,1,2024,10,Peralihan II
2024-10-05,1,2.94457,2.98714,0,2024,10,Peralihan II
2024-10-06,1,2.27688,2.98714,0,2024,10,Peralihan II
2024-10-07,1,2.01369,2.98714,0,2024,10,Peralihan II
2024-10-08,1,2.28452,2.98714,0,2024,10,Peralihan II
2024-10-09,1,2.42385,2.98714,0,2024,10,Peralihan II
2024-10-10,1,2.73279,2.98714,0,2024,10,Peralihan II
2024-10-11,1,2.85156,2.98714,0,2024,10,Peralihan II
2024-10-12,1,2.65075,2.98714,0,2024,10,Peralihan II
2024-10-13,1,2.24642,2.98714,0,2024,10,Peralihan II
2024-10-14,1,2.02553,2.98714,0,2024,10,Peralihan II
2024-10-15,1,3.30736,2.98714,1,2024,10,Peralihan II
2024-10-16,1,3.47383,2.98714,1,2024,10,Peralihan II
2024-10-17,1,3.09348,2.98714,1,2024,10,Peralihan II
2024-10-18,1,2.60250,2.98714,0,2024,10,Peralihan II
2024-10-19,1,2.00712,2.98714,0,2024,10,Peralihan II
2024-10-20,1,2.13454,2.98714,0,2024,10,Peralihan II
2024-10-21,1,2.26125,2.98714,0,2024,10,Peralihan II
2024-10-22,1,2.49289,2.98714,0,2024,10,Peralihan II
2024-10-23,1,2.53487,2.98714,0,2024,10,Peralihan II
2024-10-24,1,2.21695,2.98714,0,2024,10,Peralihan II
2024-10-25,1,2.15697,2.98714,0,2024,10,Peralihan II
2024-10-26,1,1.82358,2.98714,0,2024,10,Peralihan II
2024-10-27,1,1.86476,2.98714,0,2024,10,Peralihan II
2024-10-28,1,2.17741,2.98714,0,2024,10,Peralihan II
2024-10-29,1,2.28165,2.98714,0,2024,10,Peralihan II
2024-10-30,1,2.26359,2.98714,0,2024,10,Peralihan II
2024-10-31,1,2.04420,2.98714,0,2024,10,Peralihan II
2024-11-01,1,1.65216,2.98714,0,2024,11,Peralihan II
2024-11-02,1,1.37510,2.98714,0,2024,11,Peralihan II
2024-11-03,1,1.27299,2.98714,0,2024,11,Peralihan II
2024-11-04,1,1.41550,2.98714,0,2024,11,Peralihan II
2024-11-05,1,1.72527,2.98714,0,2024,11,Peralihan II
2024-11-06,1,1.95835,2.98714,0,2024,11,Peralihan II
2024-11-07,1,2.09803,2.98714,0,2024,11,Peralihan II
2024-11-08,1,2.22456,2.98714,0,2024,11,Peralihan II
2024-11-09,1,2.23096,2.98714,0,2024,11,Peralihan II
2024-11-10,1,2.29959,2.98714,0,2024,11,Peralihan II
2024-11-11,1,2.23674,2.98714,0,2024,11,Peralihan II
2024-11-12,1,2.04376,2.98714,0,2024,11,Peralihan II
2024-11-13,1,1.78555,2.98714,0,2024,11,Peralihan II
2024-11-14,1,1.83360,2.98714,0,2024,11,Peralihan II
2024-11-15,1,1.84265,2.98714,0,2024,11,Peralihan II
2024-11-16,1,1.90639,2.98714,0,2024,11,Peralihan II
2024-11-17,1,1.78186,2.98714,0,2024,11,Peralihan II
2024-11-18,1,1.86212,2.98714,0,2024,11,Peralihan II
2024-11-19,1,2.06117,2.98714,0,2024,11,Peralihan II
2024-11-20,1,2.07722,2.98714,0,2024,11,Peralihan II
2024-11-21,1,2.05536,2.98714,0,2024,11,Peralihan II
2024-11-22,1,2.22111,2.98714,0,2024,11,Peralihan II
2024-11-23,1,2.19365,2.98714,0,2024,11,Peralihan II
2024-11-24,1,2.00721,2.98714,0,2024,11,Peralihan II
2024-11-25,1,1.84619,2.98714,0,2024,11,Peralihan II
2024-11-26,1,1.86704,2.98714,0,2024,11,Peralihan II
2024-11-27,1,1.98022,2.98714,0,2024,11,Peralihan II
2024-11-28,1,2.02168,2.98714,0,2024,11,Peralihan II
2024-11-29,1,2.03100,2.98714,0,2024,11,Peralihan II
2024-11-30,1,1.93593,2.98714,0,2024,11,Peralihan II
2024-12-01,1,1.96758,2.98714,0,2024,12,Barat
2024-12-02,1,2.31555,2.98714,0,2024,12,Barat
2024-12-03,1,2.60941,2.98714,0,2024,12,Barat
2024-12-04,1,2.64903,2.98714,0,2024,12,Barat
2024-12-05,1,2.49502,2.98714,0,2024,12,Barat
2024-12-06,1,2.29326,2.98714,0,2024,12,Barat
2024-12-07,1,2.14032,2.98714,0,2024,12,Barat
2024-12-08,1,2.10371,2.98714,0,2024,12,Barat
2024-12-09,1,2.20222,2.98714,0,2024,12,Barat
2024-12-10,1,2.58683,2.98714,0,2024,12,Barat
2024-12-11,1,2.78572,2.98714,0,2024,12,Barat
2024-12-12,1,2.74306,2.98714,0,2024,12,Barat
2024-12-13,1,2.40322,2.98714,0,2024,12,Barat
2024-12-14,1,2.01649,2.98714,0,2024,12,Barat
2024-12-15,1,1.92244,2.98714,0,2024,12,Barat
2024-12-16,1,1.99165,2.98714,0,2024,12,Barat
2024-12-17,1,2.58452,2.98714,0,2024,12,Barat
2024-12-18,1,2.64906,2.98714,0,2024,12,Barat
2024-12-19,1,2.35356,2.98714,0,2024,12,Barat
2024-12-20,1,2.37201,2.98714,0,2024,12,Barat
2024-12-21,1,2.48481,2.98714,0,2024,12,Barat
2024-12-22,1,2.36737,2.98714,0,2024,12,Barat
2024-12-23,1,2.17994,2.98714,0,2024,12,Barat
2024-12-24,1,2.12859,2.98714,0,2024,12,Barat
2024-12-25,1,2.22564,2.98714,0,2024,12,Barat
2024-12-26,1,2.32254,2.98714,0,2024,12,Barat
2024-12-27,1,2.15946,2.98714,0,2024,12,Barat
2024-12-28,1,2.05361,2.98714,0,2024,12,Barat
2024-12-29,1,2.05843,2.98714,0,2024,12,Barat
2024-12-30,1,1.96765,2.98714,0,2024,12,Barat
2024-12-31,1,1.73530,2.98714,0,2024,12,Barat
2025-01-01,1,2.04614,2.98714,0,2025,1,Barat
2025-01-02,1,2.10151,2.98714,0,2025,1,Barat
2025-01-03,1,2.00527,2.98714,0,2025,1,Barat
2025-01-04,1,1.70617,2.98714,0,2025,1,Barat
2025-01-05,1,1.35752,2.98714,0,2025,1,Barat
2025-01-06,1,1.34279,2.98714,0,2025,1,Barat
2025-01-07,1,1.54874,2.98714,0,2025,1,Barat
2025-01-08,1,1.86231,2.98714,0,2025,1,Barat
2025-01-09,1,1.76771,2.98714,0,2025,1,Barat
2025-01-10,1,1.48968,2.98714,0,2025,1,Barat
2025-01-11,1,1.61239,2.98714,0,2025,1,Barat
2025-01-12,1,1.74607,2.98714,0,2025,1,Barat
2025-01-13,1,1.70785,2.98714,0,2025,1,Barat
2025-01-14,1,2.32981,2.98714,0,2025,1,Barat
2025-01-15,1,2.50994,2.98714,0,2025,1,Barat
2025-01-16,1,2.39914,2.98714,0,2025,1,Barat
2025-01-17,1,2.20260,2.98714,0,2025,1,Barat
2025-01-18,1,2.35982,2.98714,0,2025,1,Barat
2025-01-19,1,2.76197,2.98714,0,2025,1,Barat
2025-01-20,1,2.80906,2.98714,0,2025,1,Barat
2025-01-21,1,2.57628,2.98714,0,2025,1,Barat
2025-01-22,1,2.17130,2.98714,0,2025,1,Barat
2025-01-23,1,1.92435,2.98714,0,2025,1,Barat
2025-01-24,1,1.79657,2.98714,0,2025,1,Barat
2025-01-25,1,1.81361,2.98714,0,2025,1,Barat
2025-01-26,1,1.73483,2.98714,0,2025,1,Barat
2025-01-27,1,1.62101,2.98714,0,2025,1,Barat
2025-01-28,1,1.64217,2.98714,0,2025,1,Barat
2025-01-29,1,1.76303,2.98714,0,2025,1,Barat
2025-01-30,1,1.96033,2.98714,0,2025,1,Barat
2025-01-31,1,2.42240,2.98714,0,2025,1,Barat
2025-02-01,1,2.79177,2.98714,0,2025,2,Barat
2025-02-02,1,2.87483,2.98714,0,2025,2,Barat
2025-02-03,1,2.69889,2.98714,0,2025,2,Barat
2025-02-04,1,2.64522,2.98714,0,2025,2,Barat
2025-02-05,1,4.27329,2.98714,1,2025,2,Barat
2025-02-06,1,4.75224,2.98714,1,2025,2,Barat
2025-02-07,1,3.78606,2.98714,1,2025,2,Barat
2025-02-08,1,2.42557,2.98714,0,2025,2,Barat
2025-02-09,1,2.01189,2.98714,0,2025,2,Barat
2025-02-10,1,1.80813,2.98714,0,2025,2,Barat
2025-02-11,1,1.82417,2.98714,0,2025,2,Barat
2025-02-12,1,1.95638,2.98714,0,2025,2,Barat
2025-02-13,1,2.09341,2.98714,0,2025,2,Barat
2025-02-14,1,2.22441,2.98714,0,2025,2,Barat
2025-02-15,1,2.28569,2.98714,0,2025,2,Barat
2025-02-16,1,2.01129,2.98714,0,2025,2,Barat
2025-02-17,1,1.62633,2.98714,0,2025,2,Barat
2025-02-18,1,1.74363,2.98714,0,2025,2,Barat
2025-02-19,1,1.90036,2.98714,0,2025,2,Barat
2025-02-20,1,1.78650,2.98714,0,2025,2,Barat
2025-02-21,1,1.72433,2.98714,0,2025,2,Barat
2025-02-22,1,1.75795,2.98714,0,2025,2,Barat
2025-02-23,1,1.91305,2.98714,0,2025,2,Barat
2025-02-24,1,1.90330,2.98714,0,2025,2,Barat
2025-02-25,1,2.00777,2.98714,0,2025,2,Barat
2025-02-26,1,2.04185,2.98714,0,2025,2,Barat
2025-02-27,1,1.81337,2.98714,0,2025,2,Barat
2025-02-28,1,1.61153,2.98714,0,2025,2,Barat
2025-03-01,1,1.60064,2.98714,0,2025,3,Peralihan I
2025-03-02,1,1.55565,2.98714,0,2025,3,Peralihan I
2025-03-03,1,1.59270,2.98714,0,2025,3,Peralihan I
2025-03-04,1,1.60344,2.98714,0,2025,3,Peralihan I
2025-03-05,1,1.59451,2.98714,0,2025,3,Peralihan I
2025-03-06,1,1.97876,2.98714,0,2025,3,Peralihan I
2025-03-07,1,2.06913,2.98714,0,2025,3,Peralihan I
2025-03-08,1,1.94068,2.98714,0,2025,3,Peralihan I
2025-03-09,1,1.81354,2.98714,0,2025,3,Peralihan I
2025-03-10,1,2.44906,2.98714,0,2025,3,Peralihan I
2025-03-11,1,2.54397,2.98714,0,2025,3,Peralihan I
2025-03-12,1,2.18354,2.98714,0,2025,3,Peralihan I
2025-03-13,1,1.77793,2.98714,0,2025,3,Peralihan I
2025-03-14,1,1.94388,2.98714,0,2025,3,Peralihan I
2025-03-15,1,2.25743,2.98714,0,2025,3,Peralihan I
2025-03-16,1,2.42433,2.98714,0,2025,3,Peralihan I
2025-03-17,1,2.36103,2.98714,0,2025,3,Peralihan I
2025-03-18,1,2.89285,2.98714,0,2025,3,Peralihan I
2025-03-19,1,2.70017,2.98714,0,2025,3,Peralihan I
2025-03-20,1,2.19212,2.98714,0,2025,3,Peralihan I
2025-03-21,1,2.02137,2.98714,0,2025,3,Peralihan I
2025-03-22,1,2.06941,2.98714,0,2025,3,Peralihan I
2025-03-23,1,2.15992,2.98714,0,2025,3,Peralihan I
2025-03-24,1,2.04431,2.98714,0,2025,3,Peralihan I
2025-03-25,1,2.55905,2.98714,0,2025,3,Peralihan I
2025-03-26,1,2.84650,2.98714,0,2025,3,Peralihan I
2025-03-27,1,2.64552,2.98714,0,2025,3,Peralihan I
2025-03-28,1,2.21742,2.98714,0,2025,3,Peralihan I
2025-03-29,1,1.81719,2.98714,0,2025,3,Peralihan I
2025-03-30,1,1.53586,2.98714,0,2025,3,Peralihan I
2025-03-31,1,1.40121,2.98714,0,2025,3,Peralihan I
2025-04-01,1,1.43630,2.98714,0,2025,4,Peralihan I
2025-04-02,1,1.38904,2.98714,0,2025,4,Peralihan I
2025-04-03,1,1.32755,2.98714,0,2025,4,Peralihan I
2025-04-04,1,1.88802,2.98714,0,2025,4,Peralihan I
2025-04-05,1,1.99824,2.98714,0,2025,4,Peralihan I
2025-04-06,1,1.87896,2.98714,0,2025,4,Peralihan I
2025-04-07,1,1.94225,2.98714,0,2025,4,Peralihan I
2025-04-08,1,1.95355,2.98714,0,2025,4,Peralihan I
2025-04-09,1,1.90904,2.98714,0,2025,4,Peralihan I
2025-04-10,1,1.76740,2.98714,0,2025,4,Peralihan I
2025-04-11,1,1.85236,2.98714,0,2025,4,Peralihan I
2025-04-12,1,2.28028,2.98714,0,2025,4,Peralihan I
2025-04-13,1,2.66431,2.98714,0,2025,4,Peralihan I
2025-04-14,1,2.60415,2.98714,0,2025,4,Peralihan I
2025-04-15,1,2.34935,2.98714,0,2025,4,Peralihan I
2025-04-16,1,2.02211,2.98714,0,2025,4,Peralihan I
2025-04-17,1,2.03957,2.98714,0,2025,4,Peralihan I
2025-04-18,1,2.34644,2.98714,0,2025,4,Peralihan I
2025-04-19,1,2.41598,2.98714,0,2025,4,Peralihan I
2025-04-20,1,2.17628,2.98714,0,2025,4,Peralihan I
2025-04-21,1,1.88397,2.98714,0,2025,4,Peralihan I
2025-04-22,1,1.99733,2.98714,0,2025,4,Peralihan I
2025-04-23,1,2.03207,2.98714,0,2025,4,Peralihan I
2025-04-24,1,1.85349,2.98714,0,2025,4,Peralihan I
2025-04-25,1,2.12007,2.98714,0,2025,4,Peralihan I
2025-04-26,1,2.38492,2.98714,0,2025,4,Peralihan I
2025-04-27,1,2.20372,2.98714,0,2025,4,Peralihan I
2025-04-28,1,1.98001,2.98714,0,2025,4,Peralihan I
2025-04-29,1,1.97390,2.98714,0,2025,4,Peralihan I
2025-04-30,1,2.01801,2.98714,0,2025,4,Peralihan I
2025-05-01,1,1.94867,2.98714,0,2025,5,Peralihan I
2025-05-02,1,2.11831,2.98714,0,2025,5,Peralihan I
2025-05-03,1,2.12857,2.98714,0,2025,5,Peralihan I
2025-05-04,1,2.15345,2.98714,0,2025,5,Peralihan I
2025-05-05,1,3.04235,2.98714,1,2025,5,Peralihan I
2025-05-06,1,3.06523,2.98714,1,2025,5,Peralihan I
2025-05-07,1,2.79214,2.98714,0,2025,5,Peralihan I
2025-05-08,1,2.45680,2.98714,0,2025,5,Peralihan I
2025-05-09,1,2.10128,2.98714,0,2025,5,Peralihan I
2025-05-10,1,2.03680,2.98714,0,2025,5,Peralihan I
2025-05-11,1,1.96616,2.98714,0,2025,5,Peralihan I
2025-05-12,1,2.05661,2.98714,0,2025,5,Peralihan I
2025-05-13,1,2.16240,2.98714,0,2025,5,Peralihan I
2025-05-14,1,2.34811,2.98714,0,2025,5,Peralihan I
2025-05-15,1,2.13404,2.98714,0,2025,5,Peralihan I
2025-05-16,1,2.06731,2.98714,0,2025,5,Peralihan I
2025-05-17,1,2.08503,2.98714,0,2025,5,Peralihan I
2025-05-18,1,2.13245,2.98714,0,2025,5,Peralihan I
2025-05-19,1,2.11502,2.98714,0,2025,5,Peralihan I
2025-05-20,1,2.38964,2.98714,0,2025,5,Peralihan I
2025-05-21,1,2.83927,2.98714,0,2025,5,Peralihan I
2025-05-22,1,2.80436,2.98714,0,2025,5,Peralihan I
2025-05-23,1,2.96361,2.98714,0,2025,5,Peralihan I
2025-05-24,1,2.70223,2.98714,0,2025,5,Peralihan I
2025-05-25,1,2.23832,2.98714,0,2025,5,Peralihan I
2025-05-26,1,2.09455,2.98714,0,2025,5,Peralihan I
2025-05-27,1,1.94100,2.98714,0,2025,5,Peralihan I
2025-05-28,1,2.01593,2.98714,0,2025,5,Peralihan I
2025-05-29,1,2.16840,2.98714,0,2025,5,Peralihan I
2025-05-30,1,2.53958,2.98714,0,2025,5,Peralihan I
2025-05-31,1,2.54744,2.98714,0,2025,5,Peralihan I
2025-06-01,1,2.35489,2.98714,0,2025,6,Timur
2025-06-02,1,2.24477,2.98714,0,2025,6,Timur
2025-06-03,1,2.80787,2.98714,0,2025,6,Timur
2025-06-04,1,2.89599,2.98714,0,2025,6,Timur
2025-06-05,1,2.57537,2.98714,0,2025,6,Timur
2025-06-06,1,2.41756,2.98714,0,2025,6,Timur
2025-06-07,1,2.31594,2.98714,0,2025,6,Timur
2025-06-08,1,2.50194,2.98714,0,2025,6,Timur
2025-06-09,1,2.37382,2.98714,0,2025,6,Timur
2025-06-10,1,2.13709,2.98714,0,2025,6,Timur
2025-06-11,1,2.82267,2.98714,0,2025,6,Timur
2025-06-12,1,3.10018,2.98714,1,2025,6,Timur
2025-06-13,1,2.79410,2.98714,0,2025,6,Timur
2025-06-14,1,2.35563,2.98714,0,2025,6,Timur
2025-06-15,1,2.50655,2.98714,0,2025,6,Timur
2025-06-16,1,2.59400,2.98714,0,2025,6,Timur
2025-06-17,1,2.29387,2.98714,0,2025,6,Timur
2025-06-18,1,1.85611,2.98714,0,2025,6,Timur
2025-06-19,1,2.65521,2.98714,0,2025,6,Timur
2025-06-20,1,2.81709,2.98714,0,2025,6,Timur
2025-06-21,1,3.19082,2.98714,1,2025,6,Timur
2025-06-22,1,3.83263,2.98714,1,2025,6,Timur
2025-06-23,1,3.83567,2.98714,1,2025,6,Timur
2025-06-24,1,3.30555,2.98714,1,2025,6,Timur
2025-06-25,1,2.62590,2.98714,0,2025,6,Timur
2025-06-26,1,2.72955,2.98714,0,2025,6,Timur
2025-06-27,1,2.72953,2.98714,0,2025,6,Timur
2025-06-28,1,3.14015,2.98714,1,2025,6,Timur
2025-06-29,1,3.06070,2.98714,1,2025,6,Timur
2025-06-30,1,2.75199,2.98714,0,2025,6,Timur
2025-07-01,1,2.64638,2.98714,0,2025,7,Timur
2025-07-02,1,2.27681,2.98714,0,2025,7,Timur
2025-07-03,1,2.10335,2.98714,0,2025,7,Timur
2025-07-04,1,2.34204,2.98714,0,2025,7,Timur
2025-07-05,1,2.12813,2.98714,0,2025,7,Timur
2025-07-06,1,1.98327,2.98714,0,2025,7,Timur
2025-07-07,1,2.26985,2.98714,0,2025,7,Timur
2025-07-08,1,3.00032,2.98714,1,2025,7,Timur
2025-07-09,1,3.59849,2.98714,1,2025,7,Timur
2025-07-10,1,3.32731,2.98714,1,2025,7,Timur
2025-07-11,1,2.62210,2.98714,0,2025,7,Timur
2025-07-12,1,2.27217,2.98714,0,2025,7,Timur
2025-07-13,1,2.27053,2.98714,0,2025,7,Timur
2025-07-14,1,2.69205,2.98714,0,2025,7,Timur
2025-07-15,1,2.74806,2.98714,0,2025,7,Timur
2025-07-16,1,2.83111,2.98714,0,2025,7,Timur
2025-07-17,1,3.00556,2.98714,1,2025,7,Timur
2025-07-18,1,3.14938,2.98714,1,2025,7,Timur
2025-07-19,1,3.10577,2.98714,1,2025,7,Timur
2025-07-20,1,3.00999,2.98714,1,2025,7,Timur
2025-07-21,1,2.74912,2.98714,0,2025,7,Timur
2025-07-22,1,2.30148,2.98714,0,2025,7,Timur
2025-07-23,1,2.00190,2.98714,0,2025,7,Timur
2025-07-24,1,2.09834,2.98714,0,2025,7,Timur
2025-07-25,1,2.91160,2.98714,0,2025,7,Timur
2025-07-26,1,3.22596,2.98714,1,2025,7,Timur
2025-07-27,1,3.24826,2.98714,1,2025,7,Timur
2025-07-28,1,3.60926,2.98714,1,2025,7,Timur
2025-07-29,1,3.75312,2.98714,1,2025,7,Timur
2025-07-30,1,3.61514,2.98714,1,2025,7,Timur
2025-07-31,1,3.10907,2.98714,1,2025,7,Timur
2025-08-01,1,2.44910,2.98714,0,2025,8,Timur
2025-08-02,1,1.95285,2.98714,0,2025,8,Timur
2025-08-03,1,2.83079,2.98714,0,2025,8,Timur
2025-08-04,1,3.40577,2.98714,1,2025,8,Timur
2025-08-05,1,3.92472,2.98714,1,2025,8,Timur
2025-08-06,1,3.59670,2.98714,1,2025,8,Timur
2025-08-07,1,2.74497,2.98714,0,2025,8,Timur
2025-08-08,1,2.42794,2.98714,0,2025,8,Timur
2025-08-09,1,1.89936,2.98714,0,2025,8,Timur
2025-08-10,1,2.34389,2.98714,0,2025,8,Timur
2025-08-11,1,2.65533,2.98714,0,2025,8,Timur
2025-08-12,1,2.59320,2.98714,0,2025,8,Timur
2025-08-13,1,2.40010,2.98714,0,2025,8,Timur
2025-08-14,1,2.59408,2.98714,0,2025,8,Timur
2025-08-15,1,2.85421,2.98714,0,2025,8,Timur
2025-08-16,1,2.82773,2.98714,0,2025,8,Timur
2025-08-17,1,2.33481,2.98714,0,2025,8,Timur
2025-08-18,1,2.00553,2.98714,0,2025,8,Timur
2025-08-19,1,1.67748,2.98714,0,2025,8,Timur
2025-08-20,1,1.66403,2.98714,0,2025,8,Timur
2025-08-21,1,2.17383,2.98714,0,2025,8,Timur
2025-08-22,1,2.77052,2.98714,0,2025,8,Timur
2025-08-23,1,2.79279,2.98714,0,2025,8,Timur
2025-08-24,1,2.63284,2.98714,0,2025,8,Timur
2025-08-25,1,2.86923,2.98714,0,2025,8,Timur
2025-08-26,1,3.38441,2.98714,1,2025,8,Timur
2025-08-27,1,3.50973,2.98714,1,2025,8,Timur
2025-08-28,1,3.34432,2.98714,1,2025,8,Timur
2025-08-29,1,2.95534,2.98714,0,2025,8,Timur
2025-08-30,1,2.71789,2.98714,0,2025,8,Timur
2025-08-31,1,2.46716,2.98714,0,2025,8,Timur
2025-09-01,1,2.74170,2.98714,0,2025,9,Peralihan II
2025-09-02,1,2.59285,2.98714,0,2025,9,Peralihan II
2025-09-03,1,2.06462,2.98714,0,2025,9,Peralihan II
2025-09-04,1,2.08701,2.98714,0,2025,9,Peralihan II
2025-09-05,1,2.38030,2.98714,0,2025,9,Peralihan II
2025-09-06,1,2.66430,2.98714,0,2025,9,Peralihan II
2025-09-07,1,3.16166,2.98714,1,2025,9,Peralihan II
2025-09-08,1,3.15883,2.98714,1,2025,9,Peralihan II
2025-09-09,1,3.22098,2.98714,1,2025,9,Peralihan II
2025-09-10,1,3.13995,2.98714,1,2025,9,Peralihan II
2025-09-11,1,2.45624,2.98714,0,2025,9,Peralihan II
2025-09-12,1,1.92412,2.98714,0,2025,9,Peralihan II
2025-09-13,1,1.98513,2.98714,0,2025,9,Peralihan II
2025-09-14,1,1.87946,2.98714,0,2025,9,Peralihan II
2025-09-15,1,2.45297,2.98714,0,2025,9,Peralihan II
2025-09-16,1,3.02473,2.98714,1,2025,9,Peralihan II
2025-09-17,1,2.97285,2.98714,0,2025,9,Peralihan II
2025-09-18,1,2.61662,2.98714,0,2025,9,Peralihan II
2025-09-19,1,2.64580,2.98714,0,2025,9,Peralihan II
2025-09-20,1,2.77283,2.98714,0,2025,9,Peralihan II
2025-09-21,1,2.61148,2.98714,0,2025,9,Peralihan II
2025-09-22,1,2.49311,2.98714,0,2025,9,Peralihan II
2025-09-23,1,2.54607,2.98714,0,2025,9,Peralihan II
2025-09-24,1,2.55022,2.98714,0,2025,9,Peralihan II
2025-09-25,1,2.29544,2.98714,0,2025,9,Peralihan II
2025-09-26,1,2.47881,2.98714,0,2025,9,Peralihan II
2025-09-27,1,2.25882,2.98714,0,2025,9,Peralihan II
2025-09-28,1,1.85300,2.98714,0,2025,9,Peralihan II
2025-09-29,1,2.05447,2.98714,0,2025,9,Peralihan II
2025-09-30,1,2.37679,2.98714,0,2025,9,Peralihan II
2025-10-01,1,2.27038,2.98714,0,2025,10,Peralihan II
2025-10-02,1,2.51260,2.98714,0,2025,10,Peralihan II
2025-10-03,1,2.75033,2.98714,0,2025,10,Peralihan II
2025-10-04,1,2.41381,2.98714,0,2025,10,Peralihan II
2025-10-05,1,2.22073,2.98714,0,2025,10,Peralihan II
2025-10-06,1,2.48139,2.98714,0,2025,10,Peralihan II
2025-10-07,1,2.52794,2.98714,0,2025,10,Peralihan II
2025-10-08,1,2.25141,2.98714,0,2025,10,Peralihan II
2025-10-09,1,2.08016,2.98714,0,2025,10,Peralihan II
2025-10-10,1,1.94101,2.98714,0,2025,10,Peralihan II
2025-10-11,1,2.19583,2.98714,0,2025,10,Peralihan II
2025-10-12,1,2.23676,2.98714,0,2025,10,Peralihan II
2025-10-13,1,2.27357,2.98714,0,2025,10,Peralihan II
2025-10-14,1,3.29129,2.98714,1,2025,10,Peralihan II
2025-10-15,1,3.21200,2.98714,1,2025,10,Peralihan II
2025-10-16,1,2.68132,2.98714,0,2025,10,Peralihan II
2025-10-17,1,2.52093,2.98714,0,2025,10,Peralihan II
2025-10-18,1,2.30084,2.98714,0,2025,10,Peralihan II
2025-10-19,1,2.16756,2.98714,0,2025,10,Peralihan II
2025-10-20,1,2.35296,2.98714,0,2025,10,Peralihan II
2025-10-21,1,2.32564,2.98714,0,2025,10,Peralihan II
2025-10-22,1,2.37430,2.98714,0,2025,10,Peralihan II
2025-10-23,1,2.02146,2.98714,0,2025,10,Peralihan II
2025-10-24,1,1.96346,2.98714,0,2025,10,Peralihan II
2025-10-25,1,1.82659,2.98714,0,2025,10,Peralihan II
2025-10-26,1,1.67747,2.98714,0,2025,10,Peralihan II
2025-10-27,1,1.58789,2.98714,0,2025,10,Peralihan II
2025-10-28,1,1.63467,2.98714,0,2025,10,Peralihan II
2025-10-29,1,2.15898,2.98714,0,2025,10,Peralihan II
2025-10-30,1,2.25509,2.98714,0,2025,10,Peralihan II
2025-10-31,1,2.30279,2.98714,0,2025,10,Peralihan II
2025-11-01,1,2.32141,2.98714,0,2025,11,Peralihan II
2025-11-02,1,2.38034,2.98714,0,2025,11,Peralihan II
2025-11-03,1,2.35275,2.98714,0,2025,11,Peralihan II
2025-11-04,1,2.09125,2.98714,0,2025,11,Peralihan II
2025-11-05,1,2.77277,2.98714,0,2025,11,Peralihan II
2025-11-06,1,2.88705,2.98714,0,2025,11,Peralihan II
2025-11-07,1,2.73873,2.98714,0,2025,11,Peralihan II
2025-11-08,1,2.37839,2.98714,0,2025,11,Peralihan II
2025-11-09,1,2.26743,2.98714,0,2025,11,Peralihan II
2025-11-10,1,1.88812,2.98714,0,2025,11,Peralihan II
2025-11-11,1,1.72665,2.98714,0,2025,11,Peralihan II
2025-11-12,1,1.57993,2.98714,0,2025,11,Peralihan II
2025-11-13,1,1.44839,2.98714,0,2025,11,Peralihan II
2025-11-14,1,1.50601,2.98714,0,2025,11,Peralihan II
2025-11-15,1,2.34665,2.98714,0,2025,11,Peralihan II
2025-11-16,1,2.42916,2.98714,0,2025,11,Peralihan II
2025-11-17,1,2.05745,2.98714,0,2025,11,Peralihan II
2025-11-18,1,1.90379,2.98714,0,2025,11,Peralihan II
2025-11-19,1,1.72901,2.98714,0,2025,11,Peralihan II
2025-11-20,1,1.60995,2.98714,0,2025,11,Peralihan II
2025-11-21,1,1.75368,2.98714,0,2025,11,Peralihan II
2025-11-22,1,1.73021,2.98714,0,2025,11,Peralihan II
2025-11-23,1,1.54872,2.98714,0,2025,11,Peralihan II
2025-11-24,1,1.55161,2.98714,0,2025,11,Peralihan II
2025-11-25,1,1.67576,2.98714,0,2025,11,Peralihan II
2025-11-26,1,1.78825,2.98714,0,2025,11,Peralihan II
2025-11-27,1,1.77108,2.98714,0,2025,11,Peralihan II
2025-11-28,1,2.08298,2.98714,0,2025,11,Peralihan II
2025-11-29,1,2.18269,2.98714,0,2025,11,Peralihan II
2025-11-30,1,2.04324,2.98714,0,2025,11,Peralihan II
2025-12-01,1,1.93855,2.98714,0,2025,12,Barat
2025-12-02,1,1.89492,2.98714,0,2025,12,Barat
2025-12-03,1,1.72540,2.98714,0,2025,12,Barat
2025-12-04,1,1.50186,2.98714,0,2025,12,Barat
2025-12-05,1,1.39552,2.98714,0,2025,12,Barat
2025-12-06,1,1.58852,2.98714,0,2025,12,Barat
2025-12-07,1,1.61770,2.98714,0,2025,12,Barat
2025-12-08,1,1.62994,2.98714,0,2025,12,Barat
2025-12-09,1,1.59074,2.98714,0,2025,12,Barat
2025-12-10,1,1.49537,2.98714,0,2025,12,Barat
2025-12-11,1,1.72605,2.98714,0,2025,12,Barat
2025-12-12,1,1.85767,2.98714,0,2025,12,Barat
2025-12-13,1,1.81829,2.98714,0,2025,12,Barat
2025-12-14,1,1.56974,2.98714,0,2025,12,Barat
2025-12-15,1,1.66140,2.98714,0,2025,12,Barat
2025-12-16,1,1.74168,2.98714,0,2025,12,Barat
2025-12-17,1,1.78810,2.98714,0,2025,12,Barat
2025-12-18,1,1.98240,2.98714,0,2025,12,Barat
2025-12-19,1,2.23672,2.98714,0,2025,12,Barat
2025-12-20,1,2.23180,2.98714,0,2025,12,Barat
2025-12-21,1,2.24742,2.98714,0,2025,12,Barat
2025-12-22,1,2.06374,2.98714,0,2025,12,Barat
2025-12-23,1,2.03708,2.98714,0,2025,12,Barat
2025-12-24,1,1.99141,2.98714,0,2025,12,Barat
2025-12-25,1,1.93857,2.98714,0,2025,12,Barat
2025-12-26,1,2.17282,2.98714,0,2025,12,Barat
2025-12-27,1,2.18264,2.98714,0,2025,12,Barat
2025-12-28,1,2.03389,2.98714,0,2025,12,Barat
2025-12-29,1,2.00299,2.98714,0,2025,12,Barat
2025-12-30,1,2.08891,2.98714,0,2025,12,Barat
2025-12-31,1,2.73099,2.98714,0,2025,12,Barat
2021-01-01,2,1.78882,2.38037,0,2021,1,Barat
2021-01-02,2,1.65654,2.38037,0,2021,1,Barat
2021-01-03,2,1.37043,2.38037,0,2021,1,Barat
2021-01-04,2,1.39376,2.38037,0,2021,1,Barat
2021-01-05,2,1.42764,2.38037,0,2021,1,Barat
2021-01-06,2,1.39480,2.38037,0,2021,1,Barat
2021-01-07,2,1.61164,2.38037,0,2021,1,Barat
2021-01-08,2,1.71124,2.38037,0,2021,1,Barat
2021-01-09,2,1.70160,2.38037,0,2021,1,Barat
2021-01-10,2,1.74441,2.38037,0,2021,1,Barat
2021-01-11,2,1.64177,2.38037,0,2021,1,Barat
2021-01-12,2,1.65578,2.38037,0,2021,1,Barat
2021-01-13,2,1.76029,2.38037,0,2021,1,Barat
2021-01-14,2,1.75222,2.38037,0,2021,1,Barat
2021-01-15,2,1.94983,2.38037,0,2021,1,Barat
2021-01-16,2,2.00280,2.38037,0,2021,1,Barat
2021-01-17,2,1.83838,2.38037,0,2021,1,Barat
2021-01-18,2,1.67799,2.38037,0,2021,1,Barat
2021-01-19,2,1.54708,2.38037,0,2021,1,Barat
2021-01-20,2,1.31320,2.38037,0,2021,1,Barat
2021-01-21,2,1.18519,2.38037,0,2021,1,Barat
2021-01-22,2,1.34209,2.38037,0,2021,1,Barat
2021-01-23,2,1.53405,2.38037,0,2021,1,Barat
2021-01-24,2,1.55779,2.38037,0,2021,1,Barat
2021-01-25,2,1.62016,2.38037,0,2021,1,Barat
2021-01-26,2,1.69249,2.38037,0,2021,1,Barat
2021-01-27,2,1.85703,2.38037,0,2021,1,Barat
2021-01-28,2,1.88554,2.38037,0,2021,1,Barat
2021-01-29,2,2.12798,2.38037,0,2021,1,Barat
2021-01-30,2,2.46207,2.38037,1,2021,1,Barat
2021-01-31,2,2.42653,2.38037,1,2021,1,Barat
2021-02-01,2,2.18205,2.38037,0,2021,2,Barat
2021-02-02,2,2.24864,2.38037,0,2021,2,Barat
2021-02-03,2,2.25840,2.38037,0,2021,2,Barat
2021-02-04,2,2.14066,2.38037,0,2021,2,Barat
2021-02-05,2,2.23702,2.38037,0,2021,2,Barat
2021-02-06,2,2.14640,2.38037,0,2021,2,Barat
2021-02-07,2,2.10851,2.38037,0,2021,2,Barat
2021-02-08,2,2.04243,2.38037,0,2021,2,Barat
2021-02-09,2,1.87570,2.38037,0,2021,2,Barat
2021-02-10,2,1.65399,2.38037,0,2021,2,Barat
2021-02-11,2,1.45644,2.38037,0,2021,2,Barat
2021-02-12,2,1.51995,2.38037,0,2021,2,Barat
2021-02-13,2,1.66550,2.38037,0,2021,2,Barat
2021-02-14,2,1.56965,2.38037,0,2021,2,Barat
2021-02-15,2,1.50967,2.38037,0,2021,2,Barat
2021-02-16,2,1.68824,2.38037,0,2021,2,Barat
2021-02-17,2,1.95328,2.38037,0,2021,2,Barat
2021-02-18,2,2.06005,2.38037,0,2021,2,Barat
2021-02-19,2,2.14153,2.38037,0,2021,2,Barat
2021-02-20,2,2.09027,2.38037,0,2021,2,Barat
2021-02-21,2,1.84910,2.38037,0,2021,2,Barat
2021-02-22,2,2.10532,2.38037,0,2021,2,Barat
2021-02-23,2,2.39145,2.38037,1,2021,2,Barat
2021-02-24,2,2.40989,2.38037,1,2021,2,Barat
2021-02-25,2,2.23149,2.38037,0,2021,2,Barat
2021-02-26,2,1.68000,2.38037,0,2021,2,Barat
2021-02-27,2,1.57037,2.38037,0,2021,2,Barat
2021-02-28,2,1.93062,2.38037,0,2021,2,Barat
2021-03-01,2,1.97057,2.38037,0,2021,3,Peralihan I
2021-03-02,2,1.85172,2.38037,0,2021,3,Peralihan I
2021-03-03,2,1.63405,2.38037,0,2021,3,Peralihan I
2021-03-04,2,1.42685,2.38037,0,2021,3,Peralihan I
2021-03-05,2,1.35295,2.38037,0,2021,3,Peralihan I
2021-03-06,2,1.35757,2.38037,0,2021,3,Peralihan I
2021-03-07,2,1.30005,2.38037,0,2021,3,Peralihan I
2021-03-08,2,1.68198,2.38037,0,2021,3,Peralihan I
2021-03-09,2,1.70912,2.38037,0,2021,3,Peralihan I
2021-03-10,2,1.58150,2.38037,0,2021,3,Peralihan I
2021-03-11,2,1.36875,2.38037,0,2021,3,Peralihan I
2021-03-12,2,1.25539,2.38037,0,2021,3,Peralihan I
2021-03-13,2,1.21014,2.38037,0,2021,3,Peralihan I
2021-03-14,2,1.32551,2.38037,0,2021,3,Peralihan I
2021-03-15,2,1.33608,2.38037,0,2021,3,Peralihan I
2021-03-16,2,1.25349,2.38037,0,2021,3,Peralihan I
2021-03-17,2,1.10997,2.38037,0,2021,3,Peralihan I
2021-03-18,2,1.06196,2.38037,0,2021,3,Peralihan I
2021-03-19,2,1.30351,2.38037,0,2021,3,Peralihan I
2021-03-20,2,1.62606,2.38037,0,2021,3,Peralihan I
2021-03-21,2,1.78884,2.38037,0,2021,3,Peralihan I
2021-03-22,2,1.84913,2.38037,0,2021,3,Peralihan I
2021-03-23,2,1.85833,2.38037,0,2021,3,Peralihan I
2021-03-24,2,1.63149,2.38037,0,2021,3,Peralihan I
2021-03-25,2,1.41598,2.38037,0,2021,3,Peralihan I
2021-03-26,2,1.30415,2.38037,0,2021,3,Peralihan I
2021-03-27,2,1.22648,2.38037,0,2021,3,Peralihan I
2021-03-28,2,1.09105,2.38037,0,2021,3,Peralihan I
2021-03-29,2,1.10230,2.38037,0,2021,3,Peralihan I
2021-03-30,2,1.11456,2.38037,0,2021,3,Peralihan I
2021-03-31,2,1.27571,2.38037,0,2021,3,Peralihan I
2021-04-01,2,1.53459,2.38037,0,2021,4,Peralihan I
2021-04-02,2,1.60511,2.38037,0,2021,4,Peralihan I
2021-04-03,2,1.60907,2.38037,0,2021,4,Peralihan I
2021-04-04,2,1.67119,2.38037,0,2021,4,Peralihan I
2021-04-05,2,1.92565,2.38037,0,2021,4,Peralihan I
2021-04-06,2,2.14482,2.38037,0,2021,4,Peralihan I
2021-04-07,2,2.09245,2.38037,0,2021,4,Peralihan I
2021-04-08,2,2.02594,2.38037,0,2021,4,Peralihan I
2021-04-09,2,2.51612,2.38037,1,2021,4,Peralihan I
2021-04-10,2,2.26050,2.38037,0,2021,4,Peralihan I
2021-04-11,2,1.88164,2.38037,0,2021,4,Peralihan I
2021-04-12,2,1.68364,2.38037,0,2021,4,Peralihan I
2021-04-13,2,1.48198,2.38037,0,2021,4,Peralihan I
2021-04-14,2,1.63555,2.38037,0,2021,4,Peralihan I
2021-04-15,2,1.84353,2.38037,0,2021,4,Peralihan I
2021-04-16,2,1.79458,2.38037,0,2021,4,Peralihan I
2021-04-17,2,1.63042,2.38037,0,2021,4,Peralihan I
2021-04-18,2,1.43023,2.38037,0,2021,4,Peralihan I
2021-04-19,2,1.45622,2.38037,0,2021,4,Peralihan I
2021-04-20,2,1.42365,2.38037,0,2021,4,Peralihan I
2021-04-21,2,1.29571,2.38037,0,2021,4,Peralihan I
2021-04-22,2,1.28346,2.38037,0,2021,4,Peralihan I
2021-04-23,2,1.47036,2.38037,0,2021,4,Peralihan I
2021-04-24,2,1.68340,2.38037,0,2021,4,Peralihan I
2021-04-25,2,1.72987,2.38037,0,2021,4,Peralihan I
2021-04-26,2,1.76887,2.38037,0,2021,4,Peralihan I
2021-04-27,2,1.95961,2.38037,0,2021,4,Peralihan I
2021-04-28,2,1.95564,2.38037,0,2021,4,Peralihan I
2021-04-29,2,1.87010,2.38037,0,2021,4,Peralihan I
2021-04-30,2,1.94835,2.38037,0,2021,4,Peralihan I
2021-05-01,2,1.76589,2.38037,0,2021,5,Peralihan I
2021-05-02,2,1.60716,2.38037,0,2021,5,Peralihan I
2021-05-03,2,1.88944,2.38037,0,2021,5,Peralihan I
2021-05-04,2,2.25381,2.38037,0,2021,5,Peralihan I
2021-05-05,2,2.16025,2.38037,0,2021,5,Peralihan I
2021-05-06,2,1.85084,2.38037,0,2021,5,Peralihan I
2021-05-07,2,1.65632,2.38037,0,2021,5,Peralihan I
2021-05-08,2,1.93969,2.38037,0,2021,5,Peralihan I
2021-05-09,2,2.19310,2.38037,0,2021,5,Peralihan I
2021-05-10,2,2.17174,2.38037,0,2021,5,Peralihan I
2021-05-11,2,2.02595,2.38037,0,2021,5,Peralihan I
2021-05-12,2,1.75197,2.38037,0,2021,5,Peralihan I
2021-05-13,2,1.61000,2.38037,0,2021,5,Peralihan I
2021-05-14,2,2.07005,2.38037,0,2021,5,Peralihan I
2021-05-15,2,2.30264,2.38037,0,2021,5,Peralihan I
2021-05-16,2,2.04128,2.38037,0,2021,5,Peralihan I
2021-05-17,2,1.76426,2.38037,0,2021,5,Peralihan I
2021-05-18,2,1.65501,2.38037,0,2021,5,Peralihan I
2021-05-19,2,1.41626,2.38037,0,2021,5,Peralihan I
2021-05-20,2,1.43847,2.38037,0,2021,5,Peralihan I
2021-05-21,2,1.51530,2.38037,0,2021,5,Peralihan I
2021-05-22,2,1.50876,2.38037,0,2021,5,Peralihan I
2021-05-23,2,1.33287,2.38037,0,2021,5,Peralihan I
2021-05-24,2,1.83742,2.38037,0,2021,5,Peralihan I
2021-05-25,2,2.54658,2.38037,1,2021,5,Peralihan I
2021-05-26,2,2.76861,2.38037,1,2021,5,Peralihan I
2021-05-27,2,2.38564,2.38037,1,2021,5,Peralihan I
2021-05-28,2,1.85181,2.38037,0,2021,5,Peralihan I
2021-05-29,2,1.93901,2.38037,0,2021,5,Peralihan I
2021-05-30,2,2.35535,2.38037,0,2021,5,Peralihan I
2021-05-31,2,2.40526,2.38037,1,2021,5,Peralihan I
2021-06-01,2,2.21182,2.38037,0,2021,6,Timur
2021-06-02,2,1.87192,2.38037,0,2021,6,Timur
2021-06-03,2,1.79210,2.38037,0,2021,6,Timur
2021-06-04,2,1.87215,2.38037,0,2021,6,Timur
2021-06-05,2,1.67697,2.38037,0,2021,6,Timur
2021-06-06,2,1.44254,2.38037,0,2021,6,Timur
2021-06-07,2,1.28874,2.38037,0,2021,6,Timur
2021-06-08,2,1.27353,2.38037,0,2021,6,Timur
2021-06-09,2,1.48593,2.38037,0,2021,6,Timur
2021-06-10,2,1.64796,2.38037,0,2021,6,Timur
2021-06-11,2,1.65688,2.38037,0,2021,6,Timur
2021-06-12,2,1.61506,2.38037,0,2021,6,Timur
2021-06-13,2,1.69952,2.38037,0,2021,6,Timur
2021-06-14,2,1.79010,2.38037,0,2021,6,Timur
2021-06-15,2,1.82749,2.38037,0,2021,6,Timur
2021-06-16,2,2.39988,2.38037,1,2021,6,Timur
2021-06-17,2,2.40250,2.38037,1,2021,6,Timur
2021-06-18,2,2.56475,2.38037,1,2021,6,Timur
2021-06-19,2,2.44842,2.38037,1,2021,6,Timur
2021-06-20,2,1.97930,2.38037,0,2021,6,Timur
2021-06-21,2,2.05436,2.38037,0,2021,6,Timur
2021-06-22,2,2.32904,2.38037,0,2021,6,Timur
2021-06-23,2,2.37036,2.38037,0,2021,6,Timur
2021-06-24,2,2.03462,2.38037,0,2021,6,Timur
2021-06-25,2,1.73277,2.38037,0,2021,6,Timur
2021-06-26,2,1.70983,2.38037,0,2021,6,Timur
2021-06-27,2,1.62482,2.38037,0,2021,6,Timur
2021-06-28,2,1.71360,2.38037,0,2021,6,Timur
2021-06-29,2,2.04563,2.38037,0,2021,6,Timur
2021-06-30,2,2.10034,2.38037,0,2021,6,Timur
2021-07-01,2,2.19859,2.38037,0,2021,7,Timur
2021-07-02,2,2.25782,2.38037,0,2021,7,Timur
2021-07-03,2,2.00965,2.38037,0,2021,7,Timur
2021-07-04,2,1.72900,2.38037,0,2021,7,Timur
2021-07-05,2,1.66044,2.38037,0,2021,7,Timur
2021-07-06,2,1.90523,2.38037,0,2021,7,Timur
2021-07-07,2,2.10158,2.38037,0,2021,7,Timur
2021-07-08,2,2.12438,2.38037,0,2021,7,Timur
2021-07-09,2,1.86561,2.38037,0,2021,7,Timur
2021-07-10,2,1.69008,2.38037,0,2021,7,Timur
2021-07-11,2,2.13346,2.38037,0,2021,7,Timur
2021-07-12,2,2.26299,2.38037,0,2021,7,Timur
2021-07-13,2,2.60728,2.38037,1,2021,7,Timur
2021-07-14,2,2.77338,2.38037,1,2021,7,Timur
2021-07-15,2,2.57836,2.38037,1,2021,7,Timur
2021-07-16,2,2.40494,2.38037,1,2021,7,Timur
2021-07-17,2,2.13838,2.38037,0,2021,7,Timur
2021-07-18,2,2.12998,2.38037,0,2021,7,Timur
2021-07-19,2,2.12306,2.38037,0,2021,7,Timur
2021-07-20,2,1.89430,2.38037,0,2021,7,Timur
2021-07-21,2,1.72317,2.38037,0,2021,7,Timur
2021-07-22,2,1.64067,2.38037,0,2021,7,Timur
2021-07-23,2,1.70998,2.38037,0,2021,7,Timur
2021-07-24,2,1.86989,2.38037,0,2021,7,Timur
2021-07-25,2,2.23270,2.38037,0,2021,7,Timur
2021-07-26,2,2.43709,2.38037,1,2021,7,Timur
2021-07-27,2,2.32316,2.38037,0,2021,7,Timur
2021-07-28,2,2.45750,2.38037,1,2021,7,Timur
2021-07-29,2,2.87724,2.38037,1,2021,7,Timur
2021-07-30,2,2.72285,2.38037,1,2021,7,Timur
2021-07-31,2,2.98572,2.38037,1,2021,7,Timur
2021-08-01,2,3.12944,2.38037,1,2021,8,Timur
2021-08-02,2,2.89291,2.38037,1,2021,8,Timur
2021-08-03,2,2.52790,2.38037,1,2021,8,Timur
2021-08-04,2,2.37318,2.38037,0,2021,8,Timur
2021-08-05,2,2.11268,2.38037,0,2021,8,Timur
2021-08-06,2,1.93006,2.38037,0,2021,8,Timur
2021-08-07,2,2.01726,2.38037,0,2021,8,Timur
2021-08-08,2,1.95958,2.38037,0,2021,8,Timur
2021-08-09,2,1.78822,2.38037,0,2021,8,Timur
2021-08-10,2,2.71207,2.38037,1,2021,8,Timur
2021-08-11,2,3.51446,2.38037,1,2021,8,Timur
2021-08-12,2,3.37372,2.38037,1,2021,8,Timur
2021-08-13,2,2.78274,2.38037,1,2021,8,Timur
2021-08-14,2,2.26002,2.38037,0,2021,8,Timur
2021-08-15,2,1.97240,2.38037,0,2021,8,Timur
2021-08-16,2,2.07900,2.38037,0,2021,8,Timur
2021-08-17,2,2.09324,2.38037,0,2021,8,Timur
2021-08-18,2,1.92480,2.38037,0,2021,8,Timur
2021-08-19,2,1.69659,2.38037,0,2021,8,Timur
2021-08-20,2,1.78912,2.38037,0,2021,8,Timur
2021-08-21,2,1.80898,2.38037,0,2021,8,Timur
2021-08-22,2,1.80586,2.38037,0,2021,8,Timur
2021-08-23,2,2.03745,2.38037,0,2021,8,Timur
2021-08-24,2,2.39235,2.38037,1,2021,8,Timur
2021-08-25,2,2.30094,2.38037,0,2021,8,Timur
2021-08-26,2,1.88875,2.38037,0,2021,8,Timur
2021-08-27,2,1.73950,2.38037,0,2021,8,Timur
2021-08-28,2,1.98922,2.38037,0,2021,8,Timur
2021-08-29,2,2.31552,2.38037,0,2021,8,Timur
2021-08-30,2,2.26891,2.38037,0,2021,8,Timur
2021-08-31,2,1.96605,2.38037,0,2021,8,Timur
2021-09-01,2,2.10608,2.38037,0,2021,9,Peralihan II
2021-09-02,2,2.46657,2.38037,1,2021,9,Peralihan II
2021-09-03,2,2.81992,2.38037,1,2021,9,Peralihan II
2021-09-04,2,2.86945,2.38037,1,2021,9,Peralihan II
2021-09-05,2,2.57468,2.38037,1,2021,9,Peralihan II
2021-09-06,2,2.23711,2.38037,0,2021,9,Peralihan II
2021-09-07,2,2.00793,2.38037,0,2021,9,Peralihan II
2021-09-08,2,2.00759,2.38037,0,2021,9,Peralihan II
2021-09-09,2,2.19417,2.38037,0,2021,9,Peralihan II
2021-09-10,2,2.36831,2.38037,0,2021,9,Peralihan II
2021-09-11,2,2.34764,2.38037,0,2021,9,Peralihan II
2021-09-12,2,2.11819,2.38037,0,2021,9,Peralihan II
2021-09-13,2,1.98088,2.38037,0,2021,9,Peralihan II
2021-09-14,2,1.99675,2.38037,0,2021,9,Peralihan II
2021-09-15,2,1.90451,2.38037,0,2021,9,Peralihan II
2021-09-16,2,2.03036,2.38037,0,2021,9,Peralihan II
2021-09-17,2,2.45166,2.38037,1,2021,9,Peralihan II
2021-09-18,2,2.67023,2.38037,1,2021,9,Peralihan II
2021-09-19,2,2.50792,2.38037,1,2021,9,Peralihan II
2021-09-20,2,2.18846,2.38037,0,2021,9,Peralihan II
2021-09-21,2,1.83464,2.38037,0,2021,9,Peralihan II
2021-09-22,2,1.96937,2.38037,0,2021,9,Peralihan II
2021-09-23,2,2.00162,2.38037,0,2021,9,Peralihan II
2021-09-24,2,1.61091,2.38037,0,2021,9,Peralihan II
2021-09-25,2,1.53597,2.38037,0,2021,9,Peralihan II
2021-09-26,2,1.60196,2.38037,0,2021,9,Peralihan II
2021-09-27,2,1.66744,2.38037,0,2021,9,Peralihan II
2021-09-28,2,1.65446,2.38037,0,2021,9,Peralihan II
2021-09-29,2,1.52743,2.38037,0,2021,9,Peralihan II
2021-09-30,2,1.66448,2.38037,0,2021,9,Peralihan II
2021-10-01,2,1.62326,2.38037,0,2021,10,Peralihan II
2021-10-02,2,1.92302,2.38037,0,2021,10,Peralihan II
2021-10-03,2,2.17889,2.38037,0,2021,10,Peralihan II
2021-10-04,2,2.10371,2.38037,0,2021,10,Peralihan II
2021-10-05,2,1.82984,2.38037,0,2021,10,Peralihan II
2021-10-06,2,1.86480,2.38037,0,2021,10,Peralihan II
2021-10-07,2,1.89267,2.38037,0,2021,10,Peralihan II
2021-10-08,2,1.76279,2.38037,0,2021,10,Peralihan II
2021-10-09,2,1.86710,2.38037,0,2021,10,Peralihan II
2021-10-10,2,1.99739,2.38037,0,2021,10,Peralihan II
2021-10-11,2,1.94755,2.38037,0,2021,10,Peralihan II
2021-10-12,2,1.79543,2.38037,0,2021,10,Peralihan II
2021-10-13,2,1.70995,2.38037,0,2021,10,Peralihan II
2021-10-14,2,1.87973,2.38037,0,2021,10,Peralihan II
2021-10-15,2,1.74874,2.38037,0,2021,10,Peralihan II
2021-10-16,2,1.61430,2.38037,0,2021,10,Peralihan II
2021-10-17,2,1.62281,2.38037,0,2021,10,Peralihan II
2021-10-18,2,1.54072,2.38037,0,2021,10,Peralihan II
2021-10-19,2,1.47842,2.38037,0,2021,10,Peralihan II
2021-10-20,2,1.86809,2.38037,0,2021,10,Peralihan II
2021-10-21,2,2.16350,2.38037,0,2021,10,Peralihan II
2021-10-22,2,2.04011,2.38037,0,2021,10,Peralihan II
2021-10-23,2,2.16899,2.38037,0,2021,10,Peralihan II
2021-10-24,2,2.20721,2.38037,0,2021,10,Peralihan II
2021-10-25,2,1.88139,2.38037,0,2021,10,Peralihan II
2021-10-26,2,1.66853,2.38037,0,2021,10,Peralihan II
2021-10-27,2,1.78347,2.38037,0,2021,10,Peralihan II
2021-10-28,2,1.78435,2.38037,0,2021,10,Peralihan II
2021-10-29,2,1.61308,2.38037,0,2021,10,Peralihan II
2021-10-30,2,1.49905,2.38037,0,2021,10,Peralihan II
2021-10-31,2,1.37856,2.38037,0,2021,10,Peralihan II
2021-11-01,2,1.34552,2.38037,0,2021,11,Peralihan II
2021-11-02,2,1.42034,2.38037,0,2021,11,Peralihan II
2021-11-03,2,1.47381,2.38037,0,2021,11,Peralihan II
2021-11-04,2,1.46034,2.38037,0,2021,11,Peralihan II
2021-11-05,2,1.64910,2.38037,0,2021,11,Peralihan II
2021-11-06,2,1.75109,2.38037,0,2021,11,Peralihan II
2021-11-07,2,1.76070,2.38037,0,2021,11,Peralihan II
2021-11-08,2,1.80255,2.38037,0,2021,11,Peralihan II
2021-11-09,2,1.67037,2.38037,0,2021,11,Peralihan II
2021-11-10,2,1.55923,2.38037,0,2021,11,Peralihan II
2021-11-11,2,1.36169,2.38037,0,2021,11,Peralihan II
2021-11-12,2,1.26047,2.38037,0,2021,11,Peralihan II
2021-11-13,2,1.16083,2.38037,0,2021,11,Peralihan II
2021-11-14,2,1.06551,2.38037,0,2021,11,Peralihan II
2021-11-15,2,1.04343,2.38037,0,2021,11,Peralihan II
2021-11-16,2,1.01237,2.38037,0,2021,11,Peralihan II
2021-11-17,2,0.98343,2.38037,0,2021,11,Peralihan II
2021-11-18,2,1.19090,2.38037,0,2021,11,Peralihan II
2021-11-19,2,1.29850,2.38037,0,2021,11,Peralihan II
2021-11-20,2,1.34663,2.38037,0,2021,11,Peralihan II
2021-11-21,2,1.44724,2.38037,0,2021,11,Peralihan II
2021-11-22,2,1.57666,2.38037,0,2021,11,Peralihan II
2021-11-23,2,1.58916,2.38037,0,2021,11,Peralihan II
2021-11-24,2,1.63851,2.38037,0,2021,11,Peralihan II
2021-11-25,2,1.52343,2.38037,0,2021,11,Peralihan II
2021-11-26,2,1.43707,2.38037,0,2021,11,Peralihan II
2021-11-27,2,1.25259,2.38037,0,2021,11,Peralihan II
2021-11-28,2,1.26933,2.38037,0,2021,11,Peralihan II
2021-11-29,2,1.21046,2.38037,0,2021,11,Peralihan II
2021-11-30,2,1.11836,2.38037,0,2021,11,Peralihan II
2021-12-01,2,1.13646,2.38037,0,2021,12,Barat
2021-12-02,2,1.41695,2.38037,0,2021,12,Barat
2021-12-03,2,1.76205,2.38037,0,2021,12,Barat
2021-12-04,2,2.07798,2.38037,0,2021,12,Barat
2021-12-05,2,1.93628,2.38037,0,2021,12,Barat
2021-12-06,2,1.63519,2.38037,0,2021,12,Barat
2021-12-07,2,1.54315,2.38037,0,2021,12,Barat
2021-12-08,2,1.67105,2.38037,0,2021,12,Barat
2021-12-09,2,1.65331,2.38037,0,2021,12,Barat
2021-12-10,2,1.51962,2.38037,0,2021,12,Barat
2021-12-11,2,1.54571,2.38037,0,2021,12,Barat
2021-12-12,2,1.76195,2.38037,0,2021,12,Barat
2021-12-13,2,1.79038,2.38037,0,2021,12,Barat
2021-12-14,2,1.81031,2.38037,0,2021,12,Barat
2021-12-15,2,1.74638,2.38037,0,2021,12,Barat
2021-12-16,2,1.68294,2.38037,0,2021,12,Barat
2021-12-17,2,1.70054,2.38037,0,2021,12,Barat
2021-12-18,2,1.83098,2.38037,0,2021,12,Barat
2021-12-19,2,1.96001,2.38037,0,2021,12,Barat
2021-12-20,2,1.85617,2.38037,0,2021,12,Barat
2021-12-21,2,1.61027,2.38037,0,2021,12,Barat
2021-12-22,2,1.44266,2.38037,0,2021,12,Barat
2021-12-23,2,1.63072,2.38037,0,2021,12,Barat
2021-12-24,2,1.64389,2.38037,0,2021,12,Barat
2021-12-25,2,1.41170,2.38037,0,2021,12,Barat
2021-12-26,2,1.19815,2.38037,0,2021,12,Barat
2021-12-27,2,1.10400,2.38037,0,2021,12,Barat
2021-12-28,2,1.13934,2.38037,0,2021,12,Barat
2021-12-29,2,1.21580,2.38037,0,2021,12,Barat
2021-12-30,2,1.25453,2.38037,0,2021,12,Barat
2021-12-31,2,1.24122,2.38037,0,2021,12,Barat
2022-01-01,2,1.12789,2.38037,0,2022,1,Barat
2022-01-02,2,1.02467,2.38037,0,2022,1,Barat
2022-01-03,2,1.02708,2.38037,0,2022,1,Barat
2022-01-04,2,1.15021,2.38037,0,2022,1,Barat
2022-01-05,2,1.23251,2.38037,0,2022,1,Barat
2022-01-06,2,1.31157,2.38037,0,2022,1,Barat
2022-01-07,2,1.31929,2.38037,0,2022,1,Barat
2022-01-08,2,1.17724,2.38037,0,2022,1,Barat
2022-01-09,2,1.29080,2.38037,0,2022,1,Barat
2022-01-10,2,1.44359,2.38037,0,2022,1,Barat
2022-01-11,2,1.66952,2.38037,0,2022,1,Barat
2022-01-12,2,1.58675,2.38037,0,2022,1,Barat
2022-01-13,2,1.33492,2.38037,0,2022,1,Barat
2022-01-14,2,1.35226,2.38037,0,2022,1,Barat
2022-01-15,2,1.52752,2.38037,0,2022,1,Barat
2022-01-16,2,1.63450,2.38037,0,2022,1,Barat
2022-01-17,2,1.64377,2.38037,0,2022,1,Barat
2022-01-18,2,1.63397,2.38037,0,2022,1,Barat
2022-01-19,2,1.72937,2.38037,0,2022,1,Barat
2022-01-20,2,1.66486,2.38037,0,2022,1,Barat
2022-01-21,2,1.54435,2.38037,0,2022,1,Barat
2022-01-22,2,1.54265,2.38037,0,2022,1,Barat
2022-01-23,2,1.61201,2.38037,0,2022,1,Barat
2022-01-24,2,1.70224,2.38037,0,2022,1,Barat
2022-01-25,2,2.08249,2.38037,0,2022,1,Barat
2022-01-26,2,2.10651,2.38037,0,2022,1,Barat
2022-01-27,2,1.97113,2.38037,0,2022,1,Barat
2022-01-28,2,1.72648,2.38037,0,2022,1,Barat
2022-01-29,2,1.67613,2.38037,0,2022,1,Barat
2022-01-30,2,1.79134,2.38037,0,2022,1,Barat
2022-01-31,2,1.86908,2.38037,0,2022,1,Barat
2022-02-01,2,1.75230,2.38037,0,2022,2,Barat
2022-02-02,2,1.63733,2.38037,0,2022,2,Barat
2022-02-03,2,1.99059,2.38037,0,2022,2,Barat
2022-02-04,2,1.83027,2.38037,0,2022,2,Barat
2022-02-05,2,1.58243,2.38037,0,2022,2,Barat
2022-02-06,2,1.59233,2.38037,0,2022,2,Barat
2022-02-07,2,1.80347,2.38037,0,2022,2,Barat
2022-02-08,2,1.88809,2.38037,0,2022,2,Barat
2022-02-09,2,2.15929,2.38037,0,2022,2,Barat
2022-02-10,2,2.10702,2.38037,0,2022,2,Barat
2022-02-11,2,1.84445,2.38037,0,2022,2,Barat
2022-02-12,2,1.93344,2.38037,0,2022,2,Barat
2022-02-13,2,1.89946,2.38037,0,2022,2,Barat
2022-02-14,2,1.76083,2.38037,0,2022,2,Barat
2022-02-15,2,1.69490,2.38037,0,2022,2,Barat
2022-02-16,2,1.62552,2.38037,0,2022,2,Barat
2022-02-17,2,1.42149,2.38037,0,2022,2,Barat
2022-02-18,2,1.43783,2.38037,0,2022,2,Barat
2022-02-19,2,1.56199,2.38037,0,2022,2,Barat
2022-02-20,2,1.50907,2.38037,0,2022,2,Barat
2022-02-21,2,1.48471,2.38037,0,2022,2,Barat
2022-02-22,2,1.54077,2.38037,0,2022,2,Barat
2022-02-23,2,1.36455,2.38037,0,2022,2,Barat
2022-02-24,2,1.39623,2.38037,0,2022,2,Barat
2022-02-25,2,1.51309,2.38037,0,2022,2,Barat
2022-02-26,2,1.66819,2.38037,0,2022,2,Barat
2022-02-27,2,1.78408,2.38037,0,2022,2,Barat
2022-02-28,2,1.92503,2.38037,0,2022,2,Barat
2022-03-01,2,2.03953,2.38037,0,2022,3,Peralihan I
2022-03-02,2,2.20504,2.38037,0,2022,3,Peralihan I
2022-03-03,2,2.25690,2.38037,0,2022,3,Peralihan I
2022-03-04,2,2.22620,2.38037,0,2022,3,Peralihan I
2022-03-05,2,1.91133,2.38037,0,2022,3,Peralihan I
2022-03-06,2,1.70788,2.38037,0,2022,3,Peralihan I
2022-03-07,2,1.67420,2.38037,0,2022,3,Peralihan I
2022-03-08,2,1.48818,2.38037,0,2022,3,Peralihan I
2022-03-09,2,1.36635,2.38037,0,2022,3,Peralihan I
2022-03-10,2,1.32150,2.38037,0,2022,3,Peralihan I
2022-03-11,2,1.40466,2.38037,0,2022,3,Peralihan I
2022-03-12,2,1.43462,2.38037,0,2022,3,Peralihan I
2022-03-13,2,1.30163,2.38037,0,2022,3,Peralihan I
2022-03-14,2,1.09953,2.38037,0,2022,3,Peralihan I
2022-03-15,2,1.07270,2.38037,0,2022,3,Peralihan I
2022-03-16,2,1.09376,2.38037,0,2022,3,Peralihan I
2022-03-17,2,1.08441,2.38037,0,2022,3,Peralihan I
2022-03-18,2,1.22923,2.38037,0,2022,3,Peralihan I
2022-03-19,2,1.57720,2.38037,0,2022,3,Peralihan I
2022-03-20,2,1.94911,2.38037,0,2022,3,Peralihan I
2022-03-21,2,2.27091,2.38037,0,2022,3,Peralihan I
2022-03-22,2,2.18986,2.38037,0,2022,3,Peralihan I
2022-03-23,2,2.18035,2.38037,0,2022,3,Peralihan I
2022-03-24,2,1.92470,2.38037,0,2022,3,Peralihan I
2022-03-25,2,1.49458,2.38037,0,2022,3,Peralihan I
2022-03-26,2,1.36296,2.38037,0,2022,3,Peralihan I
2022-03-27,2,1.25345,2.38037,0,2022,3,Peralihan I
2022-03-28,2,1.53463,2.38037,0,2022,3,Peralihan I
2022-03-29,2,1.82414,2.38037,0,2022,3,Peralihan I
2022-03-30,2,1.83419,2.38037,0,2022,3,Peralihan I
2022-03-31,2,1.59372,2.38037,0,2022,3,Peralihan I
2022-04-01,2,1.42574,2.38037,0,2022,4,Peralihan I
2022-04-02,2,1.22880,2.38037,0,2022,4,Peralihan I
2022-04-03,2,1.06683,2.38037,0,2022,4,Peralihan I
2022-04-04,2,1.33073,2.38037,0,2022,4,Peralihan I
2022-04-05,2,1.49500,2.38037,0,2022,4,Peralihan I
2022-04-06,2,1.46483,2.38037,0,2022,4,Peralihan I
2022-04-07,2,1.34320,2.38037,0,2022,4,Peralihan I
2022-04-08,2,1.37943,2.38037,0,2022,4,Peralihan I
2022-04-09,2,1.45891,2.38037,0,2022,4,Peralihan I
2022-04-10,2,1.74842,2.38037,0,2022,4,Peralihan I
2022-04-11,2,1.89922,2.38037,0,2022,4,Peralihan I
2022-04-12,2,1.84076,2.38037,0,2022,4,Peralihan I
2022-04-13,2,1.65464,2.38037,0,2022,4,Peralihan I
2022-04-14,2,1.49360,2.38037,0,2022,4,Peralihan I
2022-04-15,2,1.38041,2.38037,0,2022,4,Peralihan I
2022-04-16,2,1.30003,2.38037,0,2022,4,Peralihan I
2022-04-17,2,1.47873,2.38037,0,2022,4,Peralihan I
2022-04-18,2,1.63837,2.38037,0,2022,4,Peralihan I
2022-04-19,2,1.67610,2.38037,0,2022,4,Peralihan I
2022-04-20,2,1.75299,2.38037,0,2022,4,Peralihan I
2022-04-21,2,1.76804,2.38037,0,2022,4,Peralihan I
2022-04-22,2,1.67370,2.38037,0,2022,4,Peralihan I
2022-04-23,2,1.51144,2.38037,0,2022,4,Peralihan I
2022-04-24,2,1.39613,2.38037,0,2022,4,Peralihan I
2022-04-25,2,1.23829,2.38037,0,2022,4,Peralihan I
2022-04-26,2,1.57336,2.38037,0,2022,4,Peralihan I
2022-04-27,2,1.70496,2.38037,0,2022,4,Peralihan I
2022-04-28,2,2.33083,2.38037,0,2022,4,Peralihan I
2022-04-29,2,2.46531,2.38037,1,2022,4,Peralihan I
2022-04-30,2,2.32570,2.38037,0,2022,4,Peralihan I
2022-05-01,2,2.17052,2.38037,0,2022,5,Peralihan I
2022-05-02,2,1.93520,2.38037,0,2022,5,Peralihan I
2022-05-03,2,1.65491,2.38037,0,2022,5,Peralihan I
2022-05-04,2,1.88103,2.38037,0,2022,5,Peralihan I
2022-05-05,2,2.11308,2.38037,0,2022,5,Peralihan I
2022-05-06,2,2.01949,2.38037,0,2022,5,Peralihan I
2022-05-07,2,1.65162,2.38037,0,2022,5,Peralihan I
2022-05-08,2,1.53624,2.38037,0,2022,5,Peralihan I
2022-05-09,2,1.68069,2.38037,0,2022,5,Peralihan I
2022-05-10,2,1.89106,2.38037,0,2022,5,Peralihan I
2022-05-11,2,2.02009,2.38037,0,2022,5,Peralihan I
2022-05-12,2,1.88826,2.38037,0,2022,5,Peralihan I
2022-05-13,2,1.99468,2.38037,0,2022,5,Peralihan I
2022-05-14,2,2.45713,2.38037,1,2022,5,Peralihan I
2022-05-15,2,2.40025,2.38037,1,2022,5,Peralihan I
2022-05-16,2,1.89803,2.38037,0,2022,5,Peralihan I
2022-05-17,2,1.65557,2.38037,0,2022,5,Peralihan I
2022-05-18,2,1.71312,2.38037,0,2022,5,Peralihan I
2022-05-19,2,1.86261,2.38037,0,2022,5,Peralihan I
2022-05-20,2,1.68056,2.38037,0,2022,5,Peralihan I
2022-05-21,2,1.44867,2.38037,0,2022,5,Peralihan I
2022-05-22,2,1.57424,2.38037,0,2022,5,Peralihan I
2022-05-23,2,2.33490,2.38037,0,2022,5,Peralihan I
2022-05-24,2,2.73185,2.38037,1,2022,5,Peralihan I
2022-05-25,2,2.47680,2.38037,1,2022,5,Peralihan I
2022-05-26,2,2.04420,2.38037,0,2022,5,Peralihan I
2022-05-27,2,1.79080,2.38037,0,2022,5,Peralihan I
2022-05-28,2,1.73291,2.38037,0,2022,5,Peralihan I
2022-05-29,2,1.92429,2.38037,0,2022,5,Peralihan I
2022-05-30,2,1.83868,2.38037,0,2022,5,Peralihan I
2022-05-31,2,1.90566,2.38037,0,2022,5,Peralihan I
2022-06-01,2,1.93016,2.38037,0,2022,6,Timur
2022-06-02,2,1.74201,2.38037,0,2022,6,Timur
2022-06-03,2,1.49747,2.38037,0,2022,6,Timur
2022-06-04,2,1.46853,2.38037,0,2022,6,Timur
2022-06-05,2,1.40073,2.38037,0,2022,6,Timur
2022-06-06,2,1.61420,2.38037,0,2022,6,Timur
2022-06-07,2,1.78735,2.38037,0,2022,6,Timur
2022-06-08,2,1.86611,2.38037,0,2022,6,Timur
2022-06-09,2,2.10002,2.38037,0,2022,6,Timur
2022-06-10,2,2.09524,2.38037,0,2022,6,Timur
2022-06-11,2,1.94189,2.38037,0,2022,6,Timur
2022-06-12,2,1.98910,2.38037,0,2022,6,Timur
2022-06-13,2,1.99868,2.38037,0,2022,6,Timur
2022-06-14,2,1.96899,2.38037,0,2022,6,Timur
2022-06-15,2,1.96570,2.38037,0,2022,6,Timur
2022-06-16,2,1.78682,2.38037,0,2022,6,Timur
2022-06-17,2,1.69395,2.38037,0,2022,6,Timur
2022-06-18,2,1.77885,2.38037,0,2022,6,Timur
2022-06-19,2,2.23274,2.38037,0,2022,6,Timur
2022-06-20,2,2.52013,2.38037,1,2022,6,Timur
2022-06-21,2,2.33880,2.38037,0,2022,6,Timur
2022-06-22,2,2.10876,2.38037,0,2022,6,Timur
2022-06-23,2,2.11833,2.38037,0,2022,6,Timur
2022-06-24,2,2.46733,2.38037,1,2022,6,Timur
2022-06-25,2,2.45959,2.38037,1,2022,6,Timur
2022-06-26,2,2.29410,2.38037,0,2022,6,Timur
2022-06-27,2,2.06819,2.38037,0,2022,6,Timur
2022-06-28,2,1.91070,2.38037,0,2022,6,Timur
2022-06-29,2,1.90634,2.38037,0,2022,6,Timur
2022-06-30,2,2.14439,2.38037,0,2022,6,Timur
2022-07-01,2,2.53905,2.38037,1,2022,7,Timur
2022-07-02,2,2.70145,2.38037,1,2022,7,Timur
2022-07-03,2,2.70474,2.38037,1,2022,7,Timur
2022-07-04,2,2.50182,2.38037,1,2022,7,Timur
2022-07-05,2,2.33784,2.38037,0,2022,7,Timur
2022-07-06,2,2.17395,2.38037,0,2022,7,Timur
2022-07-07,2,2.01162,2.38037,0,2022,7,Timur
2022-07-08,2,1.86317,2.38037,0,2022,7,Timur
2022-07-09,2,1.81017,2.38037,0,2022,7,Timur
2022-07-10,2,1.93659,2.38037,0,2022,7,Timur
2022-07-11,2,2.16178,2.38037,0,2022,7,Timur
2022-07-12,2,2.68815,2.38037,1,2022,7,Timur
2022-07-13,2,2.56520,2.38037,1,2022,7,Timur
2022-07-14,2,2.10591,2.38037,0,2022,7,Timur
2022-07-15,2,2.52659,2.38037,1,2022,7,Timur
2022-07-16,2,2.56491,2.38037,1,2022,7,Timur
2022-07-17,2,2.19275,2.38037,0,2022,7,Timur
2022-07-18,2,1.81142,2.38037,0,2022,7,Timur
2022-07-19,2,1.69455,2.38037,0,2022,7,Timur
2022-07-20,2,1.73225,2.38037,0,2022,7,Timur
2022-07-21,2,1.78363,2.38037,0,2022,7,Timur
2022-07-22,2,1.97577,2.38037,0,2022,7,Timur
2022-07-23,2,2.11265,2.38037,0,2022,7,Timur
2022-07-24,2,2.13871,2.38037,0,2022,7,Timur
2022-07-25,2,2.33063,2.38037,0,2022,7,Timur
2022-07-26,2,2.80184,2.38037,1,2022,7,Timur
2022-07-27,2,2.59242,2.38037,1,2022,7,Timur
2022-07-28,2,2.40161,2.38037,1,2022,7,Timur
2022-07-29,2,2.47010,2.38037,1,2022,7,Timur
2022-07-30,2,2.19937,2.38037,0,2022,7,Timur
2022-07-31,2,2.02974,2.38037,0,2022,7,Timur
2022-08-01,2,2.09815,2.38037,0,2022,8,Timur
2022-08-02,2,1.94199,2.38037,0,2022,8,Timur
2022-08-03,2,2.65879,2.38037,1,2022,8,Timur
2022-08-04,2,2.74808,2.38037,1,2022,8,Timur
2022-08-05,2,2.53916,2.38037,1,2022,8,Timur
2022-08-06,2,2.23779,2.38037,0,2022,8,Timur
2022-08-07,2,1.98801,2.38037,0,2022,8,Timur
2022-08-08,2,1.83535,2.38037,0,2022,8,Timur
2022-08-09,2,2.08286,2.38037,0,2022,8,Timur
2022-08-10,2,2.36969,2.38037,0,2022,8,Timur
2022-08-11,2,2.47636,2.38037,1,2022,8,Timur
2022-08-12,2,2.07321,2.38037,0,2022,8,Timur
2022-08-13,2,1.58468,2.38037,0,2022,8,Timur
2022-08-14,2,1.80292,2.38037,0,2022,8,Timur
2022-08-15,2,2.42085,2.38037,1,2022,8,Timur
2022-08-16,2,2.21549,2.38037,0,2022,8,Timur
2022-08-17,2,2.24519,2.38037,0,2022,8,Timur
2022-08-18,2,2.61479,2.38037,1,2022,8,Timur
2022-08-19,2,2.37629,2.38037,0,2022,8,Timur
2022-08-20,2,2.36328,2.38037,0,2022,8,Timur
2022-08-21,2,2.16120,2.38037,0,2022,8,Timur
2022-08-22,2,1.93042,2.38037,0,2022,8,Timur
2022-08-23,2,1.86258,2.38037,0,2022,8,Timur
2022-08-24,2,1.94416,2.38037,0,2022,8,Timur
2022-08-25,2,1.97960,2.38037,0,2022,8,Timur
2022-08-26,2,1.79030,2.38037,0,2022,8,Timur
2022-08-27,2,1.59864,2.38037,0,2022,8,Timur
2022-08-28,2,1.85436,2.38037,0,2022,8,Timur
2022-08-29,2,2.65948,2.38037,1,2022,8,Timur
2022-08-30,2,2.94471,2.38037,1,2022,8,Timur
2022-08-31,2,2.54373,2.38037,1,2022,8,Timur
2022-09-01,2,2.03893,2.38037,0,2022,9,Peralihan II
2022-09-02,2,1.92375,2.38037,0,2022,9,Peralihan II
2022-09-03,2,1.87986,2.38037,0,2022,9,Peralihan II
2022-09-04,2,1.76184,2.38037,0,2022,9,Peralihan II
2022-09-05,2,1.52663,2.38037,0,2022,9,Peralihan II
2022-09-06,2,1.57537,2.38037,0,2022,9,Peralihan II
2022-09-07,2,1.99064,2.38037,0,2022,9,Peralihan II
2022-09-08,2,2.00586,2.38037,0,2022,9,Peralihan II
2022-09-09,2,1.81255,2.38037,0,2022,9,Peralihan II
2022-09-10,2,1.73622,2.38037,0,2022,9,Peralihan II
2022-09-11,2,1.56862,2.38037,0,2022,9,Peralihan II
2022-09-12,2,1.35588,2.38037,0,2022,9,Peralihan II
2022-09-13,2,1.62111,2.38037,0,2022,9,Peralihan II
2022-09-14,2,2.25393,2.38037,0,2022,9,Peralihan II
2022-09-15,2,2.36952,2.38037,0,2022,9,Peralihan II
2022-09-16,2,2.23290,2.38037,0,2022,9,Peralihan II
2022-09-17,2,2.00138,2.38037,0,2022,9,Peralihan II
2022-09-18,2,1.77996,2.38037,0,2022,9,Peralihan II
2022-09-19,2,1.90833,2.38037,0,2022,9,Peralihan II
2022-09-20,2,2.05422,2.38037,0,2022,9,Peralihan II
2022-09-21,2,2.31369,2.38037,0,2022,9,Peralihan II
2022-09-22,2,2.45090,2.38037,1,2022,9,Peralihan II
2022-09-23,2,2.52283,2.38037,1,2022,9,Peralihan II
2022-09-24,2,2.66414,2.38037,1,2022,9,Peralihan II
2022-09-25,2,2.37017,2.38037,0,2022,9,Peralihan II
2022-09-26,2,2.41109,2.38037,1,2022,9,Peralihan II
2022-09-27,2,2.50079,2.38037,1,2022,9,Peralihan II
2022-09-28,2,2.20019,2.38037,0,2022,9,Peralihan II
2022-09-29,2,2.00845,2.38037,0,2022,9,Peralihan II
2022-09-30,2,1.82901,2.38037,0,2022,9,Peralihan II
2022-10-01,2,1.80540,2.38037,0,2022,10,Peralihan II
2022-10-02,2,1.68661,2.38037,0,2022,10,Peralihan II
2022-10-03,2,1.74399,2.38037,0,2022,10,Peralihan II
2022-10-04,2,1.77980,2.38037,0,2022,10,Peralihan II
2022-10-05,2,1.62129,2.38037,0,2022,10,Peralihan II
2022-10-06,2,1.68989,2.38037,0,2022,10,Peralihan II
2022-10-07,2,1.90113,2.38037,0,2022,10,Peralihan II
2022-10-08,2,2.03815,2.38037,0,2022,10,Peralihan II
2022-10-09,2,1.95399,2.38037,0,2022,10,Peralihan II
2022-10-10,2,1.57105,2.38037,0,2022,10,Peralihan II
2022-10-11,2,1.39072,2.38037,0,2022,10,Peralihan II
2022-10-12,2,1.76373,2.38037,0,2022,10,Peralihan II
2022-10-13,2,1.88230,2.38037,0,2022,10,Peralihan II
2022-10-14,2,1.75225,2.38037,0,2022,10,Peralihan II
2022-10-15,2,1.53644,2.38037,0,2022,10,Peralihan II
2022-10-16,2,1.47260,2.38037,0,2022,10,Peralihan II
2022-10-17,2,1.56434,2.38037,0,2022,10,Peralihan II
2022-10-18,2,1.55523,2.38037,0,2022,10,Peralihan II
2022-10-19,2,1.57213,2.38037,0,2022,10,Peralihan II
2022-10-20,2,1.51758,2.38037,0,2022,10,Peralihan II
2022-10-21,2,1.42738,2.38037,0,2022,10,Peralihan II
2022-10-22,2,1.42193,2.38037,0,2022,10,Peralihan II
2022-10-23,2,1.71537,2.38037,0,2022,10,Peralihan II
2022-10-24,2,1.86486,2.38037,0,2022,10,Peralihan II
2022-10-25,2,1.76810,2.38037,0,2022,10,Peralihan II
2022-10-26,2,1.66772,2.38037,0,2022,10,Peralihan II
2022-10-27,2,1.86280,2.38037,0,2022,10,Peralihan II
2022-10-28,2,2.09005,2.38037,0,2022,10,Peralihan II
2022-10-29,2,2.02854,2.38037,0,2022,10,Peralihan II
2022-10-30,2,1.91190,2.38037,0,2022,10,Peralihan II
2022-10-31,2,2.19785,2.38037,0,2022,10,Peralihan II
2022-11-01,2,2.32731,2.38037,0,2022,11,Peralihan II
2022-11-02,2,2.09944,2.38037,0,2022,11,Peralihan II
2022-11-03,2,1.83363,2.38037,0,2022,11,Peralihan II
2022-11-04,2,1.47229,2.38037,0,2022,11,Peralihan II
2022-11-05,2,1.47720,2.38037,0,2022,11,Peralihan II
2022-11-06,2,1.53174,2.38037,0,2022,11,Peralihan II
2022-11-07,2,1.39532,2.38037,0,2022,11,Peralihan II
2022-11-08,2,1.31869,2.38037,0,2022,11,Peralihan II
2022-11-09,2,1.47975,2.38037,0,2022,11,Peralihan II
2022-11-10,2,1.72385,2.38037,0,2022,11,Peralihan II
2022-11-11,2,1.74372,2.38037,0,2022,11,Peralihan II
2022-11-12,2,1.73188,2.38037,0,2022,11,Peralihan II
2022-11-13,2,1.75247,2.38037,0,2022,11,Peralihan II
2022-11-14,2,1.60876,2.38037,0,2022,11,Peralihan II
2022-11-15,2,1.56708,2.38037,0,2022,11,Peralihan II
2022-11-16,2,1.57755,2.38037,0,2022,11,Peralihan II
2022-11-17,2,1.64232,2.38037,0,2022,11,Peralihan II
2022-11-18,2,1.79653,2.38037,0,2022,11,Peralihan II
2022-11-19,2,2.11672,2.38037,0,2022,11,Peralihan II
2022-11-20,2,2.37117,2.38037,0,2022,11,Peralihan II
2022-11-21,2,2.25551,2.38037,0,2022,11,Peralihan II
2022-11-22,2,1.97276,2.38037,0,2022,11,Peralihan II
2022-11-23,2,1.70128,2.38037,0,2022,11,Peralihan II
2022-11-24,2,1.48092,2.38037,0,2022,11,Peralihan II
2022-11-25,2,1.29174,2.38037,0,2022,11,Peralihan II
2022-11-26,2,1.16912,2.38037,0,2022,11,Peralihan II
2022-11-27,2,1.33317,2.38037,0,2022,11,Peralihan II
2022-11-28,2,1.31295,2.38037,0,2022,11,Peralihan II
2022-11-29,2,1.25664,2.38037,0,2022,11,Peralihan II
2022-11-30,2,1.24775,2.38037,0,2022,11,Peralihan II
2022-12-01,2,1.29149,2.38037,0,2022,12,Barat
2022-12-02,2,1.29067,2.38037,0,2022,12,Barat
2022-12-03,2,1.29510,2.38037,0,2022,12,Barat
2022-12-04,2,1.33863,2.38037,0,2022,12,Barat
2022-12-05,2,1.41866,2.38037,0,2022,12,Barat
2022-12-06,2,1.41282,2.38037,0,2022,12,Barat
2022-12-07,2,1.37351,2.38037,0,2022,12,Barat
2022-12-08,2,1.44841,2.38037,0,2022,12,Barat
2022-12-09,2,1.58267,2.38037,0,2022,12,Barat
2022-12-10,2,1.55804,2.38037,0,2022,12,Barat
2022-12-11,2,1.54020,2.38037,0,2022,12,Barat
2022-12-12,2,1.63625,2.38037,0,2022,12,Barat
2022-12-13,2,1.58770,2.38037,0,2022,12,Barat
2022-12-14,2,1.44503,2.38037,0,2022,12,Barat
2022-12-15,2,1.28478,2.38037,0,2022,12,Barat
2022-12-16,2,1.32466,2.38037,0,2022,12,Barat
2022-12-17,2,1.46468,2.38037,0,2022,12,Barat
2022-12-18,2,1.64048,2.38037,0,2022,12,Barat
2022-12-19,2,1.72656,2.38037,0,2022,12,Barat
2022-12-20,2,1.70164,2.38037,0,2022,12,Barat
2022-12-21,2,1.63227,2.38037,0,2022,12,Barat
2022-12-22,2,2.12136,2.38037,0,2022,12,Barat
2022-12-23,2,2.52057,2.38037,1,2022,12,Barat
2022-12-24,2,2.32192,2.38037,0,2022,12,Barat
2022-12-25,2,2.08367,2.38037,0,2022,12,Barat
2022-12-26,2,1.81882,2.38037,0,2022,12,Barat
2022-12-27,2,2.05720,2.38037,0,2022,12,Barat
2022-12-28,2,2.36258,2.38037,0,2022,12,Barat
2022-12-29,2,2.30716,2.38037,0,2022,12,Barat
2022-12-30,2,2.17913,2.38037,0,2022,12,Barat
2022-12-31,2,2.10019,2.38037,0,2022,12,Barat
2023-01-01,2,2.24006,2.38037,0,2023,1,Barat
2023-01-02,2,2.33308,2.38037,0,2023,1,Barat
2023-01-03,2,2.40082,2.38037,1,2023,1,Barat
2023-01-04,2,2.32817,2.38037,0,2023,1,Barat
2023-01-05,2,2.16784,2.38037,0,2023,1,Barat
2023-01-06,2,1.94401,2.38037,0,2023,1,Barat
2023-01-07,2,1.49472,2.38037,0,2023,1,Barat
2023-01-08,2,1.66094,2.38037,0,2023,1,Barat
2023-01-09,2,1.90956,2.38037,0,2023,1,Barat
2023-01-10,2,1.71775,2.38037,0,2023,1,Barat
2023-01-11,2,1.58350,2.38037,0,2023,1,Barat
2023-01-12,2,1.55692,2.38037,0,2023,1,Barat
2023-01-13,2,1.57965,2.38037,0,2023,1,Barat
2023-01-14,2,1.69211,2.38037,0,2023,1,Barat
2023-01-15,2,1.83198,2.38037,0,2023,1,Barat
2023-01-16,2,1.79343,2.38037,0,2023,1,Barat
2023-01-17,2,1.82670,2.38037,0,2023,1,Barat
2023-01-18,2,1.81088,2.38037,0,2023,1,Barat
2023-01-19,2,1.82689,2.38037,0,2023,1,Barat
2023-01-20,2,1.74385,2.38037,0,2023,1,Barat
2023-01-21,2,1.47020,2.38037,0,2023,1,Barat
2023-01-22,2,1.39304,2.38037,0,2023,1,Barat
2023-01-23,2,1.35258,2.38037,0,2023,1,Barat
2023-01-24,2,1.48738,2.38037,0,2023,1,Barat
2023-01-25,2,1.92239,2.38037,0,2023,1,Barat
2023-01-26,2,1.81933,2.38037,0,2023,1,Barat
2023-01-27,2,1.69720,2.38037,0,2023,1,Barat
2023-01-28,2,1.67226,2.38037,0,2023,1,Barat
2023-01-29,2,1.59242,2.38037,0,2023,1,Barat
2023-01-30,2,1.61052,2.38037,0,2023,1,Barat
2023-01-31,2,1.91346,2.38037,0,2023,1,Barat
2023-02-01,2,2.10831,2.38037,0,2023,2,Barat
2023-02-02,2,2.02353,2.38037,0,2023,2,Barat
2023-02-03,2,2.18546,2.38037,0,2023,2,Barat
2023-02-04,2,2.23499,2.38037,0,2023,2,Barat
2023-02-05,2,1.97744,2.38037,0,2023,2,Barat
2023-02-06,2,1.85304,2.38037,0,2023,2,Barat
2023-02-07,2,1.67783,2.38037,0,2023,2,Barat
2023-02-08,2,1.82731,2.38037,0,2023,2,Barat
2023-02-09,2,2.65004,2.38037,1,2023,2,Barat
2023-02-10,2,2.42388,2.38037,1,2023,2,Barat
2023-02-11,2,1.79524,2.38037,0,2023,2,Barat
2023-02-12,2,1.86852,2.38037,0,2023,2,Barat
2023-02-13,2,2.06780,2.38037,0,2023,2,Barat
2023-02-14,2,2.11429,2.38037,0,2023,2,Barat
2023-02-15,2,2.08367,2.38037,0,2023,2,Barat
2023-02-16,2,2.08234,2.38037,0,2023,2,Barat
2023-02-17,2,1.84658,2.38037,0,2023,2,Barat
2023-02-18,2,1.65117,2.38037,0,2023,2,Barat
2023-02-19,2,1.66763,2.38037,0,2023,2,Barat
2023-02-20,2,1.68840,2.38037,0,2023,2,Barat
2023-02-21,2,1.60630,2.38037,0,2023,2,Barat
2023-02-22,2,1.52194,2.38037,0,2023,2,Barat
2023-02-23,2,1.46821,2.38037,0,2023,2,Barat
2023-02-24,2,1.47204,2.38037,0,2023,2,Barat
2023-02-25,2,2.06126,2.38037,0,2023,2,Barat
2023-02-26,2,2.17701,2.38037,0,2023,2,Barat
2023-02-27,2,2.04122,2.38037,0,2023,2,Barat
2023-02-28,2,2.09068,2.38037,0,2023,2,Barat
2023-03-01,2,2.00711,2.38037,0,2023,3,Peralihan I
2023-03-02,2,1.79519,2.38037,0,2023,3,Peralihan I
2023-03-03,2,1.54656,2.38037,0,2023,3,Peralihan I
2023-03-04,2,1.34921,2.38037,0,2023,3,Peralihan I
2023-03-05,2,1.31323,2.38037,0,2023,3,Peralihan I
2023-03-06,2,1.34408,2.38037,0,2023,3,Peralihan I
2023-03-07,2,1.26883,2.38037,0,2023,3,Peralihan I
2023-03-08,2,1.37691,2.38037,0,2023,3,Peralihan I
2023-03-09,2,1.38016,2.38037,0,2023,3,Peralihan I
2023-03-10,2,1.32294,2.38037,0,2023,3,Peralihan I
2023-03-11,2,1.33969,2.38037,0,2023,3,Peralihan I
2023-03-12,2,1.34504,2.38037,0,2023,3,Peralihan I
2023-03-13,2,1.34218,2.38037,0,2023,3,Peralihan I
2023-03-14,2,1.48915,2.38037,0,2023,3,Peralihan I
2023-03-15,2,1.83029,2.38037,0,2023,3,Peralihan I
2023-03-16,2,1.76930,2.38037,0,2023,3,Peralihan I
2023-03-17,2,1.47863,2.38037,0,2023,3,Peralihan I
2023-03-18,2,1.34500,2.38037,0,2023,3,Peralihan I
2023-03-19,2,1.41162,2.38037,0,2023,3,Peralihan I
2023-03-20,2,1.56509,2.38037,0,2023,3,Peralihan I
2023-03-21,2,1.59810,2.38037,0,2023,3,Peralihan I
2023-03-22,2,1.59765,2.38037,0,2023,3,Peralihan I
2023-03-23,2,1.55037,2.38037,0,2023,3,Peralihan I
2023-03-24,2,1.51765,2.38037,0,2023,3,Peralihan I
2023-03-25,2,1.52399,2.38037,0,2023,3,Peralihan I
2023-03-26,2,1.58243,2.38037,0,2023,3,Peralihan I
2023-03-27,2,1.56315,2.38037,0,2023,3,Peralihan I
2023-03-28,2,1.51885,2.38037,0,2023,3,Peralihan I
2023-03-29,2,1.51107,2.38037,0,2023,3,Peralihan I
2023-03-30,2,1.75526,2.38037,0,2023,3,Peralihan I
2023-03-31,2,1.85631,2.38037,0,2023,3,Peralihan I
2023-04-01,2,1.76753,2.38037,0,2023,4,Peralihan I
2023-04-02,2,1.67160,2.38037,0,2023,4,Peralihan I
2023-04-03,2,1.49842,2.38037,0,2023,4,Peralihan I
2023-04-04,2,1.42682,2.38037,0,2023,4,Peralihan I
2023-04-05,2,1.34097,2.38037,0,2023,4,Peralihan I
2023-04-06,2,1.18360,2.38037,0,2023,4,Peralihan I
2023-04-07,2,1.10357,2.38037,0,2023,4,Peralihan I
2023-04-08,2,1.34158,2.38037,0,2023,4,Peralihan I
2023-04-09,2,1.49277,2.38037,0,2023,4,Peralihan I
2023-04-10,2,1.67381,2.38037,0,2023,4,Peralihan I
2023-04-11,2,1.65846,2.38037,0,2023,4,Peralihan I
2023-04-12,2,1.85824,2.38037,0,2023,4,Peralihan I
2023-04-13,2,2.10661,2.38037,0,2023,4,Peralihan I
2023-04-14,2,2.26308,2.38037,0,2023,4,Peralihan I
2023-04-15,2,2.70031,2.38037,1,2023,4,Peralihan I
2023-04-16,2,2.69449,2.38037,1,2023,4,Peralihan I
2023-04-17,2,2.26477,2.38037,0,2023,4,Peralihan I
2023-04-18,2,2.03568,2.38037,0,2023,4,Peralihan I
2023-04-19,2,1.86567,2.38037,0,2023,4,Peralihan I
2023-04-20,2,2.09143,2.38037,0,2023,4,Peralihan I
2023-04-21,2,2.02617,2.38037,0,2023,4,Peralihan I
2023-04-22,2,1.94284,2.38037,0,2023,4,Peralihan I
2023-04-23,2,1.96103,2.38037,0,2023,4,Peralihan I
2023-04-24,2,1.84637,2.38037,0,2023,4,Peralihan I
2023-04-25,2,1.71584,2.38037,0,2023,4,Peralihan I
2023-04-26,2,1.94440,2.38037,0,2023,4,Peralihan I
2023-04-27,2,2.14830,2.38037,0,2023,4,Peralihan I
2023-04-28,2,2.07058,2.38037,0,2023,4,Peralihan I
2023-04-29,2,1.83836,2.38037,0,2023,4,Peralihan I
2023-04-30,2,1.92431,2.38037,0,2023,4,Peralihan I
2023-05-01,2,2.09930,2.38037,0,2023,5,Peralihan I
2023-05-02,2,1.83748,2.38037,0,2023,5,Peralihan I
2023-05-03,2,1.80073,2.38037,0,2023,5,Peralihan I
2023-05-04,2,1.55983,2.38037,0,2023,5,Peralihan I
2023-05-05,2,1.55059,2.38037,0,2023,5,Peralihan I
2023-05-06,2,1.58754,2.38037,0,2023,5,Peralihan I
2023-05-07,2,1.48069,2.38037,0,2023,5,Peralihan I
2023-05-08,2,1.52943,2.38037,0,2023,5,Peralihan I
2023-05-09,2,1.60920,2.38037,0,2023,5,Peralihan I
2023-05-10,2,1.71105,2.38037,0,2023,5,Peralihan I
2023-05-11,2,1.79591,2.38037,0,2023,5,Peralihan I
2023-05-12,2,2.16543,2.38037,0,2023,5,Peralihan I
2023-05-13,2,2.33938,2.38037,0,2023,5,Peralihan I
2023-05-14,2,2.17463,2.38037,0,2023,5,Peralihan I
2023-05-15,2,1.83211,2.38037,0,2023,5,Peralihan I
2023-05-16,2,1.65611,2.38037,0,2023,5,Peralihan I
2023-05-17,2,1.88495,2.38037,0,2023,5,Peralihan I
2023-05-18,2,1.84259,2.38037,0,2023,5,Peralihan I
2023-05-19,2,1.65008,2.38037,0,2023,5,Peralihan I
2023-05-20,2,1.87449,2.38037,0,2023,5,Peralihan I
2023-05-21,2,2.06528,2.38037,0,2023,5,Peralihan I
2023-05-22,2,1.96746,2.38037,0,2023,5,Peralihan I
2023-05-23,2,1.77527,2.38037,0,2023,5,Peralihan I
2023-05-24,2,1.59487,2.38037,0,2023,5,Peralihan I
2023-05-25,2,1.65226,2.38037,0,2023,5,Peralihan I
2023-05-26,2,1.70917,2.38037,0,2023,5,Peralihan I
2023-05-27,2,1.95920,2.38037,0,2023,5,Peralihan I
2023-05-28,2,2.00250,2.38037,0,2023,5,Peralihan I
2023-05-29,2,1.82011,2.38037,0,2023,5,Peralihan I
2023-05-30,2,1.89034,2.38037,0,2023,5,Peralihan I
2023-05-31,2,1.85468,2.38037,0,2023,5,Peralihan I
2023-06-01,2,1.68129,2.38037,0,2023,6,Timur
2023-06-02,2,1.74426,2.38037,0,2023,6,Timur
2023-06-03,2,1.77310,2.38037,0,2023,6,Timur
2023-06-04,2,1.74112,2.38037,0,2023,6,Timur
2023-06-05,2,1.53897,2.38037,0,2023,6,Timur
2023-06-06,2,1.98266,2.38037,0,2023,6,Timur
2023-06-07,2,2.52222,2.38037,1,2023,6,Timur
2023-06-08,2,2.49211,2.38037,1,2023,6,Timur
2023-06-09,2,2.13574,2.38037,0,2023,6,Timur
2023-06-10,2,2.33095,2.38037,0,2023,6,Timur
2023-06-11,2,2.53420,2.38037,1,2023,6,Timur
2023-06-12,2,2.42310,2.38037,1,2023,6,Timur
2023-06-13,2,2.25859,2.38037,0,2023,6,Timur
2023-06-14,2,2.12366,2.38037,0,2023,6,Timur
2023-06-15,2,1.71594,2.38037,0,2023,6,Timur
2023-06-16,2,1.63677,2.38037,0,2023,6,Timur
2023-06-17,2,2.08086,2.38037,0,2023,6,Timur
2023-06-18,2,2.28424,2.38037,0,2023,6,Timur
2023-06-19,2,2.11348,2.38037,0,2023,6,Timur
2023-06-20,2,1.70608,2.38037,0,2023,6,Timur
2023-06-21,2,1.60674,2.38037,0,2023,6,Timur
2023-06-22,2,1.67384,2.38037,0,2023,6,Timur
2023-06-23,2,1.72404,2.38037,0,2023,6,Timur
2023-06-24,2,1.73636,2.38037,0,2023,6,Timur
2023-06-25,2,1.82612,2.38037,0,2023,6,Timur
2023-06-26,2,1.94855,2.38037,0,2023,6,Timur
2023-06-27,2,1.89975,2.38037,0,2023,6,Timur
2023-06-28,2,2.06108,2.38037,0,2023,6,Timur
2023-06-29,2,2.25835,2.38037,0,2023,6,Timur
2023-06-30,2,2.20636,2.38037,0,2023,6,Timur
2023-07-01,2,1.91815,2.38037,0,2023,7,Timur
2023-07-02,2,1.64830,2.38037,0,2023,7,Timur
2023-07-03,2,1.46472,2.38037,0,2023,7,Timur
2023-07-04,2,2.02564,2.38037,0,2023,7,Timur
2023-07-05,2,2.60836,2.38037,1,2023,7,Timur
2023-07-06,2,2.90537,2.38037,1,2023,7,Timur
2023-07-07,2,2.96718,2.38037,1,2023,7,Timur
2023-07-08,2,2.45779,2.38037,1,2023,7,Timur
2023-07-09,2,2.33242,2.38037,0,2023,7,Timur
2023-07-10,2,2.32822,2.38037,0,2023,7,Timur
2023-07-11,2,2.15823,2.38037,0,2023,7,Timur
2023-07-12,2,2.36605,2.38037,0,2023,7,Timur
2023-07-13,2,2.49049,2.38037,1,2023,7,Timur
2023-07-14,2,2.32189,2.38037,0,2023,7,Timur
2023-07-15,2,2.10666,2.38037,0,2023,7,Timur
2023-07-16,2,1.83560,2.38037,0,2023,7,Timur
2023-07-17,2,1.95474,2.38037,0,2023,7,Timur
2023-07-18,2,1.92090,2.38037,0,2023,7,Timur
2023-07-19,2,2.18176,2.38037,0,2023,7,Timur
2023-07-20,2,2.61590,2.38037,1,2023,7,Timur
2023-07-21,2,2.72800,2.38037,1,2023,7,Timur
2023-07-22,2,2.55542,2.38037,1,2023,7,Timur
2023-07-23,2,2.35559,2.38037,0,2023,7,Timur
2023-07-24,2,2.16101,2.38037,0,2023,7,Timur
2023-07-25,2,2.20926,2.38037,0,2023,7,Timur
2023-07-26,2,2.46125,2.38037,1,2023,7,Timur
2023-07-27,2,2.49497,2.38037,1,2023,7,Timur
2023-07-28,2,2.44405,2.38037,1,2023,7,Timur
2023-07-29,2,2.15437,2.38037,0,2023,7,Timur
2023-07-30,2,2.01200,2.38037,0,2023,7,Timur
2023-07-31,2,1.98852,2.38037,0,2023,7,Timur
2023-08-01,2,2.28028,2.38037,0,2023,8,Timur
2023-08-02,2,2.24285,2.38037,0,2023,8,Timur
2023-08-03,2,2.61022,2.38037,1,2023,8,Timur
2023-08-04,2,3.25219,2.38037,1,2023,8,Timur
2023-08-05,2,3.03476,2.38037,1,2023,8,Timur
2023-08-06,2,2.35069,2.38037,0,2023,8,Timur
2023-08-07,2,1.95430,2.38037,0,2023,8,Timur
2023-08-08,2,2.19144,2.38037,0,2023,8,Timur
2023-08-09,2,2.27798,2.38037,0,2023,8,Timur
2023-08-10,2,2.21225,2.38037,0,2023,8,Timur
2023-08-11,2,1.90915,2.38037,0,2023,8,Timur
2023-08-12,2,1.77512,2.38037,0,2023,8,Timur
2023-08-13,2,1.86822,2.38037,0,2023,8,Timur
2023-08-14,2,2.05213,2.38037,0,2023,8,Timur
2023-08-15,2,2.04315,2.38037,0,2023,8,Timur
2023-08-16,2,2.24123,2.38037,0,2023,8,Timur
2023-08-17,2,2.57210,2.38037,1,2023,8,Timur
2023-08-18,2,2.48407,2.38037,1,2023,8,Timur
2023-08-19,2,2.23038,2.38037,0,2023,8,Timur
2023-08-20,2,2.03913,2.38037,0,2023,8,Timur
2023-08-21,2,1.82087,2.38037,0,2023,8,Timur
2023-08-22,2,2.12003,2.38037,0,2023,8,Timur
2023-08-23,2,2.81178,2.38037,1,2023,8,Timur
2023-08-24,2,2.60397,2.38037,1,2023,8,Timur
2023-08-25,2,2.10489,2.38037,0,2023,8,Timur
2023-08-26,2,1.84600,2.38037,0,2023,8,Timur
2023-08-27,2,1.70393,2.38037,0,2023,8,Timur
2023-08-28,2,1.65600,2.38037,0,2023,8,Timur
2023-08-29,2,1.67057,2.38037,0,2023,8,Timur
2023-08-30,2,1.64314,2.38037,0,2023,8,Timur
2023-08-31,2,1.62535,2.38037,0,2023,8,Timur
2023-09-01,2,1.57854,2.38037,0,2023,9,Peralihan II
2023-09-02,2,1.66133,2.38037,0,2023,9,Peralihan II
2023-09-03,2,1.64750,2.38037,0,2023,9,Peralihan II
2023-09-04,2,2.12625,2.38037,0,2023,9,Peralihan II
2023-09-05,2,2.59999,2.38037,1,2023,9,Peralihan II
2023-09-06,2,2.51677,2.38037,1,2023,9,Peralihan II
2023-09-07,2,2.10110,2.38037,0,2023,9,Peralihan II
2023-09-08,2,1.94159,2.38037,0,2023,9,Peralihan II
2023-09-09,2,1.87494,2.38037,0,2023,9,Peralihan II
2023-09-10,2,1.59065,2.38037,0,2023,9,Peralihan II
2023-09-11,2,1.56031,2.38037,0,2023,9,Peralihan II
2023-09-12,2,1.61011,2.38037,0,2023,9,Peralihan II
2023-09-13,2,1.98679,2.38037,0,2023,9,Peralihan II
2023-09-14,2,2.77373,2.38037,1,2023,9,Peralihan II
2023-09-15,2,2.93227,2.38037,1,2023,9,Peralihan II
2023-09-16,2,2.75098,2.38037,1,2023,9,Peralihan II
2023-09-17,2,2.59902,2.38037,1,2023,9,Peralihan II
2023-09-18,2,2.54159,2.38037,1,2023,9,Peralihan II
2023-09-19,2,2.33435,2.38037,0,2023,9,Peralihan II
2023-09-20,2,2.27631,2.38037,0,2023,9,Peralihan II
2023-09-21,2,2.55743,2.38037,1,2023,9,Peralihan II
2023-09-22,2,2.28326,2.38037,0,2023,9,Peralihan II
2023-09-23,2,2.16943,2.38037,0,2023,9,Peralihan II
2023-09-24,2,2.13775,2.38037,0,2023,9,Peralihan II
2023-09-25,2,2.07250,2.38037,0,2023,9,Peralihan II
2023-09-26,2,2.16943,2.38037,0,2023,9,Peralihan II
2023-09-27,2,2.01057,2.38037,0,2023,9,Peralihan II
2023-09-28,2,2.08451,2.38037,0,2023,9,Peralihan II
2023-09-29,2,2.13884,2.38037,0,2023,9,Peralihan II
2023-09-30,2,2.00973,2.38037,0,2023,9,Peralihan II
2023-10-01,2,1.89369,2.38037,0,2023,10,Peralihan II
2023-10-02,2,2.00505,2.38037,0,2023,10,Peralihan II
2023-10-03,2,2.33457,2.38037,0,2023,10,Peralihan II
2023-10-04,2,2.89615,2.38037,1,2023,10,Peralihan II
2023-10-05,2,2.68910,2.38037,1,2023,10,Peralihan II
2023-10-06,2,2.11619,2.38037,0,2023,10,Peralihan II
2023-10-07,2,1.77354,2.38037,0,2023,10,Peralihan II
2023-10-08,2,1.74716,2.38037,0,2023,10,Peralihan II
2023-10-09,2,1.80160,2.38037,0,2023,10,Peralihan II
2023-10-10,2,1.88475,2.38037,0,2023,10,Peralihan II
2023-10-11,2,1.61264,2.38037,0,2023,10,Peralihan II
2023-10-12,2,1.76207,2.38037,0,2023,10,Peralihan II
2023-10-13,2,1.93506,2.38037,0,2023,10,Peralihan II
2023-10-14,2,1.73224,2.38037,0,2023,10,Peralihan II
2023-10-15,2,1.96762,2.38037,0,2023,10,Peralihan II
2023-10-16,2,2.00143,2.38037,0,2023,10,Peralihan II
2023-10-17,2,1.74903,2.38037,0,2023,10,Peralihan II
2023-10-18,2,1.39074,2.38037,0,2023,10,Peralihan II
2023-10-19,2,1.11633,2.38037,0,2023,10,Peralihan II
2023-10-20,2,1.30624,2.38037,0,2023,10,Peralihan II
2023-10-21,2,1.46027,2.38037,0,2023,10,Peralihan II
2023-10-22,2,1.37550,2.38037,0,2023,10,Peralihan II
2023-10-23,2,1.11293,2.38037,0,2023,10,Peralihan II
2023-10-24,2,1.06299,2.38037,0,2023,10,Peralihan II
2023-10-25,2,1.26446,2.38037,0,2023,10,Peralihan II
2023-10-26,2,1.44390,2.38037,0,2023,10,Peralihan II
2023-10-27,2,1.58709,2.38037,0,2023,10,Peralihan II
2023-10-28,2,1.72652,2.38037,0,2023,10,Peralihan II
2023-10-29,2,1.74428,2.38037,0,2023,10,Peralihan II
2023-10-30,2,1.72224,2.38037,0,2023,10,Peralihan II
2023-10-31,2,1.57645,2.38037,0,2023,10,Peralihan II
2023-11-01,2,1.54039,2.38037,0,2023,11,Peralihan II
2023-11-02,2,1.57371,2.38037,0,2023,11,Peralihan II
2023-11-03,2,1.41113,2.38037,0,2023,11,Peralihan II
2023-11-04,2,1.28108,2.38037,0,2023,11,Peralihan II
2023-11-05,2,1.27428,2.38037,0,2023,11,Peralihan II
2023-11-06,2,1.37832,2.38037,0,2023,11,Peralihan II
2023-11-07,2,1.42043,2.38037,0,2023,11,Peralihan II
2023-11-08,2,1.37695,2.38037,0,2023,11,Peralihan II
2023-11-09,2,1.50497,2.38037,0,2023,11,Peralihan II
2023-11-10,2,1.56578,2.38037,0,2023,11,Peralihan II
2023-11-11,2,1.67096,2.38037,0,2023,11,Peralihan II
2023-11-12,2,1.95240,2.38037,0,2023,11,Peralihan II
2023-11-13,2,1.87351,2.38037,0,2023,11,Peralihan II
2023-11-14,2,1.63526,2.38037,0,2023,11,Peralihan II
2023-11-15,2,1.40286,2.38037,0,2023,11,Peralihan II
2023-11-16,2,1.32977,2.38037,0,2023,11,Peralihan II
2023-11-17,2,1.20151,2.38037,0,2023,11,Peralihan II
2023-11-18,2,1.13712,2.38037,0,2023,11,Peralihan II
2023-11-19,2,1.06332,2.38037,0,2023,11,Peralihan II
2023-11-20,2,1.01885,2.38037,0,2023,11,Peralihan II
2023-11-21,2,1.05693,2.38037,0,2023,11,Peralihan II
2023-11-22,2,1.14861,2.38037,0,2023,11,Peralihan II
2023-11-23,2,1.26806,2.38037,0,2023,11,Peralihan II
2023-11-24,2,1.29018,2.38037,0,2023,11,Peralihan II
2023-11-25,2,1.23012,2.38037,0,2023,11,Peralihan II
2023-11-26,2,1.09004,2.38037,0,2023,11,Peralihan II
2023-11-27,2,1.01341,2.38037,0,2023,11,Peralihan II
2023-11-28,2,1.11341,2.38037,0,2023,11,Peralihan II
2023-11-29,2,1.08254,2.38037,0,2023,11,Peralihan II
2023-11-30,2,1.07556,2.38037,0,2023,11,Peralihan II
2023-12-01,2,1.15181,2.38037,0,2023,12,Barat
2023-12-02,2,1.24330,2.38037,0,2023,12,Barat
2023-12-03,2,1.21335,2.38037,0,2023,12,Barat
2023-12-04,2,1.53329,2.38037,0,2023,12,Barat
2023-12-05,2,1.88142,2.38037,0,2023,12,Barat
2023-12-06,2,1.84955,2.38037,0,2023,12,Barat
2023-12-07,2,1.70153,2.38037,0,2023,12,Barat
2023-12-08,2,1.67333,2.38037,0,2023,12,Barat
2023-12-09,2,1.66434,2.38037,0,2023,12,Barat
2023-12-10,2,1.69270,2.38037,0,2023,12,Barat
2023-12-11,2,1.65434,2.38037,0,2023,12,Barat
2023-12-12,2,1.51758,2.38037,0,2023,12,Barat
2023-12-13,2,1.37265,2.38037,0,2023,12,Barat
2023-12-14,2,1.35220,2.38037,0,2023,12,Barat
2023-12-15,2,1.24245,2.38037,0,2023,12,Barat
2023-12-16,2,1.14910,2.38037,0,2023,12,Barat
2023-12-17,2,1.14476,2.38037,0,2023,12,Barat
2023-12-18,2,1.19877,2.38037,0,2023,12,Barat
2023-12-19,2,1.64347,2.38037,0,2023,12,Barat
2023-12-20,2,1.74392,2.38037,0,2023,12,Barat
2023-12-21,2,1.62961,2.38037,0,2023,12,Barat
2023-12-22,2,1.40322,2.38037,0,2023,12,Barat
2023-12-23,2,1.26746,2.38037,0,2023,12,Barat
2023-12-24,2,1.22262,2.38037,0,2023,12,Barat
2023-12-25,2,1.26935,2.38037,0,2023,12,Barat
2023-12-26,2,1.34796,2.38037,0,2023,12,Barat
2023-12-27,2,1.33017,2.38037,0,2023,12,Barat
2023-12-28,2,1.24161,2.38037,0,2023,12,Barat
2023-12-29,2,1.36728,2.38037,0,2023,12,Barat
2023-12-30,2,1.51721,2.38037,0,2023,12,Barat
2023-12-31,2,1.58397,2.38037,0,2023,12,Barat
2024-01-01,2,1.54074,2.38037,0,2024,1,Barat
2024-01-02,2,1.45248,2.38037,0,2024,1,Barat
2024-01-03,2,1.40276,2.38037,0,2024,1,Barat
2024-01-04,2,1.43980,2.38037,0,2024,1,Barat
2024-01-05,2,1.40946,2.38037,0,2024,1,Barat
2024-01-06,2,1.44464,2.38037,0,2024,1,Barat
2024-01-07,2,1.38511,2.38037,0,2024,1,Barat
2024-01-08,2,1.37338,2.38037,0,2024,1,Barat
2024-01-09,2,1.50117,2.38037,0,2024,1,Barat
2024-01-10,2,1.51179,2.38037,0,2024,1,Barat
2024-01-11,2,1.52471,2.38037,0,2024,1,Barat
2024-01-12,2,1.59229,2.38037,0,2024,1,Barat
2024-01-13,2,1.52712,2.38037,0,2024,1,Barat
2024-01-14,2,1.48283,2.38037,0,2024,1,Barat
2024-01-15,2,1.50365,2.38037,0,2024,1,Barat
2024-01-16,2,1.42894,2.38037,0,2024,1,Barat
2024-01-17,2,1.43936,2.38037,0,2024,1,Barat
2024-01-18,2,1.53563,2.38037,0,2024,1,Barat
2024-01-19,2,1.71957,2.38037,0,2024,1,Barat
2024-01-20,2,1.75641,2.38037,0,2024,1,Barat
2024-01-21,2,1.73304,2.38037,0,2024,1,Barat
2024-01-22,2,1.79803,2.38037,0,2024,1,Barat
2024-01-23,2,1.82991,2.38037,0,2024,1,Barat
2024-01-24,2,1.75188,2.38037,0,2024,1,Barat
2024-01-25,2,1.62793,2.38037,0,2024,1,Barat
2024-01-26,2,1.67550,2.38037,0,2024,1,Barat
2024-01-27,2,1.85263,2.38037,0,2024,1,Barat
2024-01-28,2,1.77980,2.38037,0,2024,1,Barat
2024-01-29,2,1.51845,2.38037,0,2024,1,Barat
2024-01-30,2,1.29946,2.38037,0,2024,1,Barat
2024-01-31,2,1.52122,2.38037,0,2024,1,Barat
2024-02-01,2,1.65884,2.38037,0,2024,2,Barat
2024-02-02,2,1.63565,2.38037,0,2024,2,Barat
2024-02-03,2,1.49052,2.38037,0,2024,2,Barat
2024-02-04,2,1.43089,2.38037,0,2024,2,Barat
2024-02-05,2,1.52182,2.38037,0,2024,2,Barat
2024-02-06,2,1.69421,2.38037,0,2024,2,Barat
2024-02-07,2,1.53356,2.38037,0,2024,2,Barat
2024-02-08,2,1.30460,2.38037,0,2024,2,Barat
2024-02-09,2,1.09465,2.38037,0,2024,2,Barat
2024-02-10,2,0.96979,2.38037,0,2024,2,Barat
2024-02-11,2,0.98782,2.38037,0,2024,2,Barat
2024-02-12,2,1.05275,2.38037,0,2024,2,Barat
2024-02-13,2,1.10138,2.38037,0,2024,2,Barat
2024-02-14,2,1.29952,2.38037,0,2024,2,Barat
2024-02-15,2,1.34701,2.38037,0,2024,2,Barat
2024-02-16,2,1.38023,2.38037,0,2024,2,Barat
2024-02-17,2,1.28110,2.38037,0,2024,2,Barat
2024-02-18,2,1.13270,2.38037,0,2024,2,Barat
2024-02-19,2,1.08865,2.38037,0,2024,2,Barat
2024-02-20,2,1.08699,2.38037,0,2024,2,Barat
2024-02-21,2,1.16978,2.38037,0,2024,2,Barat
2024-02-22,2,1.69683,2.38037,0,2024,2,Barat
2024-02-23,2,1.71169,2.38037,0,2024,2,Barat
2024-02-24,2,1.72903,2.38037,0,2024,2,Barat
2024-02-25,2,1.56859,2.38037,0,2024,2,Barat
2024-02-26,2,1.43172,2.38037,0,2024,2,Barat
2024-02-27,2,1.37046,2.38037,0,2024,2,Barat
2024-02-28,2,1.36205,2.38037,0,2024,2,Barat
2024-02-29,2,1.46214,2.38037,0,2024,2,Barat
2024-03-01,2,1.64279,2.38037,0,2024,3,Peralihan I
2024-03-02,2,1.93256,2.38037,0,2024,3,Peralihan I
2024-03-03,2,1.93241,2.38037,0,2024,3,Peralihan I
2024-03-04,2,1.82556,2.38037,0,2024,3,Peralihan I
2024-03-05,2,1.53510,2.38037,0,2024,3,Peralihan I
2024-03-06,2,1.37194,2.38037,0,2024,3,Peralihan I
2024-03-07,2,1.72268,2.38037,0,2024,3,Peralihan I
2024-03-08,2,2.01722,2.38037,0,2024,3,Peralihan I
2024-03-09,2,2.17870,2.38037,0,2024,3,Peralihan I
2024-03-10,2,2.19728,2.38037,0,2024,3,Peralihan I
2024-03-11,2,2.21857,2.38037,0,2024,3,Peralihan I
2024-03-12,2,3.21057,2.38037,1,2024,3,Peralihan I
2024-03-13,2,3.31905,2.38037,1,2024,3,Peralihan I
2024-03-14,2,2.92782,2.38037,1,2024,3,Peralihan I
2024-03-15,2,2.38385,2.38037,1,2024,3,Peralihan I
2024-03-16,2,2.17748,2.38037,0,2024,3,Peralihan I
2024-03-17,2,1.93623,2.38037,0,2024,3,Peralihan I
2024-03-18,2,1.95854,2.38037,0,2024,3,Peralihan I
2024-03-19,2,2.02144,2.38037,0,2024,3,Peralihan I
2024-03-20,2,1.93972,2.38037,0,2024,3,Peralihan I
2024-03-21,2,1.84275,2.38037,0,2024,3,Peralihan I
2024-03-22,2,1.53917,2.38037,0,2024,3,Peralihan I
2024-03-23,2,1.36099,2.38037,0,2024,3,Peralihan I
2024-03-24,2,1.34109,2.38037,0,2024,3,Peralihan I
2024-03-25,2,1.38733,2.38037,0,2024,3,Peralihan I
2024-03-26,2,1.39715,2.38037,0,2024,3,Peralihan I
2024-03-27,2,1.21685,2.38037,0,2024,3,Peralihan I
2024-03-28,2,1.04381,2.38037,0,2024,3,Peralihan I
2024-03-29,2,0.93719,2.38037,0,2024,3,Peralihan I
2024-03-30,2,1.66675,2.38037,0,2024,3,Peralihan I
2024-03-31,2,2.15698,2.38037,0,2024,3,Peralihan I
2024-04-01,2,2.03031,2.38037,0,2024,4,Peralihan I
2024-04-02,2,1.72820,2.38037,0,2024,4,Peralihan I
2024-04-03,2,1.46402,2.38037,0,2024,4,Peralihan I
2024-04-04,2,1.35761,2.38037,0,2024,4,Peralihan I
2024-04-05,2,1.30775,2.38037,0,2024,4,Peralihan I
2024-04-06,2,1.34552,2.38037,0,2024,4,Peralihan I
2024-04-07,2,1.43341,2.38037,0,2024,4,Peralihan I
2024-04-08,2,1.48138,2.38037,0,2024,4,Peralihan I
2024-04-09,2,1.54980,2.38037,0,2024,4,Peralihan I
2024-04-10,2,1.74545,2.38037,0,2024,4,Peralihan I
2024-04-11,2,1.64752,2.38037,0,2024,4,Peralihan I
2024-04-12,2,1.38346,2.38037,0,2024,4,Peralihan I
2024-04-13,2,1.23746,2.38037,0,2024,4,Peralihan I
2024-04-14,2,1.12583,2.38037,0,2024,4,Peralihan I
2024-04-15,2,1.11213,2.38037,0,2024,4,Peralihan I
2024-04-16,2,1.32130,2.38037,0,2024,4,Peralihan I
2024-04-17,2,1.50953,2.38037,0,2024,4,Peralihan I
2024-04-18,2,1.69737,2.38037,0,2024,4,Peralihan I
2024-04-19,2,1.72923,2.38037,0,2024,4,Peralihan I
2024-04-20,2,1.71027,2.38037,0,2024,4,Peralihan I
2024-04-21,2,1.71217,2.38037,0,2024,4,Peralihan I
2024-04-22,2,1.89962,2.38037,0,2024,4,Peralihan I
2024-04-23,2,1.80535,2.38037,0,2024,4,Peralihan I
2024-04-24,2,1.89400,2.38037,0,2024,4,Peralihan I
2024-04-25,2,1.85289,2.38037,0,2024,4,Peralihan I
2024-04-26,2,1.53428,2.38037,0,2024,4,Peralihan I
2024-04-27,2,1.32640,2.38037,0,2024,4,Peralihan I
2024-04-28,2,1.47550,2.38037,0,2024,4,Peralihan I
2024-04-29,2,1.84749,2.38037,0,2024,4,Peralihan I
2024-04-30,2,1.85054,2.38037,0,2024,4,Peralihan I
2024-05-01,2,1.65115,2.38037,0,2024,5,Peralihan I
2024-05-02,2,1.60278,2.38037,0,2024,5,Peralihan I
2024-05-03,2,1.51992,2.38037,0,2024,5,Peralihan I
2024-05-04,2,1.64143,2.38037,0,2024,5,Peralihan I
2024-05-05,2,2.00606,2.38037,0,2024,5,Peralihan I
2024-05-06,2,2.00186,2.38037,0,2024,5,Peralihan I
2024-05-07,2,1.77818,2.38037,0,2024,5,Peralihan I
2024-05-08,2,1.55474,2.38037,0,2024,5,Peralihan I
2024-05-09,2,1.53935,2.38037,0,2024,5,Peralihan I
2024-05-10,2,1.60322,2.38037,0,2024,5,Peralihan I
2024-05-11,2,1.49105,2.38037,0,2024,5,Peralihan I
2024-05-12,2,1.34614,2.38037,0,2024,5,Peralihan I
2024-05-13,2,1.31494,2.38037,0,2024,5,Peralihan I
2024-05-14,2,1.59985,2.38037,0,2024,5,Peralihan I
2024-05-15,2,1.57713,2.38037,0,2024,5,Peralihan I
2024-05-16,2,1.67647,2.38037,0,2024,5,Peralihan I
2024-05-17,2,1.78506,2.38037,0,2024,5,Peralihan I
2024-05-18,2,1.81474,2.38037,0,2024,5,Peralihan I
2024-05-19,2,1.84654,2.38037,0,2024,5,Peralihan I
2024-05-20,2,1.84373,2.38037,0,2024,5,Peralihan I
2024-05-21,2,1.73432,2.38037,0,2024,5,Peralihan I
2024-05-22,2,1.62123,2.38037,0,2024,5,Peralihan I
2024-05-23,2,1.45505,2.38037,0,2024,5,Peralihan I
2024-05-24,2,1.41878,2.38037,0,2024,5,Peralihan I
2024-05-25,2,1.66259,2.38037,0,2024,5,Peralihan I
2024-05-26,2,1.85948,2.38037,0,2024,5,Peralihan I
2024-05-27,2,2.46227,2.38037,1,2024,5,Peralihan I
2024-05-28,2,2.55774,2.38037,1,2024,5,Peralihan I
2024-05-29,2,2.40429,2.38037,1,2024,5,Peralihan I
2024-05-30,2,2.27134,2.38037,0,2024,5,Peralihan I
2024-05-31,2,2.20711,2.38037,0,2024,5,Peralihan I
2024-06-01,2,1.93104,2.38037,0,2024,6,Timur
2024-06-02,2,1.73825,2.38037,0,2024,6,Timur
2024-06-03,2,2.76951,2.38037,1,2024,6,Timur
2024-06-04,2,3.04247,2.38037,1,2024,6,Timur
2024-06-05,2,2.82458,2.38037,1,2024,6,Timur
2024-06-06,2,2.30452,2.38037,0,2024,6,Timur
2024-06-07,2,2.26223,2.38037,0,2024,6,Timur
2024-06-08,2,2.22407,2.38037,0,2024,6,Timur
2024-06-09,2,2.09531,2.38037,0,2024,6,Timur
2024-06-10,2,2.34428,2.38037,0,2024,6,Timur
2024-06-11,2,2.72400,2.38037,1,2024,6,Timur
2024-06-12,2,2.51277,2.38037,1,2024,6,Timur
2024-06-13,2,1.96046,2.38037,0,2024,6,Timur
2024-06-14,2,1.50453,2.38037,0,2024,6,Timur
2024-06-15,2,1.51133,2.38037,0,2024,6,Timur
2024-06-16,2,1.75882,2.38037,0,2024,6,Timur
2024-06-17,2,1.99315,2.38037,0,2024,6,Timur
2024-06-18,2,2.13608,2.38037,0,2024,6,Timur
2024-06-19,2,2.08969,2.38037,0,2024,6,Timur
2024-06-20,2,2.18205,2.38037,0,2024,6,Timur
2024-06-21,2,2.28385,2.38037,0,2024,6,Timur
2024-06-22,2,1.97438,2.38037,0,2024,6,Timur
2024-06-23,2,1.64292,2.38037,0,2024,6,Timur
2024-06-24,2,1.83747,2.38037,0,2024,6,Timur
2024-06-25,2,1.83881,2.38037,0,2024,6,Timur
2024-06-26,2,1.64982,2.38037,0,2024,6,Timur
2024-06-27,2,1.57006,2.38037,0,2024,6,Timur
2024-06-28,2,1.93467,2.38037,0,2024,6,Timur
2024-06-29,2,2.25111,2.38037,0,2024,6,Timur
2024-06-30,2,2.25646,2.38037,0,2024,6,Timur
2024-07-01,2,1.93936,2.38037,0,2024,7,Timur
2024-07-02,2,1.72493,2.38037,0,2024,7,Timur
2024-07-03,2,1.97923,2.38037,0,2024,7,Timur
2024-07-04,2,2.57441,2.38037,1,2024,7,Timur
2024-07-05,2,2.64096,2.38037,1,2024,7,Timur
2024-07-06,2,2.20088,2.38037,0,2024,7,Timur
2024-07-07,2,1.58341,2.38037,0,2024,7,Timur
2024-07-08,2,1.47176,2.38037,0,2024,7,Timur
2024-07-09,2,1.56062,2.38037,0,2024,7,Timur
2024-07-10,2,1.67483,2.38037,0,2024,7,Timur
2024-07-11,2,1.83723,2.38037,0,2024,7,Timur
2024-07-12,2,1.84126,2.38037,0,2024,7,Timur
2024-07-13,2,1.95054,2.38037,0,2024,7,Timur
2024-07-14,2,2.38792,2.38037,1,2024,7,Timur
2024-07-15,2,2.22653,2.38037,0,2024,7,Timur
2024-07-16,2,1.96401,2.38037,0,2024,7,Timur
2024-07-17,2,1.98937,2.38037,0,2024,7,Timur
2024-07-18,2,2.01087,2.38037,0,2024,7,Timur
2024-07-19,2,2.06778,2.38037,0,2024,7,Timur
2024-07-20,2,2.19601,2.38037,0,2024,7,Timur
2024-07-21,2,2.31198,2.38037,0,2024,7,Timur
2024-07-22,2,2.38384,2.38037,1,2024,7,Timur
2024-07-23,2,2.14580,2.38037,0,2024,7,Timur
2024-07-24,2,1.85884,2.38037,0,2024,7,Timur
2024-07-25,2,1.92902,2.38037,0,2024,7,Timur
2024-07-26,2,2.13648,2.38037,0,2024,7,Timur
2024-07-27,2,2.04815,2.38037,0,2024,7,Timur
2024-07-28,2,1.72018,2.38037,0,2024,7,Timur
2024-07-29,2,1.45418,2.38037,0,2024,7,Timur
2024-07-30,2,1.83531,2.38037,0,2024,7,Timur
2024-07-31,2,2.58616,2.38037,1,2024,7,Timur
2024-08-01,2,2.66507,2.38037,1,2024,8,Timur
2024-08-02,2,2.16072,2.38037,0,2024,8,Timur
2024-08-03,2,2.10586,2.38037,0,2024,8,Timur
2024-08-04,2,2.05299,2.38037,0,2024,8,Timur
2024-08-05,2,1.69553,2.38037,0,2024,8,Timur
2024-08-06,2,1.79897,2.38037,0,2024,8,Timur
2024-08-07,2,2.24822,2.38037,0,2024,8,Timur
2024-08-08,2,2.43438,2.38037,1,2024,8,Timur
2024-08-09,2,2.50121,2.38037,1,2024,8,Timur
2024-08-10,2,2.26109,2.38037,0,2024,8,Timur
2024-08-11,2,1.77307,2.38037,0,2024,8,Timur
2024-08-12,2,2.23942,2.38037,0,2024,8,Timur
2024-08-13,2,2.38243,2.38037,1,2024,8,Timur
2024-08-14,2,2.28661,2.38037,0,2024,8,Timur
2024-08-15,2,2.21728,2.38037,0,2024,8,Timur
2024-08-16,2,1.82196,2.38037,0,2024,8,Timur
2024-08-17,2,1.55917,2.38037,0,2024,8,Timur
2024-08-18,2,2.41033,2.38037,1,2024,8,Timur
2024-08-19,2,2.47473,2.38037,1,2024,8,Timur
2024-08-20,2,2.14511,2.38037,0,2024,8,Timur
2024-08-21,2,1.82686,2.38037,0,2024,8,Timur
2024-08-22,2,1.84333,2.38037,0,2024,8,Timur
2024-08-23,2,1.68007,2.38037,0,2024,8,Timur
2024-08-24,2,1.63419,2.38037,0,2024,8,Timur
2024-08-25,2,1.84150,2.38037,0,2024,8,Timur
2024-08-26,2,2.33379,2.38037,0,2024,8,Timur
2024-08-27,2,2.37937,2.38037,0,2024,8,Timur
2024-08-28,2,2.06351,2.38037,0,2024,8,Timur
2024-08-29,2,2.03868,2.38037,0,2024,8,Timur
2024-08-30,2,2.05607,2.38037,0,2024,8,Timur
2024-08-31,2,2.12561,2.38037,0,2024,8,Timur
2024-09-01,2,2.16093,2.38037,0,2024,9,Peralihan II
2024-09-02,2,2.04731,2.38037,0,2024,9,Peralihan II
2024-09-03,2,2.16073,2.38037,0,2024,9,Peralihan II
2024-09-04,2,2.26867,2.38037,0,2024,9,Peralihan II
2024-09-05,2,2.22888,2.38037,0,2024,9,Peralihan II
2024-09-06,2,2.48658,2.38037,1,2024,9,Peralihan II
2024-09-07,2,2.61350,2.38037,1,2024,9,Peralihan II
2024-09-08,2,2.37913,2.38037,0,2024,9,Peralihan II
2024-09-09,2,2.01921,2.38037,0,2024,9,Peralihan II
2024-09-10,2,1.84410,2.38037,0,2024,9,Peralihan II
2024-09-11,2,1.77710,2.38037,0,2024,9,Peralihan II
2024-09-12,2,1.64211,2.38037,0,2024,9,Peralihan II
2024-09-13,2,1.53607,2.38037,0,2024,9,Peralihan II
2024-09-14,2,1.46613,2.38037,0,2024,9,Peralihan II
2024-09-15,2,1.52270,2.38037,0,2024,9,Peralihan II
2024-09-16,2,1.49294,2.38037,0,2024,9,Peralihan II
2024-09-17,2,1.39098,2.38037,0,2024,9,Peralihan II
2024-09-18,2,1.34980,2.38037,0,2024,9,Peralihan II
2024-09-19,2,1.38841,2.38037,0,2024,9,Peralihan II
2024-09-20,2,1.44274,2.38037,0,2024,9,Peralihan II
2024-09-21,2,1.77931,2.38037,0,2024,9,Peralihan II
2024-09-22,2,2.00786,2.38037,0,2024,9,Peralihan II
2024-09-23,2,1.82286,2.38037,0,2024,9,Peralihan II
2024-09-24,2,1.63016,2.38037,0,2024,9,Peralihan II
2024-09-25,2,1.66983,2.38037,0,2024,9,Peralihan II
2024-09-26,2,1.65725,2.38037,0,2024,9,Peralihan II
2024-09-27,2,1.43937,2.38037,0,2024,9,Peralihan II
2024-09-28,2,1.79463,2.38037,0,2024,9,Peralihan II
2024-09-29,2,2.19015,2.38037,0,2024,9,Peralihan II
2024-09-30,2,2.03958,2.38037,0,2024,9,Peralihan II
2024-10-01,2,1.77426,2.38037,0,2024,10,Peralihan II
2024-10-02,2,1.80728,2.38037,0,2024,10,Peralihan II
2024-10-03,2,1.99929,2.38037,0,2024,10,Peralihan II
2024-10-04,2,2.57667,2.38037,1,2024,10,Peralihan II
2024-10-05,2,2.55006,2.38037,1,2024,10,Peralihan II
2024-10-06,2,1.92286,2.38037,0,2024,10,Peralihan II
2024-10-07,2,1.65608,2.38037,0,2024,10,Peralihan II
2024-10-08,2,1.75748,2.38037,0,2024,10,Peralihan II
2024-10-09,2,1.72829,2.38037,0,2024,10,Peralihan II
2024-10-10,2,1.93085,2.38037,0,2024,10,Peralihan II
2024-10-11,2,2.14440,2.38037,0,2024,10,Peralihan II
2024-10-12,2,2.14712,2.38037,0,2024,10,Peralihan II
2024-10-13,2,1.91247,2.38037,0,2024,10,Peralihan II
2024-10-14,2,1.61402,2.38037,0,2024,10,Peralihan II
2024-10-15,2,2.37384,2.38037,0,2024,10,Peralihan II
2024-10-16,2,2.68999,2.38037,1,2024,10,Peralihan II
2024-10-17,2,2.50923,2.38037,1,2024,10,Peralihan II
2024-10-18,2,2.14348,2.38037,0,2024,10,Peralihan II
2024-10-19,2,1.77174,2.38037,0,2024,10,Peralihan II
2024-10-20,2,1.64860,2.38037,0,2024,10,Peralihan II
2024-10-21,2,1.75988,2.38037,0,2024,10,Peralihan II
2024-10-22,2,1.96617,2.38037,0,2024,10,Peralihan II
2024-10-23,2,2.00057,2.38037,0,2024,10,Peralihan II
2024-10-24,2,1.79871,2.38037,0,2024,10,Peralihan II
2024-10-25,2,1.76889,2.38037,0,2024,10,Peralihan II
2024-10-26,2,1.53634,2.38037,0,2024,10,Peralihan II
2024-10-27,2,1.49479,2.38037,0,2024,10,Peralihan II
2024-10-28,2,1.69607,2.38037,0,2024,10,Peralihan II
2024-10-29,2,1.77031,2.38037,0,2024,10,Peralihan II
2024-10-30,2,1.78551,2.38037,0,2024,10,Peralihan II
2024-10-31,2,1.65312,2.38037,0,2024,10,Peralihan II
2024-11-01,2,1.40045,2.38037,0,2024,11,Peralihan II
2024-11-02,2,1.12978,2.38037,0,2024,11,Peralihan II
2024-11-03,2,0.95555,2.38037,0,2024,11,Peralihan II
2024-11-04,2,1.05050,2.38037,0,2024,11,Peralihan II
2024-11-05,2,1.39687,2.38037,0,2024,11,Peralihan II
2024-11-06,2,1.55469,2.38037,0,2024,11,Peralihan II
2024-11-07,2,1.65574,2.38037,0,2024,11,Peralihan II
2024-11-08,2,1.77533,2.38037,0,2024,11,Peralihan II
2024-11-09,2,1.84165,2.38037,0,2024,11,Peralihan II
2024-11-10,2,1.85398,2.38037,0,2024,11,Peralihan II
2024-11-11,2,1.80055,2.38037,0,2024,11,Peralihan II
2024-11-12,2,1.60598,2.38037,0,2024,11,Peralihan II
2024-11-13,2,1.40199,2.38037,0,2024,11,Peralihan II
2024-11-14,2,1.43427,2.38037,0,2024,11,Peralihan II
2024-11-15,2,1.53846,2.38037,0,2024,11,Peralihan II
2024-11-16,2,1.50843,2.38037,0,2024,11,Peralihan II
2024-11-17,2,1.40882,2.38037,0,2024,11,Peralihan II
2024-11-18,2,1.54173,2.38037,0,2024,11,Peralihan II
2024-11-19,2,1.64941,2.38037,0,2024,11,Peralihan II
2024-11-20,2,1.67449,2.38037,0,2024,11,Peralihan II
2024-11-21,2,1.60832,2.38037,0,2024,11,Peralihan II
2024-11-22,2,1.57507,2.38037,0,2024,11,Peralihan II
2024-11-23,2,1.53067,2.38037,0,2024,11,Peralihan II
2024-11-24,2,1.46246,2.38037,0,2024,11,Peralihan II
2024-11-25,2,1.37597,2.38037,0,2024,11,Peralihan II
2024-11-26,2,1.31692,2.38037,0,2024,11,Peralihan II
2024-11-27,2,1.49569,2.38037,0,2024,11,Peralihan II
2024-11-28,2,1.69116,2.38037,0,2024,11,Peralihan II
2024-11-29,2,1.66220,2.38037,0,2024,11,Peralihan II
2024-11-30,2,1.58844,2.38037,0,2024,11,Peralihan II
2024-12-01,2,1.56277,2.38037,0,2024,12,Barat
2024-12-02,2,1.66215,2.38037,0,2024,12,Barat
2024-12-03,2,1.91104,2.38037,0,2024,12,Barat
2024-12-04,2,2.26358,2.38037,0,2024,12,Barat
2024-12-05,2,2.20161,2.38037,0,2024,12,Barat
2024-12-06,2,1.86194,2.38037,0,2024,12,Barat
2024-12-07,2,1.60934,2.38037,0,2024,12,Barat
2024-12-08,2,1.63861,2.38037,0,2024,12,Barat
2024-12-09,2,1.84078,2.38037,0,2024,12,Barat
2024-12-10,2,2.27411,2.38037,0,2024,12,Barat
2024-12-11,2,2.43363,2.38037,1,2024,12,Barat
2024-12-12,2,2.17770,2.38037,0,2024,12,Barat
2024-12-13,2,1.66422,2.38037,0,2024,12,Barat
2024-12-14,2,1.57608,2.38037,0,2024,12,Barat
2024-12-15,2,1.52273,2.38037,0,2024,12,Barat
2024-12-16,2,1.51164,2.38037,0,2024,12,Barat
2024-12-17,2,2.14987,2.38037,0,2024,12,Barat
2024-12-18,2,2.38137,2.38037,1,2024,12,Barat
2024-12-19,2,2.25275,2.38037,0,2024,12,Barat
2024-12-20,2,2.12910,2.38037,0,2024,12,Barat
2024-12-21,2,2.18857,2.38037,0,2024,12,Barat
2024-12-22,2,2.02520,2.38037,0,2024,12,Barat
2024-12-23,2,1.82045,2.38037,0,2024,12,Barat
2024-12-24,2,1.71479,2.38037,0,2024,12,Barat
2024-12-25,2,1.65115,2.38037,0,2024,12,Barat
2024-12-26,2,1.96891,2.38037,0,2024,12,Barat
2024-12-27,2,1.85372,2.38037,0,2024,12,Barat
2024-12-28,2,1.72127,2.38037,0,2024,12,Barat
2024-12-29,2,1.64164,2.38037,0,2024,12,Barat
2024-12-30,2,1.97584,2.38037,0,2024,12,Barat
2024-12-31,2,1.92356,2.38037,0,2024,12,Barat
2025-01-01,2,1.83013,2.38037,0,2025,1,Barat
2025-01-02,2,1.72162,2.38037,0,2025,1,Barat
2025-01-03,2,1.72342,2.38037,0,2025,1,Barat
2025-01-04,2,1.57316,2.38037,0,2025,1,Barat
2025-01-05,2,1.30076,2.38037,0,2025,1,Barat
2025-01-06,2,1.13123,2.38037,0,2025,1,Barat
2025-01-07,2,1.26498,2.38037,0,2025,1,Barat
2025-01-08,2,1.39103,2.38037,0,2025,1,Barat
2025-01-09,2,1.19423,2.38037,0,2025,1,Barat
2025-01-10,2,1.10140,2.38037,0,2025,1,Barat
2025-01-11,2,1.21589,2.38037,0,2025,1,Barat
2025-01-12,2,1.50366,2.38037,0,2025,1,Barat
2025-01-13,2,1.50462,2.38037,0,2025,1,Barat
2025-01-14,2,1.94399,2.38037,0,2025,1,Barat
2025-01-15,2,2.20673,2.38037,0,2025,1,Barat
2025-01-16,2,2.25118,2.38037,0,2025,1,Barat
2025-01-17,2,2.18256,2.38037,0,2025,1,Barat
2025-01-18,2,2.04536,2.38037,0,2025,1,Barat
2025-01-19,2,2.59602,2.38037,1,2025,1,Barat
2025-01-20,2,2.69772,2.38037,1,2025,1,Barat
2025-01-21,2,2.34428,2.38037,0,2025,1,Barat
2025-01-22,2,1.89545,2.38037,0,2025,1,Barat
2025-01-23,2,1.65064,2.38037,0,2025,1,Barat
2025-01-24,2,1.46984,2.38037,0,2025,1,Barat
2025-01-25,2,1.32323,2.38037,0,2025,1,Barat
2025-01-26,2,1.41050,2.38037,0,2025,1,Barat
2025-01-27,2,1.50087,2.38037,0,2025,1,Barat
2025-01-28,2,1.46408,2.38037,0,2025,1,Barat
2025-01-29,2,1.53834,2.38037,0,2025,1,Barat
2025-01-30,2,1.65013,2.38037,0,2025,1,Barat
2025-01-31,2,1.91994,2.38037,0,2025,1,Barat
2025-02-01,2,1.97670,2.38037,0,2025,2,Barat
2025-02-02,2,1.97971,2.38037,0,2025,2,Barat
2025-02-03,2,2.49171,2.38037,1,2025,2,Barat
2025-02-04,2,3.66450,2.38037,1,2025,2,Barat
2025-02-05,2,4.11901,2.38037,1,2025,2,Barat
2025-02-06,2,3.12318,2.38037,1,2025,2,Barat
2025-02-07,2,2.67066,2.38037,1,2025,2,Barat
2025-02-08,2,1.98869,2.38037,0,2025,2,Barat
2025-02-09,2,1.88924,2.38037,0,2025,2,Barat
2025-02-10,2,1.73472,2.38037,0,2025,2,Barat
2025-02-11,2,1.75206,2.38037,0,2025,2,Barat
2025-02-12,2,1.89080,2.38037,0,2025,2,Barat
2025-02-13,2,1.99604,2.38037,0,2025,2,Barat
2025-02-14,2,2.09335,2.38037,0,2025,2,Barat
2025-02-15,2,2.09196,2.38037,0,2025,2,Barat
2025-02-16,2,1.71519,2.38037,0,2025,2,Barat
2025-02-17,2,1.34490,2.38037,0,2025,2,Barat
2025-02-18,2,1.40413,2.38037,0,2025,2,Barat
2025-02-19,2,1.51536,2.38037,0,2025,2,Barat
2025-02-20,2,1.47487,2.38037,0,2025,2,Barat
2025-02-21,2,1.41668,2.38037,0,2025,2,Barat
2025-02-22,2,1.65637,2.38037,0,2025,2,Barat
2025-02-23,2,1.71175,2.38037,0,2025,2,Barat
2025-02-24,2,1.46843,2.38037,0,2025,2,Barat
2025-02-25,2,1.52670,2.38037,0,2025,2,Barat
2025-02-26,2,1.56567,2.38037,0,2025,2,Barat
2025-02-27,2,1.42192,2.38037,0,2025,2,Barat
2025-02-28,2,1.25636,2.38037,0,2025,2,Barat
2025-03-01,2,1.28515,2.38037,0,2025,3,Peralihan I
2025-03-02,2,1.32644,2.38037,0,2025,3,Peralihan I
2025-03-03,2,1.35663,2.38037,0,2025,3,Peralihan I
2025-03-04,2,1.33623,2.38037,0,2025,3,Peralihan I
2025-03-05,2,1.30945,2.38037,0,2025,3,Peralihan I
2025-03-06,2,1.51841,2.38037,0,2025,3,Peralihan I
2025-03-07,2,1.66188,2.38037,0,2025,3,Peralihan I
2025-03-08,2,1.47446,2.38037,0,2025,3,Peralihan I
2025-03-09,2,1.37345,2.38037,0,2025,3,Peralihan I
2025-03-10,2,1.88813,2.38037,0,2025,3,Peralihan I
2025-03-11,2,2.04040,2.38037,0,2025,3,Peralihan I
2025-03-12,2,1.84941,2.38037,0,2025,3,Peralihan I
2025-03-13,2,1.52371,2.38037,0,2025,3,Peralihan I
2025-03-14,2,1.61297,2.38037,0,2025,3,Peralihan I
2025-03-15,2,2.03207,2.38037,0,2025,3,Peralihan I
2025-03-16,2,2.00981,2.38037,0,2025,3,Peralihan I
2025-03-17,2,1.85479,2.38037,0,2025,3,Peralihan I
2025-03-18,2,1.87637,2.38037,0,2025,3,Peralihan I
2025-03-19,2,1.90552,2.38037,0,2025,3,Peralihan I
2025-03-20,2,1.74742,2.38037,0,2025,3,Peralihan I
2025-03-21,2,1.82628,2.38037,0,2025,3,Peralihan I
2025-03-22,2,1.88701,2.38037,0,2025,3,Peralihan I
2025-03-23,2,1.86939,2.38037,0,2025,3,Peralihan I
2025-03-24,2,2.12926,2.38037,0,2025,3,Peralihan I
2025-03-25,2,2.38676,2.38037,1,2025,3,Peralihan I
2025-03-26,2,2.30067,2.38037,0,2025,3,Peralihan I
2025-03-27,2,2.04551,2.38037,0,2025,3,Peralihan I
2025-03-28,2,1.75784,2.38037,0,2025,3,Peralihan I
2025-03-29,2,1.62469,2.38037,0,2025,3,Peralihan I
2025-03-30,2,1.27521,2.38037,0,2025,3,Peralihan I
2025-03-31,2,1.16826,2.38037,0,2025,3,Peralihan I
2025-04-01,2,1.21679,2.38037,0,2025,4,Peralihan I
2025-04-02,2,1.16742,2.38037,0,2025,4,Peralihan I
2025-04-03,2,1.05220,2.38037,0,2025,4,Peralihan I
2025-04-04,2,1.59434,2.38037,0,2025,4,Peralihan I
2025-04-05,2,1.67726,2.38037,0,2025,4,Peralihan I
2025-04-06,2,1.59204,2.38037,0,2025,4,Peralihan I
2025-04-07,2,1.61348,2.38037,0,2025,4,Peralihan I
2025-04-08,2,1.58717,2.38037,0,2025,4,Peralihan I
2025-04-09,2,1.43806,2.38037,0,2025,4,Peralihan I
2025-04-10,2,1.34202,2.38037,0,2025,4,Peralihan I
2025-04-11,2,1.43457,2.38037,0,2025,4,Peralihan I
2025-04-12,2,1.78116,2.38037,0,2025,4,Peralihan I
2025-04-13,2,2.09445,2.38037,0,2025,4,Peralihan I
2025-04-14,2,2.12364,2.38037,0,2025,4,Peralihan I
2025-04-15,2,1.93683,2.38037,0,2025,4,Peralihan I
2025-04-16,2,1.70827,2.38037,0,2025,4,Peralihan I
2025-04-17,2,1.67055,2.38037,0,2025,4,Peralihan I
2025-04-18,2,1.92512,2.38037,0,2025,4,Peralihan I
2025-04-19,2,1.91646,2.38037,0,2025,4,Peralihan I
2025-04-20,2,1.76152,2.38037,0,2025,4,Peralihan I
2025-04-21,2,1.58485,2.38037,0,2025,4,Peralihan I
2025-04-22,2,1.50633,2.38037,0,2025,4,Peralihan I
2025-04-23,2,1.55238,2.38037,0,2025,4,Peralihan I
2025-04-24,2,1.53161,2.38037,0,2025,4,Peralihan I
2025-04-25,2,1.64359,2.38037,0,2025,4,Peralihan I
2025-04-26,2,1.92279,2.38037,0,2025,4,Peralihan I
2025-04-27,2,1.83791,2.38037,0,2025,4,Peralihan I
2025-04-28,2,1.55928,2.38037,0,2025,4,Peralihan I
2025-04-29,2,1.64127,2.38037,0,2025,4,Peralihan I
2025-04-30,2,1.67589,2.38037,0,2025,4,Peralihan I
2025-05-01,2,1.67002,2.38037,0,2025,5,Peralihan I
2025-05-02,2,1.77637,2.38037,0,2025,5,Peralihan I
2025-05-03,2,1.61820,2.38037,0,2025,5,Peralihan I
2025-05-04,2,1.65252,2.38037,0,2025,5,Peralihan I
2025-05-05,2,2.58058,2.38037,1,2025,5,Peralihan I
2025-05-06,2,2.51382,2.38037,1,2025,5,Peralihan I
2025-05-07,2,2.32386,2.38037,0,2025,5,Peralihan I
2025-05-08,2,2.02414,2.38037,0,2025,5,Peralihan I
2025-05-09,2,1.84608,2.38037,0,2025,5,Peralihan I
2025-05-10,2,1.70982,2.38037,0,2025,5,Peralihan I
2025-05-11,2,1.47102,2.38037,0,2025,5,Peralihan I
2025-05-12,2,1.52736,2.38037,0,2025,5,Peralihan I
2025-05-13,2,1.62708,2.38037,0,2025,5,Peralihan I
2025-05-14,2,1.62037,2.38037,0,2025,5,Peralihan I
2025-05-15,2,1.59621,2.38037,0,2025,5,Peralihan I
2025-05-16,2,1.68923,2.38037,0,2025,5,Peralihan I
2025-05-17,2,1.83136,2.38037,0,2025,5,Peralihan I
2025-05-18,2,1.77394,2.38037,0,2025,5,Peralihan I
2025-05-19,2,1.72375,2.38037,0,2025,5,Peralihan I
2025-05-20,2,1.95094,2.38037,0,2025,5,Peralihan I
2025-05-21,2,2.03165,2.38037,0,2025,5,Peralihan I
2025-05-22,2,2.21518,2.38037,0,2025,5,Peralihan I
2025-05-23,2,2.27565,2.38037,0,2025,5,Peralihan I
2025-05-24,2,2.10501,2.38037,0,2025,5,Peralihan I
2025-05-25,2,1.75871,2.38037,0,2025,5,Peralihan I
2025-05-26,2,1.62073,2.38037,0,2025,5,Peralihan I
2025-05-27,2,1.55510,2.38037,0,2025,5,Peralihan I
2025-05-28,2,1.66592,2.38037,0,2025,5,Peralihan I
2025-05-29,2,1.67495,2.38037,0,2025,5,Peralihan I
2025-05-30,2,1.92721,2.38037,0,2025,5,Peralihan I
2025-05-31,2,2.05703,2.38037,0,2025,5,Peralihan I
2025-06-01,2,1.92442,2.38037,0,2025,6,Timur
2025-06-02,2,1.85894,2.38037,0,2025,6,Timur
2025-06-03,2,2.00815,2.38037,0,2025,6,Timur
2025-06-04,2,2.17726,2.38037,0,2025,6,Timur
2025-06-05,2,2.08244,2.38037,0,2025,6,Timur
2025-06-06,2,1.98678,2.38037,0,2025,6,Timur
2025-06-07,2,1.73521,2.38037,0,2025,6,Timur
2025-06-08,2,2.01326,2.38037,0,2025,6,Timur
2025-06-09,2,2.03012,2.38037,0,2025,6,Timur
2025-06-10,2,1.97647,2.38037,0,2025,6,Timur
2025-06-11,2,2.14517,2.38037,0,2025,6,Timur
2025-06-12,2,2.43477,2.38037,1,2025,6,Timur
2025-06-13,2,2.33885,2.38037,0,2025,6,Timur
2025-06-14,2,1.86417,2.38037,0,2025,6,Timur
2025-06-15,2,1.88000,2.38037,0,2025,6,Timur
2025-06-16,2,2.04982,2.38037,0,2025,6,Timur
2025-06-17,2,1.95406,2.38037,0,2025,6,Timur
2025-06-18,2,1.57391,2.38037,0,2025,6,Timur
2025-06-19,2,1.84056,2.38037,0,2025,6,Timur
2025-06-20,2,2.16100,2.38037,0,2025,6,Timur
2025-06-21,2,2.45610,2.38037,1,2025,6,Timur
2025-06-22,2,3.05623,2.38037,1,2025,6,Timur
2025-06-23,2,3.05535,2.38037,1,2025,6,Timur
2025-06-24,2,2.53959,2.38037,1,2025,6,Timur
2025-06-25,2,2.12479,2.38037,0,2025,6,Timur
2025-06-26,2,2.10917,2.38037,0,2025,6,Timur
2025-06-27,2,2.17580,2.38037,0,2025,6,Timur
2025-06-28,2,2.60801,2.38037,1,2025,6,Timur
2025-06-29,2,2.46552,2.38037,1,2025,6,Timur
2025-06-30,2,2.23356,2.38037,0,2025,6,Timur
2025-07-01,2,2.08350,2.38037,0,2025,7,Timur
2025-07-02,2,1.90396,2.38037,0,2025,7,Timur
2025-07-03,2,1.78106,2.38037,0,2025,7,Timur
2025-07-04,2,1.69872,2.38037,0,2025,7,Timur
2025-07-05,2,1.58320,2.38037,0,2025,7,Timur
2025-07-06,2,1.48425,2.38037,0,2025,7,Timur
2025-07-07,2,1.82142,2.38037,0,2025,7,Timur
2025-07-08,2,2.28629,2.38037,0,2025,7,Timur
2025-07-09,2,2.81800,2.38037,1,2025,7,Timur
2025-07-10,2,2.60842,2.38037,1,2025,7,Timur
2025-07-11,2,2.15517,2.38037,0,2025,7,Timur
2025-07-12,2,1.95686,2.38037,0,2025,7,Timur
2025-07-13,2,1.94415,2.38037,0,2025,7,Timur
2025-07-14,2,2.04450,2.38037,0,2025,7,Timur
2025-07-15,2,2.03259,2.38037,0,2025,7,Timur
2025-07-16,2,2.10142,2.38037,0,2025,7,Timur
2025-07-17,2,2.29415,2.38037,0,2025,7,Timur
2025-07-18,2,2.57612,2.38037,1,2025,7,Timur
2025-07-19,2,2.60825,2.38037,1,2025,7,Timur
2025-07-20,2,2.56444,2.38037,1,2025,7,Timur
2025-07-21,2,2.33305,2.38037,0,2025,7,Timur
2025-07-22,2,1.76941,2.38037,0,2025,7,Timur
2025-07-23,2,1.62458,2.38037,0,2025,7,Timur
2025-07-24,2,1.63645,2.38037,0,2025,7,Timur
2025-07-25,2,2.20347,2.38037,0,2025,7,Timur
2025-07-26,2,2.64168,2.38037,1,2025,7,Timur
2025-07-27,2,2.42987,2.38037,1,2025,7,Timur
2025-07-28,2,2.59366,2.38037,1,2025,7,Timur
2025-07-29,2,2.83852,2.38037,1,2025,7,Timur
2025-07-30,2,2.76431,2.38037,1,2025,7,Timur
2025-07-31,2,2.31783,2.38037,0,2025,7,Timur
2025-08-01,2,1.90510,2.38037,0,2025,8,Timur
2025-08-02,2,1.56223,2.38037,0,2025,8,Timur
2025-08-03,2,1.97734,2.38037,0,2025,8,Timur
2025-08-04,2,2.77877,2.38037,1,2025,8,Timur
2025-08-05,2,3.38511,2.38037,1,2025,8,Timur
2025-08-06,2,3.10330,2.38037,1,2025,8,Timur
2025-08-07,2,2.29079,2.38037,0,2025,8,Timur
2025-08-08,2,2.13367,2.38037,0,2025,8,Timur
2025-08-09,2,1.70922,2.38037,0,2025,8,Timur
2025-08-10,2,1.66823,2.38037,0,2025,8,Timur
2025-08-11,2,2.14005,2.38037,0,2025,8,Timur
2025-08-12,2,2.18313,2.38037,0,2025,8,Timur
2025-08-13,2,2.08222,2.38037,0,2025,8,Timur
2025-08-14,2,1.98943,2.38037,0,2025,8,Timur
2025-08-15,2,1.91278,2.38037,0,2025,8,Timur
2025-08-16,2,2.02412,2.38037,0,2025,8,Timur
2025-08-17,2,1.95700,2.38037,0,2025,8,Timur
2025-08-18,2,1.59929,2.38037,0,2025,8,Timur
2025-08-19,2,1.38093,2.38037,0,2025,8,Timur
2025-08-20,2,1.36593,2.38037,0,2025,8,Timur
2025-08-21,2,1.70597,2.38037,0,2025,8,Timur
2025-08-22,2,2.39211,2.38037,1,2025,8,Timur
2025-08-23,2,2.39687,2.38037,1,2025,8,Timur
2025-08-24,2,2.11318,2.38037,0,2025,8,Timur
2025-08-25,2,2.19965,2.38037,0,2025,8,Timur
2025-08-26,2,2.52831,2.38037,1,2025,8,Timur
2025-08-27,2,2.75027,2.38037,1,2025,8,Timur
2025-08-28,2,2.62490,2.38037,1,2025,8,Timur
2025-08-29,2,2.25488,2.38037,0,2025,8,Timur
2025-08-30,2,1.91492,2.38037,0,2025,8,Timur
2025-08-31,2,1.83379,2.38037,0,2025,8,Timur
2025-09-01,2,1.96962,2.38037,0,2025,9,Peralihan II
2025-09-02,2,1.98214,2.38037,0,2025,9,Peralihan II
2025-09-03,2,1.71356,2.38037,0,2025,9,Peralihan II
2025-09-04,2,1.82240,2.38037,0,2025,9,Peralihan II
2025-09-05,2,1.90972,2.38037,0,2025,9,Peralihan II
2025-09-06,2,2.04376,2.38037,0,2025,9,Peralihan II
2025-09-07,2,2.38570,2.38037,1,2025,9,Peralihan II
2025-09-08,2,2.46774,2.38037,1,2025,9,Peralihan II
2025-09-09,2,2.50645,2.38037,1,2025,9,Peralihan II
2025-09-10,2,2.40891,2.38037,1,2025,9,Peralihan II
2025-09-11,2,1.88012,2.38037,0,2025,9,Peralihan II
2025-09-12,2,1.54317,2.38037,0,2025,9,Peralihan II
2025-09-13,2,1.54527,2.38037,0,2025,9,Peralihan II
2025-09-14,2,1.46038,2.38037,0,2025,9,Peralihan II
2025-09-15,2,1.65228,2.38037,0,2025,9,Peralihan II
2025-09-16,2,2.47769,2.38037,1,2025,9,Peralihan II
2025-09-17,2,2.43182,2.38037,1,2025,9,Peralihan II
2025-09-18,2,2.07357,2.38037,0,2025,9,Peralihan II
2025-09-19,2,1.93683,2.38037,0,2025,9,Peralihan II
2025-09-20,2,2.10207,2.38037,0,2025,9,Peralihan II
2025-09-21,2,2.11131,2.38037,0,2025,9,Peralihan II
2025-09-22,2,1.92605,2.38037,0,2025,9,Peralihan II
2025-09-23,2,2.00621,2.38037,0,2025,9,Peralihan II
2025-09-24,2,2.03046,2.38037,0,2025,9,Peralihan II
2025-09-25,2,1.84473,2.38037,0,2025,9,Peralihan II
2025-09-26,2,1.95489,2.38037,0,2025,9,Peralihan II
2025-09-27,2,1.93482,2.38037,0,2025,9,Peralihan II
2025-09-28,2,1.55650,2.38037,0,2025,9,Peralihan II
2025-09-29,2,1.64887,2.38037,0,2025,9,Peralihan II
2025-09-30,2,1.78319,2.38037,0,2025,9,Peralihan II
2025-10-01,2,1.74343,2.38037,0,2025,10,Peralihan II
2025-10-02,2,1.83263,2.38037,0,2025,10,Peralihan II
2025-10-03,2,2.22021,2.38037,0,2025,10,Peralihan II
2025-10-04,2,2.11747,2.38037,0,2025,10,Peralihan II
2025-10-05,2,1.83232,2.38037,0,2025,10,Peralihan II
2025-10-06,2,1.93244,2.38037,0,2025,10,Peralihan II
2025-10-07,2,2.03241,2.38037,0,2025,10,Peralihan II
2025-10-08,2,1.95846,2.38037,0,2025,10,Peralihan II
2025-10-09,2,1.65630,2.38037,0,2025,10,Peralihan II
2025-10-10,2,1.64588,2.38037,0,2025,10,Peralihan II
2025-10-11,2,1.80499,2.38037,0,2025,10,Peralihan II
2025-10-12,2,1.80981,2.38037,0,2025,10,Peralihan II
2025-10-13,2,1.68284,2.38037,0,2025,10,Peralihan II
2025-10-14,2,2.42718,2.38037,1,2025,10,Peralihan II
2025-10-15,2,2.54594,2.38037,1,2025,10,Peralihan II
2025-10-16,2,2.28493,2.38037,0,2025,10,Peralihan II
2025-10-17,2,1.97648,2.38037,0,2025,10,Peralihan II
2025-10-18,2,1.80996,2.38037,0,2025,10,Peralihan II
2025-10-19,2,1.65030,2.38037,0,2025,10,Peralihan II
2025-10-20,2,1.71853,2.38037,0,2025,10,Peralihan II
2025-10-21,2,1.77077,2.38037,0,2025,10,Peralihan II
2025-10-22,2,1.86295,2.38037,0,2025,10,Peralihan II
2025-10-23,2,1.61391,2.38037,0,2025,10,Peralihan II
2025-10-24,2,1.59205,2.38037,0,2025,10,Peralihan II
2025-10-25,2,1.49522,2.38037,0,2025,10,Peralihan II
2025-10-26,2,1.40075,2.38037,0,2025,10,Peralihan II
2025-10-27,2,1.28403,2.38037,0,2025,10,Peralihan II
2025-10-28,2,1.31612,2.38037,0,2025,10,Peralihan II
2025-10-29,2,1.58683,2.38037,0,2025,10,Peralihan II
2025-10-30,2,1.78335,2.38037,0,2025,10,Peralihan II
2025-10-31,2,1.82744,2.38037,0,2025,10,Peralihan II
2025-11-01,2,1.76645,2.38037,0,2025,11,Peralihan II
2025-11-02,2,1.83642,2.38037,0,2025,11,Peralihan II
2025-11-03,2,1.90017,2.38037,0,2025,11,Peralihan II
2025-11-04,2,1.63893,2.38037,0,2025,11,Peralihan II
2025-11-05,2,2.02496,2.38037,0,2025,11,Peralihan II
2025-11-06,2,2.17368,2.38037,0,2025,11,Peralihan II
2025-11-07,2,2.05945,2.38037,0,2025,11,Peralihan II
2025-11-08,2,1.86398,2.38037,0,2025,11,Peralihan II
2025-11-09,2,1.80322,2.38037,0,2025,11,Peralihan II
2025-11-10,2,1.46293,2.38037,0,2025,11,Peralihan II
2025-11-11,2,1.29760,2.38037,0,2025,11,Peralihan II
2025-11-12,2,1.25559,2.38037,0,2025,11,Peralihan II
2025-11-13,2,1.24010,2.38037,0,2025,11,Peralihan II
2025-11-14,2,1.15334,2.38037,0,2025,11,Peralihan II
2025-11-15,2,1.42494,2.38037,0,2025,11,Peralihan II
2025-11-16,2,1.74385,2.38037,0,2025,11,Peralihan II
2025-11-17,2,1.68097,2.38037,0,2025,11,Peralihan II
2025-11-18,2,1.49481,2.38037,0,2025,11,Peralihan II
2025-11-19,2,1.32806,2.38037,0,2025,11,Peralihan II
2025-11-20,2,1.19121,2.38037,0,2025,11,Peralihan II
2025-11-21,2,1.35811,2.38037,0,2025,11,Peralihan II
2025-11-22,2,1.41874,2.38037,0,2025,11,Peralihan II
2025-11-23,2,1.38598,2.38037,0,2025,11,Peralihan II
2025-11-24,2,1.26212,2.38037,0,2025,11,Peralihan II
2025-11-25,2,1.38617,2.38037,0,2025,11,Peralihan II
2025-11-26,2,1.48532,2.38037,0,2025,11,Peralihan II
2025-11-27,2,1.43256,2.38037,0,2025,11,Peralihan II
2025-11-28,2,1.62219,2.38037,0,2025,11,Peralihan II
2025-11-29,2,1.70722,2.38037,0,2025,11,Peralihan II
2025-11-30,2,1.63933,2.38037,0,2025,11,Peralihan II
2025-12-01,2,1.49856,2.38037,0,2025,12,Barat
2025-12-02,2,1.50540,2.38037,0,2025,12,Barat
2025-12-03,2,1.40835,2.38037,0,2025,12,Barat
2025-12-04,2,1.22544,2.38037,0,2025,12,Barat
2025-12-05,2,1.10487,2.38037,0,2025,12,Barat
2025-12-06,2,1.30643,2.38037,0,2025,12,Barat
2025-12-07,2,1.41893,2.38037,0,2025,12,Barat
2025-12-08,2,1.44728,2.38037,0,2025,12,Barat
2025-12-09,2,1.40229,2.38037,0,2025,12,Barat
2025-12-10,2,1.35604,2.38037,0,2025,12,Barat
2025-12-11,2,1.50318,2.38037,0,2025,12,Barat
2025-12-12,2,1.62196,2.38037,0,2025,12,Barat
2025-12-13,2,1.60947,2.38037,0,2025,12,Barat
2025-12-14,2,1.52683,2.38037,0,2025,12,Barat
2025-12-15,2,1.49653,2.38037,0,2025,12,Barat
2025-12-16,2,1.53043,2.38037,0,2025,12,Barat
2025-12-17,2,1.54893,2.38037,0,2025,12,Barat
2025-12-18,2,1.80827,2.38037,0,2025,12,Barat
2025-12-19,2,2.01070,2.38037,0,2025,12,Barat
2025-12-20,2,1.89045,2.38037,0,2025,12,Barat
2025-12-21,2,1.61336,2.38037,0,2025,12,Barat
2025-12-22,2,1.60861,2.38037,0,2025,12,Barat
2025-12-23,2,1.63497,2.38037,0,2025,12,Barat
2025-12-24,2,1.77621,2.38037,0,2025,12,Barat
2025-12-25,2,1.71469,2.38037,0,2025,12,Barat
2025-12-26,2,1.67589,2.38037,0,2025,12,Barat
2025-12-27,2,1.84591,2.38037,0,2025,12,Barat
2025-12-28,2,1.87984,2.38037,0,2025,12,Barat
2025-12-29,2,1.78962,2.38037,0,2025,12,Barat
2025-12-30,2,1.80229,2.38037,0,2025,12,Barat
2025-12-31,2,1.96793,2.38037,0,2025,12,Barat
2021-01-01,3,1.15157,1.75836,0,2021,1,Barat
2021-01-02,3,1.10074,1.75836,0,2021,1,Barat
2021-01-03,3,0.99406,1.75836,0,2021,1,Barat
2021-01-04,3,0.95679,1.75836,0,2021,1,Barat
2021-01-05,3,1.07067,1.75836,0,2021,1,Barat
2021-01-06,3,1.05549,1.75836,0,2021,1,Barat
2021-01-07,3,1.06489,1.75836,0,2021,1,Barat
2021-01-08,3,1.19817,1.75836,0,2021,1,Barat
2021-01-09,3,1.19100,1.75836,0,2021,1,Barat
2021-01-10,3,1.16101,1.75836,0,2021,1,Barat
2021-01-11,3,1.12341,1.75836,0,2021,1,Barat
2021-01-12,3,1.05328,1.75836,0,2021,1,Barat
2021-01-13,3,1.15619,1.75836,0,2021,1,Barat
2021-01-14,3,1.23651,1.75836,0,2021,1,Barat
2021-01-15,3,1.44114,1.75836,0,2021,1,Barat
2021-01-16,3,1.46647,1.75836,0,2021,1,Barat
2021-01-17,3,1.37660,1.75836,0,2021,1,Barat
2021-01-18,3,1.27565,1.75836,0,2021,1,Barat
2021-01-19,3,1.18375,1.75836,0,2021,1,Barat
2021-01-20,3,1.00587,1.75836,0,2021,1,Barat
2021-01-21,3,1.03043,1.75836,0,2021,1,Barat
2021-01-22,3,1.09468,1.75836,0,2021,1,Barat
2021-01-23,3,1.13107,1.75836,0,2021,1,Barat
2021-01-24,3,1.18555,1.75836,0,2021,1,Barat
2021-01-25,3,1.23850,1.75836,0,2021,1,Barat
2021-01-26,3,1.20915,1.75836,0,2021,1,Barat
2021-01-27,3,1.40846,1.75836,0,2021,1,Barat
2021-01-28,3,1.57638,1.75836,0,2021,1,Barat
2021-01-29,3,1.72805,1.75836,0,2021,1,Barat
2021-01-30,3,2.15309,1.75836,1,2021,1,Barat
2021-01-31,3,1.95425,1.75836,1,2021,1,Barat
2021-02-01,3,1.83379,1.75836,1,2021,2,Barat
2021-02-02,3,1.84275,1.75836,1,2021,2,Barat
2021-02-03,3,1.99775,1.75836,1,2021,2,Barat
2021-02-04,3,1.88063,1.75836,1,2021,2,Barat
2021-02-05,3,1.77654,1.75836,1,2021,2,Barat
2021-02-06,3,1.71649,1.75836,0,2021,2,Barat
2021-02-07,3,1.58062,1.75836,0,2021,2,Barat
2021-02-08,3,1.53478,1.75836,0,2021,2,Barat
2021-02-09,3,1.36896,1.75836,0,2021,2,Barat
2021-02-10,3,1.23077,1.75836,0,2021,2,Barat
2021-02-11,3,1.10011,1.75836,0,2021,2,Barat
2021-02-12,3,1.12192,1.75836,0,2021,2,Barat
2021-02-13,3,1.22253,1.75836,0,2021,2,Barat
2021-02-14,3,1.14541,1.75836,0,2021,2,Barat
2021-02-15,3,1.12442,1.75836,0,2021,2,Barat
2021-02-16,3,1.20774,1.75836,0,2021,2,Barat
2021-02-17,3,1.50378,1.75836,0,2021,2,Barat
2021-02-18,3,1.56082,1.75836,0,2021,2,Barat
2021-02-19,3,1.65214,1.75836,0,2021,2,Barat
2021-02-20,3,1.61784,1.75836,0,2021,2,Barat
2021-02-21,3,1.42173,1.75836,0,2021,2,Barat
2021-02-22,3,1.51229,1.75836,0,2021,2,Barat
2021-02-23,3,1.76800,1.75836,1,2021,2,Barat
2021-02-24,3,1.91167,1.75836,1,2021,2,Barat
2021-02-25,3,1.64319,1.75836,0,2021,2,Barat
2021-02-26,3,1.13091,1.75836,0,2021,2,Barat
2021-02-27,3,1.12644,1.75836,0,2021,2,Barat
2021-02-28,3,1.31019,1.75836,0,2021,2,Barat
2021-03-01,3,1.33767,1.75836,0,2021,3,Peralihan I
2021-03-02,3,1.36658,1.75836,0,2021,3,Peralihan I
2021-03-03,3,1.20763,1.75836,0,2021,3,Peralihan I
2021-03-04,3,1.03585,1.75836,0,2021,3,Peralihan I
2021-03-05,3,0.93505,1.75836,0,2021,3,Peralihan I
2021-03-06,3,0.91176,1.75836,0,2021,3,Peralihan I
2021-03-07,3,0.99804,1.75836,0,2021,3,Peralihan I
2021-03-08,3,1.18103,1.75836,0,2021,3,Peralihan I
2021-03-09,3,1.27542,1.75836,0,2021,3,Peralihan I
2021-03-10,3,1.19200,1.75836,0,2021,3,Peralihan I
2021-03-11,3,1.00794,1.75836,0,2021,3,Peralihan I
2021-03-12,3,0.83906,1.75836,0,2021,3,Peralihan I
2021-03-13,3,0.82542,1.75836,0,2021,3,Peralihan I
2021-03-14,3,0.87275,1.75836,0,2021,3,Peralihan I
2021-03-15,3,0.87153,1.75836,0,2021,3,Peralihan I
2021-03-16,3,0.82890,1.75836,0,2021,3,Peralihan I
2021-03-17,3,0.76665,1.75836,0,2021,3,Peralihan I
2021-03-18,3,0.73112,1.75836,0,2021,3,Peralihan I
2021-03-19,3,1.17458,1.75836,0,2021,3,Peralihan I
2021-03-20,3,1.41355,1.75836,0,2021,3,Peralihan I
2021-03-21,3,1.46342,1.75836,0,2021,3,Peralihan I
2021-03-22,3,1.30097,1.75836,0,2021,3,Peralihan I
2021-03-23,3,1.29985,1.75836,0,2021,3,Peralihan I
2021-03-24,3,1.12664,1.75836,0,2021,3,Peralihan I
2021-03-25,3,0.94576,1.75836,0,2021,3,Peralihan I
2021-03-26,3,0.84134,1.75836,0,2021,3,Peralihan I
2021-03-27,3,0.77910,1.75836,0,2021,3,Peralihan I
2021-03-28,3,0.75380,1.75836,0,2021,3,Peralihan I
2021-03-29,3,0.80040,1.75836,0,2021,3,Peralihan I
2021-03-30,3,0.78763,1.75836,0,2021,3,Peralihan I
2021-03-31,3,0.90414,1.75836,0,2021,3,Peralihan I
2021-04-01,3,1.12286,1.75836,0,2021,4,Peralihan I
2021-04-02,3,1.27080,1.75836,0,2021,4,Peralihan I
2021-04-03,3,1.16714,1.75836,0,2021,4,Peralihan I
2021-04-04,3,1.14091,1.75836,0,2021,4,Peralihan I
2021-04-05,3,1.27095,1.75836,0,2021,4,Peralihan I
2021-04-06,3,1.54354,1.75836,0,2021,4,Peralihan I
2021-04-07,3,1.62210,1.75836,0,2021,4,Peralihan I
2021-04-08,3,1.62224,1.75836,0,2021,4,Peralihan I
2021-04-09,3,1.65135,1.75836,0,2021,4,Peralihan I
2021-04-10,3,1.55380,1.75836,0,2021,4,Peralihan I
2021-04-11,3,1.20586,1.75836,0,2021,4,Peralihan I
2021-04-12,3,1.06293,1.75836,0,2021,4,Peralihan I
2021-04-13,3,0.98753,1.75836,0,2021,4,Peralihan I
2021-04-14,3,0.99363,1.75836,0,2021,4,Peralihan I
2021-04-15,3,1.16351,1.75836,0,2021,4,Peralihan I
2021-04-16,3,1.16654,1.75836,0,2021,4,Peralihan I
2021-04-17,3,1.08696,1.75836,0,2021,4,Peralihan I
2021-04-18,3,0.93754,1.75836,0,2021,4,Peralihan I
2021-04-19,3,0.98673,1.75836,0,2021,4,Peralihan I
2021-04-20,3,0.98492,1.75836,0,2021,4,Peralihan I
2021-04-21,3,0.96075,1.75836,0,2021,4,Peralihan I
2021-04-22,3,0.99157,1.75836,0,2021,4,Peralihan I
2021-04-23,3,1.07174,1.75836,0,2021,4,Peralihan I
2021-04-24,3,1.21552,1.75836,0,2021,4,Peralihan I
2021-04-25,3,1.26308,1.75836,0,2021,4,Peralihan I
2021-04-26,3,1.36844,1.75836,0,2021,4,Peralihan I
2021-04-27,3,1.39885,1.75836,0,2021,4,Peralihan I
2021-04-28,3,1.35006,1.75836,0,2021,4,Peralihan I
2021-04-29,3,1.26297,1.75836,0,2021,4,Peralihan I
2021-04-30,3,1.35584,1.75836,0,2021,4,Peralihan I
2021-05-01,3,1.30796,1.75836,0,2021,5,Peralihan I
2021-05-02,3,1.27903,1.75836,0,2021,5,Peralihan I
2021-05-03,3,1.43682,1.75836,0,2021,5,Peralihan I
2021-05-04,3,1.73401,1.75836,0,2021,5,Peralihan I
2021-05-05,3,1.64812,1.75836,0,2021,5,Peralihan I
2021-05-06,3,1.33337,1.75836,0,2021,5,Peralihan I
2021-05-07,3,1.13156,1.75836,0,2021,5,Peralihan I
2021-05-08,3,1.25171,1.75836,0,2021,5,Peralihan I
2021-05-09,3,1.52242,1.75836,0,2021,5,Peralihan I
2021-05-10,3,1.63543,1.75836,0,2021,5,Peralihan I
2021-05-11,3,1.59209,1.75836,0,2021,5,Peralihan I
2021-05-12,3,1.38400,1.75836,0,2021,5,Peralihan I
2021-05-13,3,1.29213,1.75836,0,2021,5,Peralihan I
2021-05-14,3,1.44831,1.75836,0,2021,5,Peralihan I
2021-05-15,3,1.63562,1.75836,0,2021,5,Peralihan I
2021-05-16,3,1.52603,1.75836,0,2021,5,Peralihan I
2021-05-17,3,1.29075,1.75836,0,2021,5,Peralihan I
2021-05-18,3,1.23969,1.75836,0,2021,5,Peralihan I
2021-05-19,3,1.14571,1.75836,0,2021,5,Peralihan I
2021-05-20,3,1.07022,1.75836,0,2021,5,Peralihan I
2021-05-21,3,1.11922,1.75836,0,2021,5,Peralihan I
2021-05-22,3,1.12201,1.75836,0,2021,5,Peralihan I
2021-05-23,3,0.99421,1.75836,0,2021,5,Peralihan I
2021-05-24,3,1.09152,1.75836,0,2021,5,Peralihan I
2021-05-25,3,1.63661,1.75836,0,2021,5,Peralihan I
2021-05-26,3,1.95905,1.75836,1,2021,5,Peralihan I
2021-05-27,3,1.87664,1.75836,1,2021,5,Peralihan I
2021-05-28,3,1.54122,1.75836,0,2021,5,Peralihan I
2021-05-29,3,1.44440,1.75836,0,2021,5,Peralihan I
2021-05-30,3,1.57272,1.75836,0,2021,5,Peralihan I
2021-05-31,3,1.60273,1.75836,0,2021,5,Peralihan I
2021-06-01,3,1.50327,1.75836,0,2021,6,Timur
2021-06-02,3,1.39312,1.75836,0,2021,6,Timur
2021-06-03,3,1.34368,1.75836,0,2021,6,Timur
2021-06-04,3,1.36530,1.75836,0,2021,6,Timur
2021-06-05,3,1.28151,1.75836,0,2021,6,Timur
2021-06-06,3,1.16500,1.75836,0,2021,6,Timur
2021-06-07,3,1.02194,1.75836,0,2021,6,Timur
2021-06-08,3,0.99855,1.75836,0,2021,6,Timur
2021-06-09,3,1.09174,1.75836,0,2021,6,Timur
2021-06-10,3,1.18313,1.75836,0,2021,6,Timur
2021-06-11,3,1.18423,1.75836,0,2021,6,Timur
2021-06-12,3,1.16195,1.75836,0,2021,6,Timur
2021-06-13,3,1.18614,1.75836,0,2021,6,Timur
2021-06-14,3,1.22313,1.75836,0,2021,6,Timur
2021-06-15,3,1.26554,1.75836,0,2021,6,Timur
2021-06-16,3,1.73830,1.75836,0,2021,6,Timur
2021-06-17,3,1.84902,1.75836,1,2021,6,Timur
2021-06-18,3,1.84007,1.75836,1,2021,6,Timur
2021-06-19,3,1.81433,1.75836,1,2021,6,Timur
2021-06-20,3,1.52635,1.75836,0,2021,6,Timur
2021-06-21,3,1.29512,1.75836,0,2021,6,Timur
2021-06-22,3,1.52958,1.75836,0,2021,6,Timur
2021-06-23,3,1.67469,1.75836,0,2021,6,Timur
2021-06-24,3,1.52289,1.75836,0,2021,6,Timur
2021-06-25,3,1.28206,1.75836,0,2021,6,Timur
2021-06-26,3,1.23044,1.75836,0,2021,6,Timur
2021-06-27,3,1.21727,1.75836,0,2021,6,Timur
2021-06-28,3,1.30461,1.75836,0,2021,6,Timur
2021-06-29,3,1.48097,1.75836,0,2021,6,Timur
2021-06-30,3,1.49367,1.75836,0,2021,6,Timur
2021-07-01,3,1.59564,1.75836,0,2021,7,Timur
2021-07-02,3,1.60386,1.75836,0,2021,7,Timur
2021-07-03,3,1.50424,1.75836,0,2021,7,Timur
2021-07-04,3,1.35780,1.75836,0,2021,7,Timur
2021-07-05,3,1.32774,1.75836,0,2021,7,Timur
2021-07-06,3,1.39106,1.75836,0,2021,7,Timur
2021-07-07,3,1.54643,1.75836,0,2021,7,Timur
2021-07-08,3,1.56892,1.75836,0,2021,7,Timur
2021-07-09,3,1.37011,1.75836,0,2021,7,Timur
2021-07-10,3,1.32368,1.75836,0,2021,7,Timur
2021-07-11,3,1.63000,1.75836,0,2021,7,Timur
2021-07-12,3,1.73548,1.75836,0,2021,7,Timur
2021-07-13,3,1.85241,1.75836,1,2021,7,Timur
2021-07-14,3,2.06045,1.75836,1,2021,7,Timur
2021-07-15,3,1.93124,1.75836,1,2021,7,Timur
2021-07-16,3,1.72148,1.75836,0,2021,7,Timur
2021-07-17,3,1.57470,1.75836,0,2021,7,Timur
2021-07-18,3,1.55452,1.75836,0,2021,7,Timur
2021-07-19,3,1.58898,1.75836,0,2021,7,Timur
2021-07-20,3,1.44116,1.75836,0,2021,7,Timur
2021-07-21,3,1.33316,1.75836,0,2021,7,Timur
2021-07-22,3,1.19480,1.75836,0,2021,7,Timur
2021-07-23,3,1.30021,1.75836,0,2021,7,Timur
2021-07-24,3,1.30735,1.75836,0,2021,7,Timur
2021-07-25,3,1.58031,1.75836,0,2021,7,Timur
2021-07-26,3,1.78317,1.75836,1,2021,7,Timur
2021-07-27,3,1.73634,1.75836,0,2021,7,Timur
2021-07-28,3,1.75304,1.75836,0,2021,7,Timur
2021-07-29,3,2.11212,1.75836,1,2021,7,Timur
2021-07-30,3,2.03249,1.75836,1,2021,7,Timur
2021-07-31,3,2.08420,1.75836,1,2021,7,Timur
2021-08-01,3,2.25324,1.75836,1,2021,8,Timur
2021-08-02,3,2.16318,1.75836,1,2021,8,Timur
2021-08-03,3,1.85184,1.75836,1,2021,8,Timur
2021-08-04,3,1.75415,1.75836,0,2021,8,Timur
2021-08-05,3,1.51009,1.75836,0,2021,8,Timur
2021-08-06,3,1.52453,1.75836,0,2021,8,Timur
2021-08-07,3,1.65248,1.75836,0,2021,8,Timur
2021-08-08,3,1.61707,1.75836,0,2021,8,Timur
2021-08-09,3,1.48151,1.75836,0,2021,8,Timur
2021-08-10,3,1.65086,1.75836,0,2021,8,Timur
2021-08-11,3,2.40610,1.75836,1,2021,8,Timur
2021-08-12,3,2.47316,1.75836,1,2021,8,Timur
2021-08-13,3,2.12498,1.75836,1,2021,8,Timur
2021-08-14,3,1.71973,1.75836,0,2021,8,Timur
2021-08-15,3,1.53446,1.75836,0,2021,8,Timur
2021-08-16,3,1.53275,1.75836,0,2021,8,Timur
2021-08-17,3,1.57289,1.75836,0,2021,8,Timur
2021-08-18,3,1.48116,1.75836,0,2021,8,Timur
2021-08-19,3,1.31846,1.75836,0,2021,8,Timur
2021-08-20,3,1.24512,1.75836,0,2021,8,Timur
2021-08-21,3,1.27335,1.75836,0,2021,8,Timur
2021-08-22,3,1.30305,1.75836,0,2021,8,Timur
2021-08-23,3,1.46824,1.75836,0,2021,8,Timur
2021-08-24,3,1.76746,1.75836,1,2021,8,Timur
2021-08-25,3,1.75064,1.75836,0,2021,8,Timur
2021-08-26,3,1.51424,1.75836,0,2021,8,Timur
2021-08-27,3,1.29891,1.75836,0,2021,8,Timur
2021-08-28,3,1.46893,1.75836,0,2021,8,Timur
2021-08-29,3,1.75582,1.75836,0,2021,8,Timur
2021-08-30,3,1.75724,1.75836,0,2021,8,Timur
2021-08-31,3,1.50547,1.75836,0,2021,8,Timur
2021-09-01,3,1.51516,1.75836,0,2021,9,Peralihan II
2021-09-02,3,1.85131,1.75836,1,2021,9,Peralihan II
2021-09-03,3,2.06155,1.75836,1,2021,9,Peralihan II
2021-09-04,3,2.09831,1.75836,1,2021,9,Peralihan II
2021-09-05,3,1.91262,1.75836,1,2021,9,Peralihan II
2021-09-06,3,1.62841,1.75836,0,2021,9,Peralihan II
2021-09-07,3,1.54200,1.75836,0,2021,9,Peralihan II
2021-09-08,3,1.66802,1.75836,0,2021,9,Peralihan II
2021-09-09,3,1.65050,1.75836,0,2021,9,Peralihan II
2021-09-10,3,1.74231,1.75836,0,2021,9,Peralihan II
2021-09-11,3,1.73777,1.75836,0,2021,9,Peralihan II
2021-09-12,3,1.52099,1.75836,0,2021,9,Peralihan II
2021-09-13,3,1.37932,1.75836,0,2021,9,Peralihan II
2021-09-14,3,1.40082,1.75836,0,2021,9,Peralihan II
2021-09-15,3,1.27725,1.75836,0,2021,9,Peralihan II
2021-09-16,3,1.40878,1.75836,0,2021,9,Peralihan II
2021-09-17,3,1.72161,1.75836,0,2021,9,Peralihan II
2021-09-18,3,1.91946,1.75836,1,2021,9,Peralihan II
2021-09-19,3,1.87784,1.75836,1,2021,9,Peralihan II
2021-09-20,3,1.69038,1.75836,0,2021,9,Peralihan II
2021-09-21,3,1.41928,1.75836,0,2021,9,Peralihan II
2021-09-22,3,1.40912,1.75836,0,2021,9,Peralihan II
2021-09-23,3,1.37189,1.75836,0,2021,9,Peralihan II
2021-09-24,3,1.12417,1.75836,0,2021,9,Peralihan II
2021-09-25,3,1.09861,1.75836,0,2021,9,Peralihan II
2021-09-26,3,1.18421,1.75836,0,2021,9,Peralihan II
2021-09-27,3,1.27579,1.75836,0,2021,9,Peralihan II
2021-09-28,3,1.26581,1.75836,0,2021,9,Peralihan II
2021-09-29,3,1.08810,1.75836,0,2021,9,Peralihan II
2021-09-30,3,1.17970,1.75836,0,2021,9,Peralihan II
2021-10-01,3,1.22360,1.75836,0,2021,10,Peralihan II
2021-10-02,3,1.34151,1.75836,0,2021,10,Peralihan II
2021-10-03,3,1.56565,1.75836,0,2021,10,Peralihan II
2021-10-04,3,1.60143,1.75836,0,2021,10,Peralihan II
2021-10-05,3,1.45488,1.75836,0,2021,10,Peralihan II
2021-10-06,3,1.43504,1.75836,0,2021,10,Peralihan II
2021-10-07,3,1.47640,1.75836,0,2021,10,Peralihan II
2021-10-08,3,1.37869,1.75836,0,2021,10,Peralihan II
2021-10-09,3,1.36595,1.75836,0,2021,10,Peralihan II
2021-10-10,3,1.43794,1.75836,0,2021,10,Peralihan II
2021-10-11,3,1.49338,1.75836,0,2021,10,Peralihan II
2021-10-12,3,1.41473,1.75836,0,2021,10,Peralihan II
2021-10-13,3,1.27312,1.75836,0,2021,10,Peralihan II
2021-10-14,3,1.38434,1.75836,0,2021,10,Peralihan II
2021-10-15,3,1.28267,1.75836,0,2021,10,Peralihan II
2021-10-16,3,1.21391,1.75836,0,2021,10,Peralihan II
2021-10-17,3,1.19383,1.75836,0,2021,10,Peralihan II
2021-10-18,3,1.15512,1.75836,0,2021,10,Peralihan II
2021-10-19,3,0.99120,1.75836,0,2021,10,Peralihan II
2021-10-20,3,1.20573,1.75836,0,2021,10,Peralihan II
2021-10-21,3,1.56200,1.75836,0,2021,10,Peralihan II
2021-10-22,3,1.53833,1.75836,0,2021,10,Peralihan II
2021-10-23,3,1.52454,1.75836,0,2021,10,Peralihan II
2021-10-24,3,1.60741,1.75836,0,2021,10,Peralihan II
2021-10-25,3,1.42667,1.75836,0,2021,10,Peralihan II
2021-10-26,3,1.27409,1.75836,0,2021,10,Peralihan II
2021-10-27,3,1.24912,1.75836,0,2021,10,Peralihan II
2021-10-28,3,1.28845,1.75836,0,2021,10,Peralihan II
2021-10-29,3,1.19485,1.75836,0,2021,10,Peralihan II
2021-10-30,3,1.14246,1.75836,0,2021,10,Peralihan II
2021-10-31,3,1.01147,1.75836,0,2021,10,Peralihan II
2021-11-01,3,0.91332,1.75836,0,2021,11,Peralihan II
2021-11-02,3,0.94846,1.75836,0,2021,11,Peralihan II
2021-11-03,3,0.98957,1.75836,0,2021,11,Peralihan II
2021-11-04,3,1.03782,1.75836,0,2021,11,Peralihan II
2021-11-05,3,1.14363,1.75836,0,2021,11,Peralihan II
2021-11-06,3,1.18880,1.75836,0,2021,11,Peralihan II
2021-11-07,3,1.15165,1.75836,0,2021,11,Peralihan II
2021-11-08,3,1.16398,1.75836,0,2021,11,Peralihan II
2021-11-09,3,1.10970,1.75836,0,2021,11,Peralihan II
2021-11-10,3,1.07760,1.75836,0,2021,11,Peralihan II
2021-11-11,3,0.98575,1.75836,0,2021,11,Peralihan II
2021-11-12,3,0.94060,1.75836,0,2021,11,Peralihan II
2021-11-13,3,0.89370,1.75836,0,2021,11,Peralihan II
2021-11-14,3,0.77396,1.75836,0,2021,11,Peralihan II
2021-11-15,3,0.75164,1.75836,0,2021,11,Peralihan II
2021-11-16,3,0.70959,1.75836,0,2021,11,Peralihan II
2021-11-17,3,0.68534,1.75836,0,2021,11,Peralihan II
2021-11-18,3,0.76089,1.75836,0,2021,11,Peralihan II
2021-11-19,3,0.80417,1.75836,0,2021,11,Peralihan II
2021-11-20,3,0.82630,1.75836,0,2021,11,Peralihan II
2021-11-21,3,0.86734,1.75836,0,2021,11,Peralihan II
2021-11-22,3,0.79087,1.75836,0,2021,11,Peralihan II
2021-11-23,3,0.79274,1.75836,0,2021,11,Peralihan II
2021-11-24,3,0.93401,1.75836,0,2021,11,Peralihan II
2021-11-25,3,1.10315,1.75836,0,2021,11,Peralihan II
2021-11-26,3,1.09305,1.75836,0,2021,11,Peralihan II
2021-11-27,3,0.96255,1.75836,0,2021,11,Peralihan II
2021-11-28,3,0.83565,1.75836,0,2021,11,Peralihan II
2021-11-29,3,0.86024,1.75836,0,2021,11,Peralihan II
2021-11-30,3,0.83351,1.75836,0,2021,11,Peralihan II
2021-12-01,3,0.88420,1.75836,0,2021,12,Barat
2021-12-02,3,0.93771,1.75836,0,2021,12,Barat
2021-12-03,3,1.23156,1.75836,0,2021,12,Barat
2021-12-04,3,1.39988,1.75836,0,2021,12,Barat
2021-12-05,3,1.58796,1.75836,0,2021,12,Barat
2021-12-06,3,1.38861,1.75836,0,2021,12,Barat
2021-12-07,3,1.12747,1.75836,0,2021,12,Barat
2021-12-08,3,1.16369,1.75836,0,2021,12,Barat
2021-12-09,3,1.18585,1.75836,0,2021,12,Barat
2021-12-10,3,1.13560,1.75836,0,2021,12,Barat
2021-12-11,3,1.08887,1.75836,0,2021,12,Barat
2021-12-12,3,1.20962,1.75836,0,2021,12,Barat
2021-12-13,3,1.23654,1.75836,0,2021,12,Barat
2021-12-14,3,1.25173,1.75836,0,2021,12,Barat
2021-12-15,3,1.20856,1.75836,0,2021,12,Barat
2021-12-16,3,1.14742,1.75836,0,2021,12,Barat
2021-12-17,3,1.14176,1.75836,0,2021,12,Barat
2021-12-18,3,1.19065,1.75836,0,2021,12,Barat
2021-12-19,3,1.36688,1.75836,0,2021,12,Barat
2021-12-20,3,1.34220,1.75836,0,2021,12,Barat
2021-12-21,3,1.24105,1.75836,0,2021,12,Barat
2021-12-22,3,1.09169,1.75836,0,2021,12,Barat
2021-12-23,3,1.27301,1.75836,0,2021,12,Barat
2021-12-24,3,1.35170,1.75836,0,2021,12,Barat
2021-12-25,3,1.16922,1.75836,0,2021,12,Barat
2021-12-26,3,1.04810,1.75836,0,2021,12,Barat
2021-12-27,3,1.05974,1.75836,0,2021,12,Barat
2021-12-28,3,1.09088,1.75836,0,2021,12,Barat
2021-12-29,3,1.04060,1.75836,0,2021,12,Barat
2021-12-30,3,1.01024,1.75836,0,2021,12,Barat
2021-12-31,3,1.00636,1.75836,0,2021,12,Barat
2022-01-01,3,0.91524,1.75836,0,2022,1,Barat
2022-01-02,3,0.78875,1.75836,0,2022,1,Barat
2022-01-03,3,0.72516,1.75836,0,2022,1,Barat
2022-01-04,3,0.81495,1.75836,0,2022,1,Barat
2022-01-05,3,0.88002,1.75836,0,2022,1,Barat
2022-01-06,3,0.92821,1.75836,0,2022,1,Barat
2022-01-07,3,0.96173,1.75836,0,2022,1,Barat
2022-01-08,3,0.87862,1.75836,0,2022,1,Barat
2022-01-09,3,0.91652,1.75836,0,2022,1,Barat
2022-01-10,3,0.98689,1.75836,0,2022,1,Barat
2022-01-11,3,1.15522,1.75836,0,2022,1,Barat
2022-01-12,3,1.19118,1.75836,0,2022,1,Barat
2022-01-13,3,1.13439,1.75836,0,2022,1,Barat
2022-01-14,3,1.31803,1.75836,0,2022,1,Barat
2022-01-15,3,1.42688,1.75836,0,2022,1,Barat
2022-01-16,3,1.39321,1.75836,0,2022,1,Barat
2022-01-17,3,1.36770,1.75836,0,2022,1,Barat
2022-01-18,3,1.25296,1.75836,0,2022,1,Barat
2022-01-19,3,1.30561,1.75836,0,2022,1,Barat
2022-01-20,3,1.18564,1.75836,0,2022,1,Barat
2022-01-21,3,1.16178,1.75836,0,2022,1,Barat
2022-01-22,3,1.21380,1.75836,0,2022,1,Barat
2022-01-23,3,1.34113,1.75836,0,2022,1,Barat
2022-01-24,3,1.49917,1.75836,0,2022,1,Barat
2022-01-25,3,1.78062,1.75836,1,2022,1,Barat
2022-01-26,3,1.89910,1.75836,1,2022,1,Barat
2022-01-27,3,1.70607,1.75836,0,2022,1,Barat
2022-01-28,3,1.39786,1.75836,0,2022,1,Barat
2022-01-29,3,1.28332,1.75836,0,2022,1,Barat
2022-01-30,3,1.35720,1.75836,0,2022,1,Barat
2022-01-31,3,1.79922,1.75836,1,2022,1,Barat
2022-02-01,3,1.67880,1.75836,0,2022,2,Barat
2022-02-02,3,1.34613,1.75836,0,2022,2,Barat
2022-02-03,3,1.26946,1.75836,0,2022,2,Barat
2022-02-04,3,1.29066,1.75836,0,2022,2,Barat
2022-02-05,3,1.18992,1.75836,0,2022,2,Barat
2022-02-06,3,1.15135,1.75836,0,2022,2,Barat
2022-02-07,3,1.27641,1.75836,0,2022,2,Barat
2022-02-08,3,1.31777,1.75836,0,2022,2,Barat
2022-02-09,3,1.36626,1.75836,0,2022,2,Barat
2022-02-10,3,1.37762,1.75836,0,2022,2,Barat
2022-02-11,3,1.28870,1.75836,0,2022,2,Barat
2022-02-12,3,1.36621,1.75836,0,2022,2,Barat
2022-02-13,3,1.35609,1.75836,0,2022,2,Barat
2022-02-14,3,1.16296,1.75836,0,2022,2,Barat
2022-02-15,3,1.16711,1.75836,0,2022,2,Barat
2022-02-16,3,1.16912,1.75836,0,2022,2,Barat
2022-02-17,3,1.04778,1.75836,0,2022,2,Barat
2022-02-18,3,1.05321,1.75836,0,2022,2,Barat
2022-02-19,3,1.13173,1.75836,0,2022,2,Barat
2022-02-20,3,1.25206,1.75836,0,2022,2,Barat
2022-02-21,3,1.17711,1.75836,0,2022,2,Barat
2022-02-22,3,1.24934,1.75836,0,2022,2,Barat
2022-02-23,3,1.14299,1.75836,0,2022,2,Barat
2022-02-24,3,0.97569,1.75836,0,2022,2,Barat
2022-02-25,3,1.12303,1.75836,0,2022,2,Barat
2022-02-26,3,1.18176,1.75836,0,2022,2,Barat
2022-02-27,3,1.19413,1.75836,0,2022,2,Barat
2022-02-28,3,1.27622,1.75836,0,2022,2,Barat
2022-03-01,3,1.41939,1.75836,0,2022,3,Peralihan I
2022-03-02,3,1.71340,1.75836,0,2022,3,Peralihan I
2022-03-03,3,1.81325,1.75836,1,2022,3,Peralihan I
2022-03-04,3,1.72529,1.75836,0,2022,3,Peralihan I
2022-03-05,3,1.42832,1.75836,0,2022,3,Peralihan I
2022-03-06,3,1.19162,1.75836,0,2022,3,Peralihan I
2022-03-07,3,1.13524,1.75836,0,2022,3,Peralihan I
2022-03-08,3,1.06562,1.75836,0,2022,3,Peralihan I
2022-03-09,3,0.96501,1.75836,0,2022,3,Peralihan I
2022-03-10,3,0.95986,1.75836,0,2022,3,Peralihan I
2022-03-11,3,0.98925,1.75836,0,2022,3,Peralihan I
2022-03-12,3,0.91252,1.75836,0,2022,3,Peralihan I
2022-03-13,3,0.76304,1.75836,0,2022,3,Peralihan I
2022-03-14,3,0.72547,1.75836,0,2022,3,Peralihan I
2022-03-15,3,0.74829,1.75836,0,2022,3,Peralihan I
2022-03-16,3,0.75322,1.75836,0,2022,3,Peralihan I
2022-03-17,3,0.73435,1.75836,0,2022,3,Peralihan I
2022-03-18,3,0.82350,1.75836,0,2022,3,Peralihan I
2022-03-19,3,1.25375,1.75836,0,2022,3,Peralihan I
2022-03-20,3,1.60131,1.75836,0,2022,3,Peralihan I
2022-03-21,3,1.56373,1.75836,0,2022,3,Peralihan I
2022-03-22,3,1.36789,1.75836,0,2022,3,Peralihan I
2022-03-23,3,1.33018,1.75836,0,2022,3,Peralihan I
2022-03-24,3,1.25725,1.75836,0,2022,3,Peralihan I
2022-03-25,3,1.02291,1.75836,0,2022,3,Peralihan I
2022-03-26,3,0.86506,1.75836,0,2022,3,Peralihan I
2022-03-27,3,0.83469,1.75836,0,2022,3,Peralihan I
2022-03-28,3,0.97170,1.75836,0,2022,3,Peralihan I
2022-03-29,3,1.12969,1.75836,0,2022,3,Peralihan I
2022-03-30,3,1.17727,1.75836,0,2022,3,Peralihan I
2022-03-31,3,1.12507,1.75836,0,2022,3,Peralihan I
2022-04-01,3,0.98271,1.75836,0,2022,4,Peralihan I
2022-04-02,3,0.88305,1.75836,0,2022,4,Peralihan I
2022-04-03,3,0.69988,1.75836,0,2022,4,Peralihan I
2022-04-04,3,0.83265,1.75836,0,2022,4,Peralihan I
2022-04-05,3,1.01666,1.75836,0,2022,4,Peralihan I
2022-04-06,3,1.09572,1.75836,0,2022,4,Peralihan I
2022-04-07,3,1.07612,1.75836,0,2022,4,Peralihan I
2022-04-08,3,1.00273,1.75836,0,2022,4,Peralihan I
2022-04-09,3,1.06735,1.75836,0,2022,4,Peralihan I
2022-04-10,3,1.13660,1.75836,0,2022,4,Peralihan I
2022-04-11,3,1.27949,1.75836,0,2022,4,Peralihan I
2022-04-12,3,1.27999,1.75836,0,2022,4,Peralihan I
2022-04-13,3,1.16220,1.75836,0,2022,4,Peralihan I
2022-04-14,3,1.00990,1.75836,0,2022,4,Peralihan I
2022-04-15,3,0.94093,1.75836,0,2022,4,Peralihan I
2022-04-16,3,0.89824,1.75836,0,2022,4,Peralihan I
2022-04-17,3,1.01832,1.75836,0,2022,4,Peralihan I
2022-04-18,3,1.16714,1.75836,0,2022,4,Peralihan I
2022-04-19,3,1.19863,1.75836,0,2022,4,Peralihan I
2022-04-20,3,1.20796,1.75836,0,2022,4,Peralihan I
2022-04-21,3,1.21890,1.75836,0,2022,4,Peralihan I
2022-04-22,3,1.11223,1.75836,0,2022,4,Peralihan I
2022-04-23,3,1.04744,1.75836,0,2022,4,Peralihan I
2022-04-24,3,1.00163,1.75836,0,2022,4,Peralihan I
2022-04-25,3,0.82544,1.75836,0,2022,4,Peralihan I
2022-04-26,3,0.99962,1.75836,0,2022,4,Peralihan I
2022-04-27,3,1.02798,1.75836,0,2022,4,Peralihan I
2022-04-28,3,1.28599,1.75836,0,2022,4,Peralihan I
2022-04-29,3,1.45604,1.75836,0,2022,4,Peralihan I
2022-04-30,3,1.56068,1.75836,0,2022,4,Peralihan I
2022-05-01,3,1.60334,1.75836,0,2022,5,Peralihan I
2022-05-02,3,1.47940,1.75836,0,2022,5,Peralihan I
2022-05-03,3,1.21060,1.75836,0,2022,5,Peralihan I
2022-05-04,3,1.27449,1.75836,0,2022,5,Peralihan I
2022-05-05,3,1.46902,1.75836,0,2022,5,Peralihan I
2022-05-06,3,1.46781,1.75836,0,2022,5,Peralihan I
2022-05-07,3,1.32451,1.75836,0,2022,5,Peralihan I
2022-05-08,3,1.29208,1.75836,0,2022,5,Peralihan I
2022-05-09,3,1.43319,1.75836,0,2022,5,Peralihan I
2022-05-10,3,1.37388,1.75836,0,2022,5,Peralihan I
2022-05-11,3,1.38673,1.75836,0,2022,5,Peralihan I
2022-05-12,3,1.34631,1.75836,0,2022,5,Peralihan I
2022-05-13,3,1.17927,1.75836,0,2022,5,Peralihan I
2022-05-14,3,1.56322,1.75836,0,2022,5,Peralihan I
2022-05-15,3,1.61266,1.75836,0,2022,5,Peralihan I
2022-05-16,3,1.27025,1.75836,0,2022,5,Peralihan I
2022-05-17,3,1.16200,1.75836,0,2022,5,Peralihan I
2022-05-18,3,1.21186,1.75836,0,2022,5,Peralihan I
2022-05-19,3,1.34761,1.75836,0,2022,5,Peralihan I
2022-05-20,3,1.19645,1.75836,0,2022,5,Peralihan I
2022-05-21,3,1.05599,1.75836,0,2022,5,Peralihan I
2022-05-22,3,1.23509,1.75836,0,2022,5,Peralihan I
2022-05-23,3,1.66056,1.75836,0,2022,5,Peralihan I
2022-05-24,3,2.07345,1.75836,1,2022,5,Peralihan I
2022-05-25,3,1.93606,1.75836,1,2022,5,Peralihan I
2022-05-26,3,1.59848,1.75836,0,2022,5,Peralihan I
2022-05-27,3,1.36416,1.75836,0,2022,5,Peralihan I
2022-05-28,3,1.30446,1.75836,0,2022,5,Peralihan I
2022-05-29,3,1.28072,1.75836,0,2022,5,Peralihan I
2022-05-30,3,1.23201,1.75836,0,2022,5,Peralihan I
2022-05-31,3,1.15127,1.75836,0,2022,5,Peralihan I
2022-06-01,3,1.19209,1.75836,0,2022,6,Timur
2022-06-02,3,1.06882,1.75836,0,2022,6,Timur
2022-06-03,3,0.99170,1.75836,0,2022,6,Timur
2022-06-04,3,1.06764,1.75836,0,2022,6,Timur
2022-06-05,3,1.05142,1.75836,0,2022,6,Timur
2022-06-06,3,1.16485,1.75836,0,2022,6,Timur
2022-06-07,3,1.33741,1.75836,0,2022,6,Timur
2022-06-08,3,1.34870,1.75836,0,2022,6,Timur
2022-06-09,3,1.50576,1.75836,0,2022,6,Timur
2022-06-10,3,1.48249,1.75836,0,2022,6,Timur
2022-06-11,3,1.50450,1.75836,0,2022,6,Timur
2022-06-12,3,1.55161,1.75836,0,2022,6,Timur
2022-06-13,3,1.54147,1.75836,0,2022,6,Timur
2022-06-14,3,1.45128,1.75836,0,2022,6,Timur
2022-06-15,3,1.52181,1.75836,0,2022,6,Timur
2022-06-16,3,1.50438,1.75836,0,2022,6,Timur
2022-06-17,3,1.35335,1.75836,0,2022,6,Timur
2022-06-18,3,1.22611,1.75836,0,2022,6,Timur
2022-06-19,3,1.42575,1.75836,0,2022,6,Timur
2022-06-20,3,1.75570,1.75836,0,2022,6,Timur
2022-06-21,3,1.75947,1.75836,1,2022,6,Timur
2022-06-22,3,1.59081,1.75836,0,2022,6,Timur
2022-06-23,3,1.49809,1.75836,0,2022,6,Timur
2022-06-24,3,1.69581,1.75836,0,2022,6,Timur
2022-06-25,3,1.72952,1.75836,0,2022,6,Timur
2022-06-26,3,1.70615,1.75836,0,2022,6,Timur
2022-06-27,3,1.56837,1.75836,0,2022,6,Timur
2022-06-28,3,1.47363,1.75836,0,2022,6,Timur
2022-06-29,3,1.40302,1.75836,0,2022,6,Timur
2022-06-30,3,1.61584,1.75836,0,2022,6,Timur
2022-07-01,3,1.81146,1.75836,1,2022,7,Timur
2022-07-02,3,1.90256,1.75836,1,2022,7,Timur
2022-07-03,3,1.95764,1.75836,1,2022,7,Timur
2022-07-04,3,1.91753,1.75836,1,2022,7,Timur
2022-07-05,3,1.75615,1.75836,0,2022,7,Timur
2022-07-06,3,1.59549,1.75836,0,2022,7,Timur
2022-07-07,3,1.43074,1.75836,0,2022,7,Timur
2022-07-08,3,1.42428,1.75836,0,2022,7,Timur
2022-07-09,3,1.29262,1.75836,0,2022,7,Timur
2022-07-10,3,1.40235,1.75836,0,2022,7,Timur
2022-07-11,3,1.50042,1.75836,0,2022,7,Timur
2022-07-12,3,1.87823,1.75836,1,2022,7,Timur
2022-07-13,3,1.87865,1.75836,1,2022,7,Timur
2022-07-14,3,1.58983,1.75836,0,2022,7,Timur
2022-07-15,3,1.83497,1.75836,1,2022,7,Timur
2022-07-16,3,1.91438,1.75836,1,2022,7,Timur
2022-07-17,3,1.72066,1.75836,0,2022,7,Timur
2022-07-18,3,1.42224,1.75836,0,2022,7,Timur
2022-07-19,3,1.34802,1.75836,0,2022,7,Timur
2022-07-20,3,1.29407,1.75836,0,2022,7,Timur
2022-07-21,3,1.34942,1.75836,0,2022,7,Timur
2022-07-22,3,1.34240,1.75836,0,2022,7,Timur
2022-07-23,3,1.47421,1.75836,0,2022,7,Timur
2022-07-24,3,1.59994,1.75836,0,2022,7,Timur
2022-07-25,3,1.71528,1.75836,0,2022,7,Timur
2022-07-26,3,2.00775,1.75836,1,2022,7,Timur
2022-07-27,3,1.89172,1.75836,1,2022,7,Timur
2022-07-28,3,1.85289,1.75836,1,2022,7,Timur
2022-07-29,3,1.92194,1.75836,1,2022,7,Timur
2022-07-30,3,1.63729,1.75836,0,2022,7,Timur
2022-07-31,3,1.48687,1.75836,0,2022,7,Timur
2022-08-01,3,1.53978,1.75836,0,2022,8,Timur
2022-08-02,3,1.39647,1.75836,0,2022,8,Timur
2022-08-03,3,1.86361,1.75836,1,2022,8,Timur
2022-08-04,3,2.10210,1.75836,1,2022,8,Timur
2022-08-05,3,1.98097,1.75836,1,2022,8,Timur
2022-08-06,3,1.63365,1.75836,0,2022,8,Timur
2022-08-07,3,1.36277,1.75836,0,2022,8,Timur
2022-08-08,3,1.22745,1.75836,0,2022,8,Timur
2022-08-09,3,1.40695,1.75836,0,2022,8,Timur
2022-08-10,3,1.55414,1.75836,0,2022,8,Timur
2022-08-11,3,1.73599,1.75836,0,2022,8,Timur
2022-08-12,3,1.62026,1.75836,0,2022,8,Timur
2022-08-13,3,1.35175,1.75836,0,2022,8,Timur
2022-08-14,3,1.18553,1.75836,0,2022,8,Timur
2022-08-15,3,1.80327,1.75836,1,2022,8,Timur
2022-08-16,3,1.76658,1.75836,1,2022,8,Timur
2022-08-17,3,1.54086,1.75836,0,2022,8,Timur
2022-08-18,3,1.68674,1.75836,0,2022,8,Timur
2022-08-19,3,1.72070,1.75836,0,2022,8,Timur
2022-08-20,3,1.86137,1.75836,1,2022,8,Timur
2022-08-21,3,1.70702,1.75836,0,2022,8,Timur
2022-08-22,3,1.52975,1.75836,0,2022,8,Timur
2022-08-23,3,1.52220,1.75836,0,2022,8,Timur
2022-08-24,3,1.54542,1.75836,0,2022,8,Timur
2022-08-25,3,1.61163,1.75836,0,2022,8,Timur
2022-08-26,3,1.32956,1.75836,0,2022,8,Timur
2022-08-27,3,1.15359,1.75836,0,2022,8,Timur
2022-08-28,3,1.21641,1.75836,0,2022,8,Timur
2022-08-29,3,1.87707,1.75836,1,2022,8,Timur
2022-08-30,3,2.15438,1.75836,1,2022,8,Timur
2022-08-31,3,1.81698,1.75836,1,2022,8,Timur
2022-09-01,3,1.48020,1.75836,0,2022,9,Peralihan II
2022-09-02,3,1.40721,1.75836,0,2022,9,Peralihan II
2022-09-03,3,1.32875,1.75836,0,2022,9,Peralihan II
2022-09-04,3,1.29086,1.75836,0,2022,9,Peralihan II
2022-09-05,3,1.11686,1.75836,0,2022,9,Peralihan II
2022-09-06,3,1.00497,1.75836,0,2022,9,Peralihan II
2022-09-07,3,1.42916,1.75836,0,2022,9,Peralihan II
2022-09-08,3,1.49559,1.75836,0,2022,9,Peralihan II
2022-09-09,3,1.36115,1.75836,0,2022,9,Peralihan II
2022-09-10,3,1.25187,1.75836,0,2022,9,Peralihan II
2022-09-11,3,1.18058,1.75836,0,2022,9,Peralihan II
2022-09-12,3,1.01919,1.75836,0,2022,9,Peralihan II
2022-09-13,3,1.11473,1.75836,0,2022,9,Peralihan II
2022-09-14,3,1.56513,1.75836,0,2022,9,Peralihan II
2022-09-15,3,1.74514,1.75836,0,2022,9,Peralihan II
2022-09-16,3,1.63965,1.75836,0,2022,9,Peralihan II
2022-09-17,3,1.43006,1.75836,0,2022,9,Peralihan II
2022-09-18,3,1.27696,1.75836,0,2022,9,Peralihan II
2022-09-19,3,1.33045,1.75836,0,2022,9,Peralihan II
2022-09-20,3,1.54280,1.75836,0,2022,9,Peralihan II
2022-09-21,3,1.62528,1.75836,0,2022,9,Peralihan II
2022-09-22,3,1.74474,1.75836,0,2022,9,Peralihan II
2022-09-23,3,1.77233,1.75836,1,2022,9,Peralihan II
2022-09-24,3,1.88100,1.75836,1,2022,9,Peralihan II
2022-09-25,3,1.80865,1.75836,1,2022,9,Peralihan II
2022-09-26,3,1.74560,1.75836,0,2022,9,Peralihan II
2022-09-27,3,1.85027,1.75836,1,2022,9,Peralihan II
2022-09-28,3,1.64297,1.75836,0,2022,9,Peralihan II
2022-09-29,3,1.50070,1.75836,0,2022,9,Peralihan II
2022-09-30,3,1.30956,1.75836,0,2022,9,Peralihan II
2022-10-01,3,1.26964,1.75836,0,2022,10,Peralihan II
2022-10-02,3,1.14134,1.75836,0,2022,10,Peralihan II
2022-10-03,3,1.20167,1.75836,0,2022,10,Peralihan II
2022-10-04,3,1.26920,1.75836,0,2022,10,Peralihan II
2022-10-05,3,1.19148,1.75836,0,2022,10,Peralihan II
2022-10-06,3,1.11084,1.75836,0,2022,10,Peralihan II
2022-10-07,3,1.28404,1.75836,0,2022,10,Peralihan II
2022-10-08,3,1.40897,1.75836,0,2022,10,Peralihan II
2022-10-09,3,1.43963,1.75836,0,2022,10,Peralihan II
2022-10-10,3,1.17362,1.75836,0,2022,10,Peralihan II
2022-10-11,3,0.98324,1.75836,0,2022,10,Peralihan II
2022-10-12,3,1.28825,1.75836,0,2022,10,Peralihan II
2022-10-13,3,1.41259,1.75836,0,2022,10,Peralihan II
2022-10-14,3,1.30995,1.75836,0,2022,10,Peralihan II
2022-10-15,3,1.10053,1.75836,0,2022,10,Peralihan II
2022-10-16,3,1.09019,1.75836,0,2022,10,Peralihan II
2022-10-17,3,1.19619,1.75836,0,2022,10,Peralihan II
2022-10-18,3,1.13269,1.75836,0,2022,10,Peralihan II
2022-10-19,3,1.08913,1.75836,0,2022,10,Peralihan II
2022-10-20,3,1.06521,1.75836,0,2022,10,Peralihan II
2022-10-21,3,1.02098,1.75836,0,2022,10,Peralihan II
2022-10-22,3,0.99113,1.75836,0,2022,10,Peralihan II
2022-10-23,3,1.16154,1.75836,0,2022,10,Peralihan II
2022-10-24,3,1.31010,1.75836,0,2022,10,Peralihan II
2022-10-25,3,1.26919,1.75836,0,2022,10,Peralihan II
2022-10-26,3,1.15045,1.75836,0,2022,10,Peralihan II
2022-10-27,3,1.29622,1.75836,0,2022,10,Peralihan II
2022-10-28,3,1.55333,1.75836,0,2022,10,Peralihan II
2022-10-29,3,1.52319,1.75836,0,2022,10,Peralihan II
2022-10-30,3,1.40595,1.75836,0,2022,10,Peralihan II
2022-10-31,3,1.48072,1.75836,0,2022,10,Peralihan II
2022-11-01,3,1.53283,1.75836,0,2022,11,Peralihan II
2022-11-02,3,1.45358,1.75836,0,2022,11,Peralihan II
2022-11-03,3,1.26356,1.75836,0,2022,11,Peralihan II
2022-11-04,3,1.03660,1.75836,0,2022,11,Peralihan II
2022-11-05,3,0.99766,1.75836,0,2022,11,Peralihan II
2022-11-06,3,1.05384,1.75836,0,2022,11,Peralihan II
2022-11-07,3,1.00299,1.75836,0,2022,11,Peralihan II
2022-11-08,3,0.94253,1.75836,0,2022,11,Peralihan II
2022-11-09,3,1.02305,1.75836,0,2022,11,Peralihan II
2022-11-10,3,1.16453,1.75836,0,2022,11,Peralihan II
2022-11-11,3,1.22988,1.75836,0,2022,11,Peralihan II
2022-11-12,3,1.19069,1.75836,0,2022,11,Peralihan II
2022-11-13,3,1.18603,1.75836,0,2022,11,Peralihan II
2022-11-14,3,1.12800,1.75836,0,2022,11,Peralihan II
2022-11-15,3,1.06667,1.75836,0,2022,11,Peralihan II
2022-11-16,3,1.12455,1.75836,0,2022,11,Peralihan II
2022-11-17,3,1.10499,1.75836,0,2022,11,Peralihan II
2022-11-18,3,1.15832,1.75836,0,2022,11,Peralihan II
2022-11-19,3,1.23530,1.75836,0,2022,11,Peralihan II
2022-11-20,3,1.45174,1.75836,0,2022,11,Peralihan II
2022-11-21,3,1.48856,1.75836,0,2022,11,Peralihan II
2022-11-22,3,1.35092,1.75836,0,2022,11,Peralihan II
2022-11-23,3,1.24870,1.75836,0,2022,11,Peralihan II
2022-11-24,3,1.06798,1.75836,0,2022,11,Peralihan II
2022-11-25,3,0.90544,1.75836,0,2022,11,Peralihan II
2022-11-26,3,0.85868,1.75836,0,2022,11,Peralihan II
2022-11-27,3,0.95018,1.75836,0,2022,11,Peralihan II
2022-11-28,3,0.98275,1.75836,0,2022,11,Peralihan II
2022-11-29,3,0.96704,1.75836,0,2022,11,Peralihan II
2022-11-30,3,0.90949,1.75836,0,2022,11,Peralihan II
2022-12-01,3,0.97322,1.75836,0,2022,12,Barat
2022-12-02,3,0.96187,1.75836,0,2022,12,Barat
2022-12-03,3,0.95329,1.75836,0,2022,12,Barat
2022-12-04,3,0.92663,1.75836,0,2022,12,Barat
2022-12-05,3,0.98905,1.75836,0,2022,12,Barat
2022-12-06,3,0.98242,1.75836,0,2022,12,Barat
2022-12-07,3,0.94102,1.75836,0,2022,12,Barat
2022-12-08,3,1.01351,1.75836,0,2022,12,Barat
2022-12-09,3,1.16301,1.75836,0,2022,12,Barat
2022-12-10,3,1.13457,1.75836,0,2022,12,Barat
2022-12-11,3,1.10642,1.75836,0,2022,12,Barat
2022-12-12,3,1.16330,1.75836,0,2022,12,Barat
2022-12-13,3,1.08646,1.75836,0,2022,12,Barat
2022-12-14,3,0.98977,1.75836,0,2022,12,Barat
2022-12-15,3,0.87081,1.75836,0,2022,12,Barat
2022-12-16,3,0.87996,1.75836,0,2022,12,Barat
2022-12-17,3,1.00490,1.75836,0,2022,12,Barat
2022-12-18,3,1.09459,1.75836,0,2022,12,Barat
2022-12-19,3,1.14750,1.75836,0,2022,12,Barat
2022-12-20,3,1.15026,1.75836,0,2022,12,Barat
2022-12-21,3,1.16121,1.75836,0,2022,12,Barat
2022-12-22,3,1.48992,1.75836,0,2022,12,Barat
2022-12-23,3,2.18085,1.75836,1,2022,12,Barat
2022-12-24,3,2.04780,1.75836,1,2022,12,Barat
2022-12-25,3,1.69632,1.75836,0,2022,12,Barat
2022-12-26,3,1.51068,1.75836,0,2022,12,Barat
2022-12-27,3,1.61151,1.75836,0,2022,12,Barat
2022-12-28,3,1.62937,1.75836,0,2022,12,Barat
2022-12-29,3,1.87336,1.75836,1,2022,12,Barat
2022-12-30,3,1.80048,1.75836,1,2022,12,Barat
2022-12-31,3,1.70656,1.75836,0,2022,12,Barat
2023-01-01,3,1.81090,1.75836,1,2023,1,Barat
2023-01-02,3,2.25506,1.75836,1,2023,1,Barat
2023-01-03,3,2.16902,1.75836,1,2023,1,Barat
2023-01-04,3,2.16092,1.75836,1,2023,1,Barat
2023-01-05,3,1.84142,1.75836,1,2023,1,Barat
2023-01-06,3,1.57573,1.75836,0,2023,1,Barat
2023-01-07,3,1.24898,1.75836,0,2023,1,Barat
2023-01-08,3,1.21127,1.75836,0,2023,1,Barat
2023-01-09,3,1.37650,1.75836,0,2023,1,Barat
2023-01-10,3,1.30074,1.75836,0,2023,1,Barat
2023-01-11,3,1.20646,1.75836,0,2023,1,Barat
2023-01-12,3,1.17350,1.75836,0,2023,1,Barat
2023-01-13,3,1.10369,1.75836,0,2023,1,Barat
2023-01-14,3,1.24306,1.75836,0,2023,1,Barat
2023-01-15,3,1.32178,1.75836,0,2023,1,Barat
2023-01-16,3,1.39485,1.75836,0,2023,1,Barat
2023-01-17,3,1.30394,1.75836,0,2023,1,Barat
2023-01-18,3,1.30510,1.75836,0,2023,1,Barat
2023-01-19,3,1.40065,1.75836,0,2023,1,Barat
2023-01-20,3,1.27954,1.75836,0,2023,1,Barat
2023-01-21,3,1.07249,1.75836,0,2023,1,Barat
2023-01-22,3,0.90401,1.75836,0,2023,1,Barat
2023-01-23,3,0.82981,1.75836,0,2023,1,Barat
2023-01-24,3,0.87262,1.75836,0,2023,1,Barat
2023-01-25,3,1.18244,1.75836,0,2023,1,Barat
2023-01-26,3,1.22519,1.75836,0,2023,1,Barat
2023-01-27,3,1.20654,1.75836,0,2023,1,Barat
2023-01-28,3,1.17299,1.75836,0,2023,1,Barat
2023-01-29,3,1.13304,1.75836,0,2023,1,Barat
2023-01-30,3,1.09218,1.75836,0,2023,1,Barat
2023-01-31,3,1.32280,1.75836,0,2023,1,Barat
2023-02-01,3,1.46770,1.75836,0,2023,2,Barat
2023-02-02,3,1.52755,1.75836,0,2023,2,Barat
2023-02-03,3,1.57317,1.75836,0,2023,2,Barat
2023-02-04,3,1.65963,1.75836,0,2023,2,Barat
2023-02-05,3,1.51727,1.75836,0,2023,2,Barat
2023-02-06,3,1.42556,1.75836,0,2023,2,Barat
2023-02-07,3,1.72256,1.75836,0,2023,2,Barat
2023-02-08,3,2.06762,1.75836,1,2023,2,Barat
2023-02-09,3,1.72054,1.75836,0,2023,2,Barat
2023-02-10,3,1.30932,1.75836,0,2023,2,Barat
2023-02-11,3,1.12727,1.75836,0,2023,2,Barat
2023-02-12,3,1.23675,1.75836,0,2023,2,Barat
2023-02-13,3,1.53961,1.75836,0,2023,2,Barat
2023-02-14,3,1.63298,1.75836,0,2023,2,Barat
2023-02-15,3,1.51707,1.75836,0,2023,2,Barat
2023-02-16,3,1.49080,1.75836,0,2023,2,Barat
2023-02-17,3,1.42245,1.75836,0,2023,2,Barat
2023-02-18,3,1.34236,1.75836,0,2023,2,Barat
2023-02-19,3,1.31551,1.75836,0,2023,2,Barat
2023-02-20,3,1.28691,1.75836,0,2023,2,Barat
2023-02-21,3,1.23780,1.75836,0,2023,2,Barat
2023-02-22,3,1.26512,1.75836,0,2023,2,Barat
2023-02-23,3,1.29488,1.75836,0,2023,2,Barat
2023-02-24,3,1.37563,1.75836,0,2023,2,Barat
2023-02-25,3,1.59290,1.75836,0,2023,2,Barat
2023-02-26,3,1.95072,1.75836,1,2023,2,Barat
2023-02-27,3,1.67778,1.75836,0,2023,2,Barat
2023-02-28,3,1.55244,1.75836,0,2023,2,Barat
2023-03-01,3,1.53429,1.75836,0,2023,3,Peralihan I
2023-03-02,3,1.46878,1.75836,0,2023,3,Peralihan I
2023-03-03,3,1.24536,1.75836,0,2023,3,Peralihan I
2023-03-04,3,0.94434,1.75836,0,2023,3,Peralihan I
2023-03-05,3,0.93623,1.75836,0,2023,3,Peralihan I
2023-03-06,3,0.93758,1.75836,0,2023,3,Peralihan I
2023-03-07,3,0.86851,1.75836,0,2023,3,Peralihan I
2023-03-08,3,0.93459,1.75836,0,2023,3,Peralihan I
2023-03-09,3,0.93144,1.75836,0,2023,3,Peralihan I
2023-03-10,3,0.90012,1.75836,0,2023,3,Peralihan I
2023-03-11,3,0.86902,1.75836,0,2023,3,Peralihan I
2023-03-12,3,0.86774,1.75836,0,2023,3,Peralihan I
2023-03-13,3,0.91529,1.75836,0,2023,3,Peralihan I
2023-03-14,3,0.93672,1.75836,0,2023,3,Peralihan I
2023-03-15,3,1.17988,1.75836,0,2023,3,Peralihan I
2023-03-16,3,1.22632,1.75836,0,2023,3,Peralihan I
2023-03-17,3,1.08067,1.75836,0,2023,3,Peralihan I
2023-03-18,3,0.90212,1.75836,0,2023,3,Peralihan I
2023-03-19,3,0.91545,1.75836,0,2023,3,Peralihan I
2023-03-20,3,0.99260,1.75836,0,2023,3,Peralihan I
2023-03-21,3,1.06305,1.75836,0,2023,3,Peralihan I
2023-03-22,3,1.06161,1.75836,0,2023,3,Peralihan I
2023-03-23,3,1.04039,1.75836,0,2023,3,Peralihan I
2023-03-24,3,1.03375,1.75836,0,2023,3,Peralihan I
2023-03-25,3,1.04325,1.75836,0,2023,3,Peralihan I
2023-03-26,3,1.09935,1.75836,0,2023,3,Peralihan I
2023-03-27,3,1.11641,1.75836,0,2023,3,Peralihan I
2023-03-28,3,1.12630,1.75836,0,2023,3,Peralihan I
2023-03-29,3,1.02293,1.75836,0,2023,3,Peralihan I
2023-03-30,3,0.98031,1.75836,0,2023,3,Peralihan I
2023-03-31,3,1.11965,1.75836,0,2023,3,Peralihan I
2023-04-01,3,1.14905,1.75836,0,2023,4,Peralihan I
2023-04-02,3,1.13078,1.75836,0,2023,4,Peralihan I
2023-04-03,3,1.06519,1.75836,0,2023,4,Peralihan I
2023-04-04,3,0.95980,1.75836,0,2023,4,Peralihan I
2023-04-05,3,0.92683,1.75836,0,2023,4,Peralihan I
2023-04-06,3,0.82780,1.75836,0,2023,4,Peralihan I
2023-04-07,3,0.75397,1.75836,0,2023,4,Peralihan I
2023-04-08,3,0.91343,1.75836,0,2023,4,Peralihan I
2023-04-09,3,1.08538,1.75836,0,2023,4,Peralihan I
2023-04-10,3,1.22647,1.75836,0,2023,4,Peralihan I
2023-04-11,3,1.28769,1.75836,0,2023,4,Peralihan I
2023-04-12,3,1.36036,1.75836,0,2023,4,Peralihan I
2023-04-13,3,1.51353,1.75836,0,2023,4,Peralihan I
2023-04-14,3,1.68421,1.75836,0,2023,4,Peralihan I
2023-04-15,3,1.82711,1.75836,1,2023,4,Peralihan I
2023-04-16,3,1.83605,1.75836,1,2023,4,Peralihan I
2023-04-17,3,1.62602,1.75836,0,2023,4,Peralihan I
2023-04-18,3,1.44669,1.75836,0,2023,4,Peralihan I
2023-04-19,3,1.26818,1.75836,0,2023,4,Peralihan I
2023-04-20,3,1.52413,1.75836,0,2023,4,Peralihan I
2023-04-21,3,1.50826,1.75836,0,2023,4,Peralihan I
2023-04-22,3,1.40535,1.75836,0,2023,4,Peralihan I
2023-04-23,3,1.49552,1.75836,0,2023,4,Peralihan I
2023-04-24,3,1.49863,1.75836,0,2023,4,Peralihan I
2023-04-25,3,1.30114,1.75836,0,2023,4,Peralihan I
2023-04-26,3,1.31767,1.75836,0,2023,4,Peralihan I
2023-04-27,3,1.40564,1.75836,0,2023,4,Peralihan I
2023-04-28,3,1.36405,1.75836,0,2023,4,Peralihan I
2023-04-29,3,1.27510,1.75836,0,2023,4,Peralihan I
2023-04-30,3,1.31272,1.75836,0,2023,4,Peralihan I
2023-05-01,3,1.29089,1.75836,0,2023,5,Peralihan I
2023-05-02,3,1.18597,1.75836,0,2023,5,Peralihan I
2023-05-03,3,1.25703,1.75836,0,2023,5,Peralihan I
2023-05-04,3,1.23776,1.75836,0,2023,5,Peralihan I
2023-05-05,3,1.20346,1.75836,0,2023,5,Peralihan I
2023-05-06,3,1.14863,1.75836,0,2023,5,Peralihan I
2023-05-07,3,1.02608,1.75836,0,2023,5,Peralihan I
2023-05-08,3,1.13291,1.75836,0,2023,5,Peralihan I
2023-05-09,3,1.23100,1.75836,0,2023,5,Peralihan I
2023-05-10,3,1.33831,1.75836,0,2023,5,Peralihan I
2023-05-11,3,1.32169,1.75836,0,2023,5,Peralihan I
2023-05-12,3,1.57709,1.75836,0,2023,5,Peralihan I
2023-05-13,3,1.73825,1.75836,0,2023,5,Peralihan I
2023-05-14,3,1.65009,1.75836,0,2023,5,Peralihan I
2023-05-15,3,1.30559,1.75836,0,2023,5,Peralihan I
2023-05-16,3,1.18084,1.75836,0,2023,5,Peralihan I
2023-05-17,3,1.33547,1.75836,0,2023,5,Peralihan I
2023-05-18,3,1.34213,1.75836,0,2023,5,Peralihan I
2023-05-19,3,1.29498,1.75836,0,2023,5,Peralihan I
2023-05-20,3,1.41840,1.75836,0,2023,5,Peralihan I
2023-05-21,3,1.59844,1.75836,0,2023,5,Peralihan I
2023-05-22,3,1.53254,1.75836,0,2023,5,Peralihan I
2023-05-23,3,1.32523,1.75836,0,2023,5,Peralihan I
2023-05-24,3,1.20065,1.75836,0,2023,5,Peralihan I
2023-05-25,3,1.19052,1.75836,0,2023,5,Peralihan I
2023-05-26,3,1.20495,1.75836,0,2023,5,Peralihan I
2023-05-27,3,1.70949,1.75836,0,2023,5,Peralihan I
2023-05-28,3,1.50869,1.75836,0,2023,5,Peralihan I
2023-05-29,3,1.29178,1.75836,0,2023,5,Peralihan I
2023-05-30,3,1.42358,1.75836,0,2023,5,Peralihan I
2023-05-31,3,1.40662,1.75836,0,2023,5,Peralihan I
2023-06-01,3,1.20980,1.75836,0,2023,6,Timur
2023-06-02,3,1.17447,1.75836,0,2023,6,Timur
2023-06-03,3,1.21665,1.75836,0,2023,6,Timur
2023-06-04,3,1.23229,1.75836,0,2023,6,Timur
2023-06-05,3,1.12010,1.75836,0,2023,6,Timur
2023-06-06,3,1.20902,1.75836,0,2023,6,Timur
2023-06-07,3,1.69298,1.75836,0,2023,6,Timur
2023-06-08,3,1.78316,1.75836,1,2023,6,Timur
2023-06-09,3,1.56770,1.75836,0,2023,6,Timur
2023-06-10,3,1.60285,1.75836,0,2023,6,Timur
2023-06-11,3,1.88848,1.75836,1,2023,6,Timur
2023-06-12,3,1.84652,1.75836,1,2023,6,Timur
2023-06-13,3,1.67408,1.75836,0,2023,6,Timur
2023-06-14,3,1.52791,1.75836,0,2023,6,Timur
2023-06-15,3,1.21498,1.75836,0,2023,6,Timur
2023-06-16,3,1.14393,1.75836,0,2023,6,Timur
2023-06-17,3,1.42060,1.75836,0,2023,6,Timur
2023-06-18,3,1.51263,1.75836,0,2023,6,Timur
2023-06-19,3,1.42949,1.75836,0,2023,6,Timur
2023-06-20,3,1.15116,1.75836,0,2023,6,Timur
2023-06-21,3,1.10000,1.75836,0,2023,6,Timur
2023-06-22,3,1.12955,1.75836,0,2023,6,Timur
2023-06-23,3,1.22724,1.75836,0,2023,6,Timur
2023-06-24,3,1.21261,1.75836,0,2023,6,Timur
2023-06-25,3,1.27542,1.75836,0,2023,6,Timur
2023-06-26,3,1.35324,1.75836,0,2023,6,Timur
2023-06-27,3,1.29113,1.75836,0,2023,6,Timur
2023-06-28,3,1.44738,1.75836,0,2023,6,Timur
2023-06-29,3,1.57990,1.75836,0,2023,6,Timur
2023-06-30,3,1.56162,1.75836,0,2023,6,Timur
2023-07-01,3,1.40918,1.75836,0,2023,7,Timur
2023-07-02,3,1.28987,1.75836,0,2023,7,Timur
2023-07-03,3,1.09694,1.75836,0,2023,7,Timur
2023-07-04,3,1.23998,1.75836,0,2023,7,Timur
2023-07-05,3,1.79700,1.75836,1,2023,7,Timur
2023-07-06,3,2.08915,1.75836,1,2023,7,Timur
2023-07-07,3,2.06385,1.75836,1,2023,7,Timur
2023-07-08,3,1.76239,1.75836,1,2023,7,Timur
2023-07-09,3,1.63757,1.75836,0,2023,7,Timur
2023-07-10,3,1.68101,1.75836,0,2023,7,Timur
2023-07-11,3,1.65484,1.75836,0,2023,7,Timur
2023-07-12,3,1.68922,1.75836,0,2023,7,Timur
2023-07-13,3,1.81674,1.75836,1,2023,7,Timur
2023-07-14,3,1.77021,1.75836,1,2023,7,Timur
2023-07-15,3,1.55552,1.75836,0,2023,7,Timur
2023-07-16,3,1.47871,1.75836,0,2023,7,Timur
2023-07-17,3,1.53973,1.75836,0,2023,7,Timur
2023-07-18,3,1.41633,1.75836,0,2023,7,Timur
2023-07-19,3,1.61395,1.75836,0,2023,7,Timur
2023-07-20,3,1.90314,1.75836,1,2023,7,Timur
2023-07-21,3,2.02412,1.75836,1,2023,7,Timur
2023-07-22,3,2.02179,1.75836,1,2023,7,Timur
2023-07-23,3,1.84329,1.75836,1,2023,7,Timur
2023-07-24,3,1.75455,1.75836,0,2023,7,Timur
2023-07-25,3,1.70619,1.75836,0,2023,7,Timur
2023-07-26,3,1.75282,1.75836,0,2023,7,Timur
2023-07-27,3,1.75296,1.75836,0,2023,7,Timur
2023-07-28,3,1.74857,1.75836,0,2023,7,Timur
2023-07-29,3,1.50907,1.75836,0,2023,7,Timur
2023-07-30,3,1.44622,1.75836,0,2023,7,Timur
2023-07-31,3,1.43829,1.75836,0,2023,7,Timur
2023-08-01,3,1.73609,1.75836,0,2023,8,Timur
2023-08-02,3,1.75505,1.75836,0,2023,8,Timur
2023-08-03,3,1.71633,1.75836,0,2023,8,Timur
2023-08-04,3,2.17961,1.75836,1,2023,8,Timur
2023-08-05,3,2.15930,1.75836,1,2023,8,Timur
2023-08-06,3,1.73389,1.75836,0,2023,8,Timur
2023-08-07,3,1.56135,1.75836,0,2023,8,Timur
2023-08-08,3,1.67540,1.75836,0,2023,8,Timur
2023-08-09,3,1.71673,1.75836,0,2023,8,Timur
2023-08-10,3,1.61341,1.75836,0,2023,8,Timur
2023-08-11,3,1.37879,1.75836,0,2023,8,Timur
2023-08-12,3,1.35078,1.75836,0,2023,8,Timur
2023-08-13,3,1.37219,1.75836,0,2023,8,Timur
2023-08-14,3,1.38416,1.75836,0,2023,8,Timur
2023-08-15,3,1.44792,1.75836,0,2023,8,Timur
2023-08-16,3,1.59747,1.75836,0,2023,8,Timur
2023-08-17,3,1.78167,1.75836,1,2023,8,Timur
2023-08-18,3,1.78163,1.75836,1,2023,8,Timur
2023-08-19,3,1.74477,1.75836,0,2023,8,Timur
2023-08-20,3,1.62440,1.75836,0,2023,8,Timur
2023-08-21,3,1.50390,1.75836,0,2023,8,Timur
2023-08-22,3,1.55685,1.75836,0,2023,8,Timur
2023-08-23,3,1.97849,1.75836,1,2023,8,Timur
2023-08-24,3,1.92539,1.75836,1,2023,8,Timur
2023-08-25,3,1.65874,1.75836,0,2023,8,Timur
2023-08-26,3,1.41822,1.75836,0,2023,8,Timur
2023-08-27,3,1.25874,1.75836,0,2023,8,Timur
2023-08-28,3,1.29345,1.75836,0,2023,8,Timur
2023-08-29,3,1.28719,1.75836,0,2023,8,Timur
2023-08-30,3,1.24470,1.75836,0,2023,8,Timur
2023-08-31,3,1.26242,1.75836,0,2023,8,Timur
2023-09-01,3,1.30997,1.75836,0,2023,9,Peralihan II
2023-09-02,3,1.27612,1.75836,0,2023,9,Peralihan II
2023-09-03,3,1.31606,1.75836,0,2023,9,Peralihan II
2023-09-04,3,1.50266,1.75836,0,2023,9,Peralihan II
2023-09-05,3,1.93807,1.75836,1,2023,9,Peralihan II
2023-09-06,3,1.92708,1.75836,1,2023,9,Peralihan II
2023-09-07,3,1.64971,1.75836,0,2023,9,Peralihan II
2023-09-08,3,1.43013,1.75836,0,2023,9,Peralihan II
2023-09-09,3,1.38867,1.75836,0,2023,9,Peralihan II
2023-09-10,3,1.25903,1.75836,0,2023,9,Peralihan II
2023-09-11,3,1.19043,1.75836,0,2023,9,Peralihan II
2023-09-12,3,1.20484,1.75836,0,2023,9,Peralihan II
2023-09-13,3,1.34307,1.75836,0,2023,9,Peralihan II
2023-09-14,3,1.88001,1.75836,1,2023,9,Peralihan II
2023-09-15,3,2.17865,1.75836,1,2023,9,Peralihan II
2023-09-16,3,2.13182,1.75836,1,2023,9,Peralihan II
2023-09-17,3,1.78131,1.75836,1,2023,9,Peralihan II
2023-09-18,3,1.85123,1.75836,1,2023,9,Peralihan II
2023-09-19,3,1.74687,1.75836,0,2023,9,Peralihan II
2023-09-20,3,1.60046,1.75836,0,2023,9,Peralihan II
2023-09-21,3,1.86977,1.75836,1,2023,9,Peralihan II
2023-09-22,3,1.85571,1.75836,1,2023,9,Peralihan II
2023-09-23,3,1.58972,1.75836,0,2023,9,Peralihan II
2023-09-24,3,1.48405,1.75836,0,2023,9,Peralihan II
2023-09-25,3,1.55841,1.75836,0,2023,9,Peralihan II
2023-09-26,3,1.64105,1.75836,0,2023,9,Peralihan II
2023-09-27,3,1.52684,1.75836,0,2023,9,Peralihan II
2023-09-28,3,1.53372,1.75836,0,2023,9,Peralihan II
2023-09-29,3,1.57152,1.75836,0,2023,9,Peralihan II
2023-09-30,3,1.46075,1.75836,0,2023,9,Peralihan II
2023-10-01,3,1.36842,1.75836,0,2023,10,Peralihan II
2023-10-02,3,1.41623,1.75836,0,2023,10,Peralihan II
2023-10-03,3,1.51409,1.75836,0,2023,10,Peralihan II
2023-10-04,3,2.09486,1.75836,1,2023,10,Peralihan II
2023-10-05,3,1.99904,1.75836,1,2023,10,Peralihan II
2023-10-06,3,1.59747,1.75836,0,2023,10,Peralihan II
2023-10-07,3,1.37037,1.75836,0,2023,10,Peralihan II
2023-10-08,3,1.40187,1.75836,0,2023,10,Peralihan II
2023-10-09,3,1.26720,1.75836,0,2023,10,Peralihan II
2023-10-10,3,1.21650,1.75836,0,2023,10,Peralihan II
2023-10-11,3,1.18191,1.75836,0,2023,10,Peralihan II
2023-10-12,3,1.28247,1.75836,0,2023,10,Peralihan II
2023-10-13,3,1.40843,1.75836,0,2023,10,Peralihan II
2023-10-14,3,1.35433,1.75836,0,2023,10,Peralihan II
2023-10-15,3,1.42936,1.75836,0,2023,10,Peralihan II
2023-10-16,3,1.49854,1.75836,0,2023,10,Peralihan II
2023-10-17,3,1.38930,1.75836,0,2023,10,Peralihan II
2023-10-18,3,1.14055,1.75836,0,2023,10,Peralihan II
2023-10-19,3,0.90012,1.75836,0,2023,10,Peralihan II
2023-10-20,3,0.94058,1.75836,0,2023,10,Peralihan II
2023-10-21,3,1.06172,1.75836,0,2023,10,Peralihan II
2023-10-22,3,1.04114,1.75836,0,2023,10,Peralihan II
2023-10-23,3,0.89007,1.75836,0,2023,10,Peralihan II
2023-10-24,3,0.81009,1.75836,0,2023,10,Peralihan II
2023-10-25,3,0.89745,1.75836,0,2023,10,Peralihan II
2023-10-26,3,0.99476,1.75836,0,2023,10,Peralihan II
2023-10-27,3,1.02871,1.75836,0,2023,10,Peralihan II
2023-10-28,3,1.09397,1.75836,0,2023,10,Peralihan II
2023-10-29,3,1.18153,1.75836,0,2023,10,Peralihan II
2023-10-30,3,1.19460,1.75836,0,2023,10,Peralihan II
2023-10-31,3,1.16166,1.75836,0,2023,10,Peralihan II
2023-11-01,3,1.12960,1.75836,0,2023,11,Peralihan II
2023-11-02,3,1.13272,1.75836,0,2023,11,Peralihan II
2023-11-03,3,1.04076,1.75836,0,2023,11,Peralihan II
2023-11-04,3,0.93987,1.75836,0,2023,11,Peralihan II
2023-11-05,3,0.85371,1.75836,0,2023,11,Peralihan II
2023-11-06,3,0.93096,1.75836,0,2023,11,Peralihan II
2023-11-07,3,0.97282,1.75836,0,2023,11,Peralihan II
2023-11-08,3,0.95007,1.75836,0,2023,11,Peralihan II
2023-11-09,3,1.04524,1.75836,0,2023,11,Peralihan II
2023-11-10,3,1.09997,1.75836,0,2023,11,Peralihan II
2023-11-11,3,1.13452,1.75836,0,2023,11,Peralihan II
2023-11-12,3,1.35908,1.75836,0,2023,11,Peralihan II
2023-11-13,3,1.36135,1.75836,0,2023,11,Peralihan II
2023-11-14,3,1.19097,1.75836,0,2023,11,Peralihan II
2023-11-15,3,1.03089,1.75836,0,2023,11,Peralihan II
2023-11-16,3,0.99601,1.75836,0,2023,11,Peralihan II
2023-11-17,3,0.92967,1.75836,0,2023,11,Peralihan II
2023-11-18,3,0.89236,1.75836,0,2023,11,Peralihan II
2023-11-19,3,0.86047,1.75836,0,2023,11,Peralihan II
2023-11-20,3,0.81951,1.75836,0,2023,11,Peralihan II
2023-11-21,3,0.79568,1.75836,0,2023,11,Peralihan II
2023-11-22,3,0.89238,1.75836,0,2023,11,Peralihan II
2023-11-23,3,0.97164,1.75836,0,2023,11,Peralihan II
2023-11-24,3,0.91669,1.75836,0,2023,11,Peralihan II
2023-11-25,3,0.84414,1.75836,0,2023,11,Peralihan II
2023-11-26,3,0.78384,1.75836,0,2023,11,Peralihan II
2023-11-27,3,0.72583,1.75836,0,2023,11,Peralihan II
2023-11-28,3,0.74269,1.75836,0,2023,11,Peralihan II
2023-11-29,3,0.75133,1.75836,0,2023,11,Peralihan II
2023-11-30,3,0.75260,1.75836,0,2023,11,Peralihan II
2023-12-01,3,0.81321,1.75836,0,2023,12,Barat
2023-12-02,3,0.90770,1.75836,0,2023,12,Barat
2023-12-03,3,0.91050,1.75836,0,2023,12,Barat
2023-12-04,3,1.04958,1.75836,0,2023,12,Barat
2023-12-05,3,1.33836,1.75836,0,2023,12,Barat
2023-12-06,3,1.31886,1.75836,0,2023,12,Barat
2023-12-07,3,1.22665,1.75836,0,2023,12,Barat
2023-12-08,3,1.16607,1.75836,0,2023,12,Barat
2023-12-09,3,1.14615,1.75836,0,2023,12,Barat
2023-12-10,3,1.20047,1.75836,0,2023,12,Barat
2023-12-11,3,1.23844,1.75836,0,2023,12,Barat
2023-12-12,3,1.17920,1.75836,0,2023,12,Barat
2023-12-13,3,0.98298,1.75836,0,2023,12,Barat
2023-12-14,3,0.91957,1.75836,0,2023,12,Barat
2023-12-15,3,0.91198,1.75836,0,2023,12,Barat
2023-12-16,3,0.86690,1.75836,0,2023,12,Barat
2023-12-17,3,0.90252,1.75836,0,2023,12,Barat
2023-12-18,3,0.92914,1.75836,0,2023,12,Barat
2023-12-19,3,1.27090,1.75836,0,2023,12,Barat
2023-12-20,3,1.33155,1.75836,0,2023,12,Barat
2023-12-21,3,1.22654,1.75836,0,2023,12,Barat
2023-12-22,3,1.00772,1.75836,0,2023,12,Barat
2023-12-23,3,0.90701,1.75836,0,2023,12,Barat
2023-12-24,3,0.85136,1.75836,0,2023,12,Barat
2023-12-25,3,0.91313,1.75836,0,2023,12,Barat
2023-12-26,3,1.01472,1.75836,0,2023,12,Barat
2023-12-27,3,1.00497,1.75836,0,2023,12,Barat
2023-12-28,3,0.96745,1.75836,0,2023,12,Barat
2023-12-29,3,0.95775,1.75836,0,2023,12,Barat
2023-12-30,3,1.03193,1.75836,0,2023,12,Barat
2023-12-31,3,1.09425,1.75836,0,2023,12,Barat
2024-01-01,3,1.10814,1.75836,0,2024,1,Barat
2024-01-02,3,0.99183,1.75836,0,2024,1,Barat
2024-01-03,3,0.97918,1.75836,0,2024,1,Barat
2024-01-04,3,1.02090,1.75836,0,2024,1,Barat
2024-01-05,3,0.95647,1.75836,0,2024,1,Barat
2024-01-06,3,0.96276,1.75836,0,2024,1,Barat
2024-01-07,3,0.95993,1.75836,0,2024,1,Barat
2024-01-08,3,0.99461,1.75836,0,2024,1,Barat
2024-01-09,3,1.11295,1.75836,0,2024,1,Barat
2024-01-10,3,1.16729,1.75836,0,2024,1,Barat
2024-01-11,3,1.19361,1.75836,0,2024,1,Barat
2024-01-12,3,1.25912,1.75836,0,2024,1,Barat
2024-01-13,3,1.20387,1.75836,0,2024,1,Barat
2024-01-14,3,1.17772,1.75836,0,2024,1,Barat
2024-01-15,3,1.18124,1.75836,0,2024,1,Barat
2024-01-16,3,1.12072,1.75836,0,2024,1,Barat
2024-01-17,3,1.02532,1.75836,0,2024,1,Barat
2024-01-18,3,0.99068,1.75836,0,2024,1,Barat
2024-01-19,3,1.11137,1.75836,0,2024,1,Barat
2024-01-20,3,1.28629,1.75836,0,2024,1,Barat
2024-01-21,3,1.37535,1.75836,0,2024,1,Barat
2024-01-22,3,1.56053,1.75836,0,2024,1,Barat
2024-01-23,3,1.56444,1.75836,0,2024,1,Barat
2024-01-24,3,1.56754,1.75836,0,2024,1,Barat
2024-01-25,3,1.42905,1.75836,0,2024,1,Barat
2024-01-26,3,1.34483,1.75836,0,2024,1,Barat
2024-01-27,3,1.40309,1.75836,0,2024,1,Barat
2024-01-28,3,1.30624,1.75836,0,2024,1,Barat
2024-01-29,3,1.09543,1.75836,0,2024,1,Barat
2024-01-30,3,0.88645,1.75836,0,2024,1,Barat
2024-01-31,3,0.98974,1.75836,0,2024,1,Barat
2024-02-01,3,1.13471,1.75836,0,2024,2,Barat
2024-02-02,3,1.19371,1.75836,0,2024,2,Barat
2024-02-03,3,1.15399,1.75836,0,2024,2,Barat
2024-02-04,3,1.14013,1.75836,0,2024,2,Barat
2024-02-05,3,1.23979,1.75836,0,2024,2,Barat
2024-02-06,3,1.25463,1.75836,0,2024,2,Barat
2024-02-07,3,1.15626,1.75836,0,2024,2,Barat
2024-02-08,3,0.97601,1.75836,0,2024,2,Barat
2024-02-09,3,0.75863,1.75836,0,2024,2,Barat
2024-02-10,3,0.72863,1.75836,0,2024,2,Barat
2024-02-11,3,0.76557,1.75836,0,2024,2,Barat
2024-02-12,3,0.83595,1.75836,0,2024,2,Barat
2024-02-13,3,0.85233,1.75836,0,2024,2,Barat
2024-02-14,3,0.86951,1.75836,0,2024,2,Barat
2024-02-15,3,0.91693,1.75836,0,2024,2,Barat
2024-02-16,3,0.95768,1.75836,0,2024,2,Barat
2024-02-17,3,0.91444,1.75836,0,2024,2,Barat
2024-02-18,3,0.83796,1.75836,0,2024,2,Barat
2024-02-19,3,0.84517,1.75836,0,2024,2,Barat
2024-02-20,3,0.86403,1.75836,0,2024,2,Barat
2024-02-21,3,0.88978,1.75836,0,2024,2,Barat
2024-02-22,3,1.19880,1.75836,0,2024,2,Barat
2024-02-23,3,1.23569,1.75836,0,2024,2,Barat
2024-02-24,3,1.22028,1.75836,0,2024,2,Barat
2024-02-25,3,1.20118,1.75836,0,2024,2,Barat
2024-02-26,3,1.12298,1.75836,0,2024,2,Barat
2024-02-27,3,0.95782,1.75836,0,2024,2,Barat
2024-02-28,3,0.94864,1.75836,0,2024,2,Barat
2024-02-29,3,1.00701,1.75836,0,2024,2,Barat
2024-03-01,3,1.15246,1.75836,0,2024,3,Peralihan I
2024-03-02,3,1.42077,1.75836,0,2024,3,Peralihan I
2024-03-03,3,1.42712,1.75836,0,2024,3,Peralihan I
2024-03-04,3,1.30741,1.75836,0,2024,3,Peralihan I
2024-03-05,3,1.09909,1.75836,0,2024,3,Peralihan I
2024-03-06,3,0.94392,1.75836,0,2024,3,Peralihan I
2024-03-07,3,1.15138,1.75836,0,2024,3,Peralihan I
2024-03-08,3,1.36058,1.75836,0,2024,3,Peralihan I
2024-03-09,3,1.64946,1.75836,0,2024,3,Peralihan I
2024-03-10,3,1.84759,1.75836,1,2024,3,Peralihan I
2024-03-11,3,1.59845,1.75836,0,2024,3,Peralihan I
2024-03-12,3,1.91331,1.75836,1,2024,3,Peralihan I
2024-03-13,3,2.63024,1.75836,1,2024,3,Peralihan I
2024-03-14,3,2.64529,1.75836,1,2024,3,Peralihan I
2024-03-15,3,2.25939,1.75836,1,2024,3,Peralihan I
2024-03-16,3,1.90406,1.75836,1,2024,3,Peralihan I
2024-03-17,3,1.82356,1.75836,1,2024,3,Peralihan I
2024-03-18,3,1.74318,1.75836,0,2024,3,Peralihan I
2024-03-19,3,1.56628,1.75836,0,2024,3,Peralihan I
2024-03-20,3,1.33067,1.75836,0,2024,3,Peralihan I
2024-03-21,3,1.24899,1.75836,0,2024,3,Peralihan I
2024-03-22,3,1.08557,1.75836,0,2024,3,Peralihan I
2024-03-23,3,0.95343,1.75836,0,2024,3,Peralihan I
2024-03-24,3,0.93654,1.75836,0,2024,3,Peralihan I
2024-03-25,3,1.02106,1.75836,0,2024,3,Peralihan I
2024-03-26,3,0.98541,1.75836,0,2024,3,Peralihan I
2024-03-27,3,0.84113,1.75836,0,2024,3,Peralihan I
2024-03-28,3,0.72305,1.75836,0,2024,3,Peralihan I
2024-03-29,3,0.67591,1.75836,0,2024,3,Peralihan I
2024-03-30,3,0.96594,1.75836,0,2024,3,Peralihan I
2024-03-31,3,1.44747,1.75836,0,2024,3,Peralihan I
2024-04-01,3,1.41883,1.75836,0,2024,4,Peralihan I
2024-04-02,3,1.25280,1.75836,0,2024,4,Peralihan I
2024-04-03,3,1.04628,1.75836,0,2024,4,Peralihan I
2024-04-04,3,0.95412,1.75836,0,2024,4,Peralihan I
2024-04-05,3,1.01488,1.75836,0,2024,4,Peralihan I
2024-04-06,3,1.10596,1.75836,0,2024,4,Peralihan I
2024-04-07,3,1.19309,1.75836,0,2024,4,Peralihan I
2024-04-08,3,1.19882,1.75836,0,2024,4,Peralihan I
2024-04-09,3,1.22236,1.75836,0,2024,4,Peralihan I
2024-04-10,3,1.28678,1.75836,0,2024,4,Peralihan I
2024-04-11,3,1.09459,1.75836,0,2024,4,Peralihan I
2024-04-12,3,0.91022,1.75836,0,2024,4,Peralihan I
2024-04-13,3,0.80523,1.75836,0,2024,4,Peralihan I
2024-04-14,3,0.76899,1.75836,0,2024,4,Peralihan I
2024-04-15,3,0.77034,1.75836,0,2024,4,Peralihan I
2024-04-16,3,1.00363,1.75836,0,2024,4,Peralihan I
2024-04-17,3,1.12530,1.75836,0,2024,4,Peralihan I
2024-04-18,3,1.20327,1.75836,0,2024,4,Peralihan I
2024-04-19,3,1.20396,1.75836,0,2024,4,Peralihan I
2024-04-20,3,1.25592,1.75836,0,2024,4,Peralihan I
2024-04-21,3,1.21330,1.75836,0,2024,4,Peralihan I
2024-04-22,3,1.24597,1.75836,0,2024,4,Peralihan I
2024-04-23,3,1.26947,1.75836,0,2024,4,Peralihan I
2024-04-24,3,1.32620,1.75836,0,2024,4,Peralihan I
2024-04-25,3,1.34961,1.75836,0,2024,4,Peralihan I
2024-04-26,3,1.16724,1.75836,0,2024,4,Peralihan I
2024-04-27,3,1.03872,1.75836,0,2024,4,Peralihan I
2024-04-28,3,1.18960,1.75836,0,2024,4,Peralihan I
2024-04-29,3,1.29427,1.75836,0,2024,4,Peralihan I
2024-04-30,3,1.25288,1.75836,0,2024,4,Peralihan I
2024-05-01,3,1.24668,1.75836,0,2024,5,Peralihan I
2024-05-02,3,1.23330,1.75836,0,2024,5,Peralihan I
2024-05-03,3,1.10169,1.75836,0,2024,5,Peralihan I
2024-05-04,3,1.11485,1.75836,0,2024,5,Peralihan I
2024-05-05,3,1.41544,1.75836,0,2024,5,Peralihan I
2024-05-06,3,1.47268,1.75836,0,2024,5,Peralihan I
2024-05-07,3,1.20305,1.75836,0,2024,5,Peralihan I
2024-05-08,3,1.12446,1.75836,0,2024,5,Peralihan I
2024-05-09,3,1.17806,1.75836,0,2024,5,Peralihan I
2024-05-10,3,1.25984,1.75836,0,2024,5,Peralihan I
2024-05-11,3,1.19940,1.75836,0,2024,5,Peralihan I
2024-05-12,3,1.07678,1.75836,0,2024,5,Peralihan I
2024-05-13,3,0.94260,1.75836,0,2024,5,Peralihan I
2024-05-14,3,1.17460,1.75836,0,2024,5,Peralihan I
2024-05-15,3,1.16473,1.75836,0,2024,5,Peralihan I
2024-05-16,3,1.24254,1.75836,0,2024,5,Peralihan I
2024-05-17,3,1.41136,1.75836,0,2024,5,Peralihan I
2024-05-18,3,1.40874,1.75836,0,2024,5,Peralihan I
2024-05-19,3,1.42215,1.75836,0,2024,5,Peralihan I
2024-05-20,3,1.40956,1.75836,0,2024,5,Peralihan I
2024-05-21,3,1.35915,1.75836,0,2024,5,Peralihan I
2024-05-22,3,1.20701,1.75836,0,2024,5,Peralihan I
2024-05-23,3,1.06030,1.75836,0,2024,5,Peralihan I
2024-05-24,3,1.05649,1.75836,0,2024,5,Peralihan I
2024-05-25,3,1.16215,1.75836,0,2024,5,Peralihan I
2024-05-26,3,1.38051,1.75836,0,2024,5,Peralihan I
2024-05-27,3,1.66965,1.75836,0,2024,5,Peralihan I
2024-05-28,3,1.87286,1.75836,1,2024,5,Peralihan I
2024-05-29,3,1.83809,1.75836,1,2024,5,Peralihan I
2024-05-30,3,1.71219,1.75836,0,2024,5,Peralihan I
2024-05-31,3,1.65814,1.75836,0,2024,5,Peralihan I
2024-06-01,3,1.49679,1.75836,0,2024,6,Timur
2024-06-02,3,1.19429,1.75836,0,2024,6,Timur
2024-06-03,3,1.82758,1.75836,1,2024,6,Timur
2024-06-04,3,2.18742,1.75836,1,2024,6,Timur
2024-06-05,3,2.09720,1.75836,1,2024,6,Timur
2024-06-06,3,1.81874,1.75836,1,2024,6,Timur
2024-06-07,3,1.65930,1.75836,0,2024,6,Timur
2024-06-08,3,1.61380,1.75836,0,2024,6,Timur
2024-06-09,3,1.53335,1.75836,0,2024,6,Timur
2024-06-10,3,1.69723,1.75836,0,2024,6,Timur
2024-06-11,3,2.05100,1.75836,1,2024,6,Timur
2024-06-12,3,1.93403,1.75836,1,2024,6,Timur
2024-06-13,3,1.48136,1.75836,0,2024,6,Timur
2024-06-14,3,1.13337,1.75836,0,2024,6,Timur
2024-06-15,3,1.12338,1.75836,0,2024,6,Timur
2024-06-16,3,1.42428,1.75836,0,2024,6,Timur
2024-06-17,3,1.67912,1.75836,0,2024,6,Timur
2024-06-18,3,1.76221,1.75836,1,2024,6,Timur
2024-06-19,3,1.58469,1.75836,0,2024,6,Timur
2024-06-20,3,1.57339,1.75836,0,2024,6,Timur
2024-06-21,3,1.67362,1.75836,0,2024,6,Timur
2024-06-22,3,1.53367,1.75836,0,2024,6,Timur
2024-06-23,3,1.26719,1.75836,0,2024,6,Timur
2024-06-24,3,1.29023,1.75836,0,2024,6,Timur
2024-06-25,3,1.24016,1.75836,0,2024,6,Timur
2024-06-26,3,1.21631,1.75836,0,2024,6,Timur
2024-06-27,3,1.14127,1.75836,0,2024,6,Timur
2024-06-28,3,1.30723,1.75836,0,2024,6,Timur
2024-06-29,3,1.64191,1.75836,0,2024,6,Timur
2024-06-30,3,1.67079,1.75836,0,2024,6,Timur
2024-07-01,3,1.40003,1.75836,0,2024,7,Timur
2024-07-02,3,1.23223,1.75836,0,2024,7,Timur
2024-07-03,3,1.45330,1.75836,0,2024,7,Timur
2024-07-04,3,2.02460,1.75836,1,2024,7,Timur
2024-07-05,3,2.01452,1.75836,1,2024,7,Timur
2024-07-06,3,1.64480,1.75836,0,2024,7,Timur
2024-07-07,3,1.16910,1.75836,0,2024,7,Timur
2024-07-08,3,1.07147,1.75836,0,2024,7,Timur
2024-07-09,3,1.20531,1.75836,0,2024,7,Timur
2024-07-10,3,1.28760,1.75836,0,2024,7,Timur
2024-07-11,3,1.38298,1.75836,0,2024,7,Timur
2024-07-12,3,1.38369,1.75836,0,2024,7,Timur
2024-07-13,3,1.37527,1.75836,0,2024,7,Timur
2024-07-14,3,1.69216,1.75836,0,2024,7,Timur
2024-07-15,3,1.67027,1.75836,0,2024,7,Timur
2024-07-16,3,1.53324,1.75836,0,2024,7,Timur
2024-07-17,3,1.58838,1.75836,0,2024,7,Timur
2024-07-18,3,1.66582,1.75836,0,2024,7,Timur
2024-07-19,3,1.69410,1.75836,0,2024,7,Timur
2024-07-20,3,1.62784,1.75836,0,2024,7,Timur
2024-07-21,3,1.72016,1.75836,0,2024,7,Timur
2024-07-22,3,1.71523,1.75836,0,2024,7,Timur
2024-07-23,3,1.58043,1.75836,0,2024,7,Timur
2024-07-24,3,1.39746,1.75836,0,2024,7,Timur
2024-07-25,3,1.33813,1.75836,0,2024,7,Timur
2024-07-26,3,1.41636,1.75836,0,2024,7,Timur
2024-07-27,3,1.46234,1.75836,0,2024,7,Timur
2024-07-28,3,1.25113,1.75836,0,2024,7,Timur
2024-07-29,3,1.12940,1.75836,0,2024,7,Timur
2024-07-30,3,1.33372,1.75836,0,2024,7,Timur
2024-07-31,3,1.99337,1.75836,1,2024,7,Timur
2024-08-01,3,2.16625,1.75836,1,2024,8,Timur
2024-08-02,3,1.76528,1.75836,1,2024,8,Timur
2024-08-03,3,1.60028,1.75836,0,2024,8,Timur
2024-08-04,3,1.58733,1.75836,0,2024,8,Timur
2024-08-05,3,1.35296,1.75836,0,2024,8,Timur
2024-08-06,3,1.25393,1.75836,0,2024,8,Timur
2024-08-07,3,1.64439,1.75836,0,2024,8,Timur
2024-08-08,3,1.75057,1.75836,0,2024,8,Timur
2024-08-09,3,1.93002,1.75836,1,2024,8,Timur
2024-08-10,3,1.77987,1.75836,1,2024,8,Timur
2024-08-11,3,1.46396,1.75836,0,2024,8,Timur
2024-08-12,3,1.58978,1.75836,0,2024,8,Timur
2024-08-13,3,1.84063,1.75836,1,2024,8,Timur
2024-08-14,3,1.75292,1.75836,0,2024,8,Timur
2024-08-15,3,1.66415,1.75836,0,2024,8,Timur
2024-08-16,3,1.38276,1.75836,0,2024,8,Timur
2024-08-17,3,1.17745,1.75836,0,2024,8,Timur
2024-08-18,3,1.68909,1.75836,0,2024,8,Timur
2024-08-19,3,1.88806,1.75836,1,2024,8,Timur
2024-08-20,3,1.65035,1.75836,0,2024,8,Timur
2024-08-21,3,1.39702,1.75836,0,2024,8,Timur
2024-08-22,3,1.34796,1.75836,0,2024,8,Timur
2024-08-23,3,1.28920,1.75836,0,2024,8,Timur
2024-08-24,3,1.30579,1.75836,0,2024,8,Timur
2024-08-25,3,1.36630,1.75836,0,2024,8,Timur
2024-08-26,3,1.68589,1.75836,0,2024,8,Timur
2024-08-27,3,1.81893,1.75836,1,2024,8,Timur
2024-08-28,3,1.66122,1.75836,0,2024,8,Timur
2024-08-29,3,1.50009,1.75836,0,2024,8,Timur
2024-08-30,3,1.52854,1.75836,0,2024,8,Timur
2024-08-31,3,1.51648,1.75836,0,2024,8,Timur
2024-09-01,3,1.57621,1.75836,0,2024,9,Peralihan II
2024-09-02,3,1.55079,1.75836,0,2024,9,Peralihan II
2024-09-03,3,1.58116,1.75836,0,2024,9,Peralihan II
2024-09-04,3,1.65887,1.75836,0,2024,9,Peralihan II
2024-09-05,3,1.61125,1.75836,0,2024,9,Peralihan II
2024-09-06,3,1.74874,1.75836,0,2024,9,Peralihan II
2024-09-07,3,1.85856,1.75836,1,2024,9,Peralihan II
2024-09-08,3,1.73700,1.75836,0,2024,9,Peralihan II
2024-09-09,3,1.51666,1.75836,0,2024,9,Peralihan II
2024-09-10,3,1.24796,1.75836,0,2024,9,Peralihan II
2024-09-11,3,1.20850,1.75836,0,2024,9,Peralihan II
2024-09-12,3,1.19770,1.75836,0,2024,9,Peralihan II
2024-09-13,3,1.19870,1.75836,0,2024,9,Peralihan II
2024-09-14,3,1.06984,1.75836,0,2024,9,Peralihan II
2024-09-15,3,1.16338,1.75836,0,2024,9,Peralihan II
2024-09-16,3,1.10457,1.75836,0,2024,9,Peralihan II
2024-09-17,3,1.10690,1.75836,0,2024,9,Peralihan II
2024-09-18,3,1.00362,1.75836,0,2024,9,Peralihan II
2024-09-19,3,1.09051,1.75836,0,2024,9,Peralihan II
2024-09-20,3,1.14200,1.75836,0,2024,9,Peralihan II
2024-09-21,3,1.18106,1.75836,0,2024,9,Peralihan II
2024-09-22,3,1.38823,1.75836,0,2024,9,Peralihan II
2024-09-23,3,1.29832,1.75836,0,2024,9,Peralihan II
2024-09-24,3,1.15485,1.75836,0,2024,9,Peralihan II
2024-09-25,3,1.18257,1.75836,0,2024,9,Peralihan II
2024-09-26,3,1.18820,1.75836,0,2024,9,Peralihan II
2024-09-27,3,1.11945,1.75836,0,2024,9,Peralihan II
2024-09-28,3,1.27085,1.75836,0,2024,9,Peralihan II
2024-09-29,3,1.46087,1.75836,0,2024,9,Peralihan II
2024-09-30,3,1.45621,1.75836,0,2024,9,Peralihan II
2024-10-01,3,1.29484,1.75836,0,2024,10,Peralihan II
2024-10-02,3,1.36390,1.75836,0,2024,10,Peralihan II
2024-10-03,3,1.40706,1.75836,0,2024,10,Peralihan II
2024-10-04,3,1.88778,1.75836,1,2024,10,Peralihan II
2024-10-05,3,1.90200,1.75836,1,2024,10,Peralihan II
2024-10-06,3,1.50750,1.75836,0,2024,10,Peralihan II
2024-10-07,3,1.28745,1.75836,0,2024,10,Peralihan II
2024-10-08,3,1.29875,1.75836,0,2024,10,Peralihan II
2024-10-09,3,1.18111,1.75836,0,2024,10,Peralihan II
2024-10-10,3,1.37144,1.75836,0,2024,10,Peralihan II
2024-10-11,3,1.54449,1.75836,0,2024,10,Peralihan II
2024-10-12,3,1.59920,1.75836,0,2024,10,Peralihan II
2024-10-13,3,1.48215,1.75836,0,2024,10,Peralihan II
2024-10-14,3,1.26423,1.75836,0,2024,10,Peralihan II
2024-10-15,3,1.53526,1.75836,0,2024,10,Peralihan II
2024-10-16,3,2.04927,1.75836,1,2024,10,Peralihan II
2024-10-17,3,2.01939,1.75836,1,2024,10,Peralihan II
2024-10-18,3,1.70244,1.75836,0,2024,10,Peralihan II
2024-10-19,3,1.33949,1.75836,0,2024,10,Peralihan II
2024-10-20,3,1.21193,1.75836,0,2024,10,Peralihan II
2024-10-21,3,1.30931,1.75836,0,2024,10,Peralihan II
2024-10-22,3,1.42464,1.75836,0,2024,10,Peralihan II
2024-10-23,3,1.46287,1.75836,0,2024,10,Peralihan II
2024-10-24,3,1.34485,1.75836,0,2024,10,Peralihan II
2024-10-25,3,1.32376,1.75836,0,2024,10,Peralihan II
2024-10-26,3,1.18789,1.75836,0,2024,10,Peralihan II
2024-10-27,3,1.09857,1.75836,0,2024,10,Peralihan II
2024-10-28,3,1.22709,1.75836,0,2024,10,Peralihan II
2024-10-29,3,1.33650,1.75836,0,2024,10,Peralihan II
2024-10-30,3,1.32598,1.75836,0,2024,10,Peralihan II
2024-10-31,3,1.20738,1.75836,0,2024,10,Peralihan II
2024-11-01,3,1.01994,1.75836,0,2024,11,Peralihan II
2024-11-02,3,0.86040,1.75836,0,2024,11,Peralihan II
2024-11-03,3,0.70489,1.75836,0,2024,11,Peralihan II
2024-11-04,3,0.68994,1.75836,0,2024,11,Peralihan II
2024-11-05,3,0.92079,1.75836,0,2024,11,Peralihan II
2024-11-06,3,1.01161,1.75836,0,2024,11,Peralihan II
2024-11-07,3,1.08009,1.75836,0,2024,11,Peralihan II
2024-11-08,3,1.20095,1.75836,0,2024,11,Peralihan II
2024-11-09,3,1.29073,1.75836,0,2024,11,Peralihan II
2024-11-10,3,1.26370,1.75836,0,2024,11,Peralihan II
2024-11-11,3,1.25372,1.75836,0,2024,11,Peralihan II
2024-11-12,3,1.14199,1.75836,0,2024,11,Peralihan II
2024-11-13,3,0.99630,1.75836,0,2024,11,Peralihan II
2024-11-14,3,1.02787,1.75836,0,2024,11,Peralihan II
2024-11-15,3,1.08942,1.75836,0,2024,11,Peralihan II
2024-11-16,3,1.05901,1.75836,0,2024,11,Peralihan II
2024-11-17,3,0.97771,1.75836,0,2024,11,Peralihan II
2024-11-18,3,1.05583,1.75836,0,2024,11,Peralihan II
2024-11-19,3,1.08485,1.75836,0,2024,11,Peralihan II
2024-11-20,3,1.05531,1.75836,0,2024,11,Peralihan II
2024-11-21,3,1.02002,1.75836,0,2024,11,Peralihan II
2024-11-22,3,0.98136,1.75836,0,2024,11,Peralihan II
2024-11-23,3,0.98971,1.75836,0,2024,11,Peralihan II
2024-11-24,3,1.03490,1.75836,0,2024,11,Peralihan II
2024-11-25,3,0.97747,1.75836,0,2024,11,Peralihan II
2024-11-26,3,0.91387,1.75836,0,2024,11,Peralihan II
2024-11-27,3,0.99600,1.75836,0,2024,11,Peralihan II
2024-11-28,3,1.14774,1.75836,0,2024,11,Peralihan II
2024-11-29,3,1.16375,1.75836,0,2024,11,Peralihan II
2024-11-30,3,1.11723,1.75836,0,2024,11,Peralihan II
2024-12-01,3,1.09754,1.75836,0,2024,12,Barat
2024-12-02,3,1.13997,1.75836,0,2024,12,Barat
2024-12-03,3,1.25960,1.75836,0,2024,12,Barat
2024-12-04,3,1.49027,1.75836,0,2024,12,Barat
2024-12-05,3,1.52921,1.75836,0,2024,12,Barat
2024-12-06,3,1.52824,1.75836,0,2024,12,Barat
2024-12-07,3,1.25657,1.75836,0,2024,12,Barat
2024-12-08,3,1.32812,1.75836,0,2024,12,Barat
2024-12-09,3,1.53962,1.75836,0,2024,12,Barat
2024-12-10,3,1.80840,1.75836,1,2024,12,Barat
2024-12-11,3,1.67282,1.75836,0,2024,12,Barat
2024-12-12,3,1.35494,1.75836,0,2024,12,Barat
2024-12-13,3,1.13598,1.75836,0,2024,12,Barat
2024-12-14,3,0.97843,1.75836,0,2024,12,Barat
2024-12-15,3,0.99945,1.75836,0,2024,12,Barat
2024-12-16,3,1.07990,1.75836,0,2024,12,Barat
2024-12-17,3,1.51186,1.75836,0,2024,12,Barat
2024-12-18,3,1.70754,1.75836,0,2024,12,Barat
2024-12-19,3,1.67531,1.75836,0,2024,12,Barat
2024-12-20,3,1.58350,1.75836,0,2024,12,Barat
2024-12-21,3,1.60787,1.75836,0,2024,12,Barat
2024-12-22,3,1.49284,1.75836,0,2024,12,Barat
2024-12-23,3,1.37895,1.75836,0,2024,12,Barat
2024-12-24,3,1.30799,1.75836,0,2024,12,Barat
2024-12-25,3,1.19991,1.75836,0,2024,12,Barat
2024-12-26,3,1.33702,1.75836,0,2024,12,Barat
2024-12-27,3,1.41131,1.75836,0,2024,12,Barat
2024-12-28,3,1.33068,1.75836,0,2024,12,Barat
2024-12-29,3,1.28932,1.75836,0,2024,12,Barat
2024-12-30,3,1.23941,1.75836,0,2024,12,Barat
2024-12-31,3,1.27979,1.75836,0,2024,12,Barat
2025-01-01,3,1.27251,1.75836,0,2025,1,Barat
2025-01-02,3,1.26301,1.75836,0,2025,1,Barat
2025-01-03,3,1.27703,1.75836,0,2025,1,Barat
2025-01-04,3,1.20776,1.75836,0,2025,1,Barat
2025-01-05,3,0.98028,1.75836,0,2025,1,Barat
2025-01-06,3,0.83708,1.75836,0,2025,1,Barat
2025-01-07,3,0.87780,1.75836,0,2025,1,Barat
2025-01-08,3,0.96901,1.75836,0,2025,1,Barat
2025-01-09,3,0.82425,1.75836,0,2025,1,Barat
2025-01-10,3,0.78261,1.75836,0,2025,1,Barat
2025-01-11,3,0.84185,1.75836,0,2025,1,Barat
2025-01-12,3,1.01700,1.75836,0,2025,1,Barat
2025-01-13,3,1.06537,1.75836,0,2025,1,Barat
2025-01-14,3,1.24843,1.75836,0,2025,1,Barat
2025-01-15,3,1.53966,1.75836,0,2025,1,Barat
2025-01-16,3,1.66050,1.75836,0,2025,1,Barat
2025-01-17,3,1.79963,1.75836,1,2025,1,Barat
2025-01-18,3,1.67350,1.75836,0,2025,1,Barat
2025-01-19,3,1.86356,1.75836,1,2025,1,Barat
2025-01-20,3,2.01943,1.75836,1,2025,1,Barat
2025-01-21,3,1.72830,1.75836,0,2025,1,Barat
2025-01-22,3,1.28513,1.75836,0,2025,1,Barat
2025-01-23,3,1.09667,1.75836,0,2025,1,Barat
2025-01-24,3,0.98415,1.75836,0,2025,1,Barat
2025-01-25,3,0.85035,1.75836,0,2025,1,Barat
2025-01-26,3,0.96183,1.75836,0,2025,1,Barat
2025-01-27,3,1.18236,1.75836,0,2025,1,Barat
2025-01-28,3,1.13088,1.75836,0,2025,1,Barat
2025-01-29,3,1.20454,1.75836,0,2025,1,Barat
2025-01-30,3,1.49426,1.75836,0,2025,1,Barat
2025-01-31,3,1.57257,1.75836,0,2025,1,Barat
2025-02-01,3,1.61140,1.75836,0,2025,2,Barat
2025-02-02,3,1.93323,1.75836,1,2025,2,Barat
2025-02-03,3,2.86019,1.75836,1,2025,2,Barat
2025-02-04,3,3.00226,1.75836,1,2025,2,Barat
2025-02-05,3,2.35249,1.75836,1,2025,2,Barat
2025-02-06,3,2.26410,1.75836,1,2025,2,Barat
2025-02-07,3,2.00506,1.75836,1,2025,2,Barat
2025-02-08,3,1.71795,1.75836,0,2025,2,Barat
2025-02-09,3,1.83922,1.75836,1,2025,2,Barat
2025-02-10,3,1.84655,1.75836,1,2025,2,Barat
2025-02-11,3,1.74699,1.75836,0,2025,2,Barat
2025-02-12,3,1.68983,1.75836,0,2025,2,Barat
2025-02-13,3,1.57846,1.75836,0,2025,2,Barat
2025-02-14,3,1.55449,1.75836,0,2025,2,Barat
2025-02-15,3,1.47656,1.75836,0,2025,2,Barat
2025-02-16,3,1.19451,1.75836,0,2025,2,Barat
2025-02-17,3,0.94719,1.75836,0,2025,2,Barat
2025-02-18,3,0.93612,1.75836,0,2025,2,Barat
2025-02-19,3,1.05256,1.75836,0,2025,2,Barat
2025-02-20,3,1.01277,1.75836,0,2025,2,Barat
2025-02-21,3,1.02328,1.75836,0,2025,2,Barat
2025-02-22,3,1.08022,1.75836,0,2025,2,Barat
2025-02-23,3,1.06072,1.75836,0,2025,2,Barat
2025-02-24,3,1.00112,1.75836,0,2025,2,Barat
2025-02-25,3,0.98712,1.75836,0,2025,2,Barat
2025-02-26,3,1.08602,1.75836,0,2025,2,Barat
2025-02-27,3,1.00467,1.75836,0,2025,2,Barat
2025-02-28,3,0.86912,1.75836,0,2025,2,Barat
2025-03-01,3,0.89043,1.75836,0,2025,3,Peralihan I
2025-03-02,3,0.92045,1.75836,0,2025,3,Peralihan I
2025-03-03,3,0.93269,1.75836,0,2025,3,Peralihan I
2025-03-04,3,0.92194,1.75836,0,2025,3,Peralihan I
2025-03-05,3,0.91463,1.75836,0,2025,3,Peralihan I
2025-03-06,3,1.03566,1.75836,0,2025,3,Peralihan I
2025-03-07,3,1.18502,1.75836,0,2025,3,Peralihan I
2025-03-08,3,1.06458,1.75836,0,2025,3,Peralihan I
2025-03-09,3,0.92201,1.75836,0,2025,3,Peralihan I
2025-03-10,3,1.26508,1.75836,0,2025,3,Peralihan I
2025-03-11,3,1.41141,1.75836,0,2025,3,Peralihan I
2025-03-12,3,1.33381,1.75836,0,2025,3,Peralihan I
2025-03-13,3,1.11074,1.75836,0,2025,3,Peralihan I
2025-03-14,3,0.95749,1.75836,0,2025,3,Peralihan I
2025-03-15,3,1.19023,1.75836,0,2025,3,Peralihan I
2025-03-16,3,1.31699,1.75836,0,2025,3,Peralihan I
2025-03-17,3,1.29451,1.75836,0,2025,3,Peralihan I
2025-03-18,3,1.34012,1.75836,0,2025,3,Peralihan I
2025-03-19,3,1.30771,1.75836,0,2025,3,Peralihan I
2025-03-20,3,1.24996,1.75836,0,2025,3,Peralihan I
2025-03-21,3,1.31504,1.75836,0,2025,3,Peralihan I
2025-03-22,3,1.66291,1.75836,0,2025,3,Peralihan I
2025-03-23,3,1.75477,1.75836,0,2025,3,Peralihan I
2025-03-24,3,1.77369,1.75836,1,2025,3,Peralihan I
2025-03-25,3,1.59588,1.75836,0,2025,3,Peralihan I
2025-03-26,3,1.51487,1.75836,0,2025,3,Peralihan I
2025-03-27,3,1.39087,1.75836,0,2025,3,Peralihan I
2025-03-28,3,1.24573,1.75836,0,2025,3,Peralihan I
2025-03-29,3,1.22933,1.75836,0,2025,3,Peralihan I
2025-03-30,3,0.98267,1.75836,0,2025,3,Peralihan I
2025-03-31,3,0.83845,1.75836,0,2025,3,Peralihan I
2025-04-01,3,0.84487,1.75836,0,2025,4,Peralihan I
2025-04-02,3,0.81316,1.75836,0,2025,4,Peralihan I
2025-04-03,3,0.70163,1.75836,0,2025,4,Peralihan I
2025-04-04,3,1.06315,1.75836,0,2025,4,Peralihan I
2025-04-05,3,1.13590,1.75836,0,2025,4,Peralihan I
2025-04-06,3,1.08106,1.75836,0,2025,4,Peralihan I
2025-04-07,3,1.09195,1.75836,0,2025,4,Peralihan I
2025-04-08,3,0.99382,1.75836,0,2025,4,Peralihan I
2025-04-09,3,0.90705,1.75836,0,2025,4,Peralihan I
2025-04-10,3,0.88374,1.75836,0,2025,4,Peralihan I
2025-04-11,3,0.96174,1.75836,0,2025,4,Peralihan I
2025-04-12,3,1.16291,1.75836,0,2025,4,Peralihan I
2025-04-13,3,1.43720,1.75836,0,2025,4,Peralihan I
2025-04-14,3,1.47212,1.75836,0,2025,4,Peralihan I
2025-04-15,3,1.32081,1.75836,0,2025,4,Peralihan I
2025-04-16,3,1.19653,1.75836,0,2025,4,Peralihan I
2025-04-17,3,1.27077,1.75836,0,2025,4,Peralihan I
2025-04-18,3,1.50172,1.75836,0,2025,4,Peralihan I
2025-04-19,3,1.42159,1.75836,0,2025,4,Peralihan I
2025-04-20,3,1.23938,1.75836,0,2025,4,Peralihan I
2025-04-21,3,1.14441,1.75836,0,2025,4,Peralihan I
2025-04-22,3,1.03100,1.75836,0,2025,4,Peralihan I
2025-04-23,3,1.09697,1.75836,0,2025,4,Peralihan I
2025-04-24,3,1.06891,1.75836,0,2025,4,Peralihan I
2025-04-25,3,1.06567,1.75836,0,2025,4,Peralihan I
2025-04-26,3,1.28515,1.75836,0,2025,4,Peralihan I
2025-04-27,3,1.27273,1.75836,0,2025,4,Peralihan I
2025-04-28,3,1.11307,1.75836,0,2025,4,Peralihan I
2025-04-29,3,1.18073,1.75836,0,2025,4,Peralihan I
2025-04-30,3,1.19119,1.75836,0,2025,4,Peralihan I
2025-05-01,3,1.25733,1.75836,0,2025,5,Peralihan I
2025-05-02,3,1.24068,1.75836,0,2025,5,Peralihan I
2025-05-03,3,1.12887,1.75836,0,2025,5,Peralihan I
2025-05-04,3,1.13662,1.75836,0,2025,5,Peralihan I
2025-05-05,3,1.81115,1.75836,1,2025,5,Peralihan I
2025-05-06,3,1.81021,1.75836,1,2025,5,Peralihan I
2025-05-07,3,1.66615,1.75836,0,2025,5,Peralihan I
2025-05-08,3,1.46422,1.75836,0,2025,5,Peralihan I
2025-05-09,3,1.36091,1.75836,0,2025,5,Peralihan I
2025-05-10,3,1.18982,1.75836,0,2025,5,Peralihan I
2025-05-11,3,1.06767,1.75836,0,2025,5,Peralihan I
2025-05-12,3,1.04892,1.75836,0,2025,5,Peralihan I
2025-05-13,3,1.13375,1.75836,0,2025,5,Peralihan I
2025-05-14,3,1.11310,1.75836,0,2025,5,Peralihan I
2025-05-15,3,1.12145,1.75836,0,2025,5,Peralihan I
2025-05-16,3,1.24856,1.75836,0,2025,5,Peralihan I
2025-05-17,3,1.33474,1.75836,0,2025,5,Peralihan I
2025-05-18,3,1.43875,1.75836,0,2025,5,Peralihan I
2025-05-19,3,1.34799,1.75836,0,2025,5,Peralihan I
2025-05-20,3,1.35144,1.75836,0,2025,5,Peralihan I
2025-05-21,3,1.40412,1.75836,0,2025,5,Peralihan I
2025-05-22,3,1.48113,1.75836,0,2025,5,Peralihan I
2025-05-23,3,1.59423,1.75836,0,2025,5,Peralihan I
2025-05-24,3,1.50398,1.75836,0,2025,5,Peralihan I
2025-05-25,3,1.27104,1.75836,0,2025,5,Peralihan I
2025-05-26,3,1.22314,1.75836,0,2025,5,Peralihan I
2025-05-27,3,1.08028,1.75836,0,2025,5,Peralihan I
2025-05-28,3,1.10200,1.75836,0,2025,5,Peralihan I
2025-05-29,3,1.07048,1.75836,0,2025,5,Peralihan I
2025-05-30,3,1.21440,1.75836,0,2025,5,Peralihan I
2025-05-31,3,1.45165,1.75836,0,2025,5,Peralihan I
2025-06-01,3,1.41356,1.75836,0,2025,6,Timur
2025-06-02,3,1.29377,1.75836,0,2025,6,Timur
2025-06-03,3,1.33022,1.75836,0,2025,6,Timur
2025-06-04,3,1.50412,1.75836,0,2025,6,Timur
2025-06-05,3,1.51880,1.75836,0,2025,6,Timur
2025-06-06,3,1.37774,1.75836,0,2025,6,Timur
2025-06-07,3,1.30079,1.75836,0,2025,6,Timur
2025-06-08,3,1.56792,1.75836,0,2025,6,Timur
2025-06-09,3,1.61048,1.75836,0,2025,6,Timur
2025-06-10,3,1.47266,1.75836,0,2025,6,Timur
2025-06-11,3,1.50033,1.75836,0,2025,6,Timur
2025-06-12,3,1.81171,1.75836,1,2025,6,Timur
2025-06-13,3,1.82628,1.75836,1,2025,6,Timur
2025-06-14,3,1.50453,1.75836,0,2025,6,Timur
2025-06-15,3,1.37357,1.75836,0,2025,6,Timur
2025-06-16,3,1.59263,1.75836,0,2025,6,Timur
2025-06-17,3,1.57572,1.75836,0,2025,6,Timur
2025-06-18,3,1.32794,1.75836,0,2025,6,Timur
2025-06-19,3,1.22358,1.75836,0,2025,6,Timur
2025-06-20,3,1.53881,1.75836,0,2025,6,Timur
2025-06-21,3,1.59683,1.75836,0,2025,6,Timur
2025-06-22,3,1.92677,1.75836,1,2025,6,Timur
2025-06-23,3,2.00052,1.75836,1,2025,6,Timur
2025-06-24,3,1.84048,1.75836,1,2025,6,Timur
2025-06-25,3,1.56325,1.75836,0,2025,6,Timur
2025-06-26,3,1.57337,1.75836,0,2025,6,Timur
2025-06-27,3,1.65973,1.75836,0,2025,6,Timur
2025-06-28,3,1.82748,1.75836,1,2025,6,Timur
2025-06-29,3,1.83003,1.75836,1,2025,6,Timur
2025-06-30,3,1.71227,1.75836,0,2025,6,Timur
2025-07-01,3,1.51336,1.75836,0,2025,7,Timur
2025-07-02,3,1.47704,1.75836,0,2025,7,Timur
2025-07-03,3,1.39668,1.75836,0,2025,7,Timur
2025-07-04,3,1.29975,1.75836,0,2025,7,Timur
2025-07-05,3,1.15160,1.75836,0,2025,7,Timur
2025-07-06,3,1.15407,1.75836,0,2025,7,Timur
2025-07-07,3,1.28663,1.75836,0,2025,7,Timur
2025-07-08,3,1.48781,1.75836,0,2025,7,Timur
2025-07-09,3,1.98727,1.75836,1,2025,7,Timur
2025-07-10,3,1.90558,1.75836,1,2025,7,Timur
2025-07-11,3,1.64147,1.75836,0,2025,7,Timur
2025-07-12,3,1.51927,1.75836,0,2025,7,Timur
2025-07-13,3,1.61310,1.75836,0,2025,7,Timur
2025-07-14,3,1.54016,1.75836,0,2025,7,Timur
2025-07-15,3,1.48083,1.75836,0,2025,7,Timur
2025-07-16,3,1.45884,1.75836,0,2025,7,Timur
2025-07-17,3,1.61909,1.75836,0,2025,7,Timur
2025-07-18,3,1.89612,1.75836,1,2025,7,Timur
2025-07-19,3,1.92282,1.75836,1,2025,7,Timur
2025-07-20,3,1.88016,1.75836,1,2025,7,Timur
2025-07-21,3,1.76000,1.75836,1,2025,7,Timur
2025-07-22,3,1.30283,1.75836,0,2025,7,Timur
2025-07-23,3,1.17299,1.75836,0,2025,7,Timur
2025-07-24,3,1.15641,1.75836,0,2025,7,Timur
2025-07-25,3,1.51266,1.75836,0,2025,7,Timur
2025-07-26,3,1.87932,1.75836,1,2025,7,Timur
2025-07-27,3,1.77499,1.75836,1,2025,7,Timur
2025-07-28,3,1.74723,1.75836,0,2025,7,Timur
2025-07-29,3,2.01382,1.75836,1,2025,7,Timur
2025-07-30,3,1.96408,1.75836,1,2025,7,Timur
2025-07-31,3,1.75662,1.75836,0,2025,7,Timur
2025-08-01,3,1.43188,1.75836,0,2025,8,Timur
2025-08-02,3,1.19959,1.75836,0,2025,8,Timur
2025-08-03,3,1.35683,1.75836,0,2025,8,Timur
2025-08-04,3,1.89653,1.75836,1,2025,8,Timur
2025-08-05,3,2.38116,1.75836,1,2025,8,Timur
2025-08-06,3,2.29993,1.75836,1,2025,8,Timur
2025-08-07,3,1.69940,1.75836,0,2025,8,Timur
2025-08-08,3,1.54747,1.75836,0,2025,8,Timur
2025-08-09,3,1.35878,1.75836,0,2025,8,Timur
2025-08-10,3,1.19877,1.75836,0,2025,8,Timur
2025-08-11,3,1.52246,1.75836,0,2025,8,Timur
2025-08-12,3,1.67750,1.75836,0,2025,8,Timur
2025-08-13,3,1.61132,1.75836,0,2025,8,Timur
2025-08-14,3,1.47763,1.75836,0,2025,8,Timur
2025-08-15,3,1.37646,1.75836,0,2025,8,Timur
2025-08-16,3,1.47924,1.75836,0,2025,8,Timur
2025-08-17,3,1.44077,1.75836,0,2025,8,Timur
2025-08-18,3,1.23064,1.75836,0,2025,8,Timur
2025-08-19,3,1.08596,1.75836,0,2025,8,Timur
2025-08-20,3,1.07330,1.75836,0,2025,8,Timur
2025-08-21,3,1.16143,1.75836,0,2025,8,Timur
2025-08-22,3,1.73625,1.75836,0,2025,8,Timur
2025-08-23,3,1.81616,1.75836,1,2025,8,Timur
2025-08-24,3,1.56533,1.75836,0,2025,8,Timur
2025-08-25,3,1.60571,1.75836,0,2025,8,Timur
2025-08-26,3,1.82937,1.75836,1,2025,8,Timur
2025-08-27,3,2.04845,1.75836,1,2025,8,Timur
2025-08-28,3,1.92553,1.75836,1,2025,8,Timur
2025-08-29,3,1.55390,1.75836,0,2025,8,Timur
2025-08-30,3,1.41479,1.75836,0,2025,8,Timur
2025-08-31,3,1.27751,1.75836,0,2025,8,Timur
2025-09-01,3,1.45451,1.75836,0,2025,9,Peralihan II
2025-09-02,3,1.66138,1.75836,0,2025,9,Peralihan II
2025-09-03,3,1.50930,1.75836,0,2025,9,Peralihan II
2025-09-04,3,1.47753,1.75836,0,2025,9,Peralihan II
2025-09-05,3,1.46369,1.75836,0,2025,9,Peralihan II
2025-09-06,3,1.48910,1.75836,0,2025,9,Peralihan II
2025-09-07,3,1.69083,1.75836,0,2025,9,Peralihan II
2025-09-08,3,1.89760,1.75836,1,2025,9,Peralihan II
2025-09-09,3,1.83825,1.75836,1,2025,9,Peralihan II
2025-09-10,3,1.67457,1.75836,0,2025,9,Peralihan II
2025-09-11,3,1.43851,1.75836,0,2025,9,Peralihan II
2025-09-12,3,1.18493,1.75836,0,2025,9,Peralihan II
2025-09-13,3,1.15669,1.75836,0,2025,9,Peralihan II
2025-09-14,3,1.17696,1.75836,0,2025,9,Peralihan II
2025-09-15,3,1.17997,1.75836,0,2025,9,Peralihan II
2025-09-16,3,1.71146,1.75836,0,2025,9,Peralihan II
2025-09-17,3,1.78865,1.75836,1,2025,9,Peralihan II
2025-09-18,3,1.53980,1.75836,0,2025,9,Peralihan II
2025-09-19,3,1.35840,1.75836,0,2025,9,Peralihan II
2025-09-20,3,1.50850,1.75836,0,2025,9,Peralihan II
2025-09-21,3,1.52090,1.75836,0,2025,9,Peralihan II
2025-09-22,3,1.42956,1.75836,0,2025,9,Peralihan II
2025-09-23,3,1.53488,1.75836,0,2025,9,Peralihan II
2025-09-24,3,1.53861,1.75836,0,2025,9,Peralihan II
2025-09-25,3,1.44093,1.75836,0,2025,9,Peralihan II
2025-09-26,3,1.45076,1.75836,0,2025,9,Peralihan II
2025-09-27,3,1.47006,1.75836,0,2025,9,Peralihan II
2025-09-28,3,1.22398,1.75836,0,2025,9,Peralihan II
2025-09-29,3,1.26631,1.75836,0,2025,9,Peralihan II
2025-09-30,3,1.27098,1.75836,0,2025,9,Peralihan II
2025-10-01,3,1.20258,1.75836,0,2025,10,Peralihan II
2025-10-02,3,1.18555,1.75836,0,2025,10,Peralihan II
2025-10-03,3,1.62905,1.75836,0,2025,10,Peralihan II
2025-10-04,3,1.63586,1.75836,0,2025,10,Peralihan II
2025-10-05,3,1.37258,1.75836,0,2025,10,Peralihan II
2025-10-06,3,1.33986,1.75836,0,2025,10,Peralihan II
2025-10-07,3,1.41630,1.75836,0,2025,10,Peralihan II
2025-10-08,3,1.44556,1.75836,0,2025,10,Peralihan II
2025-10-09,3,1.29949,1.75836,0,2025,10,Peralihan II
2025-10-10,3,1.16051,1.75836,0,2025,10,Peralihan II
2025-10-11,3,1.26704,1.75836,0,2025,10,Peralihan II
2025-10-12,3,1.29623,1.75836,0,2025,10,Peralihan II
2025-10-13,3,1.12065,1.75836,0,2025,10,Peralihan II
2025-10-14,3,1.56286,1.75836,0,2025,10,Peralihan II
2025-10-15,3,1.78140,1.75836,1,2025,10,Peralihan II
2025-10-16,3,1.74769,1.75836,0,2025,10,Peralihan II
2025-10-17,3,1.45267,1.75836,0,2025,10,Peralihan II
2025-10-18,3,1.36625,1.75836,0,2025,10,Peralihan II
2025-10-19,3,1.11050,1.75836,0,2025,10,Peralihan II
2025-10-20,3,1.16358,1.75836,0,2025,10,Peralihan II
2025-10-21,3,1.22960,1.75836,0,2025,10,Peralihan II
2025-10-22,3,1.23936,1.75836,0,2025,10,Peralihan II
2025-10-23,3,1.11834,1.75836,0,2025,10,Peralihan II
2025-10-24,3,1.04563,1.75836,0,2025,10,Peralihan II
2025-10-25,3,1.02562,1.75836,0,2025,10,Peralihan II
2025-10-26,3,0.98204,1.75836,0,2025,10,Peralihan II
2025-10-27,3,0.92312,1.75836,0,2025,10,Peralihan II
2025-10-28,3,0.93987,1.75836,0,2025,10,Peralihan II
2025-10-29,3,1.02476,1.75836,0,2025,10,Peralihan II
2025-10-30,3,1.23684,1.75836,0,2025,10,Peralihan II
2025-10-31,3,1.29968,1.75836,0,2025,10,Peralihan II
2025-11-01,3,1.25173,1.75836,0,2025,11,Peralihan II
2025-11-02,3,1.20696,1.75836,0,2025,11,Peralihan II
2025-11-03,3,1.30977,1.75836,0,2025,11,Peralihan II
2025-11-04,3,1.14527,1.75836,0,2025,11,Peralihan II
2025-11-05,3,1.28758,1.75836,0,2025,11,Peralihan II
2025-11-06,3,1.46960,1.75836,0,2025,11,Peralihan II
2025-11-07,3,1.47846,1.75836,0,2025,11,Peralihan II
2025-11-08,3,1.28122,1.75836,0,2025,11,Peralihan II
2025-11-09,3,1.21963,1.75836,0,2025,11,Peralihan II
2025-11-10,3,1.08993,1.75836,0,2025,11,Peralihan II
2025-11-11,3,0.90167,1.75836,0,2025,11,Peralihan II
2025-11-12,3,0.92698,1.75836,0,2025,11,Peralihan II
2025-11-13,3,1.10075,1.75836,0,2025,11,Peralihan II
2025-11-14,3,1.09603,1.75836,0,2025,11,Peralihan II
2025-11-15,3,1.03858,1.75836,0,2025,11,Peralihan II
2025-11-16,3,1.13185,1.75836,0,2025,11,Peralihan II
2025-11-17,3,1.15113,1.75836,0,2025,11,Peralihan II
2025-11-18,3,1.05699,1.75836,0,2025,11,Peralihan II
2025-11-19,3,0.93052,1.75836,0,2025,11,Peralihan II
2025-11-20,3,0.82401,1.75836,0,2025,11,Peralihan II
2025-11-21,3,0.85644,1.75836,0,2025,11,Peralihan II
2025-11-22,3,0.94604,1.75836,0,2025,11,Peralihan II
2025-11-23,3,0.92301,1.75836,0,2025,11,Peralihan II
2025-11-24,3,0.89160,1.75836,0,2025,11,Peralihan II
2025-11-25,3,0.97720,1.75836,0,2025,11,Peralihan II
2025-11-26,3,1.06470,1.75836,0,2025,11,Peralihan II
2025-11-27,3,1.09146,1.75836,0,2025,11,Peralihan II
2025-11-28,3,1.16704,1.75836,0,2025,11,Peralihan II
2025-11-29,3,1.27443,1.75836,0,2025,11,Peralihan II
2025-11-30,3,1.22249,1.75836,0,2025,11,Peralihan II
2025-12-01,3,1.09578,1.75836,0,2025,12,Barat
2025-12-02,3,1.10145,1.75836,0,2025,12,Barat
2025-12-03,3,1.03661,1.75836,0,2025,12,Barat
2025-12-04,3,0.93765,1.75836,0,2025,12,Barat
2025-12-05,3,0.81684,1.75836,0,2025,12,Barat
2025-12-06,3,0.91327,1.75836,0,2025,12,Barat
2025-12-07,3,1.02453,1.75836,0,2025,12,Barat
2025-12-08,3,1.04868,1.75836,0,2025,12,Barat
2025-12-09,3,1.08528,1.75836,0,2025,12,Barat
2025-12-10,3,1.04087,1.75836,0,2025,12,Barat
2025-12-11,3,1.05197,1.75836,0,2025,12,Barat
2025-12-12,3,1.13719,1.75836,0,2025,12,Barat
2025-12-13,3,1.20568,1.75836,0,2025,12,Barat
2025-12-14,3,1.25061,1.75836,0,2025,12,Barat
2025-12-15,3,1.17670,1.75836,0,2025,12,Barat
2025-12-16,3,1.20075,1.75836,0,2025,12,Barat
2025-12-17,3,1.13721,1.75836,0,2025,12,Barat
2025-12-18,3,1.13202,1.75836,0,2025,12,Barat
2025-12-19,3,1.17512,1.75836,0,2025,12,Barat
2025-12-20,3,1.21554,1.75836,0,2025,12,Barat
2025-12-21,3,1.15680,1.75836,0,2025,12,Barat
2025-12-22,3,1.23660,1.75836,0,2025,12,Barat
2025-12-23,3,1.22166,1.75836,0,2025,12,Barat
2025-12-24,3,1.32812,1.75836,0,2025,12,Barat
2025-12-25,3,1.30663,1.75836,0,2025,12,Barat
2025-12-26,3,1.21071,1.75836,0,2025,12,Barat
2025-12-27,3,1.41327,1.75836,0,2025,12,Barat
2025-12-28,3,1.46588,1.75836,0,2025,12,Barat
2025-12-29,3,1.34841,1.75836,0,2025,12,Barat
2025-12-30,3,1.26512,1.75836,0,2025,12,Barat
2025-12-31,3,1.29586,1.75836,0,2025,12,Barat
2021-01-01,4,0.93064,1.51611,0,2021,1,Barat
2021-01-02,4,0.87120,1.51611,0,2021,1,Barat
2021-01-03,4,0.78732,1.51611,0,2021,1,Barat
2021-01-04,4,0.82050,1.51611,0,2021,1,Barat
2021-01-05,4,0.92946,1.51611,0,2021,1,Barat
2021-01-06,4,0.93077,1.51611,0,2021,1,Barat
2021-01-07,4,0.85609,1.51611,0,2021,1,Barat
2021-01-08,4,0.88861,1.51611,0,2021,1,Barat
2021-01-09,4,0.91525,1.51611,0,2021,1,Barat
2021-01-10,4,0.92145,1.51611,0,2021,1,Barat
2021-01-11,4,0.93782,1.51611,0,2021,1,Barat
2021-01-12,4,0.85177,1.51611,0,2021,1,Barat
2021-01-13,4,0.83653,1.51611,0,2021,1,Barat
2021-01-14,4,0.91463,1.51611,0,2021,1,Barat
2021-01-15,4,1.05475,1.51611,0,2021,1,Barat
2021-01-16,4,1.13504,1.51611,0,2021,1,Barat
2021-01-17,4,1.12478,1.51611,0,2021,1,Barat
2021-01-18,4,1.09009,1.51611,0,2021,1,Barat
2021-01-19,4,1.09273,1.51611,0,2021,1,Barat
2021-01-20,4,1.11146,1.51611,0,2021,1,Barat
2021-01-21,4,1.20593,1.51611,0,2021,1,Barat
2021-01-22,4,1.15270,1.51611,0,2021,1,Barat
2021-01-23,4,1.10862,1.51611,0,2021,1,Barat
2021-01-24,4,1.08094,1.51611,0,2021,1,Barat
2021-01-25,4,1.22710,1.51611,0,2021,1,Barat
2021-01-26,4,1.26160,1.51611,0,2021,1,Barat
2021-01-27,4,1.41107,1.51611,0,2021,1,Barat
2021-01-28,4,1.63122,1.51611,1,2021,1,Barat
2021-01-29,4,1.68394,1.51611,1,2021,1,Barat
2021-01-30,4,2.27306,1.51611,1,2021,1,Barat
2021-01-31,4,2.23163,1.51611,1,2021,1,Barat
2021-02-01,4,1.97213,1.51611,1,2021,2,Barat
2021-02-02,4,1.88831,1.51611,1,2021,2,Barat
2021-02-03,4,1.79201,1.51611,1,2021,2,Barat
2021-02-04,4,1.99389,1.51611,1,2021,2,Barat
2021-02-05,4,1.70705,1.51611,1,2021,2,Barat
2021-02-06,4,1.57106,1.51611,1,2021,2,Barat
2021-02-07,4,1.31963,1.51611,0,2021,2,Barat
2021-02-08,4,1.28692,1.51611,0,2021,2,Barat
2021-02-09,4,1.18036,1.51611,0,2021,2,Barat
2021-02-10,4,1.12000,1.51611,0,2021,2,Barat
2021-02-11,4,0.99906,1.51611,0,2021,2,Barat
2021-02-12,4,0.93284,1.51611,0,2021,2,Barat
2021-02-13,4,0.97460,1.51611,0,2021,2,Barat
2021-02-14,4,0.96815,1.51611,0,2021,2,Barat
2021-02-15,4,1.01101,1.51611,0,2021,2,Barat
2021-02-16,4,1.02552,1.51611,0,2021,2,Barat
2021-02-17,4,1.22868,1.51611,0,2021,2,Barat
2021-02-18,4,1.27076,1.51611,0,2021,2,Barat
2021-02-19,4,1.51206,1.51611,0,2021,2,Barat
2021-02-20,4,1.54875,1.51611,1,2021,2,Barat
2021-02-21,4,1.43471,1.51611,0,2021,2,Barat
2021-02-22,4,1.27261,1.51611,0,2021,2,Barat
2021-02-23,4,1.46619,1.51611,0,2021,2,Barat
2021-02-24,4,1.72551,1.51611,1,2021,2,Barat
2021-02-25,4,1.50000,1.51611,0,2021,2,Barat
2021-02-26,4,0.97711,1.51611,0,2021,2,Barat
2021-02-27,4,0.97917,1.51611,0,2021,2,Barat
2021-02-28,4,1.13349,1.51611,0,2021,2,Barat
2021-03-01,4,1.09434,1.51611,0,2021,3,Peralihan I
2021-03-02,4,1.18093,1.51611,0,2021,3,Peralihan I
2021-03-03,4,1.13393,1.51611,0,2021,3,Peralihan I
2021-03-04,4,0.96416,1.51611,0,2021,3,Peralihan I
2021-03-05,4,0.91303,1.51611,0,2021,3,Peralihan I
2021-03-06,4,0.88806,1.51611,0,2021,3,Peralihan I
2021-03-07,4,0.94650,1.51611,0,2021,3,Peralihan I
2021-03-08,4,1.11099,1.51611,0,2021,3,Peralihan I
2021-03-09,4,1.15930,1.51611,0,2021,3,Peralihan I
2021-03-10,4,1.18889,1.51611,0,2021,3,Peralihan I
2021-03-11,4,0.99602,1.51611,0,2021,3,Peralihan I
2021-03-12,4,0.80199,1.51611,0,2021,3,Peralihan I
2021-03-13,4,0.68015,1.51611,0,2021,3,Peralihan I
2021-03-14,4,0.63973,1.51611,0,2021,3,Peralihan I
2021-03-15,4,0.63253,1.51611,0,2021,3,Peralihan I
2021-03-16,4,0.58812,1.51611,0,2021,3,Peralihan I
2021-03-17,4,0.51020,1.51611,0,2021,3,Peralihan I
2021-03-18,4,0.53579,1.51611,0,2021,3,Peralihan I
2021-03-19,4,1.13614,1.51611,0,2021,3,Peralihan I
2021-03-20,4,1.55695,1.51611,1,2021,3,Peralihan I
2021-03-21,4,1.40329,1.51611,0,2021,3,Peralihan I
2021-03-22,4,1.09714,1.51611,0,2021,3,Peralihan I
2021-03-23,4,1.07184,1.51611,0,2021,3,Peralihan I
2021-03-24,4,0.97613,1.51611,0,2021,3,Peralihan I
2021-03-25,4,0.79496,1.51611,0,2021,3,Peralihan I
2021-03-26,4,0.66670,1.51611,0,2021,3,Peralihan I
2021-03-27,4,0.58996,1.51611,0,2021,3,Peralihan I
2021-03-28,4,0.63024,1.51611,0,2021,3,Peralihan I
2021-03-29,4,0.66314,1.51611,0,2021,3,Peralihan I
2021-03-30,4,0.69514,1.51611,0,2021,3,Peralihan I
2021-03-31,4,0.77749,1.51611,0,2021,3,Peralihan I
2021-04-01,4,1.09373,1.51611,0,2021,4,Peralihan I
2021-04-02,4,1.61292,1.51611,1,2021,4,Peralihan I
2021-04-03,4,1.31456,1.51611,0,2021,4,Peralihan I
2021-04-04,4,1.34376,1.51611,0,2021,4,Peralihan I
2021-04-05,4,1.37511,1.51611,0,2021,4,Peralihan I
2021-04-06,4,1.80343,1.51611,1,2021,4,Peralihan I
2021-04-07,4,1.91872,1.51611,1,2021,4,Peralihan I
2021-04-08,4,1.39678,1.51611,0,2021,4,Peralihan I
2021-04-09,4,1.09483,1.51611,0,2021,4,Peralihan I
2021-04-10,4,1.11566,1.51611,0,2021,4,Peralihan I
2021-04-11,4,0.97489,1.51611,0,2021,4,Peralihan I
2021-04-12,4,0.81549,1.51611,0,2021,4,Peralihan I
2021-04-13,4,0.73526,1.51611,0,2021,4,Peralihan I
2021-04-14,4,0.73098,1.51611,0,2021,4,Peralihan I
2021-04-15,4,0.89440,1.51611,0,2021,4,Peralihan I
2021-04-16,4,0.86935,1.51611,0,2021,4,Peralihan I
2021-04-17,4,0.85359,1.51611,0,2021,4,Peralihan I
2021-04-18,4,0.79702,1.51611,0,2021,4,Peralihan I
2021-04-19,4,0.86878,1.51611,0,2021,4,Peralihan I
2021-04-20,4,0.86766,1.51611,0,2021,4,Peralihan I
2021-04-21,4,0.79704,1.51611,0,2021,4,Peralihan I
2021-04-22,4,0.81594,1.51611,0,2021,4,Peralihan I
2021-04-23,4,0.76314,1.51611,0,2021,4,Peralihan I
2021-04-24,4,0.83087,1.51611,0,2021,4,Peralihan I
2021-04-25,4,0.96843,1.51611,0,2021,4,Peralihan I
2021-04-26,4,1.05983,1.51611,0,2021,4,Peralihan I
2021-04-27,4,1.10641,1.51611,0,2021,4,Peralihan I
2021-04-28,4,1.01153,1.51611,0,2021,4,Peralihan I
2021-04-29,4,0.94528,1.51611,0,2021,4,Peralihan I
2021-04-30,4,1.04420,1.51611,0,2021,4,Peralihan I
2021-05-01,4,1.17995,1.51611,0,2021,5,Peralihan I
2021-05-02,4,1.07135,1.51611,0,2021,5,Peralihan I
2021-05-03,4,1.14308,1.51611,0,2021,5,Peralihan I
2021-05-04,4,1.24227,1.51611,0,2021,5,Peralihan I
2021-05-05,4,1.21566,1.51611,0,2021,5,Peralihan I
2021-05-06,4,1.00423,1.51611,0,2021,5,Peralihan I
2021-05-07,4,0.88269,1.51611,0,2021,5,Peralihan I
2021-05-08,4,0.93736,1.51611,0,2021,5,Peralihan I
2021-05-09,4,1.16246,1.51611,0,2021,5,Peralihan I
2021-05-10,4,1.28178,1.51611,0,2021,5,Peralihan I
2021-05-11,4,1.28561,1.51611,0,2021,5,Peralihan I
2021-05-12,4,1.20917,1.51611,0,2021,5,Peralihan I
2021-05-13,4,1.14319,1.51611,0,2021,5,Peralihan I
2021-05-14,4,1.16044,1.51611,0,2021,5,Peralihan I
2021-05-15,4,1.28804,1.51611,0,2021,5,Peralihan I
2021-05-16,4,1.22795,1.51611,0,2021,5,Peralihan I
2021-05-17,4,1.12278,1.51611,0,2021,5,Peralihan I
2021-05-18,4,1.12304,1.51611,0,2021,5,Peralihan I
2021-05-19,4,1.06776,1.51611,0,2021,5,Peralihan I
2021-05-20,4,0.92722,1.51611,0,2021,5,Peralihan I
2021-05-21,4,0.93469,1.51611,0,2021,5,Peralihan I
2021-05-22,4,0.91068,1.51611,0,2021,5,Peralihan I
2021-05-23,4,0.82870,1.51611,0,2021,5,Peralihan I
2021-05-24,4,0.87679,1.51611,0,2021,5,Peralihan I
2021-05-25,4,1.15596,1.51611,0,2021,5,Peralihan I
2021-05-26,4,1.45222,1.51611,0,2021,5,Peralihan I
2021-05-27,4,1.49769,1.51611,0,2021,5,Peralihan I
2021-05-28,4,1.37047,1.51611,0,2021,5,Peralihan I
2021-05-29,4,1.18659,1.51611,0,2021,5,Peralihan I
2021-05-30,4,1.25725,1.51611,0,2021,5,Peralihan I
2021-05-31,4,1.18047,1.51611,0,2021,5,Peralihan I
2021-06-01,4,1.16072,1.51611,0,2021,6,Timur
2021-06-02,4,1.15041,1.51611,0,2021,6,Timur
2021-06-03,4,1.12986,1.51611,0,2021,6,Timur
2021-06-04,4,1.16653,1.51611,0,2021,6,Timur
2021-06-05,4,1.12470,1.51611,0,2021,6,Timur
2021-06-06,4,1.05657,1.51611,0,2021,6,Timur
2021-06-07,4,0.93274,1.51611,0,2021,6,Timur
2021-06-08,4,0.94220,1.51611,0,2021,6,Timur
2021-06-09,4,0.92756,1.51611,0,2021,6,Timur
2021-06-10,4,0.89932,1.51611,0,2021,6,Timur
2021-06-11,4,0.97870,1.51611,0,2021,6,Timur
2021-06-12,4,1.01829,1.51611,0,2021,6,Timur
2021-06-13,4,1.00800,1.51611,0,2021,6,Timur
2021-06-14,4,0.94357,1.51611,0,2021,6,Timur
2021-06-15,4,0.95112,1.51611,0,2021,6,Timur
2021-06-16,4,1.30836,1.51611,0,2021,6,Timur
2021-06-17,4,1.49563,1.51611,0,2021,6,Timur
2021-06-18,4,1.43680,1.51611,0,2021,6,Timur
2021-06-19,4,1.36519,1.51611,0,2021,6,Timur
2021-06-20,4,1.21657,1.51611,0,2021,6,Timur
2021-06-21,4,1.02766,1.51611,0,2021,6,Timur
2021-06-22,4,1.09851,1.51611,0,2021,6,Timur
2021-06-23,4,1.32325,1.51611,0,2021,6,Timur
2021-06-24,4,1.26667,1.51611,0,2021,6,Timur
2021-06-25,4,0.98984,1.51611,0,2021,6,Timur
2021-06-26,4,0.96348,1.51611,0,2021,6,Timur
2021-06-27,4,1.12737,1.51611,0,2021,6,Timur
2021-06-28,4,1.23797,1.51611,0,2021,6,Timur
2021-06-29,4,1.30691,1.51611,0,2021,6,Timur
2021-06-30,4,1.32112,1.51611,0,2021,6,Timur
2021-07-01,4,1.30287,1.51611,0,2021,7,Timur
2021-07-02,4,1.34391,1.51611,0,2021,7,Timur
2021-07-03,4,1.34801,1.51611,0,2021,7,Timur
2021-07-04,4,1.27937,1.51611,0,2021,7,Timur
2021-07-05,4,1.15669,1.51611,0,2021,7,Timur
2021-07-06,4,1.08333,1.51611,0,2021,7,Timur
2021-07-07,4,1.20203,1.51611,0,2021,7,Timur
2021-07-08,4,1.27654,1.51611,0,2021,7,Timur
2021-07-09,4,1.11998,1.51611,0,2021,7,Timur
2021-07-10,4,1.14325,1.51611,0,2021,7,Timur
2021-07-11,4,1.32434,1.51611,0,2021,7,Timur
2021-07-12,4,1.45327,1.51611,0,2021,7,Timur
2021-07-13,4,1.54970,1.51611,1,2021,7,Timur
2021-07-14,4,1.82611,1.51611,1,2021,7,Timur
2021-07-15,4,1.78219,1.51611,1,2021,7,Timur
2021-07-16,4,1.52766,1.51611,1,2021,7,Timur
2021-07-17,4,1.23066,1.51611,0,2021,7,Timur
2021-07-18,4,1.18488,1.51611,0,2021,7,Timur
2021-07-19,4,1.16790,1.51611,0,2021,7,Timur
2021-07-20,4,1.13266,1.51611,0,2021,7,Timur
2021-07-21,4,1.10384,1.51611,0,2021,7,Timur
2021-07-22,4,1.00462,1.51611,0,2021,7,Timur
2021-07-23,4,1.03873,1.51611,0,2021,7,Timur
2021-07-24,4,1.03755,1.51611,0,2021,7,Timur
2021-07-25,4,1.12900,1.51611,0,2021,7,Timur
2021-07-26,4,1.23681,1.51611,0,2021,7,Timur
2021-07-27,4,1.30706,1.51611,0,2021,7,Timur
2021-07-28,4,1.28828,1.51611,0,2021,7,Timur
2021-07-29,4,1.58085,1.51611,1,2021,7,Timur
2021-07-30,4,1.57168,1.51611,1,2021,7,Timur
2021-07-31,4,1.63067,1.51611,1,2021,7,Timur
2021-08-01,4,1.83754,1.51611,1,2021,8,Timur
2021-08-02,4,1.77912,1.51611,1,2021,8,Timur
2021-08-03,4,1.54190,1.51611,1,2021,8,Timur
2021-08-04,4,1.39736,1.51611,0,2021,8,Timur
2021-08-05,4,1.25836,1.51611,0,2021,8,Timur
2021-08-06,4,1.36412,1.51611,0,2021,8,Timur
2021-08-07,4,1.46040,1.51611,0,2021,8,Timur
2021-08-08,4,1.46905,1.51611,0,2021,8,Timur
2021-08-09,4,1.32871,1.51611,0,2021,8,Timur
2021-08-10,4,1.28358,1.51611,0,2021,8,Timur
2021-08-11,4,1.92416,1.51611,1,2021,8,Timur
2021-08-12,4,2.05056,1.51611,1,2021,8,Timur
2021-08-13,4,1.76000,1.51611,1,2021,8,Timur
2021-08-14,4,1.41217,1.51611,0,2021,8,Timur
2021-08-15,4,1.30550,1.51611,0,2021,8,Timur
2021-08-16,4,1.27048,1.51611,0,2021,8,Timur
2021-08-17,4,1.34097,1.51611,0,2021,8,Timur
2021-08-18,4,1.35084,1.51611,0,2021,8,Timur
2021-08-19,4,1.18484,1.51611,0,2021,8,Timur
2021-08-20,4,1.02535,1.51611,0,2021,8,Timur
2021-08-21,4,1.08813,1.51611,0,2021,8,Timur
2021-08-22,4,1.09616,1.51611,0,2021,8,Timur
2021-08-23,4,1.18716,1.51611,0,2021,8,Timur
2021-08-24,4,1.29323,1.51611,0,2021,8,Timur
2021-08-25,4,1.33758,1.51611,0,2021,8,Timur
2021-08-26,4,1.20453,1.51611,0,2021,8,Timur
2021-08-27,4,1.06061,1.51611,0,2021,8,Timur
2021-08-28,4,1.14472,1.51611,0,2021,8,Timur
2021-08-29,4,1.43233,1.51611,0,2021,8,Timur
2021-08-30,4,1.45918,1.51611,0,2021,8,Timur
2021-08-31,4,1.22833,1.51611,0,2021,8,Timur
2021-09-01,4,1.14901,1.51611,0,2021,9,Peralihan II
2021-09-02,4,1.43168,1.51611,0,2021,9,Peralihan II
2021-09-03,4,1.59051,1.51611,1,2021,9,Peralihan II
2021-09-04,4,1.62586,1.51611,1,2021,9,Peralihan II
2021-09-05,4,1.55806,1.51611,1,2021,9,Peralihan II
2021-09-06,4,1.25290,1.51611,0,2021,9,Peralihan II
2021-09-07,4,1.36289,1.51611,0,2021,9,Peralihan II
2021-09-08,4,1.44721,1.51611,0,2021,9,Peralihan II
2021-09-09,4,1.39435,1.51611,0,2021,9,Peralihan II
2021-09-10,4,1.51357,1.51611,0,2021,9,Peralihan II
2021-09-11,4,1.53182,1.51611,1,2021,9,Peralihan II
2021-09-12,4,1.25403,1.51611,0,2021,9,Peralihan II
2021-09-13,4,1.03397,1.51611,0,2021,9,Peralihan II
2021-09-14,4,1.04830,1.51611,0,2021,9,Peralihan II
2021-09-15,4,0.94702,1.51611,0,2021,9,Peralihan II
2021-09-16,4,1.13190,1.51611,0,2021,9,Peralihan II
2021-09-17,4,1.34847,1.51611,0,2021,9,Peralihan II
2021-09-18,4,1.51669,1.51611,1,2021,9,Peralihan II
2021-09-19,4,1.49637,1.51611,0,2021,9,Peralihan II
2021-09-20,4,1.37723,1.51611,0,2021,9,Peralihan II
2021-09-21,4,1.18063,1.51611,0,2021,9,Peralihan II
2021-09-22,4,1.15020,1.51611,0,2021,9,Peralihan II
2021-09-23,4,1.03096,1.51611,0,2021,9,Peralihan II
2021-09-24,4,0.92769,1.51611,0,2021,9,Peralihan II
2021-09-25,4,0.86784,1.51611,0,2021,9,Peralihan II
2021-09-26,4,0.93870,1.51611,0,2021,9,Peralihan II
2021-09-27,4,1.02680,1.51611,0,2021,9,Peralihan II
2021-09-28,4,0.99394,1.51611,0,2021,9,Peralihan II
2021-09-29,4,0.88089,1.51611,0,2021,9,Peralihan II
2021-09-30,4,0.92507,1.51611,0,2021,9,Peralihan II
2021-10-01,4,1.01493,1.51611,0,2021,10,Peralihan II
2021-10-02,4,1.12500,1.51611,0,2021,10,Peralihan II
2021-10-03,4,1.34809,1.51611,0,2021,10,Peralihan II
2021-10-04,4,1.40801,1.51611,0,2021,10,Peralihan II
2021-10-05,4,1.37373,1.51611,0,2021,10,Peralihan II
2021-10-06,4,1.30589,1.51611,0,2021,10,Peralihan II
2021-10-07,4,1.30603,1.51611,0,2021,10,Peralihan II
2021-10-08,4,1.21580,1.51611,0,2021,10,Peralihan II
2021-10-09,4,1.16373,1.51611,0,2021,10,Peralihan II
2021-10-10,4,1.16509,1.51611,0,2021,10,Peralihan II
2021-10-11,4,1.28319,1.51611,0,2021,10,Peralihan II
2021-10-12,4,1.27373,1.51611,0,2021,10,Peralihan II
2021-10-13,4,0.98413,1.51611,0,2021,10,Peralihan II
2021-10-14,4,0.95244,1.51611,0,2021,10,Peralihan II
2021-10-15,4,0.91033,1.51611,0,2021,10,Peralihan II
2021-10-16,4,0.87511,1.51611,0,2021,10,Peralihan II
2021-10-17,4,0.90108,1.51611,0,2021,10,Peralihan II
2021-10-18,4,0.96382,1.51611,0,2021,10,Peralihan II
2021-10-19,4,0.84325,1.51611,0,2021,10,Peralihan II
2021-10-20,4,0.94613,1.51611,0,2021,10,Peralihan II
2021-10-21,4,1.32676,1.51611,0,2021,10,Peralihan II
2021-10-22,4,1.41331,1.51611,0,2021,10,Peralihan II
2021-10-23,4,1.21878,1.51611,0,2021,10,Peralihan II
2021-10-24,4,1.23116,1.51611,0,2021,10,Peralihan II
2021-10-25,4,1.13614,1.51611,0,2021,10,Peralihan II
2021-10-26,4,1.01857,1.51611,0,2021,10,Peralihan II
2021-10-27,4,0.97907,1.51611,0,2021,10,Peralihan II
2021-10-28,4,0.98016,1.51611,0,2021,10,Peralihan II
2021-10-29,4,0.93189,1.51611,0,2021,10,Peralihan II
2021-10-30,4,0.91305,1.51611,0,2021,10,Peralihan II
2021-10-31,4,0.80707,1.51611,0,2021,10,Peralihan II
2021-11-01,4,0.71702,1.51611,0,2021,11,Peralihan II
2021-11-02,4,0.69910,1.51611,0,2021,11,Peralihan II
2021-11-03,4,0.78297,1.51611,0,2021,11,Peralihan II
2021-11-04,4,0.92722,1.51611,0,2021,11,Peralihan II
2021-11-05,4,0.81972,1.51611,0,2021,11,Peralihan II
2021-11-06,4,0.79255,1.51611,0,2021,11,Peralihan II
2021-11-07,4,0.79113,1.51611,0,2021,11,Peralihan II
2021-11-08,4,0.80336,1.51611,0,2021,11,Peralihan II
2021-11-09,4,0.79191,1.51611,0,2021,11,Peralihan II
2021-11-10,4,0.80328,1.51611,0,2021,11,Peralihan II
2021-11-11,4,0.77305,1.51611,0,2021,11,Peralihan II
2021-11-12,4,0.81515,1.51611,0,2021,11,Peralihan II
2021-11-13,4,0.76948,1.51611,0,2021,11,Peralihan II
2021-11-14,4,0.64919,1.51611,0,2021,11,Peralihan II
2021-11-15,4,0.56215,1.51611,0,2021,11,Peralihan II
2021-11-16,4,0.53636,1.51611,0,2021,11,Peralihan II
2021-11-17,4,0.56314,1.51611,0,2021,11,Peralihan II
2021-11-18,4,0.61144,1.51611,0,2021,11,Peralihan II
2021-11-19,4,0.69740,1.51611,0,2021,11,Peralihan II
2021-11-20,4,0.73123,1.51611,0,2021,11,Peralihan II
2021-11-21,4,0.67174,1.51611,0,2021,11,Peralihan II
2021-11-22,4,0.59181,1.51611,0,2021,11,Peralihan II
2021-11-23,4,0.57544,1.51611,0,2021,11,Peralihan II
2021-11-24,4,0.70404,1.51611,0,2021,11,Peralihan II
2021-11-25,4,0.93701,1.51611,0,2021,11,Peralihan II
2021-11-26,4,0.93227,1.51611,0,2021,11,Peralihan II
2021-11-27,4,0.83619,1.51611,0,2021,11,Peralihan II
2021-11-28,4,0.68381,1.51611,0,2021,11,Peralihan II
2021-11-29,4,0.71868,1.51611,0,2021,11,Peralihan II
2021-11-30,4,0.78069,1.51611,0,2021,11,Peralihan II
2021-12-01,4,1.03598,1.51611,0,2021,12,Barat
2021-12-02,4,0.88648,1.51611,0,2021,12,Barat
2021-12-03,4,0.95796,1.51611,0,2021,12,Barat
2021-12-04,4,1.07443,1.51611,0,2021,12,Barat
2021-12-05,4,1.37911,1.51611,0,2021,12,Barat
2021-12-06,4,1.23767,1.51611,0,2021,12,Barat
2021-12-07,4,1.16175,1.51611,0,2021,12,Barat
2021-12-08,4,0.98410,1.51611,0,2021,12,Barat
2021-12-09,4,0.99594,1.51611,0,2021,12,Barat
2021-12-10,4,0.91226,1.51611,0,2021,12,Barat
2021-12-11,4,0.90520,1.51611,0,2021,12,Barat
2021-12-12,4,0.97005,1.51611,0,2021,12,Barat
2021-12-13,4,1.00313,1.51611,0,2021,12,Barat
2021-12-14,4,0.96720,1.51611,0,2021,12,Barat
2021-12-15,4,0.95221,1.51611,0,2021,12,Barat
2021-12-16,4,0.90171,1.51611,0,2021,12,Barat
2021-12-17,4,0.89888,1.51611,0,2021,12,Barat
2021-12-18,4,0.91883,1.51611,0,2021,12,Barat
2021-12-19,4,1.04319,1.51611,0,2021,12,Barat
2021-12-20,4,1.05920,1.51611,0,2021,12,Barat
2021-12-21,4,1.27936,1.51611,0,2021,12,Barat
2021-12-22,4,1.17860,1.51611,0,2021,12,Barat
2021-12-23,4,1.28158,1.51611,0,2021,12,Barat
2021-12-24,4,1.39376,1.51611,0,2021,12,Barat
2021-12-25,4,1.23430,1.51611,0,2021,12,Barat
2021-12-26,4,1.22285,1.51611,0,2021,12,Barat
2021-12-27,4,1.21148,1.51611,0,2021,12,Barat
2021-12-28,4,1.18986,1.51611,0,2021,12,Barat
2021-12-29,4,1.05187,1.51611,0,2021,12,Barat
2021-12-30,4,1.04774,1.51611,0,2021,12,Barat
2021-12-31,4,1.06896,1.51611,0,2021,12,Barat
2022-01-01,4,1.02716,1.51611,0,2022,1,Barat
2022-01-02,4,0.84204,1.51611,0,2022,1,Barat
2022-01-03,4,0.72037,1.51611,0,2022,1,Barat
2022-01-04,4,0.78773,1.51611,0,2022,1,Barat
2022-01-05,4,0.80214,1.51611,0,2022,1,Barat
2022-01-06,4,0.79529,1.51611,0,2022,1,Barat
2022-01-07,4,0.78245,1.51611,0,2022,1,Barat
2022-01-08,4,0.77979,1.51611,0,2022,1,Barat
2022-01-09,4,0.74534,1.51611,0,2022,1,Barat
2022-01-10,4,0.77945,1.51611,0,2022,1,Barat
2022-01-11,4,0.93469,1.51611,0,2022,1,Barat
2022-01-12,4,1.06778,1.51611,0,2022,1,Barat
2022-01-13,4,1.21437,1.51611,0,2022,1,Barat
2022-01-14,4,1.48924,1.51611,0,2022,1,Barat
2022-01-15,4,1.68416,1.51611,1,2022,1,Barat
2022-01-16,4,1.71146,1.51611,1,2022,1,Barat
2022-01-17,4,1.54928,1.51611,1,2022,1,Barat
2022-01-18,4,1.30450,1.51611,0,2022,1,Barat
2022-01-19,4,1.18726,1.51611,0,2022,1,Barat
2022-01-20,4,1.09193,1.51611,0,2022,1,Barat
2022-01-21,4,1.21314,1.51611,0,2022,1,Barat
2022-01-22,4,1.34369,1.51611,0,2022,1,Barat
2022-01-23,4,1.34767,1.51611,0,2022,1,Barat
2022-01-24,4,1.45727,1.51611,0,2022,1,Barat
2022-01-25,4,1.66486,1.51611,1,2022,1,Barat
2022-01-26,4,1.95040,1.51611,1,2022,1,Barat
2022-01-27,4,1.68853,1.51611,1,2022,1,Barat
2022-01-28,4,1.38821,1.51611,0,2022,1,Barat
2022-01-29,4,1.27681,1.51611,0,2022,1,Barat
2022-01-30,4,1.39109,1.51611,0,2022,1,Barat
2022-01-31,4,2.49076,1.51611,1,2022,1,Barat
2022-02-01,4,2.09544,1.51611,1,2022,2,Barat
2022-02-02,4,1.47817,1.51611,0,2022,2,Barat
2022-02-03,4,1.26774,1.51611,0,2022,2,Barat
2022-02-04,4,1.33372,1.51611,0,2022,2,Barat
2022-02-05,4,1.25406,1.51611,0,2022,2,Barat
2022-02-06,4,1.11271,1.51611,0,2022,2,Barat
2022-02-07,4,1.10259,1.51611,0,2022,2,Barat
2022-02-08,4,1.12778,1.51611,0,2022,2,Barat
2022-02-09,4,1.16506,1.51611,0,2022,2,Barat
2022-02-10,4,1.16326,1.51611,0,2022,2,Barat
2022-02-11,4,1.08134,1.51611,0,2022,2,Barat
2022-02-12,4,0.99916,1.51611,0,2022,2,Barat
2022-02-13,4,1.01759,1.51611,0,2022,2,Barat
2022-02-14,4,0.93466,1.51611,0,2022,2,Barat
2022-02-15,4,0.90680,1.51611,0,2022,2,Barat
2022-02-16,4,0.90575,1.51611,0,2022,2,Barat
2022-02-17,4,0.81877,1.51611,0,2022,2,Barat
2022-02-18,4,0.88037,1.51611,0,2022,2,Barat
2022-02-19,4,0.92060,1.51611,0,2022,2,Barat
2022-02-20,4,1.12999,1.51611,0,2022,2,Barat
2022-02-21,4,1.21879,1.51611,0,2022,2,Barat
2022-02-22,4,1.20649,1.51611,0,2022,2,Barat
2022-02-23,4,1.20147,1.51611,0,2022,2,Barat
2022-02-24,4,1.02817,1.51611,0,2022,2,Barat
2022-02-25,4,1.18284,1.51611,0,2022,2,Barat
2022-02-26,4,1.28595,1.51611,0,2022,2,Barat
2022-02-27,4,1.20202,1.51611,0,2022,2,Barat
2022-02-28,4,1.17828,1.51611,0,2022,2,Barat
2022-03-01,4,1.38086,1.51611,0,2022,3,Peralihan I
2022-03-02,4,1.53373,1.51611,1,2022,3,Peralihan I
2022-03-03,4,1.64731,1.51611,1,2022,3,Peralihan I
2022-03-04,4,1.52667,1.51611,1,2022,3,Peralihan I
2022-03-05,4,1.25139,1.51611,0,2022,3,Peralihan I
2022-03-06,4,0.99287,1.51611,0,2022,3,Peralihan I
2022-03-07,4,0.90150,1.51611,0,2022,3,Peralihan I
2022-03-08,4,0.84355,1.51611,0,2022,3,Peralihan I
2022-03-09,4,0.76440,1.51611,0,2022,3,Peralihan I
2022-03-10,4,0.73550,1.51611,0,2022,3,Peralihan I
2022-03-11,4,0.69354,1.51611,0,2022,3,Peralihan I
2022-03-12,4,0.60215,1.51611,0,2022,3,Peralihan I
2022-03-13,4,0.56773,1.51611,0,2022,3,Peralihan I
2022-03-14,4,0.54699,1.51611,0,2022,3,Peralihan I
2022-03-15,4,0.55606,1.51611,0,2022,3,Peralihan I
2022-03-16,4,0.54103,1.51611,0,2022,3,Peralihan I
2022-03-17,4,0.54212,1.51611,0,2022,3,Peralihan I
2022-03-18,4,0.66829,1.51611,0,2022,3,Peralihan I
2022-03-19,4,1.16207,1.51611,0,2022,3,Peralihan I
2022-03-20,4,1.14769,1.51611,0,2022,3,Peralihan I
2022-03-21,4,0.98417,1.51611,0,2022,3,Peralihan I
2022-03-22,4,1.04234,1.51611,0,2022,3,Peralihan I
2022-03-23,4,1.05785,1.51611,0,2022,3,Peralihan I
2022-03-24,4,1.03633,1.51611,0,2022,3,Peralihan I
2022-03-25,4,0.85216,1.51611,0,2022,3,Peralihan I
2022-03-26,4,0.71216,1.51611,0,2022,3,Peralihan I
2022-03-27,4,0.66411,1.51611,0,2022,3,Peralihan I
2022-03-28,4,0.80331,1.51611,0,2022,3,Peralihan I
2022-03-29,4,0.83968,1.51611,0,2022,3,Peralihan I
2022-03-30,4,0.83208,1.51611,0,2022,3,Peralihan I
2022-03-31,4,0.81186,1.51611,0,2022,3,Peralihan I
2022-04-01,4,0.74608,1.51611,0,2022,4,Peralihan I
2022-04-02,4,0.67194,1.51611,0,2022,4,Peralihan I
2022-04-03,4,0.53925,1.51611,0,2022,4,Peralihan I
2022-04-04,4,0.65936,1.51611,0,2022,4,Peralihan I
2022-04-05,4,0.85900,1.51611,0,2022,4,Peralihan I
2022-04-06,4,0.88786,1.51611,0,2022,4,Peralihan I
2022-04-07,4,0.88725,1.51611,0,2022,4,Peralihan I
2022-04-08,4,0.79343,1.51611,0,2022,4,Peralihan I
2022-04-09,4,0.79078,1.51611,0,2022,4,Peralihan I
2022-04-10,4,0.85395,1.51611,0,2022,4,Peralihan I
2022-04-11,4,1.01133,1.51611,0,2022,4,Peralihan I
2022-04-12,4,0.98029,1.51611,0,2022,4,Peralihan I
2022-04-13,4,0.88509,1.51611,0,2022,4,Peralihan I
2022-04-14,4,0.74962,1.51611,0,2022,4,Peralihan I
2022-04-15,4,0.67681,1.51611,0,2022,4,Peralihan I
2022-04-16,4,0.68622,1.51611,0,2022,4,Peralihan I
2022-04-17,4,0.72312,1.51611,0,2022,4,Peralihan I
2022-04-18,4,0.88773,1.51611,0,2022,4,Peralihan I
2022-04-19,4,0.92076,1.51611,0,2022,4,Peralihan I
2022-04-20,4,0.89897,1.51611,0,2022,4,Peralihan I
2022-04-21,4,0.88420,1.51611,0,2022,4,Peralihan I
2022-04-22,4,0.77733,1.51611,0,2022,4,Peralihan I
2022-04-23,4,0.72991,1.51611,0,2022,4,Peralihan I
2022-04-24,4,0.71941,1.51611,0,2022,4,Peralihan I
2022-04-25,4,0.66992,1.51611,0,2022,4,Peralihan I
2022-04-26,4,0.75306,1.51611,0,2022,4,Peralihan I
2022-04-27,4,0.81913,1.51611,0,2022,4,Peralihan I
2022-04-28,4,0.94976,1.51611,0,2022,4,Peralihan I
2022-04-29,4,1.21028,1.51611,0,2022,4,Peralihan I
2022-04-30,4,1.27363,1.51611,0,2022,4,Peralihan I
2022-05-01,4,1.15469,1.51611,0,2022,5,Peralihan I
2022-05-02,4,1.05613,1.51611,0,2022,5,Peralihan I
2022-05-03,4,0.87015,1.51611,0,2022,5,Peralihan I
2022-05-04,4,0.91733,1.51611,0,2022,5,Peralihan I
2022-05-05,4,1.09970,1.51611,0,2022,5,Peralihan I
2022-05-06,4,1.17121,1.51611,0,2022,5,Peralihan I
2022-05-07,4,1.30932,1.51611,0,2022,5,Peralihan I
2022-05-08,4,1.22032,1.51611,0,2022,5,Peralihan I
2022-05-09,4,1.27620,1.51611,0,2022,5,Peralihan I
2022-05-10,4,1.19270,1.51611,0,2022,5,Peralihan I
2022-05-11,4,1.07127,1.51611,0,2022,5,Peralihan I
2022-05-12,4,1.03185,1.51611,0,2022,5,Peralihan I
2022-05-13,4,0.91625,1.51611,0,2022,5,Peralihan I
2022-05-14,4,1.04323,1.51611,0,2022,5,Peralihan I
2022-05-15,4,1.21404,1.51611,0,2022,5,Peralihan I
2022-05-16,4,1.02913,1.51611,0,2022,5,Peralihan I
2022-05-17,4,0.89254,1.51611,0,2022,5,Peralihan I
2022-05-18,4,0.89202,1.51611,0,2022,5,Peralihan I
2022-05-19,4,0.98871,1.51611,0,2022,5,Peralihan I
2022-05-20,4,1.03711,1.51611,0,2022,5,Peralihan I
2022-05-21,4,0.95179,1.51611,0,2022,5,Peralihan I
2022-05-22,4,1.04052,1.51611,0,2022,5,Peralihan I
2022-05-23,4,1.31533,1.51611,0,2022,5,Peralihan I
2022-05-24,4,1.73775,1.51611,1,2022,5,Peralihan I
2022-05-25,4,1.66043,1.51611,1,2022,5,Peralihan I
2022-05-26,4,1.36890,1.51611,0,2022,5,Peralihan I
2022-05-27,4,1.05801,1.51611,0,2022,5,Peralihan I
2022-05-28,4,1.08596,1.51611,0,2022,5,Peralihan I
2022-05-29,4,1.08632,1.51611,0,2022,5,Peralihan I
2022-05-30,4,1.03684,1.51611,0,2022,5,Peralihan I
2022-05-31,4,0.93237,1.51611,0,2022,5,Peralihan I
2022-06-01,4,0.78901,1.51611,0,2022,6,Timur
2022-06-02,4,0.78027,1.51611,0,2022,6,Timur
2022-06-03,4,0.79693,1.51611,0,2022,6,Timur
2022-06-04,4,0.85533,1.51611,0,2022,6,Timur
2022-06-05,4,0.82114,1.51611,0,2022,6,Timur
2022-06-06,4,0.82623,1.51611,0,2022,6,Timur
2022-06-07,4,1.02805,1.51611,0,2022,6,Timur
2022-06-08,4,1.10125,1.51611,0,2022,6,Timur
2022-06-09,4,1.22838,1.51611,0,2022,6,Timur
2022-06-10,4,1.32414,1.51611,0,2022,6,Timur
2022-06-11,4,1.49538,1.51611,0,2022,6,Timur
2022-06-12,4,1.41969,1.51611,0,2022,6,Timur
2022-06-13,4,1.38123,1.51611,0,2022,6,Timur
2022-06-14,4,1.25540,1.51611,0,2022,6,Timur
2022-06-15,4,1.38442,1.51611,0,2022,6,Timur
2022-06-16,4,1.36269,1.51611,0,2022,6,Timur
2022-06-17,4,1.19008,1.51611,0,2022,6,Timur
2022-06-18,4,1.07939,1.51611,0,2022,6,Timur
2022-06-19,4,1.14072,1.51611,0,2022,6,Timur
2022-06-20,4,1.48169,1.51611,0,2022,6,Timur
2022-06-21,4,1.50034,1.51611,0,2022,6,Timur
2022-06-22,4,1.38573,1.51611,0,2022,6,Timur
2022-06-23,4,1.34272,1.51611,0,2022,6,Timur
2022-06-24,4,1.47487,1.51611,0,2022,6,Timur
2022-06-25,4,1.43729,1.51611,0,2022,6,Timur
2022-06-26,4,1.40099,1.51611,0,2022,6,Timur
2022-06-27,4,1.38362,1.51611,0,2022,6,Timur
2022-06-28,4,1.29816,1.51611,0,2022,6,Timur
2022-06-29,4,1.24908,1.51611,0,2022,6,Timur
2022-06-30,4,1.46043,1.51611,0,2022,6,Timur
2022-07-01,4,1.50293,1.51611,0,2022,7,Timur
2022-07-02,4,1.58867,1.51611,1,2022,7,Timur
2022-07-03,4,1.69576,1.51611,1,2022,7,Timur
2022-07-04,4,1.63408,1.51611,1,2022,7,Timur
2022-07-05,4,1.54582,1.51611,1,2022,7,Timur
2022-07-06,4,1.43727,1.51611,0,2022,7,Timur
2022-07-07,4,1.35488,1.51611,0,2022,7,Timur
2022-07-08,4,1.20760,1.51611,0,2022,7,Timur
2022-07-09,4,1.12573,1.51611,0,2022,7,Timur
2022-07-10,4,1.31090,1.51611,0,2022,7,Timur
2022-07-11,4,1.26161,1.51611,0,2022,7,Timur
2022-07-12,4,1.53695,1.51611,1,2022,7,Timur
2022-07-13,4,1.56901,1.51611,1,2022,7,Timur
2022-07-14,4,1.36474,1.51611,0,2022,7,Timur
2022-07-15,4,1.45832,1.51611,0,2022,7,Timur
2022-07-16,4,1.63263,1.51611,1,2022,7,Timur
2022-07-17,4,1.58848,1.51611,1,2022,7,Timur
2022-07-18,4,1.31787,1.51611,0,2022,7,Timur
2022-07-19,4,1.18588,1.51611,0,2022,7,Timur
2022-07-20,4,1.12612,1.51611,0,2022,7,Timur
2022-07-21,4,1.14466,1.51611,0,2022,7,Timur
2022-07-22,4,1.17182,1.51611,0,2022,7,Timur
2022-07-23,4,1.22563,1.51611,0,2022,7,Timur
2022-07-24,4,1.30130,1.51611,0,2022,7,Timur
2022-07-25,4,1.38590,1.51611,0,2022,7,Timur
2022-07-26,4,1.54292,1.51611,1,2022,7,Timur
2022-07-27,4,1.51459,1.51611,0,2022,7,Timur
2022-07-28,4,1.54521,1.51611,1,2022,7,Timur
2022-07-29,4,1.57521,1.51611,1,2022,7,Timur
2022-07-30,4,1.38029,1.51611,0,2022,7,Timur
2022-07-31,4,1.24499,1.51611,0,2022,7,Timur
2022-08-01,4,1.30149,1.51611,0,2022,8,Timur
2022-08-02,4,1.21123,1.51611,0,2022,8,Timur
2022-08-03,4,1.40137,1.51611,0,2022,8,Timur
2022-08-04,4,1.72769,1.51611,1,2022,8,Timur
2022-08-05,4,1.64941,1.51611,1,2022,8,Timur
2022-08-06,4,1.34009,1.51611,0,2022,8,Timur
2022-08-07,4,1.08371,1.51611,0,2022,8,Timur
2022-08-08,4,0.95112,1.51611,0,2022,8,Timur
2022-08-09,4,1.03050,1.51611,0,2022,8,Timur
2022-08-10,4,1.18253,1.51611,0,2022,8,Timur
2022-08-11,4,1.41949,1.51611,0,2022,8,Timur
2022-08-12,4,1.42762,1.51611,0,2022,8,Timur
2022-08-13,4,1.19754,1.51611,0,2022,8,Timur
2022-08-14,4,0.91050,1.51611,0,2022,8,Timur
2022-08-15,4,1.50462,1.51611,0,2022,8,Timur
2022-08-16,4,1.54992,1.51611,1,2022,8,Timur
2022-08-17,4,1.35758,1.51611,0,2022,8,Timur
2022-08-18,4,1.32512,1.51611,0,2022,8,Timur
2022-08-19,4,1.46696,1.51611,0,2022,8,Timur
2022-08-20,4,1.56838,1.51611,1,2022,8,Timur
2022-08-21,4,1.52334,1.51611,1,2022,8,Timur
2022-08-22,4,1.34534,1.51611,0,2022,8,Timur
2022-08-23,4,1.34764,1.51611,0,2022,8,Timur
2022-08-24,4,1.43266,1.51611,0,2022,8,Timur
2022-08-25,4,1.37660,1.51611,0,2022,8,Timur
2022-08-26,4,1.19073,1.51611,0,2022,8,Timur
2022-08-27,4,0.97078,1.51611,0,2022,8,Timur
2022-08-28,4,0.90257,1.51611,0,2022,8,Timur
2022-08-29,4,1.32593,1.51611,0,2022,8,Timur
2022-08-30,4,1.61351,1.51611,1,2022,8,Timur
2022-08-31,4,1.40219,1.51611,0,2022,8,Timur
2022-09-01,4,1.20608,1.51611,0,2022,9,Peralihan II
2022-09-02,4,1.08341,1.51611,0,2022,9,Peralihan II
2022-09-03,4,1.01869,1.51611,0,2022,9,Peralihan II
2022-09-04,4,1.02412,1.51611,0,2022,9,Peralihan II
2022-09-05,4,0.88892,1.51611,0,2022,9,Peralihan II
2022-09-06,4,0.81763,1.51611,0,2022,9,Peralihan II
2022-09-07,4,1.07257,1.51611,0,2022,9,Peralihan II
2022-09-08,4,1.23209,1.51611,0,2022,9,Peralihan II
2022-09-09,4,1.14693,1.51611,0,2022,9,Peralihan II
2022-09-10,4,1.00743,1.51611,0,2022,9,Peralihan II
2022-09-11,4,1.02966,1.51611,0,2022,9,Peralihan II
2022-09-12,4,0.92425,1.51611,0,2022,9,Peralihan II
2022-09-13,4,0.96177,1.51611,0,2022,9,Peralihan II
2022-09-14,4,1.27204,1.51611,0,2022,9,Peralihan II
2022-09-15,4,1.46161,1.51611,0,2022,9,Peralihan II
2022-09-16,4,1.40451,1.51611,0,2022,9,Peralihan II
2022-09-17,4,1.18001,1.51611,0,2022,9,Peralihan II
2022-09-18,4,1.02434,1.51611,0,2022,9,Peralihan II
2022-09-19,4,1.04790,1.51611,0,2022,9,Peralihan II
2022-09-20,4,1.32850,1.51611,0,2022,9,Peralihan II
2022-09-21,4,1.27011,1.51611,0,2022,9,Peralihan II
2022-09-22,4,1.34239,1.51611,0,2022,9,Peralihan II
2022-09-23,4,1.30252,1.51611,0,2022,9,Peralihan II
2022-09-24,4,1.34893,1.51611,0,2022,9,Peralihan II
2022-09-25,4,1.42665,1.51611,0,2022,9,Peralihan II
2022-09-26,4,1.37677,1.51611,0,2022,9,Peralihan II
2022-09-27,4,1.46795,1.51611,0,2022,9,Peralihan II
2022-09-28,4,1.26614,1.51611,0,2022,9,Peralihan II
2022-09-29,4,1.16716,1.51611,0,2022,9,Peralihan II
2022-09-30,4,1.03679,1.51611,0,2022,9,Peralihan II
2022-10-01,4,0.97741,1.51611,0,2022,10,Peralihan II
2022-10-02,4,0.89646,1.51611,0,2022,10,Peralihan II
2022-10-03,4,0.93094,1.51611,0,2022,10,Peralihan II
2022-10-04,4,1.04812,1.51611,0,2022,10,Peralihan II
2022-10-05,4,1.02943,1.51611,0,2022,10,Peralihan II
2022-10-06,4,0.92597,1.51611,0,2022,10,Peralihan II
2022-10-07,4,0.96069,1.51611,0,2022,10,Peralihan II
2022-10-08,4,1.11883,1.51611,0,2022,10,Peralihan II
2022-10-09,4,1.20039,1.51611,0,2022,10,Peralihan II
2022-10-10,4,0.95318,1.51611,0,2022,10,Peralihan II
2022-10-11,4,0.78965,1.51611,0,2022,10,Peralihan II
2022-10-12,4,0.97515,1.51611,0,2022,10,Peralihan II
2022-10-13,4,1.17285,1.51611,0,2022,10,Peralihan II
2022-10-14,4,1.08712,1.51611,0,2022,10,Peralihan II
2022-10-15,4,0.90853,1.51611,0,2022,10,Peralihan II
2022-10-16,4,0.85039,1.51611,0,2022,10,Peralihan II
2022-10-17,4,0.95598,1.51611,0,2022,10,Peralihan II
2022-10-18,4,0.92759,1.51611,0,2022,10,Peralihan II
2022-10-19,4,0.89364,1.51611,0,2022,10,Peralihan II
2022-10-20,4,0.85456,1.51611,0,2022,10,Peralihan II
2022-10-21,4,0.77026,1.51611,0,2022,10,Peralihan II
2022-10-22,4,0.75402,1.51611,0,2022,10,Peralihan II
2022-10-23,4,0.90046,1.51611,0,2022,10,Peralihan II
2022-10-24,4,1.04206,1.51611,0,2022,10,Peralihan II
2022-10-25,4,1.01784,1.51611,0,2022,10,Peralihan II
2022-10-26,4,0.94000,1.51611,0,2022,10,Peralihan II
2022-10-27,4,1.00711,1.51611,0,2022,10,Peralihan II
2022-10-28,4,1.35083,1.51611,0,2022,10,Peralihan II
2022-10-29,4,1.37776,1.51611,0,2022,10,Peralihan II
2022-10-30,4,1.28054,1.51611,0,2022,10,Peralihan II
2022-10-31,4,1.15285,1.51611,0,2022,10,Peralihan II
2022-11-01,4,1.18996,1.51611,0,2022,11,Peralihan II
2022-11-02,4,1.09296,1.51611,0,2022,11,Peralihan II
2022-11-03,4,0.91439,1.51611,0,2022,11,Peralihan II
2022-11-04,4,0.77417,1.51611,0,2022,11,Peralihan II
2022-11-05,4,0.69664,1.51611,0,2022,11,Peralihan II
2022-11-06,4,0.75274,1.51611,0,2022,11,Peralihan II
2022-11-07,4,0.75175,1.51611,0,2022,11,Peralihan II
2022-11-08,4,0.75897,1.51611,0,2022,11,Peralihan II
2022-11-09,4,0.85876,1.51611,0,2022,11,Peralihan II
2022-11-10,4,0.92965,1.51611,0,2022,11,Peralihan II
2022-11-11,4,0.96889,1.51611,0,2022,11,Peralihan II
2022-11-12,4,0.94435,1.51611,0,2022,11,Peralihan II
2022-11-13,4,0.91177,1.51611,0,2022,11,Peralihan II
2022-11-14,4,0.87750,1.51611,0,2022,11,Peralihan II
2022-11-15,4,0.84113,1.51611,0,2022,11,Peralihan II
2022-11-16,4,0.91616,1.51611,0,2022,11,Peralihan II
2022-11-17,4,0.89281,1.51611,0,2022,11,Peralihan II
2022-11-18,4,0.82285,1.51611,0,2022,11,Peralihan II
2022-11-19,4,0.92403,1.51611,0,2022,11,Peralihan II
2022-11-20,4,1.03253,1.51611,0,2022,11,Peralihan II
2022-11-21,4,1.01170,1.51611,0,2022,11,Peralihan II
2022-11-22,4,0.99480,1.51611,0,2022,11,Peralihan II
2022-11-23,4,0.95910,1.51611,0,2022,11,Peralihan II
2022-11-24,4,0.82385,1.51611,0,2022,11,Peralihan II
2022-11-25,4,0.73495,1.51611,0,2022,11,Peralihan II
2022-11-26,4,0.70075,1.51611,0,2022,11,Peralihan II
2022-11-27,4,0.76828,1.51611,0,2022,11,Peralihan II
2022-11-28,4,0.85461,1.51611,0,2022,11,Peralihan II
2022-11-29,4,0.89464,1.51611,0,2022,11,Peralihan II
2022-11-30,4,0.83343,1.51611,0,2022,11,Peralihan II
2022-12-01,4,0.87069,1.51611,0,2022,12,Barat
2022-12-02,4,0.79556,1.51611,0,2022,12,Barat
2022-12-03,4,0.72001,1.51611,0,2022,12,Barat
2022-12-04,4,0.68437,1.51611,0,2022,12,Barat
2022-12-05,4,0.73541,1.51611,0,2022,12,Barat
2022-12-06,4,0.77696,1.51611,0,2022,12,Barat
2022-12-07,4,0.76908,1.51611,0,2022,12,Barat
2022-12-08,4,0.85185,1.51611,0,2022,12,Barat
2022-12-09,4,0.96149,1.51611,0,2022,12,Barat
2022-12-10,4,0.86042,1.51611,0,2022,12,Barat
2022-12-11,4,0.79139,1.51611,0,2022,12,Barat
2022-12-12,4,0.79940,1.51611,0,2022,12,Barat
2022-12-13,4,0.80548,1.51611,0,2022,12,Barat
2022-12-14,4,0.76942,1.51611,0,2022,12,Barat
2022-12-15,4,0.69986,1.51611,0,2022,12,Barat
2022-12-16,4,0.73015,1.51611,0,2022,12,Barat
2022-12-17,4,0.83250,1.51611,0,2022,12,Barat
2022-12-18,4,0.95188,1.51611,0,2022,12,Barat
2022-12-19,4,0.95480,1.51611,0,2022,12,Barat
2022-12-20,4,1.02381,1.51611,0,2022,12,Barat
2022-12-21,4,0.97251,1.51611,0,2022,12,Barat
2022-12-22,4,1.20040,1.51611,0,2022,12,Barat
2022-12-23,4,1.69962,1.51611,1,2022,12,Barat
2022-12-24,4,2.26558,1.51611,1,2022,12,Barat
2022-12-25,4,1.80863,1.51611,1,2022,12,Barat
2022-12-26,4,1.52869,1.51611,1,2022,12,Barat
2022-12-27,4,1.37696,1.51611,0,2022,12,Barat
2022-12-28,4,1.42572,1.51611,0,2022,12,Barat
2022-12-29,4,1.84734,1.51611,1,2022,12,Barat
2022-12-30,4,2.02105,1.51611,1,2022,12,Barat
2022-12-31,4,1.93336,1.51611,1,2022,12,Barat
2023-01-01,4,2.13825,1.51611,1,2023,1,Barat
2023-01-02,4,2.35988,1.51611,1,2023,1,Barat
2023-01-03,4,2.43530,1.51611,1,2023,1,Barat
2023-01-04,4,2.29477,1.51611,1,2023,1,Barat
2023-01-05,4,2.08922,1.51611,1,2023,1,Barat
2023-01-06,4,1.78431,1.51611,1,2023,1,Barat
2023-01-07,4,1.47324,1.51611,0,2023,1,Barat
2023-01-08,4,1.18639,1.51611,0,2023,1,Barat
2023-01-09,4,1.20177,1.51611,0,2023,1,Barat
2023-01-10,4,1.16404,1.51611,0,2023,1,Barat
2023-01-11,4,0.94003,1.51611,0,2023,1,Barat
2023-01-12,4,0.87219,1.51611,0,2023,1,Barat
2023-01-13,4,0.84762,1.51611,0,2023,1,Barat
2023-01-14,4,1.06422,1.51611,0,2023,1,Barat
2023-01-15,4,1.13210,1.51611,0,2023,1,Barat
2023-01-16,4,1.15255,1.51611,0,2023,1,Barat
2023-01-17,4,1.06664,1.51611,0,2023,1,Barat
2023-01-18,4,0.99492,1.51611,0,2023,1,Barat
2023-01-19,4,1.12693,1.51611,0,2023,1,Barat
2023-01-20,4,1.06565,1.51611,0,2023,1,Barat
2023-01-21,4,0.90109,1.51611,0,2023,1,Barat
2023-01-22,4,0.73794,1.51611,0,2023,1,Barat
2023-01-23,4,0.64013,1.51611,0,2023,1,Barat
2023-01-24,4,0.64480,1.51611,0,2023,1,Barat
2023-01-25,4,0.88924,1.51611,0,2023,1,Barat
2023-01-26,4,1.00016,1.51611,0,2023,1,Barat
2023-01-27,4,0.99427,1.51611,0,2023,1,Barat
2023-01-28,4,1.00354,1.51611,0,2023,1,Barat
2023-01-29,4,0.99072,1.51611,0,2023,1,Barat
2023-01-30,4,0.90690,1.51611,0,2023,1,Barat
2023-01-31,4,0.87129,1.51611,0,2023,1,Barat
2023-02-01,4,1.03731,1.51611,0,2023,2,Barat
2023-02-02,4,1.14060,1.51611,0,2023,2,Barat
2023-02-03,4,1.35191,1.51611,0,2023,2,Barat
2023-02-04,4,1.54067,1.51611,1,2023,2,Barat
2023-02-05,4,1.50968,1.51611,0,2023,2,Barat
2023-02-06,4,1.49608,1.51611,0,2023,2,Barat
2023-02-07,4,1.83912,1.51611,1,2023,2,Barat
2023-02-08,4,1.70280,1.51611,1,2023,2,Barat
2023-02-09,4,1.30893,1.51611,0,2023,2,Barat
2023-02-10,4,1.25245,1.51611,0,2023,2,Barat
2023-02-11,4,1.08162,1.51611,0,2023,2,Barat
2023-02-12,4,1.17389,1.51611,0,2023,2,Barat
2023-02-13,4,1.42576,1.51611,0,2023,2,Barat
2023-02-14,4,1.51374,1.51611,0,2023,2,Barat
2023-02-15,4,1.43635,1.51611,0,2023,2,Barat
2023-02-16,4,1.46458,1.51611,0,2023,2,Barat
2023-02-17,4,1.34964,1.51611,0,2023,2,Barat
2023-02-18,4,1.27776,1.51611,0,2023,2,Barat
2023-02-19,4,1.15197,1.51611,0,2023,2,Barat
2023-02-20,4,1.08767,1.51611,0,2023,2,Barat
2023-02-21,4,1.12342,1.51611,0,2023,2,Barat
2023-02-22,4,1.12136,1.51611,0,2023,2,Barat
2023-02-23,4,1.35067,1.51611,0,2023,2,Barat
2023-02-24,4,1.42718,1.51611,0,2023,2,Barat
2023-02-25,4,1.57016,1.51611,1,2023,2,Barat
2023-02-26,4,2.06033,1.51611,1,2023,2,Barat
2023-02-27,4,1.78999,1.51611,1,2023,2,Barat
2023-02-28,4,1.44987,1.51611,0,2023,2,Barat
2023-03-01,4,1.47222,1.51611,0,2023,3,Peralihan I
2023-03-02,4,1.50224,1.51611,0,2023,3,Peralihan I
2023-03-03,4,1.27634,1.51611,0,2023,3,Peralihan I
2023-03-04,4,0.89738,1.51611,0,2023,3,Peralihan I
2023-03-05,4,0.91165,1.51611,0,2023,3,Peralihan I
2023-03-06,4,0.84488,1.51611,0,2023,3,Peralihan I
2023-03-07,4,0.76488,1.51611,0,2023,3,Peralihan I
2023-03-08,4,0.77953,1.51611,0,2023,3,Peralihan I
2023-03-09,4,0.77110,1.51611,0,2023,3,Peralihan I
2023-03-10,4,0.78075,1.51611,0,2023,3,Peralihan I
2023-03-11,4,0.70048,1.51611,0,2023,3,Peralihan I
2023-03-12,4,0.65500,1.51611,0,2023,3,Peralihan I
2023-03-13,4,0.67040,1.51611,0,2023,3,Peralihan I
2023-03-14,4,0.70391,1.51611,0,2023,3,Peralihan I
2023-03-15,4,0.85534,1.51611,0,2023,3,Peralihan I
2023-03-16,4,0.95619,1.51611,0,2023,3,Peralihan I
2023-03-17,4,0.88205,1.51611,0,2023,3,Peralihan I
2023-03-18,4,0.71047,1.51611,0,2023,3,Peralihan I
2023-03-19,4,0.70268,1.51611,0,2023,3,Peralihan I
2023-03-20,4,0.73925,1.51611,0,2023,3,Peralihan I
2023-03-21,4,0.74150,1.51611,0,2023,3,Peralihan I
2023-03-22,4,0.74298,1.51611,0,2023,3,Peralihan I
2023-03-23,4,0.79301,1.51611,0,2023,3,Peralihan I
2023-03-24,4,0.81674,1.51611,0,2023,3,Peralihan I
2023-03-25,4,0.80835,1.51611,0,2023,3,Peralihan I
2023-03-26,4,0.81997,1.51611,0,2023,3,Peralihan I
2023-03-27,4,0.75144,1.51611,0,2023,3,Peralihan I
2023-03-28,4,0.82552,1.51611,0,2023,3,Peralihan I
2023-03-29,4,0.78892,1.51611,0,2023,3,Peralihan I
2023-03-30,4,0.73550,1.51611,0,2023,3,Peralihan I
2023-03-31,4,0.81274,1.51611,0,2023,3,Peralihan I
2023-04-01,4,0.86201,1.51611,0,2023,4,Peralihan I
2023-04-02,4,0.89224,1.51611,0,2023,4,Peralihan I
2023-04-03,4,0.90345,1.51611,0,2023,4,Peralihan I
2023-04-04,4,0.79343,1.51611,0,2023,4,Peralihan I
2023-04-05,4,0.74644,1.51611,0,2023,4,Peralihan I
2023-04-06,4,0.66832,1.51611,0,2023,4,Peralihan I
2023-04-07,4,0.63968,1.51611,0,2023,4,Peralihan I
2023-04-08,4,0.76912,1.51611,0,2023,4,Peralihan I
2023-04-09,4,1.07879,1.51611,0,2023,4,Peralihan I
2023-04-10,4,1.14855,1.51611,0,2023,4,Peralihan I
2023-04-11,4,1.32715,1.51611,0,2023,4,Peralihan I
2023-04-12,4,1.39489,1.51611,0,2023,4,Peralihan I
2023-04-13,4,1.46020,1.51611,0,2023,4,Peralihan I
2023-04-14,4,1.36773,1.51611,0,2023,4,Peralihan I
2023-04-15,4,1.33156,1.51611,0,2023,4,Peralihan I
2023-04-16,4,1.35164,1.51611,0,2023,4,Peralihan I
2023-04-17,4,1.23395,1.51611,0,2023,4,Peralihan I
2023-04-18,4,0.99141,1.51611,0,2023,4,Peralihan I
2023-04-19,4,0.98800,1.51611,0,2023,4,Peralihan I
2023-04-20,4,1.24795,1.51611,0,2023,4,Peralihan I
2023-04-21,4,1.22453,1.51611,0,2023,4,Peralihan I
2023-04-22,4,1.17086,1.51611,0,2023,4,Peralihan I
2023-04-23,4,1.34165,1.51611,0,2023,4,Peralihan I
2023-04-24,4,1.32131,1.51611,0,2023,4,Peralihan I
2023-04-25,4,1.08920,1.51611,0,2023,4,Peralihan I
2023-04-26,4,1.03601,1.51611,0,2023,4,Peralihan I
2023-04-27,4,1.07176,1.51611,0,2023,4,Peralihan I
2023-04-28,4,1.12657,1.51611,0,2023,4,Peralihan I
2023-04-29,4,0.99409,1.51611,0,2023,4,Peralihan I
2023-04-30,4,0.95686,1.51611,0,2023,4,Peralihan I
2023-05-01,4,0.91808,1.51611,0,2023,5,Peralihan I
2023-05-02,4,0.91887,1.51611,0,2023,5,Peralihan I
2023-05-03,4,1.02518,1.51611,0,2023,5,Peralihan I
2023-05-04,4,1.02458,1.51611,0,2023,5,Peralihan I
2023-05-05,4,0.93767,1.51611,0,2023,5,Peralihan I
2023-05-06,4,0.93706,1.51611,0,2023,5,Peralihan I
2023-05-07,4,0.84906,1.51611,0,2023,5,Peralihan I
2023-05-08,4,0.99420,1.51611,0,2023,5,Peralihan I
2023-05-09,4,1.12550,1.51611,0,2023,5,Peralihan I
2023-05-10,4,1.10228,1.51611,0,2023,5,Peralihan I
2023-05-11,4,1.14898,1.51611,0,2023,5,Peralihan I
2023-05-12,4,1.29183,1.51611,0,2023,5,Peralihan I
2023-05-13,4,1.41480,1.51611,0,2023,5,Peralihan I
2023-05-14,4,1.34133,1.51611,0,2023,5,Peralihan I
2023-05-15,4,1.18931,1.51611,0,2023,5,Peralihan I
2023-05-16,4,0.99473,1.51611,0,2023,5,Peralihan I
2023-05-17,4,0.99112,1.51611,0,2023,5,Peralihan I
2023-05-18,4,1.00485,1.51611,0,2023,5,Peralihan I
2023-05-19,4,1.11218,1.51611,0,2023,5,Peralihan I
2023-05-20,4,1.34085,1.51611,0,2023,5,Peralihan I
2023-05-21,4,1.44353,1.51611,0,2023,5,Peralihan I
2023-05-22,4,1.41829,1.51611,0,2023,5,Peralihan I
2023-05-23,4,1.15320,1.51611,0,2023,5,Peralihan I
2023-05-24,4,1.06202,1.51611,0,2023,5,Peralihan I
2023-05-25,4,1.07621,1.51611,0,2023,5,Peralihan I
2023-05-26,4,1.05754,1.51611,0,2023,5,Peralihan I
2023-05-27,4,1.42298,1.51611,0,2023,5,Peralihan I
2023-05-28,4,1.23835,1.51611,0,2023,5,Peralihan I
2023-05-29,4,1.16556,1.51611,0,2023,5,Peralihan I
2023-05-30,4,1.18065,1.51611,0,2023,5,Peralihan I
2023-05-31,4,1.09820,1.51611,0,2023,5,Peralihan I
2023-06-01,4,1.00451,1.51611,0,2023,6,Timur
2023-06-02,4,0.99375,1.51611,0,2023,6,Timur
2023-06-03,4,0.98620,1.51611,0,2023,6,Timur
2023-06-04,4,0.91375,1.51611,0,2023,6,Timur
2023-06-05,4,0.86430,1.51611,0,2023,6,Timur
2023-06-06,4,0.86598,1.51611,0,2023,6,Timur
2023-06-07,4,1.33248,1.51611,0,2023,6,Timur
2023-06-08,4,1.45491,1.51611,0,2023,6,Timur
2023-06-09,4,1.37604,1.51611,0,2023,6,Timur
2023-06-10,4,1.22041,1.51611,0,2023,6,Timur
2023-06-11,4,1.50406,1.51611,0,2023,6,Timur
2023-06-12,4,1.50929,1.51611,0,2023,6,Timur
2023-06-13,4,1.33148,1.51611,0,2023,6,Timur
2023-06-14,4,1.19850,1.51611,0,2023,6,Timur
2023-06-15,4,1.00833,1.51611,0,2023,6,Timur
2023-06-16,4,0.96140,1.51611,0,2023,6,Timur
2023-06-17,4,1.05862,1.51611,0,2023,6,Timur
2023-06-18,4,1.07222,1.51611,0,2023,6,Timur
2023-06-19,4,0.94954,1.51611,0,2023,6,Timur
2023-06-20,4,0.86518,1.51611,0,2023,6,Timur
2023-06-21,4,0.82513,1.51611,0,2023,6,Timur
2023-06-22,4,0.92586,1.51611,0,2023,6,Timur
2023-06-23,4,0.98228,1.51611,0,2023,6,Timur
2023-06-24,4,0.92897,1.51611,0,2023,6,Timur
2023-06-25,4,0.91030,1.51611,0,2023,6,Timur
2023-06-26,4,1.01126,1.51611,0,2023,6,Timur
2023-06-27,4,1.02886,1.51611,0,2023,6,Timur
2023-06-28,4,1.21309,1.51611,0,2023,6,Timur
2023-06-29,4,1.22368,1.51611,0,2023,6,Timur
2023-06-30,4,1.14164,1.51611,0,2023,6,Timur
2023-07-01,4,1.11855,1.51611,0,2023,7,Timur
2023-07-02,4,1.12546,1.51611,0,2023,7,Timur
2023-07-03,4,1.01178,1.51611,0,2023,7,Timur
2023-07-04,4,0.91592,1.51611,0,2023,7,Timur
2023-07-05,4,1.44462,1.51611,0,2023,7,Timur
2023-07-06,4,1.69618,1.51611,1,2023,7,Timur
2023-07-07,4,1.62883,1.51611,1,2023,7,Timur
2023-07-08,4,1.42257,1.51611,0,2023,7,Timur
2023-07-09,4,1.28621,1.51611,0,2023,7,Timur
2023-07-10,4,1.44916,1.51611,0,2023,7,Timur
2023-07-11,4,1.51288,1.51611,0,2023,7,Timur
2023-07-12,4,1.46131,1.51611,0,2023,7,Timur
2023-07-13,4,1.59141,1.51611,1,2023,7,Timur
2023-07-14,4,1.58161,1.51611,1,2023,7,Timur
2023-07-15,4,1.37540,1.51611,0,2023,7,Timur
2023-07-16,4,1.28802,1.51611,0,2023,7,Timur
2023-07-17,4,1.35132,1.51611,0,2023,7,Timur
2023-07-18,4,1.28278,1.51611,0,2023,7,Timur
2023-07-19,4,1.34180,1.51611,0,2023,7,Timur
2023-07-20,4,1.50410,1.51611,0,2023,7,Timur
2023-07-21,4,1.75664,1.51611,1,2023,7,Timur
2023-07-22,4,1.85216,1.51611,1,2023,7,Timur
2023-07-23,4,1.65984,1.51611,1,2023,7,Timur
2023-07-24,4,1.62147,1.51611,1,2023,7,Timur
2023-07-25,4,1.50438,1.51611,0,2023,7,Timur
2023-07-26,4,1.59266,1.51611,1,2023,7,Timur
2023-07-27,4,1.57722,1.51611,1,2023,7,Timur
2023-07-28,4,1.54316,1.51611,1,2023,7,Timur
2023-07-29,4,1.33810,1.51611,0,2023,7,Timur
2023-07-30,4,1.22401,1.51611,0,2023,7,Timur
2023-07-31,4,1.17666,1.51611,0,2023,7,Timur
2023-08-01,4,1.36682,1.51611,0,2023,8,Timur
2023-08-02,4,1.41201,1.51611,0,2023,8,Timur
2023-08-03,4,1.31287,1.51611,0,2023,8,Timur
2023-08-04,4,1.62531,1.51611,1,2023,8,Timur
2023-08-05,4,1.73770,1.51611,1,2023,8,Timur
2023-08-06,4,1.49300,1.51611,0,2023,8,Timur
2023-08-07,4,1.31957,1.51611,0,2023,8,Timur
2023-08-08,4,1.36714,1.51611,0,2023,8,Timur
2023-08-09,4,1.43217,1.51611,0,2023,8,Timur
2023-08-10,4,1.40562,1.51611,0,2023,8,Timur
2023-08-11,4,1.19763,1.51611,0,2023,8,Timur
2023-08-12,4,1.22026,1.51611,0,2023,8,Timur
2023-08-13,4,1.16189,1.51611,0,2023,8,Timur
2023-08-14,4,1.06346,1.51611,0,2023,8,Timur
2023-08-15,4,1.09914,1.51611,0,2023,8,Timur
2023-08-16,4,1.18320,1.51611,0,2023,8,Timur
2023-08-17,4,1.35034,1.51611,0,2023,8,Timur
2023-08-18,4,1.43572,1.51611,0,2023,8,Timur
2023-08-19,4,1.59556,1.51611,1,2023,8,Timur
2023-08-20,4,1.48404,1.51611,0,2023,8,Timur
2023-08-21,4,1.34843,1.51611,0,2023,8,Timur
2023-08-22,4,1.29299,1.51611,0,2023,8,Timur
2023-08-23,4,1.46446,1.51611,0,2023,8,Timur
2023-08-24,4,1.53619,1.51611,1,2023,8,Timur
2023-08-25,4,1.46450,1.51611,0,2023,8,Timur
2023-08-26,4,1.23011,1.51611,0,2023,8,Timur
2023-08-27,4,1.06827,1.51611,0,2023,8,Timur
2023-08-28,4,1.09556,1.51611,0,2023,8,Timur
2023-08-29,4,1.10990,1.51611,0,2023,8,Timur
2023-08-30,4,1.08513,1.51611,0,2023,8,Timur
2023-08-31,4,1.14004,1.51611,0,2023,8,Timur
2023-09-01,4,1.12863,1.51611,0,2023,9,Peralihan II
2023-09-02,4,1.05113,1.51611,0,2023,9,Peralihan II
2023-09-03,4,1.09106,1.51611,0,2023,9,Peralihan II
2023-09-04,4,1.25952,1.51611,0,2023,9,Peralihan II
2023-09-05,4,1.60480,1.51611,1,2023,9,Peralihan II
2023-09-06,4,1.62151,1.51611,1,2023,9,Peralihan II
2023-09-07,4,1.39337,1.51611,0,2023,9,Peralihan II
2023-09-08,4,1.17299,1.51611,0,2023,9,Peralihan II
2023-09-09,4,1.08741,1.51611,0,2023,9,Peralihan II
2023-09-10,4,1.06826,1.51611,0,2023,9,Peralihan II
2023-09-11,4,0.96516,1.51611,0,2023,9,Peralihan II
2023-09-12,4,0.97409,1.51611,0,2023,9,Peralihan II
2023-09-13,4,1.08535,1.51611,0,2023,9,Peralihan II
2023-09-14,4,1.46481,1.51611,0,2023,9,Peralihan II
2023-09-15,4,1.81980,1.51611,1,2023,9,Peralihan II
2023-09-16,4,1.85703,1.51611,1,2023,9,Peralihan II
2023-09-17,4,1.54380,1.51611,1,2023,9,Peralihan II
2023-09-18,4,1.55588,1.51611,1,2023,9,Peralihan II
2023-09-19,4,1.52998,1.51611,1,2023,9,Peralihan II
2023-09-20,4,1.32842,1.51611,0,2023,9,Peralihan II
2023-09-21,4,1.44911,1.51611,0,2023,9,Peralihan II
2023-09-22,4,1.47383,1.51611,0,2023,9,Peralihan II
2023-09-23,4,1.26369,1.51611,0,2023,9,Peralihan II
2023-09-24,4,1.20411,1.51611,0,2023,9,Peralihan II
2023-09-25,4,1.21847,1.51611,0,2023,9,Peralihan II
2023-09-26,4,1.31352,1.51611,0,2023,9,Peralihan II
2023-09-27,4,1.27767,1.51611,0,2023,9,Peralihan II
2023-09-28,4,1.26343,1.51611,0,2023,9,Peralihan II
2023-09-29,4,1.32287,1.51611,0,2023,9,Peralihan II
2023-09-30,4,1.23616,1.51611,0,2023,9,Peralihan II
2023-10-01,4,1.12510,1.51611,0,2023,10,Peralihan II
2023-10-02,4,1.10917,1.51611,0,2023,10,Peralihan II
2023-10-03,4,1.11866,1.51611,0,2023,10,Peralihan II
2023-10-04,4,1.53965,1.51611,1,2023,10,Peralihan II
2023-10-05,4,1.57706,1.51611,1,2023,10,Peralihan II
2023-10-06,4,1.32858,1.51611,0,2023,10,Peralihan II
2023-10-07,4,1.13089,1.51611,0,2023,10,Peralihan II
2023-10-08,4,1.09724,1.51611,0,2023,10,Peralihan II
2023-10-09,4,0.99096,1.51611,0,2023,10,Peralihan II
2023-10-10,4,0.96775,1.51611,0,2023,10,Peralihan II
2023-10-11,4,0.99762,1.51611,0,2023,10,Peralihan II
2023-10-12,4,1.03417,1.51611,0,2023,10,Peralihan II
2023-10-13,4,1.09901,1.51611,0,2023,10,Peralihan II
2023-10-14,4,1.09411,1.51611,0,2023,10,Peralihan II
2023-10-15,4,1.15643,1.51611,0,2023,10,Peralihan II
2023-10-16,4,1.24222,1.51611,0,2023,10,Peralihan II
2023-10-17,4,1.16889,1.51611,0,2023,10,Peralihan II
2023-10-18,4,1.03619,1.51611,0,2023,10,Peralihan II
2023-10-19,4,0.82155,1.51611,0,2023,10,Peralihan II
2023-10-20,4,0.72822,1.51611,0,2023,10,Peralihan II
2023-10-21,4,0.82893,1.51611,0,2023,10,Peralihan II
2023-10-22,4,0.83777,1.51611,0,2023,10,Peralihan II
2023-10-23,4,0.74057,1.51611,0,2023,10,Peralihan II
2023-10-24,4,0.64736,1.51611,0,2023,10,Peralihan II
2023-10-25,4,0.67324,1.51611,0,2023,10,Peralihan II
2023-10-26,4,0.73040,1.51611,0,2023,10,Peralihan II
2023-10-27,4,0.71885,1.51611,0,2023,10,Peralihan II
2023-10-28,4,0.79254,1.51611,0,2023,10,Peralihan II
2023-10-29,4,0.88635,1.51611,0,2023,10,Peralihan II
2023-10-30,4,0.93717,1.51611,0,2023,10,Peralihan II
2023-10-31,4,0.93507,1.51611,0,2023,10,Peralihan II
2023-11-01,4,0.86702,1.51611,0,2023,11,Peralihan II
2023-11-02,4,0.86078,1.51611,0,2023,11,Peralihan II
2023-11-03,4,0.81020,1.51611,0,2023,11,Peralihan II
2023-11-04,4,0.67996,1.51611,0,2023,11,Peralihan II
2023-11-05,4,0.58389,1.51611,0,2023,11,Peralihan II
2023-11-06,4,0.65686,1.51611,0,2023,11,Peralihan II
2023-11-07,4,0.74069,1.51611,0,2023,11,Peralihan II
2023-11-08,4,0.73655,1.51611,0,2023,11,Peralihan II
2023-11-09,4,0.77208,1.51611,0,2023,11,Peralihan II
2023-11-10,4,0.80651,1.51611,0,2023,11,Peralihan II
2023-11-11,4,0.80742,1.51611,0,2023,11,Peralihan II
2023-11-12,4,0.97308,1.51611,0,2023,11,Peralihan II
2023-11-13,4,1.03615,1.51611,0,2023,11,Peralihan II
2023-11-14,4,0.92733,1.51611,0,2023,11,Peralihan II
2023-11-15,4,0.84197,1.51611,0,2023,11,Peralihan II
2023-11-16,4,0.85175,1.51611,0,2023,11,Peralihan II
2023-11-17,4,0.79339,1.51611,0,2023,11,Peralihan II
2023-11-18,4,0.81758,1.51611,0,2023,11,Peralihan II
2023-11-19,4,0.79381,1.51611,0,2023,11,Peralihan II
2023-11-20,4,0.68318,1.51611,0,2023,11,Peralihan II
2023-11-21,4,0.68461,1.51611,0,2023,11,Peralihan II
2023-11-22,4,0.74689,1.51611,0,2023,11,Peralihan II
2023-11-23,4,0.74112,1.51611,0,2023,11,Peralihan II
2023-11-24,4,0.65152,1.51611,0,2023,11,Peralihan II
2023-11-25,4,0.60450,1.51611,0,2023,11,Peralihan II
2023-11-26,4,0.62150,1.51611,0,2023,11,Peralihan II
2023-11-27,4,0.56735,1.51611,0,2023,11,Peralihan II
2023-11-28,4,0.58474,1.51611,0,2023,11,Peralihan II
2023-11-29,4,0.58562,1.51611,0,2023,11,Peralihan II
2023-11-30,4,0.59903,1.51611,0,2023,11,Peralihan II
2023-12-01,4,0.65895,1.51611,0,2023,12,Barat
2023-12-02,4,0.73253,1.51611,0,2023,12,Barat
2023-12-03,4,0.77658,1.51611,0,2023,12,Barat
2023-12-04,4,0.83039,1.51611,0,2023,12,Barat
2023-12-05,4,1.07286,1.51611,0,2023,12,Barat
2023-12-06,4,1.08333,1.51611,0,2023,12,Barat
2023-12-07,4,1.00617,1.51611,0,2023,12,Barat
2023-12-08,4,0.89027,1.51611,0,2023,12,Barat
2023-12-09,4,0.87764,1.51611,0,2023,12,Barat
2023-12-10,4,1.01278,1.51611,0,2023,12,Barat
2023-12-11,4,1.12370,1.51611,0,2023,12,Barat
2023-12-12,4,1.01950,1.51611,0,2023,12,Barat
2023-12-13,4,0.82517,1.51611,0,2023,12,Barat
2023-12-14,4,0.85649,1.51611,0,2023,12,Barat
2023-12-15,4,0.91192,1.51611,0,2023,12,Barat
2023-12-16,4,0.89367,1.51611,0,2023,12,Barat
2023-12-17,4,0.84565,1.51611,0,2023,12,Barat
2023-12-18,4,0.85448,1.51611,0,2023,12,Barat
2023-12-19,4,1.06342,1.51611,0,2023,12,Barat
2023-12-20,4,1.11028,1.51611,0,2023,12,Barat
2023-12-21,4,0.97853,1.51611,0,2023,12,Barat
2023-12-22,4,0.83414,1.51611,0,2023,12,Barat
2023-12-23,4,0.73128,1.51611,0,2023,12,Barat
2023-12-24,4,0.69182,1.51611,0,2023,12,Barat
2023-12-25,4,0.84172,1.51611,0,2023,12,Barat
2023-12-26,4,0.93250,1.51611,0,2023,12,Barat
2023-12-27,4,0.89298,1.51611,0,2023,12,Barat
2023-12-28,4,0.83072,1.51611,0,2023,12,Barat
2023-12-29,4,0.75240,1.51611,0,2023,12,Barat
2023-12-30,4,0.75483,1.51611,0,2023,12,Barat
2023-12-31,4,0.79762,1.51611,0,2023,12,Barat
2024-01-01,4,0.79218,1.51611,0,2024,1,Barat
2024-01-02,4,0.71670,1.51611,0,2024,1,Barat
2024-01-03,4,0.76949,1.51611,0,2024,1,Barat
2024-01-04,4,0.78198,1.51611,0,2024,1,Barat
2024-01-05,4,0.73686,1.51611,0,2024,1,Barat
2024-01-06,4,0.76408,1.51611,0,2024,1,Barat
2024-01-07,4,0.79669,1.51611,0,2024,1,Barat
2024-01-08,4,0.93937,1.51611,0,2024,1,Barat
2024-01-09,4,1.10210,1.51611,0,2024,1,Barat
2024-01-10,4,1.17891,1.51611,0,2024,1,Barat
2024-01-11,4,1.18502,1.51611,0,2024,1,Barat
2024-01-12,4,1.20349,1.51611,0,2024,1,Barat
2024-01-13,4,1.17486,1.51611,0,2024,1,Barat
2024-01-14,4,1.23816,1.51611,0,2024,1,Barat
2024-01-15,4,1.31213,1.51611,0,2024,1,Barat
2024-01-16,4,1.30665,1.51611,0,2024,1,Barat
2024-01-17,4,1.14847,1.51611,0,2024,1,Barat
2024-01-18,4,1.07815,1.51611,0,2024,1,Barat
2024-01-19,4,1.04649,1.51611,0,2024,1,Barat
2024-01-20,4,1.16997,1.51611,0,2024,1,Barat
2024-01-21,4,1.34340,1.51611,0,2024,1,Barat
2024-01-22,4,1.64256,1.51611,1,2024,1,Barat
2024-01-23,4,1.69562,1.51611,1,2024,1,Barat
2024-01-24,4,1.67909,1.51611,1,2024,1,Barat
2024-01-25,4,1.60027,1.51611,1,2024,1,Barat
2024-01-26,4,1.39320,1.51611,0,2024,1,Barat
2024-01-27,4,1.34617,1.51611,0,2024,1,Barat
2024-01-28,4,1.13519,1.51611,0,2024,1,Barat
2024-01-29,4,1.00841,1.51611,0,2024,1,Barat
2024-01-30,4,0.84608,1.51611,0,2024,1,Barat
2024-01-31,4,0.82317,1.51611,0,2024,1,Barat
2024-02-01,4,0.94243,1.51611,0,2024,2,Barat
2024-02-02,4,1.01889,1.51611,0,2024,2,Barat
2024-02-03,4,1.12459,1.51611,0,2024,2,Barat
2024-02-04,4,1.16266,1.51611,0,2024,2,Barat
2024-02-05,4,1.25094,1.51611,0,2024,2,Barat
2024-02-06,4,1.16973,1.51611,0,2024,2,Barat
2024-02-07,4,1.10686,1.51611,0,2024,2,Barat
2024-02-08,4,0.88741,1.51611,0,2024,2,Barat
2024-02-09,4,0.65170,1.51611,0,2024,2,Barat
2024-02-10,4,0.73481,1.51611,0,2024,2,Barat
2024-02-11,4,0.83167,1.51611,0,2024,2,Barat
2024-02-12,4,0.92737,1.51611,0,2024,2,Barat
2024-02-13,4,0.94287,1.51611,0,2024,2,Barat
2024-02-14,4,0.79974,1.51611,0,2024,2,Barat
2024-02-15,4,0.78802,1.51611,0,2024,2,Barat
2024-02-16,4,0.74752,1.51611,0,2024,2,Barat
2024-02-17,4,0.74887,1.51611,0,2024,2,Barat
2024-02-18,4,0.78827,1.51611,0,2024,2,Barat
2024-02-19,4,0.83708,1.51611,0,2024,2,Barat
2024-02-20,4,0.86026,1.51611,0,2024,2,Barat
2024-02-21,4,1.05174,1.51611,0,2024,2,Barat
2024-02-22,4,1.25042,1.51611,0,2024,2,Barat
2024-02-23,4,1.14551,1.51611,0,2024,2,Barat
2024-02-24,4,1.05830,1.51611,0,2024,2,Barat
2024-02-25,4,1.06659,1.51611,0,2024,2,Barat
2024-02-26,4,0.99000,1.51611,0,2024,2,Barat
2024-02-27,4,0.86657,1.51611,0,2024,2,Barat
2024-02-28,4,0.79330,1.51611,0,2024,2,Barat
2024-02-29,4,0.82030,1.51611,0,2024,2,Barat
2024-03-01,4,0.94809,1.51611,0,2024,3,Peralihan I
2024-03-02,4,1.04375,1.51611,0,2024,3,Peralihan I
2024-03-03,4,1.04386,1.51611,0,2024,3,Peralihan I
2024-03-04,4,0.95617,1.51611,0,2024,3,Peralihan I
2024-03-05,4,0.80673,1.51611,0,2024,3,Peralihan I
2024-03-06,4,0.78424,1.51611,0,2024,3,Peralihan I
2024-03-07,4,0.98960,1.51611,0,2024,3,Peralihan I
2024-03-08,4,1.20324,1.51611,0,2024,3,Peralihan I
2024-03-09,4,1.50980,1.51611,0,2024,3,Peralihan I
2024-03-10,4,1.96507,1.51611,1,2024,3,Peralihan I
2024-03-11,4,1.78417,1.51611,1,2024,3,Peralihan I
2024-03-12,4,1.69406,1.51611,1,2024,3,Peralihan I
2024-03-13,4,2.24271,1.51611,1,2024,3,Peralihan I
2024-03-14,4,2.42039,1.51611,1,2024,3,Peralihan I
2024-03-15,4,2.34878,1.51611,1,2024,3,Peralihan I
2024-03-16,4,1.93535,1.51611,1,2024,3,Peralihan I
2024-03-17,4,1.68556,1.51611,1,2024,3,Peralihan I
2024-03-18,4,1.49261,1.51611,0,2024,3,Peralihan I
2024-03-19,4,1.37676,1.51611,0,2024,3,Peralihan I
2024-03-20,4,1.17617,1.51611,0,2024,3,Peralihan I
2024-03-21,4,1.04434,1.51611,0,2024,3,Peralihan I
2024-03-22,4,0.95020,1.51611,0,2024,3,Peralihan I
2024-03-23,4,0.82547,1.51611,0,2024,3,Peralihan I
2024-03-24,4,0.79567,1.51611,0,2024,3,Peralihan I
2024-03-25,4,0.78042,1.51611,0,2024,3,Peralihan I
2024-03-26,4,0.69784,1.51611,0,2024,3,Peralihan I
2024-03-27,4,0.61540,1.51611,0,2024,3,Peralihan I
2024-03-28,4,0.56332,1.51611,0,2024,3,Peralihan I
2024-03-29,4,0.53126,1.51611,0,2024,3,Peralihan I
2024-03-30,4,0.63272,1.51611,0,2024,3,Peralihan I
2024-03-31,4,1.05023,1.51611,0,2024,3,Peralihan I
2024-04-01,4,1.10340,1.51611,0,2024,4,Peralihan I
2024-04-02,4,1.00764,1.51611,0,2024,4,Peralihan I
2024-04-03,4,0.86303,1.51611,0,2024,4,Peralihan I
2024-04-04,4,0.97894,1.51611,0,2024,4,Peralihan I
2024-04-05,4,1.25126,1.51611,0,2024,4,Peralihan I
2024-04-06,4,1.27944,1.51611,0,2024,4,Peralihan I
2024-04-07,4,1.51553,1.51611,0,2024,4,Peralihan I
2024-04-08,4,1.32203,1.51611,0,2024,4,Peralihan I
2024-04-09,4,0.96858,1.51611,0,2024,4,Peralihan I
2024-04-10,4,0.86210,1.51611,0,2024,4,Peralihan I
2024-04-11,4,0.73751,1.51611,0,2024,4,Peralihan I
2024-04-12,4,0.67613,1.51611,0,2024,4,Peralihan I
2024-04-13,4,0.60847,1.51611,0,2024,4,Peralihan I
2024-04-14,4,0.57391,1.51611,0,2024,4,Peralihan I
2024-04-15,4,0.67085,1.51611,0,2024,4,Peralihan I
2024-04-16,4,0.82821,1.51611,0,2024,4,Peralihan I
2024-04-17,4,0.95764,1.51611,0,2024,4,Peralihan I
2024-04-18,4,0.96434,1.51611,0,2024,4,Peralihan I
2024-04-19,4,1.00741,1.51611,0,2024,4,Peralihan I
2024-04-20,4,1.16557,1.51611,0,2024,4,Peralihan I
2024-04-21,4,1.10885,1.51611,0,2024,4,Peralihan I
2024-04-22,4,1.04908,1.51611,0,2024,4,Peralihan I
2024-04-23,4,1.08132,1.51611,0,2024,4,Peralihan I
2024-04-24,4,1.04418,1.51611,0,2024,4,Peralihan I
2024-04-25,4,1.10665,1.51611,0,2024,4,Peralihan I
2024-04-26,4,0.96015,1.51611,0,2024,4,Peralihan I
2024-04-27,4,0.93840,1.51611,0,2024,4,Peralihan I
2024-04-28,4,1.07414,1.51611,0,2024,4,Peralihan I
2024-04-29,4,1.10835,1.51611,0,2024,4,Peralihan I
2024-04-30,4,1.07623,1.51611,0,2024,4,Peralihan I
2024-05-01,4,1.07211,1.51611,0,2024,5,Peralihan I
2024-05-02,4,1.08663,1.51611,0,2024,5,Peralihan I
2024-05-03,4,1.01774,1.51611,0,2024,5,Peralihan I
2024-05-04,4,0.98580,1.51611,0,2024,5,Peralihan I
2024-05-05,4,1.10034,1.51611,0,2024,5,Peralihan I
2024-05-06,4,1.17111,1.51611,0,2024,5,Peralihan I
2024-05-07,4,1.01613,1.51611,0,2024,5,Peralihan I
2024-05-08,4,1.03519,1.51611,0,2024,5,Peralihan I
2024-05-09,4,1.03078,1.51611,0,2024,5,Peralihan I
2024-05-10,4,1.10931,1.51611,0,2024,5,Peralihan I
2024-05-11,4,1.07505,1.51611,0,2024,5,Peralihan I
2024-05-12,4,0.93056,1.51611,0,2024,5,Peralihan I
2024-05-13,4,0.82148,1.51611,0,2024,5,Peralihan I
2024-05-14,4,0.94017,1.51611,0,2024,5,Peralihan I
2024-05-15,4,0.98863,1.51611,0,2024,5,Peralihan I
2024-05-16,4,1.11392,1.51611,0,2024,5,Peralihan I
2024-05-17,4,1.16162,1.51611,0,2024,5,Peralihan I
2024-05-18,4,1.23567,1.51611,0,2024,5,Peralihan I
2024-05-19,4,1.30873,1.51611,0,2024,5,Peralihan I
2024-05-20,4,1.26770,1.51611,0,2024,5,Peralihan I
2024-05-21,4,1.23479,1.51611,0,2024,5,Peralihan I
2024-05-22,4,1.11516,1.51611,0,2024,5,Peralihan I
2024-05-23,4,0.96393,1.51611,0,2024,5,Peralihan I
2024-05-24,4,0.97424,1.51611,0,2024,5,Peralihan I
2024-05-25,4,1.02722,1.51611,0,2024,5,Peralihan I
2024-05-26,4,1.23384,1.51611,0,2024,5,Peralihan I
2024-05-27,4,1.29302,1.51611,0,2024,5,Peralihan I
2024-05-28,4,1.54860,1.51611,1,2024,5,Peralihan I
2024-05-29,4,1.54109,1.51611,1,2024,5,Peralihan I
2024-05-30,4,1.40530,1.51611,0,2024,5,Peralihan I
2024-05-31,4,1.30020,1.51611,0,2024,5,Peralihan I
2024-06-01,4,1.26611,1.51611,0,2024,6,Timur
2024-06-02,4,1.03624,1.51611,0,2024,6,Timur
2024-06-03,4,1.45603,1.51611,0,2024,6,Timur
2024-06-04,4,1.87236,1.51611,1,2024,6,Timur
2024-06-05,4,1.84194,1.51611,1,2024,6,Timur
2024-06-06,4,1.65659,1.51611,1,2024,6,Timur
2024-06-07,4,1.36345,1.51611,0,2024,6,Timur
2024-06-08,4,1.31663,1.51611,0,2024,6,Timur
2024-06-09,4,1.35692,1.51611,0,2024,6,Timur
2024-06-10,4,1.39830,1.51611,0,2024,6,Timur
2024-06-11,4,1.65079,1.51611,1,2024,6,Timur
2024-06-12,4,1.62487,1.51611,1,2024,6,Timur
2024-06-13,4,1.27475,1.51611,0,2024,6,Timur
2024-06-14,4,0.99230,1.51611,0,2024,6,Timur
2024-06-15,4,0.94225,1.51611,0,2024,6,Timur
2024-06-16,4,1.26318,1.51611,0,2024,6,Timur
2024-06-17,4,1.47395,1.51611,0,2024,6,Timur
2024-06-18,4,1.51714,1.51611,1,2024,6,Timur
2024-06-19,4,1.34240,1.51611,0,2024,6,Timur
2024-06-20,4,1.24946,1.51611,0,2024,6,Timur
2024-06-21,4,1.31242,1.51611,0,2024,6,Timur
2024-06-22,4,1.31874,1.51611,0,2024,6,Timur
2024-06-23,4,1.12885,1.51611,0,2024,6,Timur
2024-06-24,4,1.09952,1.51611,0,2024,6,Timur
2024-06-25,4,1.01043,1.51611,0,2024,6,Timur
2024-06-26,4,0.99243,1.51611,0,2024,6,Timur
2024-06-27,4,0.97510,1.51611,0,2024,6,Timur
2024-06-28,4,0.97631,1.51611,0,2024,6,Timur
2024-06-29,4,1.25473,1.51611,0,2024,6,Timur
2024-06-30,4,1.41713,1.51611,0,2024,6,Timur
2024-07-01,4,1.24475,1.51611,0,2024,7,Timur
2024-07-02,4,1.05872,1.51611,0,2024,7,Timur
2024-07-03,4,1.25756,1.51611,0,2024,7,Timur
2024-07-04,4,1.72027,1.51611,1,2024,7,Timur
2024-07-05,4,1.68932,1.51611,1,2024,7,Timur
2024-07-06,4,1.45770,1.51611,0,2024,7,Timur
2024-07-07,4,1.07633,1.51611,0,2024,7,Timur
2024-07-08,4,0.98967,1.51611,0,2024,7,Timur
2024-07-09,4,1.07818,1.51611,0,2024,7,Timur
2024-07-10,4,1.14862,1.51611,0,2024,7,Timur
2024-07-11,4,1.18571,1.51611,0,2024,7,Timur
2024-07-12,4,1.21228,1.51611,0,2024,7,Timur
2024-07-13,4,1.17712,1.51611,0,2024,7,Timur
2024-07-14,4,1.26675,1.51611,0,2024,7,Timur
2024-07-15,4,1.24062,1.51611,0,2024,7,Timur
2024-07-16,4,1.34010,1.51611,0,2024,7,Timur
2024-07-17,4,1.53077,1.51611,1,2024,7,Timur
2024-07-18,4,1.78174,1.51611,1,2024,7,Timur
2024-07-19,4,1.64907,1.51611,1,2024,7,Timur
2024-07-20,4,1.50928,1.51611,0,2024,7,Timur
2024-07-21,4,1.36951,1.51611,0,2024,7,Timur
2024-07-22,4,1.29444,1.51611,0,2024,7,Timur
2024-07-23,4,1.29460,1.51611,0,2024,7,Timur
2024-07-24,4,1.12178,1.51611,0,2024,7,Timur
2024-07-25,4,1.01758,1.51611,0,2024,7,Timur
2024-07-26,4,1.08466,1.51611,0,2024,7,Timur
2024-07-27,4,1.14845,1.51611,0,2024,7,Timur
2024-07-28,4,1.01156,1.51611,0,2024,7,Timur
2024-07-29,4,1.05014,1.51611,0,2024,7,Timur
2024-07-30,4,1.28757,1.51611,0,2024,7,Timur
2024-07-31,4,1.66429,1.51611,1,2024,7,Timur
2024-08-01,4,1.82317,1.51611,1,2024,8,Timur
2024-08-02,4,1.59290,1.51611,1,2024,8,Timur
2024-08-03,4,1.28508,1.51611,0,2024,8,Timur
2024-08-04,4,1.25058,1.51611,0,2024,8,Timur
2024-08-05,4,1.18253,1.51611,0,2024,8,Timur
2024-08-06,4,1.13803,1.51611,0,2024,8,Timur
2024-08-07,4,1.36272,1.51611,0,2024,8,Timur
2024-08-08,4,1.50482,1.51611,0,2024,8,Timur
2024-08-09,4,1.72512,1.51611,1,2024,8,Timur
2024-08-10,4,1.51117,1.51611,0,2024,8,Timur
2024-08-11,4,1.36301,1.51611,0,2024,8,Timur
2024-08-12,4,1.26945,1.51611,0,2024,8,Timur
2024-08-13,4,1.60541,1.51611,1,2024,8,Timur
2024-08-14,4,1.53821,1.51611,1,2024,8,Timur
2024-08-15,4,1.43658,1.51611,0,2024,8,Timur
2024-08-16,4,1.23513,1.51611,0,2024,8,Timur
2024-08-17,4,1.01976,1.51611,0,2024,8,Timur
2024-08-18,4,1.27063,1.51611,0,2024,8,Timur
2024-08-19,4,1.58450,1.51611,1,2024,8,Timur
2024-08-20,4,1.49324,1.51611,0,2024,8,Timur
2024-08-21,4,1.25629,1.51611,0,2024,8,Timur
2024-08-22,4,1.17613,1.51611,0,2024,8,Timur
2024-08-23,4,1.13302,1.51611,0,2024,8,Timur
2024-08-24,4,1.18911,1.51611,0,2024,8,Timur
2024-08-25,4,1.20097,1.51611,0,2024,8,Timur
2024-08-26,4,1.36760,1.51611,0,2024,8,Timur
2024-08-27,4,1.46859,1.51611,0,2024,8,Timur
2024-08-28,4,1.44258,1.51611,0,2024,8,Timur
2024-08-29,4,1.17996,1.51611,0,2024,8,Timur
2024-08-30,4,1.14573,1.51611,0,2024,8,Timur
2024-08-31,4,1.12292,1.51611,0,2024,8,Timur
2024-09-01,4,1.22413,1.51611,0,2024,9,Peralihan II
2024-09-02,4,1.26389,1.51611,0,2024,9,Peralihan II
2024-09-03,4,1.26972,1.51611,0,2024,9,Peralihan II
2024-09-04,4,1.30258,1.51611,0,2024,9,Peralihan II
2024-09-05,4,1.26296,1.51611,0,2024,9,Peralihan II
2024-09-06,4,1.33702,1.51611,0,2024,9,Peralihan II
2024-09-07,4,1.51866,1.51611,1,2024,9,Peralihan II
2024-09-08,4,1.41893,1.51611,0,2024,9,Peralihan II
2024-09-09,4,1.22832,1.51611,0,2024,9,Peralihan II
2024-09-10,4,0.91400,1.51611,0,2024,9,Peralihan II
2024-09-11,4,0.95137,1.51611,0,2024,9,Peralihan II
2024-09-12,4,0.99286,1.51611,0,2024,9,Peralihan II
2024-09-13,4,0.99247,1.51611,0,2024,9,Peralihan II
2024-09-14,4,0.92857,1.51611,0,2024,9,Peralihan II
2024-09-15,4,0.98751,1.51611,0,2024,9,Peralihan II
2024-09-16,4,0.97826,1.51611,0,2024,9,Peralihan II
2024-09-17,4,0.96506,1.51611,0,2024,9,Peralihan II
2024-09-18,4,0.92246,1.51611,0,2024,9,Peralihan II
2024-09-19,4,1.04025,1.51611,0,2024,9,Peralihan II
2024-09-20,4,1.03532,1.51611,0,2024,9,Peralihan II
2024-09-21,4,0.89655,1.51611,0,2024,9,Peralihan II
2024-09-22,4,0.94052,1.51611,0,2024,9,Peralihan II
2024-09-23,4,0.93007,1.51611,0,2024,9,Peralihan II
2024-09-24,4,0.81716,1.51611,0,2024,9,Peralihan II
2024-09-25,4,0.85249,1.51611,0,2024,9,Peralihan II
2024-09-26,4,0.95691,1.51611,0,2024,9,Peralihan II
2024-09-27,4,0.95542,1.51611,0,2024,9,Peralihan II
2024-09-28,4,0.97546,1.51611,0,2024,9,Peralihan II
2024-09-29,4,1.17155,1.51611,0,2024,9,Peralihan II
2024-09-30,4,1.19237,1.51611,0,2024,9,Peralihan II
2024-10-01,4,1.00950,1.51611,0,2024,10,Peralihan II
2024-10-02,4,1.07465,1.51611,0,2024,10,Peralihan II
2024-10-03,4,1.08313,1.51611,0,2024,10,Peralihan II
2024-10-04,4,1.33536,1.51611,0,2024,10,Peralihan II
2024-10-05,4,1.44278,1.51611,0,2024,10,Peralihan II
2024-10-06,4,1.20158,1.51611,0,2024,10,Peralihan II
2024-10-07,4,0.98089,1.51611,0,2024,10,Peralihan II
2024-10-08,4,1.00062,1.51611,0,2024,10,Peralihan II
2024-10-09,4,0.93293,1.51611,0,2024,10,Peralihan II
2024-10-10,4,1.08518,1.51611,0,2024,10,Peralihan II
2024-10-11,4,1.34449,1.51611,0,2024,10,Peralihan II
2024-10-12,4,1.36426,1.51611,0,2024,10,Peralihan II
2024-10-13,4,1.25824,1.51611,0,2024,10,Peralihan II
2024-10-14,4,1.00779,1.51611,0,2024,10,Peralihan II
2024-10-15,4,1.11929,1.51611,0,2024,10,Peralihan II
2024-10-16,4,1.68287,1.51611,1,2024,10,Peralihan II
2024-10-17,4,1.78178,1.51611,1,2024,10,Peralihan II
2024-10-18,4,1.56079,1.51611,1,2024,10,Peralihan II
2024-10-19,4,1.13111,1.51611,0,2024,10,Peralihan II
2024-10-20,4,1.01228,1.51611,0,2024,10,Peralihan II
2024-10-21,4,1.15914,1.51611,0,2024,10,Peralihan II
2024-10-22,4,1.21916,1.51611,0,2024,10,Peralihan II
2024-10-23,4,1.26166,1.51611,0,2024,10,Peralihan II
2024-10-24,4,1.18698,1.51611,0,2024,10,Peralihan II
2024-10-25,4,1.13656,1.51611,0,2024,10,Peralihan II
2024-10-26,4,1.05540,1.51611,0,2024,10,Peralihan II
2024-10-27,4,0.94904,1.51611,0,2024,10,Peralihan II
2024-10-28,4,0.94151,1.51611,0,2024,10,Peralihan II
2024-10-29,4,1.03968,1.51611,0,2024,10,Peralihan II
2024-10-30,4,1.07213,1.51611,0,2024,10,Peralihan II
2024-10-31,4,1.00413,1.51611,0,2024,10,Peralihan II
2024-11-01,4,0.87238,1.51611,0,2024,11,Peralihan II
2024-11-02,4,0.72215,1.51611,0,2024,11,Peralihan II
2024-11-03,4,0.57945,1.51611,0,2024,11,Peralihan II
2024-11-04,4,0.56975,1.51611,0,2024,11,Peralihan II
2024-11-05,4,0.67573,1.51611,0,2024,11,Peralihan II
2024-11-06,4,0.75035,1.51611,0,2024,11,Peralihan II
2024-11-07,4,0.81633,1.51611,0,2024,11,Peralihan II
2024-11-08,4,0.85297,1.51611,0,2024,11,Peralihan II
2024-11-09,4,0.90423,1.51611,0,2024,11,Peralihan II
2024-11-10,4,0.88337,1.51611,0,2024,11,Peralihan II
2024-11-11,4,0.87751,1.51611,0,2024,11,Peralihan II
2024-11-12,4,0.82010,1.51611,0,2024,11,Peralihan II
2024-11-13,4,0.74809,1.51611,0,2024,11,Peralihan II
2024-11-14,4,0.78748,1.51611,0,2024,11,Peralihan II
2024-11-15,4,0.78355,1.51611,0,2024,11,Peralihan II
2024-11-16,4,0.73853,1.51611,0,2024,11,Peralihan II
2024-11-17,4,0.71989,1.51611,0,2024,11,Peralihan II
2024-11-18,4,0.86779,1.51611,0,2024,11,Peralihan II
2024-11-19,4,0.85389,1.51611,0,2024,11,Peralihan II
2024-11-20,4,0.76188,1.51611,0,2024,11,Peralihan II
2024-11-21,4,0.76127,1.51611,0,2024,11,Peralihan II
2024-11-22,4,0.74082,1.51611,0,2024,11,Peralihan II
2024-11-23,4,0.75019,1.51611,0,2024,11,Peralihan II
2024-11-24,4,0.79622,1.51611,0,2024,11,Peralihan II
2024-11-25,4,0.78372,1.51611,0,2024,11,Peralihan II
2024-11-26,4,0.74883,1.51611,0,2024,11,Peralihan II
2024-11-27,4,0.75485,1.51611,0,2024,11,Peralihan II
2024-11-28,4,0.83743,1.51611,0,2024,11,Peralihan II
2024-11-29,4,0.86713,1.51611,0,2024,11,Peralihan II
2024-11-30,4,0.87299,1.51611,0,2024,11,Peralihan II
2024-12-01,4,0.87547,1.51611,0,2024,12,Barat
2024-12-02,4,0.97125,1.51611,0,2024,12,Barat
2024-12-03,4,1.01256,1.51611,0,2024,12,Barat
2024-12-04,4,1.23499,1.51611,0,2024,12,Barat
2024-12-05,4,1.25166,1.51611,0,2024,12,Barat
2024-12-06,4,1.46424,1.51611,0,2024,12,Barat
2024-12-07,4,1.31749,1.51611,0,2024,12,Barat
2024-12-08,4,1.36613,1.51611,0,2024,12,Barat
2024-12-09,4,1.44224,1.51611,0,2024,12,Barat
2024-12-10,4,1.46332,1.51611,0,2024,12,Barat
2024-12-11,4,1.29827,1.51611,0,2024,12,Barat
2024-12-12,4,1.14538,1.51611,0,2024,12,Barat
2024-12-13,4,0.98287,1.51611,0,2024,12,Barat
2024-12-14,4,0.84180,1.51611,0,2024,12,Barat
2024-12-15,4,1.00429,1.51611,0,2024,12,Barat
2024-12-16,4,1.16634,1.51611,0,2024,12,Barat
2024-12-17,4,1.29190,1.51611,0,2024,12,Barat
2024-12-18,4,1.44430,1.51611,0,2024,12,Barat
2024-12-19,4,1.40471,1.51611,0,2024,12,Barat
2024-12-20,4,1.33429,1.51611,0,2024,12,Barat
2024-12-21,4,1.37463,1.51611,0,2024,12,Barat
2024-12-22,4,1.36218,1.51611,0,2024,12,Barat
2024-12-23,4,1.31310,1.51611,0,2024,12,Barat
2024-12-24,4,1.08706,1.51611,0,2024,12,Barat
2024-12-25,4,1.03848,1.51611,0,2024,12,Barat
2024-12-26,4,1.09148,1.51611,0,2024,12,Barat
2024-12-27,4,1.18004,1.51611,0,2024,12,Barat
2024-12-28,4,1.15747,1.51611,0,2024,12,Barat
2024-12-29,4,1.06261,1.51611,0,2024,12,Barat
2024-12-30,4,0.93002,1.51611,0,2024,12,Barat
2024-12-31,4,0.97137,1.51611,0,2024,12,Barat
2025-01-01,4,1.04102,1.51611,0,2025,1,Barat
2025-01-02,4,1.09481,1.51611,0,2025,1,Barat
2025-01-03,4,1.04687,1.51611,0,2025,1,Barat
2025-01-04,4,1.00116,1.51611,0,2025,1,Barat
2025-01-05,4,0.90061,1.51611,0,2025,1,Barat
2025-01-06,4,0.80596,1.51611,0,2025,1,Barat
2025-01-07,4,0.75691,1.51611,0,2025,1,Barat
2025-01-08,4,0.77755,1.51611,0,2025,1,Barat
2025-01-09,4,0.75587,1.51611,0,2025,1,Barat
2025-01-10,4,0.70867,1.51611,0,2025,1,Barat
2025-01-11,4,0.71980,1.51611,0,2025,1,Barat
2025-01-12,4,0.79431,1.51611,0,2025,1,Barat
2025-01-13,4,0.87946,1.51611,0,2025,1,Barat
2025-01-14,4,1.01394,1.51611,0,2025,1,Barat
2025-01-15,4,1.38442,1.51611,0,2025,1,Barat
2025-01-16,4,1.62784,1.51611,1,2025,1,Barat
2025-01-17,4,1.73458,1.51611,1,2025,1,Barat
2025-01-18,4,1.67896,1.51611,1,2025,1,Barat
2025-01-19,4,1.61620,1.51611,1,2025,1,Barat
2025-01-20,4,1.65517,1.51611,1,2025,1,Barat
2025-01-21,4,1.45397,1.51611,0,2025,1,Barat
2025-01-22,4,1.17708,1.51611,0,2025,1,Barat
2025-01-23,4,0.90318,1.51611,0,2025,1,Barat
2025-01-24,4,0.82270,1.51611,0,2025,1,Barat
2025-01-25,4,0.71448,1.51611,0,2025,1,Barat
2025-01-26,4,0.79665,1.51611,0,2025,1,Barat
2025-01-27,4,1.08984,1.51611,0,2025,1,Barat
2025-01-28,4,1.02219,1.51611,0,2025,1,Barat
2025-01-29,4,1.01182,1.51611,0,2025,1,Barat
2025-01-30,4,1.58498,1.51611,1,2025,1,Barat
2025-01-31,4,1.80108,1.51611,1,2025,1,Barat
2025-02-01,4,1.68427,1.51611,1,2025,2,Barat
2025-02-02,4,2.03720,1.51611,1,2025,2,Barat
2025-02-03,4,2.12689,1.51611,1,2025,2,Barat
2025-02-04,4,2.15140,1.51611,1,2025,2,Barat
2025-02-05,4,2.02087,1.51611,1,2025,2,Barat
2025-02-06,4,1.87405,1.51611,1,2025,2,Barat
2025-02-07,4,1.96850,1.51611,1,2025,2,Barat
2025-02-08,4,1.84698,1.51611,1,2025,2,Barat
2025-02-09,4,1.89382,1.51611,1,2025,2,Barat
2025-02-10,4,1.95919,1.51611,1,2025,2,Barat
2025-02-11,4,1.82456,1.51611,1,2025,2,Barat
2025-02-12,4,1.71282,1.51611,1,2025,2,Barat
2025-02-13,4,1.57953,1.51611,1,2025,2,Barat
2025-02-14,4,1.47048,1.51611,0,2025,2,Barat
2025-02-15,4,1.27910,1.51611,0,2025,2,Barat
2025-02-16,4,1.02704,1.51611,0,2025,2,Barat
2025-02-17,4,0.76556,1.51611,0,2025,2,Barat
2025-02-18,4,0.71967,1.51611,0,2025,2,Barat
2025-02-19,4,0.90320,1.51611,0,2025,2,Barat
2025-02-20,4,1.07041,1.51611,0,2025,2,Barat
2025-02-21,4,1.03848,1.51611,0,2025,2,Barat
2025-02-22,4,0.78024,1.51611,0,2025,2,Barat
2025-02-23,4,0.77414,1.51611,0,2025,2,Barat
2025-02-24,4,0.83635,1.51611,0,2025,2,Barat
2025-02-25,4,0.80443,1.51611,0,2025,2,Barat
2025-02-26,4,0.90434,1.51611,0,2025,2,Barat
2025-02-27,4,0.88833,1.51611,0,2025,2,Barat
2025-02-28,4,0.73494,1.51611,0,2025,2,Barat
2025-03-01,4,0.68371,1.51611,0,2025,3,Peralihan I
2025-03-02,4,0.68319,1.51611,0,2025,3,Peralihan I
2025-03-03,4,0.66439,1.51611,0,2025,3,Peralihan I
2025-03-04,4,0.64447,1.51611,0,2025,3,Peralihan I
2025-03-05,4,0.66489,1.51611,0,2025,3,Peralihan I
2025-03-06,4,0.72348,1.51611,0,2025,3,Peralihan I
2025-03-07,4,0.86574,1.51611,0,2025,3,Peralihan I
2025-03-08,4,0.85822,1.51611,0,2025,3,Peralihan I
2025-03-09,4,0.75120,1.51611,0,2025,3,Peralihan I
2025-03-10,4,0.91201,1.51611,0,2025,3,Peralihan I
2025-03-11,4,1.08191,1.51611,0,2025,3,Peralihan I
2025-03-12,4,1.03025,1.51611,0,2025,3,Peralihan I
2025-03-13,4,0.90010,1.51611,0,2025,3,Peralihan I
2025-03-14,4,0.78140,1.51611,0,2025,3,Peralihan I
2025-03-15,4,0.91627,1.51611,0,2025,3,Peralihan I
2025-03-16,4,1.05876,1.51611,0,2025,3,Peralihan I
2025-03-17,4,1.05126,1.51611,0,2025,3,Peralihan I
2025-03-18,4,1.10439,1.51611,0,2025,3,Peralihan I
2025-03-19,4,1.14519,1.51611,0,2025,3,Peralihan I
2025-03-20,4,1.10080,1.51611,0,2025,3,Peralihan I
2025-03-21,4,1.17728,1.51611,0,2025,3,Peralihan I
2025-03-22,4,1.40865,1.51611,0,2025,3,Peralihan I
2025-03-23,4,1.72940,1.51611,1,2025,3,Peralihan I
2025-03-24,4,1.56476,1.51611,1,2025,3,Peralihan I
2025-03-25,4,1.37216,1.51611,0,2025,3,Peralihan I
2025-03-26,4,1.30669,1.51611,0,2025,3,Peralihan I
2025-03-27,4,1.20443,1.51611,0,2025,3,Peralihan I
2025-03-28,4,1.17026,1.51611,0,2025,3,Peralihan I
2025-03-29,4,1.16862,1.51611,0,2025,3,Peralihan I
2025-03-30,4,1.00121,1.51611,0,2025,3,Peralihan I
2025-03-31,4,0.86614,1.51611,0,2025,3,Peralihan I
2025-04-01,4,0.77290,1.51611,0,2025,4,Peralihan I
2025-04-02,4,0.72831,1.51611,0,2025,4,Peralihan I
2025-04-03,4,0.62074,1.51611,0,2025,4,Peralihan I
2025-04-04,4,0.72593,1.51611,0,2025,4,Peralihan I
2025-04-05,4,0.75099,1.51611,0,2025,4,Peralihan I
2025-04-06,4,0.71963,1.51611,0,2025,4,Peralihan I
2025-04-07,4,0.73198,1.51611,0,2025,4,Peralihan I
2025-04-08,4,0.69942,1.51611,0,2025,4,Peralihan I
2025-04-09,4,0.62866,1.51611,0,2025,4,Peralihan I
2025-04-10,4,0.62083,1.51611,0,2025,4,Peralihan I
2025-04-11,4,0.69779,1.51611,0,2025,4,Peralihan I
2025-04-12,4,0.81149,1.51611,0,2025,4,Peralihan I
2025-04-13,4,1.05876,1.51611,0,2025,4,Peralihan I
2025-04-14,4,1.11543,1.51611,0,2025,4,Peralihan I
2025-04-15,4,1.10205,1.51611,0,2025,4,Peralihan I
2025-04-16,4,1.35679,1.51611,0,2025,4,Peralihan I
2025-04-17,4,1.38964,1.51611,0,2025,4,Peralihan I
2025-04-18,4,1.38985,1.51611,0,2025,4,Peralihan I
2025-04-19,4,1.28592,1.51611,0,2025,4,Peralihan I
2025-04-20,4,0.99185,1.51611,0,2025,4,Peralihan I
2025-04-21,4,0.85726,1.51611,0,2025,4,Peralihan I
2025-04-22,4,0.78686,1.51611,0,2025,4,Peralihan I
2025-04-23,4,0.88264,1.51611,0,2025,4,Peralihan I
2025-04-24,4,0.86267,1.51611,0,2025,4,Peralihan I
2025-04-25,4,0.78185,1.51611,0,2025,4,Peralihan I
2025-04-26,4,0.87480,1.51611,0,2025,4,Peralihan I
2025-04-27,4,0.90651,1.51611,0,2025,4,Peralihan I
2025-04-28,4,0.91164,1.51611,0,2025,4,Peralihan I
2025-04-29,4,0.96683,1.51611,0,2025,4,Peralihan I
2025-04-30,4,1.07344,1.51611,0,2025,4,Peralihan I
2025-05-01,4,1.11539,1.51611,0,2025,5,Peralihan I
2025-05-02,4,1.06724,1.51611,0,2025,5,Peralihan I
2025-05-03,4,1.00150,1.51611,0,2025,5,Peralihan I
2025-05-04,4,0.91858,1.51611,0,2025,5,Peralihan I
2025-05-05,4,1.26592,1.51611,0,2025,5,Peralihan I
2025-05-06,4,1.31638,1.51611,0,2025,5,Peralihan I
2025-05-07,4,1.28138,1.51611,0,2025,5,Peralihan I
2025-05-08,4,1.20275,1.51611,0,2025,5,Peralihan I
2025-05-09,4,1.10228,1.51611,0,2025,5,Peralihan I
2025-05-10,4,0.90740,1.51611,0,2025,5,Peralihan I
2025-05-11,4,0.82658,1.51611,0,2025,5,Peralihan I
2025-05-12,4,0.88120,1.51611,0,2025,5,Peralihan I
2025-05-13,4,0.95600,1.51611,0,2025,5,Peralihan I
2025-05-14,4,0.89548,1.51611,0,2025,5,Peralihan I
2025-05-15,4,0.95294,1.51611,0,2025,5,Peralihan I
2025-05-16,4,1.03705,1.51611,0,2025,5,Peralihan I
2025-05-17,4,1.16075,1.51611,0,2025,5,Peralihan I
2025-05-18,4,1.30936,1.51611,0,2025,5,Peralihan I
2025-05-19,4,1.29069,1.51611,0,2025,5,Peralihan I
2025-05-20,4,1.17793,1.51611,0,2025,5,Peralihan I
2025-05-21,4,1.26620,1.51611,0,2025,5,Peralihan I
2025-05-22,4,1.13802,1.51611,0,2025,5,Peralihan I
2025-05-23,4,1.20762,1.51611,0,2025,5,Peralihan I
2025-05-24,4,1.20218,1.51611,0,2025,5,Peralihan I
2025-05-25,4,1.11209,1.51611,0,2025,5,Peralihan I
2025-05-26,4,1.08503,1.51611,0,2025,5,Peralihan I
2025-05-27,4,1.11964,1.51611,0,2025,5,Peralihan I
2025-05-28,4,1.00468,1.51611,0,2025,5,Peralihan I
2025-05-29,4,0.86369,1.51611,0,2025,5,Peralihan I
2025-05-30,4,0.94179,1.51611,0,2025,5,Peralihan I
2025-05-31,4,1.21112,1.51611,0,2025,5,Peralihan I
2025-06-01,4,1.23034,1.51611,0,2025,6,Timur
2025-06-02,4,1.08176,1.51611,0,2025,6,Timur
2025-06-03,4,1.01656,1.51611,0,2025,6,Timur
2025-06-04,4,1.22754,1.51611,0,2025,6,Timur
2025-06-05,4,1.32383,1.51611,0,2025,6,Timur
2025-06-06,4,1.20689,1.51611,0,2025,6,Timur
2025-06-07,4,1.23828,1.51611,0,2025,6,Timur
2025-06-08,4,1.41772,1.51611,0,2025,6,Timur
2025-06-09,4,1.44977,1.51611,0,2025,6,Timur
2025-06-10,4,1.37741,1.51611,0,2025,6,Timur
2025-06-11,4,1.29807,1.51611,0,2025,6,Timur
2025-06-12,4,1.61680,1.51611,1,2025,6,Timur
2025-06-13,4,1.69185,1.51611,1,2025,6,Timur
2025-06-14,4,1.41030,1.51611,0,2025,6,Timur
2025-06-15,4,1.12581,1.51611,0,2025,6,Timur
2025-06-16,4,1.34698,1.51611,0,2025,6,Timur
2025-06-17,4,1.38591,1.51611,0,2025,6,Timur
2025-06-18,4,1.17488,1.51611,0,2025,6,Timur
2025-06-19,4,0.97542,1.51611,0,2025,6,Timur
2025-06-20,4,1.26643,1.51611,0,2025,6,Timur
2025-06-21,4,1.40538,1.51611,0,2025,6,Timur
2025-06-22,4,1.53852,1.51611,1,2025,6,Timur
2025-06-23,4,1.70233,1.51611,1,2025,6,Timur
2025-06-24,4,1.64143,1.51611,1,2025,6,Timur
2025-06-25,4,1.38423,1.51611,0,2025,6,Timur
2025-06-26,4,1.30475,1.51611,0,2025,6,Timur
2025-06-27,4,1.42559,1.51611,0,2025,6,Timur
2025-06-28,4,1.70283,1.51611,1,2025,6,Timur
2025-06-29,4,1.72001,1.51611,1,2025,6,Timur
2025-06-30,4,1.49770,1.51611,0,2025,6,Timur
2025-07-01,4,1.33600,1.51611,0,2025,7,Timur
2025-07-02,4,1.34219,1.51611,0,2025,7,Timur
2025-07-03,4,1.21085,1.51611,0,2025,7,Timur
2025-07-04,4,1.06924,1.51611,0,2025,7,Timur
2025-07-05,4,1.02241,1.51611,0,2025,7,Timur
2025-07-06,4,1.12225,1.51611,0,2025,7,Timur
2025-07-07,4,1.08000,1.51611,0,2025,7,Timur
2025-07-08,4,1.08553,1.51611,0,2025,7,Timur
2025-07-09,4,1.57340,1.51611,1,2025,7,Timur
2025-07-10,4,1.60307,1.51611,1,2025,7,Timur
2025-07-11,4,1.48465,1.51611,0,2025,7,Timur
2025-07-12,4,1.38222,1.51611,0,2025,7,Timur
2025-07-13,4,1.33911,1.51611,0,2025,7,Timur
2025-07-14,4,1.28074,1.51611,0,2025,7,Timur
2025-07-15,4,1.27537,1.51611,0,2025,7,Timur
2025-07-16,4,1.19681,1.51611,0,2025,7,Timur
2025-07-17,4,1.22855,1.51611,0,2025,7,Timur
2025-07-18,4,1.39988,1.51611,0,2025,7,Timur
2025-07-19,4,1.43785,1.51611,0,2025,7,Timur
2025-07-20,4,1.49630,1.51611,0,2025,7,Timur
2025-07-21,4,1.44092,1.51611,0,2025,7,Timur
2025-07-22,4,1.11570,1.51611,0,2025,7,Timur
2025-07-23,4,1.02396,1.51611,0,2025,7,Timur
2025-07-24,4,0.96484,1.51611,0,2025,7,Timur
2025-07-25,4,1.13274,1.51611,0,2025,7,Timur
2025-07-26,4,1.43890,1.51611,0,2025,7,Timur
2025-07-27,4,1.42074,1.51611,0,2025,7,Timur
2025-07-28,4,1.37898,1.51611,0,2025,7,Timur
2025-07-29,4,1.60535,1.51611,1,2025,7,Timur
2025-07-30,4,1.64081,1.51611,1,2025,7,Timur
2025-07-31,4,1.58893,1.51611,1,2025,7,Timur
2025-08-01,4,1.34741,1.51611,0,2025,8,Timur
2025-08-02,4,1.17463,1.51611,0,2025,8,Timur
2025-08-03,4,1.25257,1.51611,0,2025,8,Timur
2025-08-04,4,1.52025,1.51611,1,2025,8,Timur
2025-08-05,4,1.75036,1.51611,1,2025,8,Timur
2025-08-06,4,1.77623,1.51611,1,2025,8,Timur
2025-08-07,4,1.31181,1.51611,0,2025,8,Timur
2025-08-08,4,1.18184,1.51611,0,2025,8,Timur
2025-08-09,4,1.15227,1.51611,0,2025,8,Timur
2025-08-10,4,0.95597,1.51611,0,2025,8,Timur
2025-08-11,4,1.23753,1.51611,0,2025,8,Timur
2025-08-12,4,1.47747,1.51611,0,2025,8,Timur
2025-08-13,4,1.45929,1.51611,0,2025,8,Timur
2025-08-14,4,1.29078,1.51611,0,2025,8,Timur
2025-08-15,4,1.18062,1.51611,0,2025,8,Timur
2025-08-16,4,1.24012,1.51611,0,2025,8,Timur
2025-08-17,4,1.22831,1.51611,0,2025,8,Timur
2025-08-18,4,1.10926,1.51611,0,2025,8,Timur
2025-08-19,4,1.00100,1.51611,0,2025,8,Timur
2025-08-20,4,0.98443,1.51611,0,2025,8,Timur
2025-08-21,4,1.01530,1.51611,0,2025,8,Timur
2025-08-22,4,1.38902,1.51611,0,2025,8,Timur
2025-08-23,4,1.45209,1.51611,0,2025,8,Timur
2025-08-24,4,1.26559,1.51611,0,2025,8,Timur
2025-08-25,4,1.15669,1.51611,0,2025,8,Timur
2025-08-26,4,1.41072,1.51611,0,2025,8,Timur
2025-08-27,4,1.62171,1.51611,1,2025,8,Timur
2025-08-28,4,1.51878,1.51611,1,2025,8,Timur
2025-08-29,4,1.30935,1.51611,0,2025,8,Timur
2025-08-30,4,1.23333,1.51611,0,2025,8,Timur
2025-08-31,4,1.10252,1.51611,0,2025,8,Timur
2025-09-01,4,1.32815,1.51611,0,2025,9,Peralihan II
2025-09-02,4,1.46769,1.51611,0,2025,9,Peralihan II
2025-09-03,4,1.37094,1.51611,0,2025,9,Peralihan II
2025-09-04,4,1.20092,1.51611,0,2025,9,Peralihan II
2025-09-05,4,1.15694,1.51611,0,2025,9,Peralihan II
2025-09-06,4,1.07512,1.51611,0,2025,9,Peralihan II
2025-09-07,4,1.31929,1.51611,0,2025,9,Peralihan II
2025-09-08,4,1.66303,1.51611,1,2025,9,Peralihan II
2025-09-09,4,1.49899,1.51611,0,2025,9,Peralihan II
2025-09-10,4,1.27633,1.51611,0,2025,9,Peralihan II
2025-09-11,4,1.27854,1.51611,0,2025,9,Peralihan II
2025-09-12,4,1.04733,1.51611,0,2025,9,Peralihan II
2025-09-13,4,1.02802,1.51611,0,2025,9,Peralihan II
2025-09-14,4,1.07355,1.51611,0,2025,9,Peralihan II
2025-09-15,4,1.01380,1.51611,0,2025,9,Peralihan II
2025-09-16,4,1.26881,1.51611,0,2025,9,Peralihan II
2025-09-17,4,1.43091,1.51611,0,2025,9,Peralihan II
2025-09-18,4,1.29723,1.51611,0,2025,9,Peralihan II
2025-09-19,4,1.16588,1.51611,0,2025,9,Peralihan II
2025-09-20,4,1.17728,1.51611,0,2025,9,Peralihan II
2025-09-21,4,1.16985,1.51611,0,2025,9,Peralihan II
2025-09-22,4,1.20755,1.51611,0,2025,9,Peralihan II
2025-09-23,4,1.20901,1.51611,0,2025,9,Peralihan II
2025-09-24,4,1.30815,1.51611,0,2025,9,Peralihan II
2025-09-25,4,1.26608,1.51611,0,2025,9,Peralihan II
2025-09-26,4,1.21877,1.51611,0,2025,9,Peralihan II
2025-09-27,4,1.27324,1.51611,0,2025,9,Peralihan II
2025-09-28,4,1.20665,1.51611,0,2025,9,Peralihan II
2025-09-29,4,1.03389,1.51611,0,2025,9,Peralihan II
2025-09-30,4,0.96043,1.51611,0,2025,9,Peralihan II
2025-10-01,4,0.93147,1.51611,0,2025,10,Peralihan II
2025-10-02,4,0.88540,1.51611,0,2025,10,Peralihan II
2025-10-03,4,1.29158,1.51611,0,2025,10,Peralihan II
2025-10-04,4,1.33527,1.51611,0,2025,10,Peralihan II
2025-10-05,4,1.14789,1.51611,0,2025,10,Peralihan II
2025-10-06,4,1.05504,1.51611,0,2025,10,Peralihan II
2025-10-07,4,1.12532,1.51611,0,2025,10,Peralihan II
2025-10-08,4,1.20651,1.51611,0,2025,10,Peralihan II
2025-10-09,4,1.09201,1.51611,0,2025,10,Peralihan II
2025-10-10,4,0.92568,1.51611,0,2025,10,Peralihan II
2025-10-11,4,0.94029,1.51611,0,2025,10,Peralihan II
2025-10-12,4,0.91738,1.51611,0,2025,10,Peralihan II
2025-10-13,4,0.78653,1.51611,0,2025,10,Peralihan II
2025-10-14,4,1.10606,1.51611,0,2025,10,Peralihan II
2025-10-15,4,1.45739,1.51611,0,2025,10,Peralihan II
2025-10-16,4,1.49215,1.51611,0,2025,10,Peralihan II
2025-10-17,4,1.30793,1.51611,0,2025,10,Peralihan II
2025-10-18,4,1.19665,1.51611,0,2025,10,Peralihan II
2025-10-19,4,0.95232,1.51611,0,2025,10,Peralihan II
2025-10-20,4,0.95262,1.51611,0,2025,10,Peralihan II
2025-10-21,4,0.99105,1.51611,0,2025,10,Peralihan II
2025-10-22,4,0.96496,1.51611,0,2025,10,Peralihan II
2025-10-23,4,0.89696,1.51611,0,2025,10,Peralihan II
2025-10-24,4,0.85363,1.51611,0,2025,10,Peralihan II
2025-10-25,4,0.82750,1.51611,0,2025,10,Peralihan II
2025-10-26,4,0.82731,1.51611,0,2025,10,Peralihan II
2025-10-27,4,0.76102,1.51611,0,2025,10,Peralihan II
2025-10-28,4,0.78111,1.51611,0,2025,10,Peralihan II
2025-10-29,4,0.82030,1.51611,0,2025,10,Peralihan II
2025-10-30,4,1.02763,1.51611,0,2025,10,Peralihan II
2025-10-31,4,1.07355,1.51611,0,2025,10,Peralihan II
2025-11-01,4,0.98367,1.51611,0,2025,11,Peralihan II
2025-11-02,4,0.89981,1.51611,0,2025,11,Peralihan II
2025-11-03,4,1.01635,1.51611,0,2025,11,Peralihan II
2025-11-04,4,0.97982,1.51611,0,2025,11,Peralihan II
2025-11-05,4,0.94850,1.51611,0,2025,11,Peralihan II
2025-11-06,4,1.14209,1.51611,0,2025,11,Peralihan II
2025-11-07,4,1.18384,1.51611,0,2025,11,Peralihan II
2025-11-08,4,1.04106,1.51611,0,2025,11,Peralihan II
2025-11-09,4,0.99497,1.51611,0,2025,11,Peralihan II
2025-11-10,4,0.95123,1.51611,0,2025,11,Peralihan II
2025-11-11,4,0.78056,1.51611,0,2025,11,Peralihan II
2025-11-12,4,0.72006,1.51611,0,2025,11,Peralihan II
2025-11-13,4,0.85274,1.51611,0,2025,11,Peralihan II
2025-11-14,4,1.23109,1.51611,0,2025,11,Peralihan II
2025-11-15,4,1.21982,1.51611,0,2025,11,Peralihan II
2025-11-16,4,1.01625,1.51611,0,2025,11,Peralihan II
2025-11-17,4,0.95768,1.51611,0,2025,11,Peralihan II
2025-11-18,4,0.89344,1.51611,0,2025,11,Peralihan II
2025-11-19,4,0.79791,1.51611,0,2025,11,Peralihan II
2025-11-20,4,0.69823,1.51611,0,2025,11,Peralihan II
2025-11-21,4,0.73071,1.51611,0,2025,11,Peralihan II
2025-11-22,4,0.80249,1.51611,0,2025,11,Peralihan II
2025-11-23,4,0.82970,1.51611,0,2025,11,Peralihan II
2025-11-24,4,0.80694,1.51611,0,2025,11,Peralihan II
2025-11-25,4,0.81984,1.51611,0,2025,11,Peralihan II
2025-11-26,4,0.88414,1.51611,0,2025,11,Peralihan II
2025-11-27,4,0.88041,1.51611,0,2025,11,Peralihan II
2025-11-28,4,0.91099,1.51611,0,2025,11,Peralihan II
2025-11-29,4,1.06339,1.51611,0,2025,11,Peralihan II
2025-11-30,4,1.05613,1.51611,0,2025,11,Peralihan II
2025-12-01,4,0.95760,1.51611,0,2025,12,Barat
2025-12-02,4,0.91478,1.51611,0,2025,12,Barat
2025-12-03,4,0.87930,1.51611,0,2025,12,Barat
2025-12-04,4,0.81897,1.51611,0,2025,12,Barat
2025-12-05,4,0.72797,1.51611,0,2025,12,Barat
2025-12-06,4,0.71454,1.51611,0,2025,12,Barat
2025-12-07,4,0.84383,1.51611,0,2025,12,Barat
2025-12-08,4,0.88608,1.51611,0,2025,12,Barat
2025-12-09,4,0.93188,1.51611,0,2025,12,Barat
2025-12-10,4,0.90020,1.51611,0,2025,12,Barat
2025-12-11,4,0.84953,1.51611,0,2025,12,Barat
2025-12-12,4,0.97879,1.51611,0,2025,12,Barat
2025-12-13,4,1.11536,1.51611,0,2025,12,Barat
2025-12-14,4,1.10953,1.51611,0,2025,12,Barat
2025-12-15,4,1.09692,1.51611,0,2025,12,Barat
2025-12-16,4,1.05403,1.51611,0,2025,12,Barat
2025-12-17,4,0.97982,1.51611,0,2025,12,Barat
2025-12-18,4,0.98033,1.51611,0,2025,12,Barat
2025-12-19,4,1.16201,1.51611,0,2025,12,Barat
2025-12-20,4,1.19147,1.51611,0,2025,12,Barat
2025-12-21,4,1.08592,1.51611,0,2025,12,Barat
2025-12-22,4,1.08021,1.51611,0,2025,12,Barat
2025-12-23,4,1.04854,1.51611,0,2025,12,Barat
2025-12-24,4,1.12117,1.51611,0,2025,12,Barat
2025-12-25,4,1.09342,1.51611,0,2025,12,Barat
2025-12-26,4,1.09334,1.51611,0,2025,12,Barat
2025-12-27,4,1.38602,1.51611,0,2025,12,Barat
2025-12-28,4,1.39524,1.51611,0,2025,12,Barat
2025-12-29,4,1.33114,1.51611,0,2025,12,Barat
2025-12-30,4,1.17300,1.51611,0,2025,12,Barat
2025-12-31,4,1.08216,1.51611,0,2025,12,Barat
2021-01-01,5,0.65283,1.25140,0,2021,1,Barat
2021-01-02,5,0.73685,1.25140,0,2021,1,Barat
2021-01-03,5,0.69265,1.25140,0,2021,1,Barat
2021-01-04,5,0.70310,1.25140,0,2021,1,Barat
2021-01-05,5,0.79070,1.25140,0,2021,1,Barat
2021-01-06,5,0.85079,1.25140,0,2021,1,Barat
2021-01-07,5,0.69846,1.25140,0,2021,1,Barat
2021-01-08,5,0.58957,1.25140,0,2021,1,Barat
2021-01-09,5,0.61399,1.25140,0,2021,1,Barat
2021-01-10,5,0.62630,1.25140,0,2021,1,Barat
2021-01-11,5,0.63760,1.25140,0,2021,1,Barat
2021-01-12,5,0.65409,1.25140,0,2021,1,Barat
2021-01-13,5,0.62145,1.25140,0,2021,1,Barat
2021-01-14,5,0.59737,1.25140,0,2021,1,Barat
2021-01-15,5,0.67836,1.25140,0,2021,1,Barat
2021-01-16,5,0.79768,1.25140,0,2021,1,Barat
2021-01-17,5,0.85346,1.25140,0,2021,1,Barat
2021-01-18,5,0.93325,1.25140,0,2021,1,Barat
2021-01-19,5,1.09801,1.25140,0,2021,1,Barat
2021-01-20,5,1.23657,1.25140,0,2021,1,Barat
2021-01-21,5,1.21128,1.25140,0,2021,1,Barat
2021-01-22,5,1.09377,1.25140,0,2021,1,Barat
2021-01-23,5,1.03258,1.25140,0,2021,1,Barat
2021-01-24,5,1.03927,1.25140,0,2021,1,Barat
2021-01-25,5,1.26100,1.25140,1,2021,1,Barat
2021-01-26,5,1.28347,1.25140,1,2021,1,Barat
2021-01-27,5,1.37235,1.25140,1,2021,1,Barat
2021-01-28,5,1.51345,1.25140,1,2021,1,Barat
2021-01-29,5,1.65752,1.25140,1,2021,1,Barat
2021-01-30,5,2.03912,1.25140,1,2021,1,Barat
2021-01-31,5,2.10067,1.25140,1,2021,1,Barat
2021-02-01,5,1.88204,1.25140,1,2021,2,Barat
2021-02-02,5,1.66498,1.25140,1,2021,2,Barat
2021-02-03,5,1.67837,1.25140,1,2021,2,Barat
2021-02-04,5,1.82126,1.25140,1,2021,2,Barat
2021-02-05,5,1.44941,1.25140,1,2021,2,Barat
2021-02-06,5,1.38646,1.25140,1,2021,2,Barat
2021-02-07,5,1.15735,1.25140,0,2021,2,Barat
2021-02-08,5,1.15352,1.25140,0,2021,2,Barat
2021-02-09,5,1.13317,1.25140,0,2021,2,Barat
2021-02-10,5,1.03740,1.25140,0,2021,2,Barat
2021-02-11,5,0.88391,1.25140,0,2021,2,Barat
2021-02-12,5,0.76177,1.25140,0,2021,2,Barat
2021-02-13,5,0.79447,1.25140,0,2021,2,Barat
2021-02-14,5,1.03689,1.25140,0,2021,2,Barat
2021-02-15,5,1.01974,1.25140,0,2021,2,Barat
2021-02-16,5,0.95114,1.25140,0,2021,2,Barat
2021-02-17,5,1.05768,1.25140,0,2021,2,Barat
2021-02-18,5,1.18353,1.25140,0,2021,2,Barat
2021-02-19,5,1.26666,1.25140,1,2021,2,Barat
2021-02-20,5,1.44279,1.25140,1,2021,2,Barat
2021-02-21,5,1.38310,1.25140,1,2021,2,Barat
2021-02-22,5,1.18039,1.25140,0,2021,2,Barat
2021-02-23,5,1.11047,1.25140,0,2021,2,Barat
2021-02-24,5,1.19166,1.25140,0,2021,2,Barat
2021-02-25,5,1.01153,1.25140,0,2021,2,Barat
2021-02-26,5,0.95084,1.25140,0,2021,2,Barat
2021-02-27,5,0.97418,1.25140,0,2021,2,Barat
2021-02-28,5,0.80670,1.25140,0,2021,2,Barat
2021-03-01,5,0.77518,1.25140,0,2021,3,Peralihan I
2021-03-02,5,0.78678,1.25140,0,2021,3,Peralihan I
2021-03-03,5,0.83309,1.25140,0,2021,3,Peralihan I
2021-03-04,5,0.80676,1.25140,0,2021,3,Peralihan I
2021-03-05,5,0.82721,1.25140,0,2021,3,Peralihan I
2021-03-06,5,0.77086,1.25140,0,2021,3,Peralihan I
2021-03-07,5,0.74578,1.25140,0,2021,3,Peralihan I
2021-03-08,5,0.87874,1.25140,0,2021,3,Peralihan I
2021-03-09,5,0.92105,1.25140,0,2021,3,Peralihan I
2021-03-10,5,0.89088,1.25140,0,2021,3,Peralihan I
2021-03-11,5,0.83770,1.25140,0,2021,3,Peralihan I
2021-03-12,5,0.71638,1.25140,0,2021,3,Peralihan I
2021-03-13,5,0.59833,1.25140,0,2021,3,Peralihan I
2021-03-14,5,0.49721,1.25140,0,2021,3,Peralihan I
2021-03-15,5,0.49205,1.25140,0,2021,3,Peralihan I
2021-03-16,5,0.43600,1.25140,0,2021,3,Peralihan I
2021-03-17,5,0.41214,1.25140,0,2021,3,Peralihan I
2021-03-18,5,0.42323,1.25140,0,2021,3,Peralihan I
2021-03-19,5,0.80261,1.25140,0,2021,3,Peralihan I
2021-03-20,5,1.26736,1.25140,1,2021,3,Peralihan I
2021-03-21,5,1.15411,1.25140,0,2021,3,Peralihan I
2021-03-22,5,0.83157,1.25140,0,2021,3,Peralihan I
2021-03-23,5,0.70873,1.25140,0,2021,3,Peralihan I
2021-03-24,5,0.70026,1.25140,0,2021,3,Peralihan I
2021-03-25,5,0.56739,1.25140,0,2021,3,Peralihan I
2021-03-26,5,0.49575,1.25140,0,2021,3,Peralihan I
2021-03-27,5,0.46208,1.25140,0,2021,3,Peralihan I
2021-03-28,5,0.50970,1.25140,0,2021,3,Peralihan I
2021-03-29,5,0.63045,1.25140,0,2021,3,Peralihan I
2021-03-30,5,0.69559,1.25140,0,2021,3,Peralihan I
2021-03-31,5,0.76297,1.25140,0,2021,3,Peralihan I
2021-04-01,5,1.19947,1.25140,0,2021,4,Peralihan I
2021-04-02,5,1.97810,1.25140,1,2021,4,Peralihan I
2021-04-03,5,1.64665,1.25140,1,2021,4,Peralihan I
2021-04-04,5,2.09286,1.25140,1,2021,4,Peralihan I
2021-04-05,5,2.15939,1.25140,1,2021,4,Peralihan I
2021-04-06,5,1.91958,1.25140,1,2021,4,Peralihan I
2021-04-07,5,1.34556,1.25140,1,2021,4,Peralihan I
2021-04-08,5,0.91617,1.25140,0,2021,4,Peralihan I
2021-04-09,5,0.77282,1.25140,0,2021,4,Peralihan I
2021-04-10,5,0.81898,1.25140,0,2021,4,Peralihan I
2021-04-11,5,0.77039,1.25140,0,2021,4,Peralihan I
2021-04-12,5,0.61944,1.25140,0,2021,4,Peralihan I
2021-04-13,5,0.53248,1.25140,0,2021,4,Peralihan I
2021-04-14,5,0.51831,1.25140,0,2021,4,Peralihan I
2021-04-15,5,0.58773,1.25140,0,2021,4,Peralihan I
2021-04-16,5,0.59022,1.25140,0,2021,4,Peralihan I
2021-04-17,5,0.61513,1.25140,0,2021,4,Peralihan I
2021-04-18,5,0.66534,1.25140,0,2021,4,Peralihan I
2021-04-19,5,0.64858,1.25140,0,2021,4,Peralihan I
2021-04-20,5,0.60242,1.25140,0,2021,4,Peralihan I
2021-04-21,5,0.48991,1.25140,0,2021,4,Peralihan I
2021-04-22,5,0.53577,1.25140,0,2021,4,Peralihan I
2021-04-23,5,0.47963,1.25140,0,2021,4,Peralihan I
2021-04-24,5,0.52878,1.25140,0,2021,4,Peralihan I
2021-04-25,5,0.72054,1.25140,0,2021,4,Peralihan I
2021-04-26,5,0.76132,1.25140,0,2021,4,Peralihan I
2021-04-27,5,0.69378,1.25140,0,2021,4,Peralihan I
2021-04-28,5,0.58739,1.25140,0,2021,4,Peralihan I
2021-04-29,5,0.57273,1.25140,0,2021,4,Peralihan I
2021-04-30,5,0.70669,1.25140,0,2021,4,Peralihan I
2021-05-01,5,0.84423,1.25140,0,2021,5,Peralihan I
2021-05-02,5,0.79572,1.25140,0,2021,5,Peralihan I
2021-05-03,5,0.81873,1.25140,0,2021,5,Peralihan I
2021-05-04,5,0.91675,1.25140,0,2021,5,Peralihan I
2021-05-05,5,0.95541,1.25140,0,2021,5,Peralihan I
2021-05-06,5,0.82881,1.25140,0,2021,5,Peralihan I
2021-05-07,5,0.70098,1.25140,0,2021,5,Peralihan I
2021-05-08,5,0.64889,1.25140,0,2021,5,Peralihan I
2021-05-09,5,0.71072,1.25140,0,2021,5,Peralihan I
2021-05-10,5,0.82543,1.25140,0,2021,5,Peralihan I
2021-05-11,5,0.92275,1.25140,0,2021,5,Peralihan I
2021-05-12,5,0.94803,1.25140,0,2021,5,Peralihan I
2021-05-13,5,0.95877,1.25140,0,2021,5,Peralihan I
2021-05-14,5,0.97531,1.25140,0,2021,5,Peralihan I
2021-05-15,5,0.98428,1.25140,0,2021,5,Peralihan I
2021-05-16,5,1.00247,1.25140,0,2021,5,Peralihan I
2021-05-17,5,0.97242,1.25140,0,2021,5,Peralihan I
2021-05-18,5,0.98921,1.25140,0,2021,5,Peralihan I
2021-05-19,5,0.84685,1.25140,0,2021,5,Peralihan I
2021-05-20,5,0.79197,1.25140,0,2021,5,Peralihan I
2021-05-21,5,0.71388,1.25140,0,2021,5,Peralihan I
2021-05-22,5,0.68793,1.25140,0,2021,5,Peralihan I
2021-05-23,5,0.62372,1.25140,0,2021,5,Peralihan I
2021-05-24,5,0.65258,1.25140,0,2021,5,Peralihan I
2021-05-25,5,0.75664,1.25140,0,2021,5,Peralihan I
2021-05-26,5,0.99803,1.25140,0,2021,5,Peralihan I
2021-05-27,5,1.24082,1.25140,0,2021,5,Peralihan I
2021-05-28,5,1.32252,1.25140,1,2021,5,Peralihan I
2021-05-29,5,1.06132,1.25140,0,2021,5,Peralihan I
2021-05-30,5,0.87424,1.25140,0,2021,5,Peralihan I
2021-05-31,5,0.84441,1.25140,0,2021,5,Peralihan I
2021-06-01,5,0.82484,1.25140,0,2021,6,Timur
2021-06-02,5,0.80829,1.25140,0,2021,6,Timur
2021-06-03,5,0.80145,1.25140,0,2021,6,Timur
2021-06-04,5,0.86101,1.25140,0,2021,6,Timur
2021-06-05,5,0.89972,1.25140,0,2021,6,Timur
2021-06-06,5,0.97977,1.25140,0,2021,6,Timur
2021-06-07,5,0.85540,1.25140,0,2021,6,Timur
2021-06-08,5,0.79713,1.25140,0,2021,6,Timur
2021-06-09,5,0.73302,1.25140,0,2021,6,Timur
2021-06-10,5,0.73005,1.25140,0,2021,6,Timur
2021-06-11,5,0.80846,1.25140,0,2021,6,Timur
2021-06-12,5,0.85557,1.25140,0,2021,6,Timur
2021-06-13,5,0.80453,1.25140,0,2021,6,Timur
2021-06-14,5,0.69143,1.25140,0,2021,6,Timur
2021-06-15,5,0.62224,1.25140,0,2021,6,Timur
2021-06-16,5,0.78457,1.25140,0,2021,6,Timur
2021-06-17,5,1.02151,1.25140,0,2021,6,Timur
2021-06-18,5,1.01528,1.25140,0,2021,6,Timur
2021-06-19,5,0.98148,1.25140,0,2021,6,Timur
2021-06-20,5,0.93101,1.25140,0,2021,6,Timur
2021-06-21,5,0.94102,1.25140,0,2021,6,Timur
2021-06-22,5,0.87035,1.25140,0,2021,6,Timur
2021-06-23,5,0.96938,1.25140,0,2021,6,Timur
2021-06-24,5,0.94608,1.25140,0,2021,6,Timur
2021-06-25,5,0.79893,1.25140,0,2021,6,Timur
2021-06-26,5,0.85326,1.25140,0,2021,6,Timur
2021-06-27,5,1.04434,1.25140,0,2021,6,Timur
2021-06-28,5,1.20017,1.25140,0,2021,6,Timur
2021-06-29,5,1.08315,1.25140,0,2021,6,Timur
2021-06-30,5,1.05664,1.25140,0,2021,6,Timur
2021-07-01,5,0.98812,1.25140,0,2021,7,Timur
2021-07-02,5,0.97766,1.25140,0,2021,7,Timur
2021-07-03,5,1.10045,1.25140,0,2021,7,Timur
2021-07-04,5,1.19432,1.25140,0,2021,7,Timur
2021-07-05,5,0.94091,1.25140,0,2021,7,Timur
2021-07-06,5,0.88854,1.25140,0,2021,7,Timur
2021-07-07,5,0.85871,1.25140,0,2021,7,Timur
2021-07-08,5,0.97379,1.25140,0,2021,7,Timur
2021-07-09,5,0.80395,1.25140,0,2021,7,Timur
2021-07-10,5,0.86458,1.25140,0,2021,7,Timur
2021-07-11,5,1.01998,1.25140,0,2021,7,Timur
2021-07-12,5,1.10743,1.25140,0,2021,7,Timur
2021-07-13,5,1.10501,1.25140,0,2021,7,Timur
2021-07-14,5,1.26533,1.25140,1,2021,7,Timur
2021-07-15,5,1.28068,1.25140,1,2021,7,Timur
2021-07-16,5,1.19247,1.25140,0,2021,7,Timur
2021-07-17,5,0.90007,1.25140,0,2021,7,Timur
2021-07-18,5,0.83685,1.25140,0,2021,7,Timur
2021-07-19,5,0.77406,1.25140,0,2021,7,Timur
2021-07-20,5,0.81467,1.25140,0,2021,7,Timur
2021-07-21,5,0.84000,1.25140,0,2021,7,Timur
2021-07-22,5,0.75240,1.25140,0,2021,7,Timur
2021-07-23,5,0.74602,1.25140,0,2021,7,Timur
2021-07-24,5,0.73315,1.25140,0,2021,7,Timur
2021-07-25,5,0.74839,1.25140,0,2021,7,Timur
2021-07-26,5,0.75918,1.25140,0,2021,7,Timur
2021-07-27,5,0.79073,1.25140,0,2021,7,Timur
2021-07-28,5,0.87972,1.25140,0,2021,7,Timur
2021-07-29,5,1.01941,1.25140,0,2021,7,Timur
2021-07-30,5,1.04222,1.25140,0,2021,7,Timur
2021-07-31,5,1.00995,1.25140,0,2021,7,Timur
2021-08-01,5,1.18730,1.25140,0,2021,8,Timur
2021-08-02,5,1.20479,1.25140,0,2021,8,Timur
2021-08-03,5,1.11133,1.25140,0,2021,8,Timur
2021-08-04,5,1.01265,1.25140,0,2021,8,Timur
2021-08-05,5,1.03468,1.25140,0,2021,8,Timur
2021-08-06,5,1.22480,1.25140,0,2021,8,Timur
2021-08-07,5,1.24776,1.25140,0,2021,8,Timur
2021-08-08,5,1.16073,1.25140,0,2021,8,Timur
2021-08-09,5,1.00994,1.25140,0,2021,8,Timur
2021-08-10,5,0.92039,1.25140,0,2021,8,Timur
2021-08-11,5,1.26281,1.25140,1,2021,8,Timur
2021-08-12,5,1.49067,1.25140,1,2021,8,Timur
2021-08-13,5,1.25641,1.25140,1,2021,8,Timur
2021-08-14,5,1.12817,1.25140,0,2021,8,Timur
2021-08-15,5,1.07075,1.25140,0,2021,8,Timur
2021-08-16,5,0.97586,1.25140,0,2021,8,Timur
2021-08-17,5,1.13383,1.25140,0,2021,8,Timur
2021-08-18,5,1.18138,1.25140,0,2021,8,Timur
2021-08-19,5,0.93556,1.25140,0,2021,8,Timur
2021-08-20,5,0.80118,1.25140,0,2021,8,Timur
2021-08-21,5,0.84736,1.25140,0,2021,8,Timur
2021-08-22,5,0.86856,1.25140,0,2021,8,Timur
2021-08-23,5,0.86531,1.25140,0,2021,8,Timur
2021-08-24,5,0.82725,1.25140,0,2021,8,Timur
2021-08-25,5,0.77974,1.25140,0,2021,8,Timur
2021-08-26,5,0.80924,1.25140,0,2021,8,Timur
2021-08-27,5,0.84937,1.25140,0,2021,8,Timur
2021-08-28,5,0.86991,1.25140,0,2021,8,Timur
2021-08-29,5,0.98747,1.25140,0,2021,8,Timur
2021-08-30,5,0.97264,1.25140,0,2021,8,Timur
2021-08-31,5,0.89189,1.25140,0,2021,8,Timur
2021-09-01,5,0.76596,1.25140,0,2021,9,Peralihan II
2021-09-02,5,0.85077,1.25140,0,2021,9,Peralihan II
2021-09-03,5,0.93779,1.25140,0,2021,9,Peralihan II
2021-09-04,5,0.97874,1.25140,0,2021,9,Peralihan II
2021-09-05,5,0.99332,1.25140,0,2021,9,Peralihan II
2021-09-06,5,1.01268,1.25140,0,2021,9,Peralihan II
2021-09-07,5,1.24126,1.25140,0,2021,9,Peralihan II
2021-09-08,5,1.32329,1.25140,1,2021,9,Peralihan II
2021-09-09,5,1.26826,1.25140,1,2021,9,Peralihan II
2021-09-10,5,1.24789,1.25140,0,2021,9,Peralihan II
2021-09-11,5,1.18366,1.25140,0,2021,9,Peralihan II
2021-09-12,5,0.99556,1.25140,0,2021,9,Peralihan II
2021-09-13,5,0.76563,1.25140,0,2021,9,Peralihan II
2021-09-14,5,0.71200,1.25140,0,2021,9,Peralihan II
2021-09-15,5,0.67993,1.25140,0,2021,9,Peralihan II
2021-09-16,5,0.74554,1.25140,0,2021,9,Peralihan II
2021-09-17,5,0.92586,1.25140,0,2021,9,Peralihan II
2021-09-18,5,1.06175,1.25140,0,2021,9,Peralihan II
2021-09-19,5,1.08850,1.25140,0,2021,9,Peralihan II
2021-09-20,5,1.04397,1.25140,0,2021,9,Peralihan II
2021-09-21,5,0.93144,1.25140,0,2021,9,Peralihan II
2021-09-22,5,0.91937,1.25140,0,2021,9,Peralihan II
2021-09-23,5,0.90613,1.25140,0,2021,9,Peralihan II
2021-09-24,5,0.83870,1.25140,0,2021,9,Peralihan II
2021-09-25,5,0.66796,1.25140,0,2021,9,Peralihan II
2021-09-26,5,0.66536,1.25140,0,2021,9,Peralihan II
2021-09-27,5,0.69772,1.25140,0,2021,9,Peralihan II
2021-09-28,5,0.68902,1.25140,0,2021,9,Peralihan II
2021-09-29,5,0.63023,1.25140,0,2021,9,Peralihan II
2021-09-30,5,0.65611,1.25140,0,2021,9,Peralihan II
2021-10-01,5,0.73579,1.25140,0,2021,10,Peralihan II
2021-10-02,5,0.79626,1.25140,0,2021,10,Peralihan II
2021-10-03,5,0.96272,1.25140,0,2021,10,Peralihan II
2021-10-04,5,1.08570,1.25140,0,2021,10,Peralihan II
2021-10-05,5,1.07382,1.25140,0,2021,10,Peralihan II
2021-10-06,5,0.93309,1.25140,0,2021,10,Peralihan II
2021-10-07,5,0.87908,1.25140,0,2021,10,Peralihan II
2021-10-08,5,0.85781,1.25140,0,2021,10,Peralihan II
2021-10-09,5,0.86774,1.25140,0,2021,10,Peralihan II
2021-10-10,5,0.76592,1.25140,0,2021,10,Peralihan II
2021-10-11,5,0.86208,1.25140,0,2021,10,Peralihan II
2021-10-12,5,0.85543,1.25140,0,2021,10,Peralihan II
2021-10-13,5,0.70992,1.25140,0,2021,10,Peralihan II
2021-10-14,5,0.58034,1.25140,0,2021,10,Peralihan II
2021-10-15,5,0.55875,1.25140,0,2021,10,Peralihan II
2021-10-16,5,0.52389,1.25140,0,2021,10,Peralihan II
2021-10-17,5,0.57204,1.25140,0,2021,10,Peralihan II
2021-10-18,5,0.62347,1.25140,0,2021,10,Peralihan II
2021-10-19,5,0.63613,1.25140,0,2021,10,Peralihan II
2021-10-20,5,0.68412,1.25140,0,2021,10,Peralihan II
2021-10-21,5,0.92737,1.25140,0,2021,10,Peralihan II
2021-10-22,5,1.02130,1.25140,0,2021,10,Peralihan II
2021-10-23,5,0.88701,1.25140,0,2021,10,Peralihan II
2021-10-24,5,0.78373,1.25140,0,2021,10,Peralihan II
2021-10-25,5,0.77140,1.25140,0,2021,10,Peralihan II
2021-10-26,5,0.70977,1.25140,0,2021,10,Peralihan II
2021-10-27,5,0.64432,1.25140,0,2021,10,Peralihan II
2021-10-28,5,0.65987,1.25140,0,2021,10,Peralihan II
2021-10-29,5,0.65024,1.25140,0,2021,10,Peralihan II
2021-10-30,5,0.63671,1.25140,0,2021,10,Peralihan II
2021-10-31,5,0.57628,1.25140,0,2021,10,Peralihan II
2021-11-01,5,0.52807,1.25140,0,2021,11,Peralihan II
2021-11-02,5,0.51705,1.25140,0,2021,11,Peralihan II
2021-11-03,5,0.63537,1.25140,0,2021,11,Peralihan II
2021-11-04,5,0.70058,1.25140,0,2021,11,Peralihan II
2021-11-05,5,0.58562,1.25140,0,2021,11,Peralihan II
2021-11-06,5,0.52275,1.25140,0,2021,11,Peralihan II
2021-11-07,5,0.50542,1.25140,0,2021,11,Peralihan II
2021-11-08,5,0.51039,1.25140,0,2021,11,Peralihan II
2021-11-09,5,0.51596,1.25140,0,2021,11,Peralihan II
2021-11-10,5,0.57067,1.25140,0,2021,11,Peralihan II
2021-11-11,5,0.60235,1.25140,0,2021,11,Peralihan II
2021-11-12,5,0.69131,1.25140,0,2021,11,Peralihan II
2021-11-13,5,0.62633,1.25140,0,2021,11,Peralihan II
2021-11-14,5,0.55876,1.25140,0,2021,11,Peralihan II
2021-11-15,5,0.47447,1.25140,0,2021,11,Peralihan II
2021-11-16,5,0.42580,1.25140,0,2021,11,Peralihan II
2021-11-17,5,0.45202,1.25140,0,2021,11,Peralihan II
2021-11-18,5,0.55112,1.25140,0,2021,11,Peralihan II
2021-11-19,5,0.59398,1.25140,0,2021,11,Peralihan II
2021-11-20,5,0.53020,1.25140,0,2021,11,Peralihan II
2021-11-21,5,0.46198,1.25140,0,2021,11,Peralihan II
2021-11-22,5,0.41982,1.25140,0,2021,11,Peralihan II
2021-11-23,5,0.41920,1.25140,0,2021,11,Peralihan II
2021-11-24,5,0.48952,1.25140,0,2021,11,Peralihan II
2021-11-25,5,0.65699,1.25140,0,2021,11,Peralihan II
2021-11-26,5,0.64550,1.25140,0,2021,11,Peralihan II
2021-11-27,5,0.61015,1.25140,0,2021,11,Peralihan II
2021-11-28,5,0.51751,1.25140,0,2021,11,Peralihan II
2021-11-29,5,0.51119,1.25140,0,2021,11,Peralihan II
2021-11-30,5,0.53172,1.25140,0,2021,11,Peralihan II
2021-12-01,5,0.76306,1.25140,0,2021,12,Barat
2021-12-02,5,0.76967,1.25140,0,2021,12,Barat
2021-12-03,5,0.75567,1.25140,0,2021,12,Barat
2021-12-04,5,0.77344,1.25140,0,2021,12,Barat
2021-12-05,5,1.07569,1.25140,0,2021,12,Barat
2021-12-06,5,1.06587,1.25140,0,2021,12,Barat
2021-12-07,5,0.95488,1.25140,0,2021,12,Barat
2021-12-08,5,0.88303,1.25140,0,2021,12,Barat
2021-12-09,5,0.80424,1.25140,0,2021,12,Barat
2021-12-10,5,0.75055,1.25140,0,2021,12,Barat
2021-12-11,5,0.72719,1.25140,0,2021,12,Barat
2021-12-12,5,0.71566,1.25140,0,2021,12,Barat
2021-12-13,5,0.72505,1.25140,0,2021,12,Barat
2021-12-14,5,0.68907,1.25140,0,2021,12,Barat
2021-12-15,5,0.66295,1.25140,0,2021,12,Barat
2021-12-16,5,0.66238,1.25140,0,2021,12,Barat
2021-12-17,5,0.67187,1.25140,0,2021,12,Barat
2021-12-18,5,0.63878,1.25140,0,2021,12,Barat
2021-12-19,5,0.66482,1.25140,0,2021,12,Barat
2021-12-20,5,0.68014,1.25140,0,2021,12,Barat
2021-12-21,5,1.08509,1.25140,0,2021,12,Barat
2021-12-22,5,1.26188,1.25140,1,2021,12,Barat
2021-12-23,5,1.14817,1.25140,0,2021,12,Barat
2021-12-24,5,1.32144,1.25140,1,2021,12,Barat
2021-12-25,5,1.25405,1.25140,1,2021,12,Barat
2021-12-26,5,1.43728,1.25140,1,2021,12,Barat
2021-12-27,5,1.37467,1.25140,1,2021,12,Barat
2021-12-28,5,1.38964,1.25140,1,2021,12,Barat
2021-12-29,5,1.08769,1.25140,0,2021,12,Barat
2021-12-30,5,1.01372,1.25140,0,2021,12,Barat
2021-12-31,5,0.95030,1.25140,0,2021,12,Barat
2022-01-01,5,0.90542,1.25140,0,2022,1,Barat
2022-01-02,5,0.76416,1.25140,0,2022,1,Barat
2022-01-03,5,0.74310,1.25140,0,2022,1,Barat
2022-01-04,5,1.00586,1.25140,0,2022,1,Barat
2022-01-05,5,0.80603,1.25140,0,2022,1,Barat
2022-01-06,5,0.75285,1.25140,0,2022,1,Barat
2022-01-07,5,0.68133,1.25140,0,2022,1,Barat
2022-01-08,5,0.63636,1.25140,0,2022,1,Barat
2022-01-09,5,0.55454,1.25140,0,2022,1,Barat
2022-01-10,5,0.51318,1.25140,0,2022,1,Barat
2022-01-11,5,0.56295,1.25140,0,2022,1,Barat
2022-01-12,5,1.03485,1.25140,0,2022,1,Barat
2022-01-13,5,1.25300,1.25140,1,2022,1,Barat
2022-01-14,5,1.64524,1.25140,1,2022,1,Barat
2022-01-15,5,1.79018,1.25140,1,2022,1,Barat
2022-01-16,5,1.91085,1.25140,1,2022,1,Barat
2022-01-17,5,1.42582,1.25140,1,2022,1,Barat
2022-01-18,5,1.24026,1.25140,0,2022,1,Barat
2022-01-19,5,1.18930,1.25140,0,2022,1,Barat
2022-01-20,5,0.98206,1.25140,0,2022,1,Barat
2022-01-21,5,1.20129,1.25140,0,2022,1,Barat
2022-01-22,5,1.31604,1.25140,1,2022,1,Barat
2022-01-23,5,1.27323,1.25140,1,2022,1,Barat
2022-01-24,5,1.35256,1.25140,1,2022,1,Barat
2022-01-25,5,1.48882,1.25140,1,2022,1,Barat
2022-01-26,5,1.59282,1.25140,1,2022,1,Barat
2022-01-27,5,1.46487,1.25140,1,2022,1,Barat
2022-01-28,5,1.34854,1.25140,1,2022,1,Barat
2022-01-29,5,1.34053,1.25140,1,2022,1,Barat
2022-01-30,5,1.78129,1.25140,1,2022,1,Barat
2022-01-31,5,2.31784,1.25140,1,2022,1,Barat
2022-02-01,5,2.09323,1.25140,1,2022,2,Barat
2022-02-02,5,1.52133,1.25140,1,2022,2,Barat
2022-02-03,5,1.42224,1.25140,1,2022,2,Barat
2022-02-04,5,1.33651,1.25140,1,2022,2,Barat
2022-02-05,5,1.16677,1.25140,0,2022,2,Barat
2022-02-06,5,0.87844,1.25140,0,2022,2,Barat
2022-02-07,5,0.75892,1.25140,0,2022,2,Barat
2022-02-08,5,0.86059,1.25140,0,2022,2,Barat
2022-02-09,5,0.93124,1.25140,0,2022,2,Barat
2022-02-10,5,1.00236,1.25140,0,2022,2,Barat
2022-02-11,5,0.86973,1.25140,0,2022,2,Barat
2022-02-12,5,0.71205,1.25140,0,2022,2,Barat
2022-02-13,5,0.71769,1.25140,0,2022,2,Barat
2022-02-14,5,0.67943,1.25140,0,2022,2,Barat
2022-02-15,5,0.67775,1.25140,0,2022,2,Barat
2022-02-16,5,0.61310,1.25140,0,2022,2,Barat
2022-02-17,5,0.55532,1.25140,0,2022,2,Barat
2022-02-18,5,0.69031,1.25140,0,2022,2,Barat
2022-02-19,5,0.73143,1.25140,0,2022,2,Barat
2022-02-20,5,0.87622,1.25140,0,2022,2,Barat
2022-02-21,5,1.16938,1.25140,0,2022,2,Barat
2022-02-22,5,1.29217,1.25140,1,2022,2,Barat
2022-02-23,5,1.21930,1.25140,0,2022,2,Barat
2022-02-24,5,1.12886,1.25140,0,2022,2,Barat
2022-02-25,5,1.25337,1.25140,1,2022,2,Barat
2022-02-26,5,1.42175,1.25140,1,2022,2,Barat
2022-02-27,5,1.35778,1.25140,1,2022,2,Barat
2022-02-28,5,1.32702,1.25140,1,2022,2,Barat
2022-03-01,5,1.30994,1.25140,1,2022,3,Peralihan I
2022-03-02,5,1.26846,1.25140,1,2022,3,Peralihan I
2022-03-03,5,1.26560,1.25140,1,2022,3,Peralihan I
2022-03-04,5,1.07352,1.25140,0,2022,3,Peralihan I
2022-03-05,5,0.94909,1.25140,0,2022,3,Peralihan I
2022-03-06,5,0.81336,1.25140,0,2022,3,Peralihan I
2022-03-07,5,0.68214,1.25140,0,2022,3,Peralihan I
2022-03-08,5,0.65827,1.25140,0,2022,3,Peralihan I
2022-03-09,5,0.54562,1.25140,0,2022,3,Peralihan I
2022-03-10,5,0.48572,1.25140,0,2022,3,Peralihan I
2022-03-11,5,0.42005,1.25140,0,2022,3,Peralihan I
2022-03-12,5,0.37215,1.25140,0,2022,3,Peralihan I
2022-03-13,5,0.40518,1.25140,0,2022,3,Peralihan I
2022-03-14,5,0.38293,1.25140,0,2022,3,Peralihan I
2022-03-15,5,0.37142,1.25140,0,2022,3,Peralihan I
2022-03-16,5,0.37928,1.25140,0,2022,3,Peralihan I
2022-03-17,5,0.42524,1.25140,0,2022,3,Peralihan I
2022-03-18,5,0.74574,1.25140,0,2022,3,Peralihan I
2022-03-19,5,0.71881,1.25140,0,2022,3,Peralihan I
2022-03-20,5,0.58770,1.25140,0,2022,3,Peralihan I
2022-03-21,5,0.62664,1.25140,0,2022,3,Peralihan I
2022-03-22,5,0.71945,1.25140,0,2022,3,Peralihan I
2022-03-23,5,0.83011,1.25140,0,2022,3,Peralihan I
2022-03-24,5,0.77414,1.25140,0,2022,3,Peralihan I
2022-03-25,5,0.70399,1.25140,0,2022,3,Peralihan I
2022-03-26,5,0.64020,1.25140,0,2022,3,Peralihan I
2022-03-27,5,0.59582,1.25140,0,2022,3,Peralihan I
2022-03-28,5,0.61787,1.25140,0,2022,3,Peralihan I
2022-03-29,5,0.63411,1.25140,0,2022,3,Peralihan I
2022-03-30,5,0.60957,1.25140,0,2022,3,Peralihan I
2022-03-31,5,0.56123,1.25140,0,2022,3,Peralihan I
2022-04-01,5,0.51693,1.25140,0,2022,4,Peralihan I
2022-04-02,5,0.51426,1.25140,0,2022,4,Peralihan I
2022-04-03,5,0.46396,1.25140,0,2022,4,Peralihan I
2022-04-04,5,0.47609,1.25140,0,2022,4,Peralihan I
2022-04-05,5,0.55515,1.25140,0,2022,4,Peralihan I
2022-04-06,5,0.60273,1.25140,0,2022,4,Peralihan I
2022-04-07,5,0.59334,1.25140,0,2022,4,Peralihan I
2022-04-08,5,0.53947,1.25140,0,2022,4,Peralihan I
2022-04-09,5,0.50885,1.25140,0,2022,4,Peralihan I
2022-04-10,5,0.55016,1.25140,0,2022,4,Peralihan I
2022-04-11,5,0.62008,1.25140,0,2022,4,Peralihan I
2022-04-12,5,0.63886,1.25140,0,2022,4,Peralihan I
2022-04-13,5,0.59691,1.25140,0,2022,4,Peralihan I
2022-04-14,5,0.53642,1.25140,0,2022,4,Peralihan I
2022-04-15,5,0.50731,1.25140,0,2022,4,Peralihan I
2022-04-16,5,0.49940,1.25140,0,2022,4,Peralihan I
2022-04-17,5,0.50645,1.25140,0,2022,4,Peralihan I
2022-04-18,5,0.60699,1.25140,0,2022,4,Peralihan I
2022-04-19,5,0.62827,1.25140,0,2022,4,Peralihan I
2022-04-20,5,0.52588,1.25140,0,2022,4,Peralihan I
2022-04-21,5,0.52601,1.25140,0,2022,4,Peralihan I
2022-04-22,5,0.49112,1.25140,0,2022,4,Peralihan I
2022-04-23,5,0.52131,1.25140,0,2022,4,Peralihan I
2022-04-24,5,0.51286,1.25140,0,2022,4,Peralihan I
2022-04-25,5,0.53162,1.25140,0,2022,4,Peralihan I
2022-04-26,5,0.46052,1.25140,0,2022,4,Peralihan I
2022-04-27,5,0.55157,1.25140,0,2022,4,Peralihan I
2022-04-28,5,0.57430,1.25140,0,2022,4,Peralihan I
2022-04-29,5,0.74334,1.25140,0,2022,4,Peralihan I
2022-04-30,5,0.85912,1.25140,0,2022,4,Peralihan I
2022-05-01,5,0.75957,1.25140,0,2022,5,Peralihan I
2022-05-02,5,0.74729,1.25140,0,2022,5,Peralihan I
2022-05-03,5,0.67763,1.25140,0,2022,5,Peralihan I
2022-05-04,5,0.67457,1.25140,0,2022,5,Peralihan I
2022-05-05,5,0.70755,1.25140,0,2022,5,Peralihan I
2022-05-06,5,1.06665,1.25140,0,2022,5,Peralihan I
2022-05-07,5,1.18773,1.25140,0,2022,5,Peralihan I
2022-05-08,5,1.07379,1.25140,0,2022,5,Peralihan I
2022-05-09,5,1.07081,1.25140,0,2022,5,Peralihan I
2022-05-10,5,1.01287,1.25140,0,2022,5,Peralihan I
2022-05-11,5,0.73556,1.25140,0,2022,5,Peralihan I
2022-05-12,5,0.67220,1.25140,0,2022,5,Peralihan I
2022-05-13,5,0.61476,1.25140,0,2022,5,Peralihan I
2022-05-14,5,0.59132,1.25140,0,2022,5,Peralihan I
2022-05-15,5,0.74288,1.25140,0,2022,5,Peralihan I
2022-05-16,5,0.73642,1.25140,0,2022,5,Peralihan I
2022-05-17,5,0.61605,1.25140,0,2022,5,Peralihan I
2022-05-18,5,0.61100,1.25140,0,2022,5,Peralihan I
2022-05-19,5,0.72557,1.25140,0,2022,5,Peralihan I
2022-05-20,5,0.89298,1.25140,0,2022,5,Peralihan I
2022-05-21,5,0.82549,1.25140,0,2022,5,Peralihan I
2022-05-22,5,0.84606,1.25140,0,2022,5,Peralihan I
2022-05-23,5,0.94257,1.25140,0,2022,5,Peralihan I
2022-05-24,5,1.18441,1.25140,0,2022,5,Peralihan I
2022-05-25,5,1.15136,1.25140,0,2022,5,Peralihan I
2022-05-26,5,0.98088,1.25140,0,2022,5,Peralihan I
2022-05-27,5,0.81410,1.25140,0,2022,5,Peralihan I
2022-05-28,5,0.76346,1.25140,0,2022,5,Peralihan I
2022-05-29,5,0.74481,1.25140,0,2022,5,Peralihan I
2022-05-30,5,0.68957,1.25140,0,2022,5,Peralihan I
2022-05-31,5,0.68801,1.25140,0,2022,5,Peralihan I
2022-06-01,5,0.57959,1.25140,0,2022,6,Timur
2022-06-02,5,0.60216,1.25140,0,2022,6,Timur
2022-06-03,5,0.58112,1.25140,0,2022,6,Timur
2022-06-04,5,0.58897,1.25140,0,2022,6,Timur
2022-06-05,5,0.57406,1.25140,0,2022,6,Timur
2022-06-06,5,0.56025,1.25140,0,2022,6,Timur
2022-06-07,5,0.72982,1.25140,0,2022,6,Timur
2022-06-08,5,0.78432,1.25140,0,2022,6,Timur
2022-06-09,5,0.95595,1.25140,0,2022,6,Timur
2022-06-10,5,1.17226,1.25140,0,2022,6,Timur
2022-06-11,5,1.34102,1.25140,1,2022,6,Timur
2022-06-12,5,1.23210,1.25140,0,2022,6,Timur
2022-06-13,5,1.09872,1.25140,0,2022,6,Timur
2022-06-14,5,1.06612,1.25140,0,2022,6,Timur
2022-06-15,5,1.12697,1.25140,0,2022,6,Timur
2022-06-16,5,1.07003,1.25140,0,2022,6,Timur
2022-06-17,5,0.98466,1.25140,0,2022,6,Timur
2022-06-18,5,0.91899,1.25140,0,2022,6,Timur
2022-06-19,5,0.89341,1.25140,0,2022,6,Timur
2022-06-20,5,1.06615,1.25140,0,2022,6,Timur
2022-06-21,5,1.08114,1.25140,0,2022,6,Timur
2022-06-22,5,1.25047,1.25140,0,2022,6,Timur
2022-06-23,5,1.26322,1.25140,1,2022,6,Timur
2022-06-24,5,1.20048,1.25140,0,2022,6,Timur
2022-06-25,5,1.11406,1.25140,0,2022,6,Timur
2022-06-26,5,1.06739,1.25140,0,2022,6,Timur
2022-06-27,5,1.05444,1.25140,0,2022,6,Timur
2022-06-28,5,1.00289,1.25140,0,2022,6,Timur
2022-06-29,5,1.09607,1.25140,0,2022,6,Timur
2022-06-30,5,1.21501,1.25140,0,2022,6,Timur
2022-07-01,5,1.27693,1.25140,1,2022,7,Timur
2022-07-02,5,1.28232,1.25140,1,2022,7,Timur
2022-07-03,5,1.37425,1.25140,1,2022,7,Timur
2022-07-04,5,1.36126,1.25140,1,2022,7,Timur
2022-07-05,5,1.37715,1.25140,1,2022,7,Timur
2022-07-06,5,1.24428,1.25140,0,2022,7,Timur
2022-07-07,5,1.10146,1.25140,0,2022,7,Timur
2022-07-08,5,0.92038,1.25140,0,2022,7,Timur
2022-07-09,5,1.00664,1.25140,0,2022,7,Timur
2022-07-10,5,1.13922,1.25140,0,2022,7,Timur
2022-07-11,5,1.02058,1.25140,0,2022,7,Timur
2022-07-12,5,1.11179,1.25140,0,2022,7,Timur
2022-07-13,5,1.18345,1.25140,0,2022,7,Timur
2022-07-14,5,1.09657,1.25140,0,2022,7,Timur
2022-07-15,5,1.11858,1.25140,0,2022,7,Timur
2022-07-16,5,1.26465,1.25140,1,2022,7,Timur
2022-07-17,5,1.22018,1.25140,0,2022,7,Timur
2022-07-18,5,1.03592,1.25140,0,2022,7,Timur
2022-07-19,5,0.94162,1.25140,0,2022,7,Timur
2022-07-20,5,0.85549,1.25140,0,2022,7,Timur
2022-07-21,5,0.83410,1.25140,0,2022,7,Timur
2022-07-22,5,1.01249,1.25140,0,2022,7,Timur
2022-07-23,5,0.95633,1.25140,0,2022,7,Timur
2022-07-24,5,0.92364,1.25140,0,2022,7,Timur
2022-07-25,5,0.95012,1.25140,0,2022,7,Timur
2022-07-26,5,0.96501,1.25140,0,2022,7,Timur
2022-07-27,5,1.23845,1.25140,0,2022,7,Timur
2022-07-28,5,1.28273,1.25140,1,2022,7,Timur
2022-07-29,5,1.24676,1.25140,0,2022,7,Timur
2022-07-30,5,1.10491,1.25140,0,2022,7,Timur
2022-07-31,5,0.93050,1.25140,0,2022,7,Timur
2022-08-01,5,0.91586,1.25140,0,2022,8,Timur
2022-08-02,5,0.88088,1.25140,0,2022,8,Timur
2022-08-03,5,0.87093,1.25140,0,2022,8,Timur
2022-08-04,5,1.11897,1.25140,0,2022,8,Timur
2022-08-05,5,1.06334,1.25140,0,2022,8,Timur
2022-08-06,5,0.92953,1.25140,0,2022,8,Timur
2022-08-07,5,0.76873,1.25140,0,2022,8,Timur
2022-08-08,5,0.62992,1.25140,0,2022,8,Timur
2022-08-09,5,0.73057,1.25140,0,2022,8,Timur
2022-08-10,5,0.95429,1.25140,0,2022,8,Timur
2022-08-11,5,1.11245,1.25140,0,2022,8,Timur
2022-08-12,5,1.07600,1.25140,0,2022,8,Timur
2022-08-13,5,0.87877,1.25140,0,2022,8,Timur
2022-08-14,5,0.74737,1.25140,0,2022,8,Timur
2022-08-15,5,1.03796,1.25140,0,2022,8,Timur
2022-08-16,5,1.13696,1.25140,0,2022,8,Timur
2022-08-17,5,1.06992,1.25140,0,2022,8,Timur
2022-08-18,5,0.98737,1.25140,0,2022,8,Timur
2022-08-19,5,1.16232,1.25140,0,2022,8,Timur
2022-08-20,5,1.22079,1.25140,0,2022,8,Timur
2022-08-21,5,1.28652,1.25140,1,2022,8,Timur
2022-08-22,5,1.21381,1.25140,0,2022,8,Timur
2022-08-23,5,1.05166,1.25140,0,2022,8,Timur
2022-08-24,5,1.18950,1.25140,0,2022,8,Timur
2022-08-25,5,1.25233,1.25140,1,2022,8,Timur
2022-08-26,5,1.16079,1.25140,0,2022,8,Timur
2022-08-27,5,0.83936,1.25140,0,2022,8,Timur
2022-08-28,5,0.64912,1.25140,0,2022,8,Timur
2022-08-29,5,0.81412,1.25140,0,2022,8,Timur
2022-08-30,5,0.97328,1.25140,0,2022,8,Timur
2022-08-31,5,0.90477,1.25140,0,2022,8,Timur
2022-09-01,5,0.79716,1.25140,0,2022,9,Peralihan II
2022-09-02,5,0.78103,1.25140,0,2022,9,Peralihan II
2022-09-03,5,0.72375,1.25140,0,2022,9,Peralihan II
2022-09-04,5,0.71555,1.25140,0,2022,9,Peralihan II
2022-09-05,5,0.70547,1.25140,0,2022,9,Peralihan II
2022-09-06,5,0.66077,1.25140,0,2022,9,Peralihan II
2022-09-07,5,0.66789,1.25140,0,2022,9,Peralihan II
2022-09-08,5,0.85881,1.25140,0,2022,9,Peralihan II
2022-09-09,5,0.82324,1.25140,0,2022,9,Peralihan II
2022-09-10,5,0.74241,1.25140,0,2022,9,Peralihan II
2022-09-11,5,0.72921,1.25140,0,2022,9,Peralihan II
2022-09-12,5,0.69896,1.25140,0,2022,9,Peralihan II
2022-09-13,5,0.77304,1.25140,0,2022,9,Peralihan II
2022-09-14,5,0.86551,1.25140,0,2022,9,Peralihan II
2022-09-15,5,1.04669,1.25140,0,2022,9,Peralihan II
2022-09-16,5,1.03412,1.25140,0,2022,9,Peralihan II
2022-09-17,5,0.86877,1.25140,0,2022,9,Peralihan II
2022-09-18,5,0.70194,1.25140,0,2022,9,Peralihan II
2022-09-19,5,0.67417,1.25140,0,2022,9,Peralihan II
2022-09-20,5,0.81872,1.25140,0,2022,9,Peralihan II
2022-09-21,5,0.82510,1.25140,0,2022,9,Peralihan II
2022-09-22,5,0.87730,1.25140,0,2022,9,Peralihan II
2022-09-23,5,0.84940,1.25140,0,2022,9,Peralihan II
2022-09-24,5,0.82417,1.25140,0,2022,9,Peralihan II
2022-09-25,5,0.86750,1.25140,0,2022,9,Peralihan II
2022-09-26,5,0.84640,1.25140,0,2022,9,Peralihan II
2022-09-27,5,0.88446,1.25140,0,2022,9,Peralihan II
2022-09-28,5,0.79792,1.25140,0,2022,9,Peralihan II
2022-09-29,5,0.76964,1.25140,0,2022,9,Peralihan II
2022-09-30,5,0.72221,1.25140,0,2022,9,Peralihan II
2022-10-01,5,0.64746,1.25140,0,2022,10,Peralihan II
2022-10-02,5,0.66320,1.25140,0,2022,10,Peralihan II
2022-10-03,5,0.65558,1.25140,0,2022,10,Peralihan II
2022-10-04,5,0.71613,1.25140,0,2022,10,Peralihan II
2022-10-05,5,0.70777,1.25140,0,2022,10,Peralihan II
2022-10-06,5,0.65792,1.25140,0,2022,10,Peralihan II
2022-10-07,5,0.67537,1.25140,0,2022,10,Peralihan II
2022-10-08,5,0.78197,1.25140,0,2022,10,Peralihan II
2022-10-09,5,0.81774,1.25140,0,2022,10,Peralihan II
2022-10-10,5,0.68334,1.25140,0,2022,10,Peralihan II
2022-10-11,5,0.58058,1.25140,0,2022,10,Peralihan II
2022-10-12,5,0.63596,1.25140,0,2022,10,Peralihan II
2022-10-13,5,0.77320,1.25140,0,2022,10,Peralihan II
2022-10-14,5,0.73743,1.25140,0,2022,10,Peralihan II
2022-10-15,5,0.63550,1.25140,0,2022,10,Peralihan II
2022-10-16,5,0.61299,1.25140,0,2022,10,Peralihan II
2022-10-17,5,0.71093,1.25140,0,2022,10,Peralihan II
2022-10-18,5,0.68777,1.25140,0,2022,10,Peralihan II
2022-10-19,5,0.64164,1.25140,0,2022,10,Peralihan II
2022-10-20,5,0.54389,1.25140,0,2022,10,Peralihan II
2022-10-21,5,0.51397,1.25140,0,2022,10,Peralihan II
2022-10-22,5,0.55420,1.25140,0,2022,10,Peralihan II
2022-10-23,5,0.72683,1.25140,0,2022,10,Peralihan II
2022-10-24,5,0.84992,1.25140,0,2022,10,Peralihan II
2022-10-25,5,0.79151,1.25140,0,2022,10,Peralihan II
2022-10-26,5,0.71162,1.25140,0,2022,10,Peralihan II
2022-10-27,5,0.76059,1.25140,0,2022,10,Peralihan II
2022-10-28,5,0.91386,1.25140,0,2022,10,Peralihan II
2022-10-29,5,0.97225,1.25140,0,2022,10,Peralihan II
2022-10-30,5,0.92849,1.25140,0,2022,10,Peralihan II
2022-10-31,5,0.84502,1.25140,0,2022,10,Peralihan II
2022-11-01,5,0.85508,1.25140,0,2022,11,Peralihan II
2022-11-02,5,0.72758,1.25140,0,2022,11,Peralihan II
2022-11-03,5,0.60858,1.25140,0,2022,11,Peralihan II
2022-11-04,5,0.53395,1.25140,0,2022,11,Peralihan II
2022-11-05,5,0.46820,1.25140,0,2022,11,Peralihan II
2022-11-06,5,0.48915,1.25140,0,2022,11,Peralihan II
2022-11-07,5,0.53784,1.25140,0,2022,11,Peralihan II
2022-11-08,5,0.59256,1.25140,0,2022,11,Peralihan II
2022-11-09,5,0.63697,1.25140,0,2022,11,Peralihan II
2022-11-10,5,0.67548,1.25140,0,2022,11,Peralihan II
2022-11-11,5,0.70290,1.25140,0,2022,11,Peralihan II
2022-11-12,5,0.68368,1.25140,0,2022,11,Peralihan II
2022-11-13,5,0.62354,1.25140,0,2022,11,Peralihan II
2022-11-14,5,0.61604,1.25140,0,2022,11,Peralihan II
2022-11-15,5,0.60533,1.25140,0,2022,11,Peralihan II
2022-11-16,5,0.62524,1.25140,0,2022,11,Peralihan II
2022-11-17,5,0.66173,1.25140,0,2022,11,Peralihan II
2022-11-18,5,0.59520,1.25140,0,2022,11,Peralihan II
2022-11-19,5,0.69197,1.25140,0,2022,11,Peralihan II
2022-11-20,5,0.75972,1.25140,0,2022,11,Peralihan II
2022-11-21,5,0.70127,1.25140,0,2022,11,Peralihan II
2022-11-22,5,0.66107,1.25140,0,2022,11,Peralihan II
2022-11-23,5,0.63986,1.25140,0,2022,11,Peralihan II
2022-11-24,5,0.55165,1.25140,0,2022,11,Peralihan II
2022-11-25,5,0.50202,1.25140,0,2022,11,Peralihan II
2022-11-26,5,0.46872,1.25140,0,2022,11,Peralihan II
2022-11-27,5,0.70977,1.25140,0,2022,11,Peralihan II
2022-11-28,5,0.73573,1.25140,0,2022,11,Peralihan II
2022-11-29,5,0.83270,1.25140,0,2022,11,Peralihan II
2022-11-30,5,0.84497,1.25140,0,2022,11,Peralihan II
2022-12-01,5,0.77313,1.25140,0,2022,12,Barat
2022-12-02,5,0.61052,1.25140,0,2022,12,Barat
2022-12-03,5,0.54475,1.25140,0,2022,12,Barat
2022-12-04,5,0.49537,1.25140,0,2022,12,Barat
2022-12-05,5,0.53555,1.25140,0,2022,12,Barat
2022-12-06,5,0.60582,1.25140,0,2022,12,Barat
2022-12-07,5,0.59831,1.25140,0,2022,12,Barat
2022-12-08,5,0.57261,1.25140,0,2022,12,Barat
2022-12-09,5,0.59502,1.25140,0,2022,12,Barat
2022-12-10,5,0.55818,1.25140,0,2022,12,Barat
2022-12-11,5,0.50008,1.25140,0,2022,12,Barat
2022-12-12,5,0.50929,1.25140,0,2022,12,Barat
2022-12-13,5,0.55011,1.25140,0,2022,12,Barat
2022-12-14,5,0.55690,1.25140,0,2022,12,Barat
2022-12-15,5,0.60453,1.25140,0,2022,12,Barat
2022-12-16,5,0.61393,1.25140,0,2022,12,Barat
2022-12-17,5,0.71730,1.25140,0,2022,12,Barat
2022-12-18,5,0.82851,1.25140,0,2022,12,Barat
2022-12-19,5,0.83447,1.25140,0,2022,12,Barat
2022-12-20,5,0.99404,1.25140,0,2022,12,Barat
2022-12-21,5,1.02235,1.25140,0,2022,12,Barat
2022-12-22,5,1.03084,1.25140,0,2022,12,Barat
2022-12-23,5,1.18736,1.25140,0,2022,12,Barat
2022-12-24,5,1.95660,1.25140,1,2022,12,Barat
2022-12-25,5,1.89490,1.25140,1,2022,12,Barat
2022-12-26,5,1.47571,1.25140,1,2022,12,Barat
2022-12-27,5,1.22638,1.25140,0,2022,12,Barat
2022-12-28,5,1.34281,1.25140,1,2022,12,Barat
2022-12-29,5,1.87490,1.25140,1,2022,12,Barat
2022-12-30,5,2.26529,1.25140,1,2022,12,Barat
2022-12-31,5,2.21946,1.25140,1,2022,12,Barat
2023-01-01,5,2.31395,1.25140,1,2023,1,Barat
2023-01-02,5,2.33080,1.25140,1,2023,1,Barat
2023-01-03,5,2.51492,1.25140,1,2023,1,Barat
2023-01-04,5,2.43574,1.25140,1,2023,1,Barat
2023-01-05,5,2.21408,1.25140,1,2023,1,Barat
2023-01-06,5,1.99353,1.25140,1,2023,1,Barat
2023-01-07,5,1.63999,1.25140,1,2023,1,Barat
2023-01-08,5,1.22754,1.25140,0,2023,1,Barat
2023-01-09,5,1.08120,1.25140,0,2023,1,Barat
2023-01-10,5,1.03674,1.25140,0,2023,1,Barat
2023-01-11,5,0.86422,1.25140,0,2023,1,Barat
2023-01-12,5,0.74006,1.25140,0,2023,1,Barat
2023-01-13,5,0.72819,1.25140,0,2023,1,Barat
2023-01-14,5,0.91842,1.25140,0,2023,1,Barat
2023-01-15,5,0.94430,1.25140,0,2023,1,Barat
2023-01-16,5,0.89537,1.25140,0,2023,1,Barat
2023-01-17,5,0.79226,1.25140,0,2023,1,Barat
2023-01-18,5,0.79842,1.25140,0,2023,1,Barat
2023-01-19,5,0.89013,1.25140,0,2023,1,Barat
2023-01-20,5,0.91961,1.25140,0,2023,1,Barat
2023-01-21,5,0.80186,1.25140,0,2023,1,Barat
2023-01-22,5,0.67349,1.25140,0,2023,1,Barat
2023-01-23,5,0.57360,1.25140,0,2023,1,Barat
2023-01-24,5,0.60903,1.25140,0,2023,1,Barat
2023-01-25,5,0.61269,1.25140,0,2023,1,Barat
2023-01-26,5,0.69085,1.25140,0,2023,1,Barat
2023-01-27,5,0.74807,1.25140,0,2023,1,Barat
2023-01-28,5,0.79868,1.25140,0,2023,1,Barat
2023-01-29,5,0.82641,1.25140,0,2023,1,Barat
2023-01-30,5,0.74665,1.25140,0,2023,1,Barat
2023-01-31,5,0.71505,1.25140,0,2023,1,Barat
2023-02-01,5,0.72695,1.25140,0,2023,2,Barat
2023-02-02,5,0.95042,1.25140,0,2023,2,Barat
2023-02-03,5,1.18636,1.25140,0,2023,2,Barat
2023-02-04,5,1.29076,1.25140,1,2023,2,Barat
2023-02-05,5,1.28643,1.25140,1,2023,2,Barat
2023-02-06,5,1.28483,1.25140,1,2023,2,Barat
2023-02-07,5,1.17099,1.25140,0,2023,2,Barat
2023-02-08,5,1.22922,1.25140,0,2023,2,Barat
2023-02-09,5,1.27093,1.25140,1,2023,2,Barat
2023-02-10,5,1.33172,1.25140,1,2023,2,Barat
2023-02-11,5,1.17574,1.25140,0,2023,2,Barat
2023-02-12,5,1.24028,1.25140,0,2023,2,Barat
2023-02-13,5,1.40022,1.25140,1,2023,2,Barat
2023-02-14,5,1.44990,1.25140,1,2023,2,Barat
2023-02-15,5,1.37522,1.25140,1,2023,2,Barat
2023-02-16,5,1.24518,1.25140,0,2023,2,Barat
2023-02-17,5,1.08828,1.25140,0,2023,2,Barat
2023-02-18,5,1.03669,1.25140,0,2023,2,Barat
2023-02-19,5,0.97129,1.25140,0,2023,2,Barat
2023-02-20,5,0.90702,1.25140,0,2023,2,Barat
2023-02-21,5,0.86308,1.25140,0,2023,2,Barat
2023-02-22,5,0.87967,1.25140,0,2023,2,Barat
2023-02-23,5,1.24490,1.25140,0,2023,2,Barat
2023-02-24,5,1.29663,1.25140,1,2023,2,Barat
2023-02-25,5,1.57011,1.25140,1,2023,2,Barat
2023-02-26,5,2.05451,1.25140,1,2023,2,Barat
2023-02-27,5,2.06582,1.25140,1,2023,2,Barat
2023-02-28,5,1.56130,1.25140,1,2023,2,Barat
2023-03-01,5,1.59437,1.25140,1,2023,3,Peralihan I
2023-03-02,5,1.57386,1.25140,1,2023,3,Peralihan I
2023-03-03,5,1.27200,1.25140,1,2023,3,Peralihan I
2023-03-04,5,0.94727,1.25140,0,2023,3,Peralihan I
2023-03-05,5,1.03710,1.25140,0,2023,3,Peralihan I
2023-03-06,5,1.03750,1.25140,0,2023,3,Peralihan I
2023-03-07,5,0.75898,1.25140,0,2023,3,Peralihan I
2023-03-08,5,0.69779,1.25140,0,2023,3,Peralihan I
2023-03-09,5,0.66163,1.25140,0,2023,3,Peralihan I
2023-03-10,5,0.69340,1.25140,0,2023,3,Peralihan I
2023-03-11,5,0.61332,1.25140,0,2023,3,Peralihan I
2023-03-12,5,0.51114,1.25140,0,2023,3,Peralihan I
2023-03-13,5,0.46732,1.25140,0,2023,3,Peralihan I
2023-03-14,5,0.48439,1.25140,0,2023,3,Peralihan I
2023-03-15,5,0.51667,1.25140,0,2023,3,Peralihan I
2023-03-16,5,0.58772,1.25140,0,2023,3,Peralihan I
2023-03-17,5,0.57985,1.25140,0,2023,3,Peralihan I
2023-03-18,5,0.49339,1.25140,0,2023,3,Peralihan I
2023-03-19,5,0.47931,1.25140,0,2023,3,Peralihan I
2023-03-20,5,0.52632,1.25140,0,2023,3,Peralihan I
2023-03-21,5,0.47598,1.25140,0,2023,3,Peralihan I
2023-03-22,5,0.47674,1.25140,0,2023,3,Peralihan I
2023-03-23,5,0.56348,1.25140,0,2023,3,Peralihan I
2023-03-24,5,0.60156,1.25140,0,2023,3,Peralihan I
2023-03-25,5,0.51779,1.25140,0,2023,3,Peralihan I
2023-03-26,5,0.48930,1.25140,0,2023,3,Peralihan I
2023-03-27,5,0.47369,1.25140,0,2023,3,Peralihan I
2023-03-28,5,0.48503,1.25140,0,2023,3,Peralihan I
2023-03-29,5,0.52444,1.25140,0,2023,3,Peralihan I
2023-03-30,5,0.52649,1.25140,0,2023,3,Peralihan I
2023-03-31,5,0.53242,1.25140,0,2023,3,Peralihan I
2023-04-01,5,0.60762,1.25140,0,2023,4,Peralihan I
2023-04-02,5,0.64750,1.25140,0,2023,4,Peralihan I
2023-04-03,5,0.64257,1.25140,0,2023,4,Peralihan I
2023-04-04,5,0.59745,1.25140,0,2023,4,Peralihan I
2023-04-05,5,0.56661,1.25140,0,2023,4,Peralihan I
2023-04-06,5,0.50108,1.25140,0,2023,4,Peralihan I
2023-04-07,5,0.65209,1.25140,0,2023,4,Peralihan I
2023-04-08,5,0.83614,1.25140,0,2023,4,Peralihan I
2023-04-09,5,1.15465,1.25140,0,2023,4,Peralihan I
2023-04-10,5,1.50588,1.25140,1,2023,4,Peralihan I
2023-04-11,5,1.55951,1.25140,1,2023,4,Peralihan I
2023-04-12,5,1.37294,1.25140,1,2023,4,Peralihan I
2023-04-13,5,1.16349,1.25140,0,2023,4,Peralihan I
2023-04-14,5,0.99391,1.25140,0,2023,4,Peralihan I
2023-04-15,5,0.88268,1.25140,0,2023,4,Peralihan I
2023-04-16,5,0.87396,1.25140,0,2023,4,Peralihan I
2023-04-17,5,0.79752,1.25140,0,2023,4,Peralihan I
2023-04-18,5,0.67885,1.25140,0,2023,4,Peralihan I
2023-04-19,5,0.75055,1.25140,0,2023,4,Peralihan I
2023-04-20,5,0.86873,1.25140,0,2023,4,Peralihan I
2023-04-21,5,0.91487,1.25140,0,2023,4,Peralihan I
2023-04-22,5,0.98684,1.25140,0,2023,4,Peralihan I
2023-04-23,5,0.98364,1.25140,0,2023,4,Peralihan I
2023-04-24,5,0.97101,1.25140,0,2023,4,Peralihan I
2023-04-25,5,0.88163,1.25140,0,2023,4,Peralihan I
2023-04-26,5,0.82755,1.25140,0,2023,4,Peralihan I
2023-04-27,5,0.89845,1.25140,0,2023,4,Peralihan I
2023-04-28,5,0.84858,1.25140,0,2023,4,Peralihan I
2023-04-29,5,0.75614,1.25140,0,2023,4,Peralihan I
2023-04-30,5,0.69633,1.25140,0,2023,4,Peralihan I
2023-05-01,5,0.61090,1.25140,0,2023,5,Peralihan I
2023-05-02,5,0.70196,1.25140,0,2023,5,Peralihan I
2023-05-03,5,0.86849,1.25140,0,2023,5,Peralihan I
2023-05-04,5,0.85900,1.25140,0,2023,5,Peralihan I
2023-05-05,5,0.75069,1.25140,0,2023,5,Peralihan I
2023-05-06,5,0.66230,1.25140,0,2023,5,Peralihan I
2023-05-07,5,0.71337,1.25140,0,2023,5,Peralihan I
2023-05-08,5,1.07971,1.25140,0,2023,5,Peralihan I
2023-05-09,5,1.14690,1.25140,0,2023,5,Peralihan I
2023-05-10,5,1.02321,1.25140,0,2023,5,Peralihan I
2023-05-11,5,0.96024,1.25140,0,2023,5,Peralihan I
2023-05-12,5,1.05856,1.25140,0,2023,5,Peralihan I
2023-05-13,5,1.08923,1.25140,0,2023,5,Peralihan I
2023-05-14,5,0.94631,1.25140,0,2023,5,Peralihan I
2023-05-15,5,0.84343,1.25140,0,2023,5,Peralihan I
2023-05-16,5,0.66266,1.25140,0,2023,5,Peralihan I
2023-05-17,5,0.62047,1.25140,0,2023,5,Peralihan I
2023-05-18,5,0.72540,1.25140,0,2023,5,Peralihan I
2023-05-19,5,0.91244,1.25140,0,2023,5,Peralihan I
2023-05-20,5,1.14092,1.25140,0,2023,5,Peralihan I
2023-05-21,5,1.24997,1.25140,0,2023,5,Peralihan I
2023-05-22,5,1.27443,1.25140,1,2023,5,Peralihan I
2023-05-23,5,1.07103,1.25140,0,2023,5,Peralihan I
2023-05-24,5,0.88689,1.25140,0,2023,5,Peralihan I
2023-05-25,5,0.88884,1.25140,0,2023,5,Peralihan I
2023-05-26,5,0.90926,1.25140,0,2023,5,Peralihan I
2023-05-27,5,0.91693,1.25140,0,2023,5,Peralihan I
2023-05-28,5,1.13081,1.25140,0,2023,5,Peralihan I
2023-05-29,5,1.17903,1.25140,0,2023,5,Peralihan I
2023-05-30,5,1.05843,1.25140,0,2023,5,Peralihan I
2023-05-31,5,1.00753,1.25140,0,2023,5,Peralihan I
2023-06-01,5,0.90085,1.25140,0,2023,6,Timur
2023-06-02,5,0.76674,1.25140,0,2023,6,Timur
2023-06-03,5,0.66551,1.25140,0,2023,6,Timur
2023-06-04,5,0.67482,1.25140,0,2023,6,Timur
2023-06-05,5,0.68422,1.25140,0,2023,6,Timur
2023-06-06,5,0.68267,1.25140,0,2023,6,Timur
2023-06-07,5,0.87511,1.25140,0,2023,6,Timur
2023-06-08,5,0.98244,1.25140,0,2023,6,Timur
2023-06-09,5,0.98752,1.25140,0,2023,6,Timur
2023-06-10,5,0.94778,1.25140,0,2023,6,Timur
2023-06-11,5,1.11150,1.25140,0,2023,6,Timur
2023-06-12,5,1.15233,1.25140,0,2023,6,Timur
2023-06-13,5,1.06233,1.25140,0,2023,6,Timur
2023-06-14,5,0.87830,1.25140,0,2023,6,Timur
2023-06-15,5,0.79381,1.25140,0,2023,6,Timur
2023-06-16,5,0.78415,1.25140,0,2023,6,Timur
2023-06-17,5,0.77372,1.25140,0,2023,6,Timur
2023-06-18,5,0.82332,1.25140,0,2023,6,Timur
2023-06-19,5,0.73972,1.25140,0,2023,6,Timur
2023-06-20,5,0.67732,1.25140,0,2023,6,Timur
2023-06-21,5,0.53371,1.25140,0,2023,6,Timur
2023-06-22,5,0.70102,1.25140,0,2023,6,Timur
2023-06-23,5,0.74404,1.25140,0,2023,6,Timur
2023-06-24,5,0.71873,1.25140,0,2023,6,Timur
2023-06-25,5,0.66211,1.25140,0,2023,6,Timur
2023-06-26,5,0.77750,1.25140,0,2023,6,Timur
2023-06-27,5,1.00795,1.25140,0,2023,6,Timur
2023-06-28,5,0.92766,1.25140,0,2023,6,Timur
2023-06-29,5,0.90490,1.25140,0,2023,6,Timur
2023-06-30,5,0.92252,1.25140,0,2023,6,Timur
2023-07-01,5,0.96394,1.25140,0,2023,7,Timur
2023-07-02,5,1.03416,1.25140,0,2023,7,Timur
2023-07-03,5,0.88733,1.25140,0,2023,7,Timur
2023-07-04,5,0.71665,1.25140,0,2023,7,Timur
2023-07-05,5,1.01795,1.25140,0,2023,7,Timur
2023-07-06,5,1.20812,1.25140,0,2023,7,Timur
2023-07-07,5,1.22182,1.25140,0,2023,7,Timur
2023-07-08,5,1.07025,1.25140,0,2023,7,Timur
2023-07-09,5,1.00912,1.25140,0,2023,7,Timur
2023-07-10,5,1.18473,1.25140,0,2023,7,Timur
2023-07-11,5,1.11709,1.25140,0,2023,7,Timur
2023-07-12,5,1.10601,1.25140,0,2023,7,Timur
2023-07-13,5,1.21489,1.25140,0,2023,7,Timur
2023-07-14,5,1.18186,1.25140,0,2023,7,Timur
2023-07-15,5,1.07986,1.25140,0,2023,7,Timur
2023-07-16,5,0.92482,1.25140,0,2023,7,Timur
2023-07-17,5,1.00548,1.25140,0,2023,7,Timur
2023-07-18,5,1.08012,1.25140,0,2023,7,Timur
2023-07-19,5,1.01539,1.25140,0,2023,7,Timur
2023-07-20,5,0.94355,1.25140,0,2023,7,Timur
2023-07-21,5,1.22687,1.25140,0,2023,7,Timur
2023-07-22,5,1.41178,1.25140,1,2023,7,Timur
2023-07-23,5,1.40135,1.25140,1,2023,7,Timur
2023-07-24,5,1.64438,1.25140,1,2023,7,Timur
2023-07-25,5,1.54773,1.25140,1,2023,7,Timur
2023-07-26,5,1.35906,1.25140,1,2023,7,Timur
2023-07-27,5,1.19280,1.25140,0,2023,7,Timur
2023-07-28,5,1.13558,1.25140,0,2023,7,Timur
2023-07-29,5,1.04378,1.25140,0,2023,7,Timur
2023-07-30,5,0.94868,1.25140,0,2023,7,Timur
2023-07-31,5,0.96649,1.25140,0,2023,7,Timur
2023-08-01,5,1.01099,1.25140,0,2023,8,Timur
2023-08-02,5,1.03760,1.25140,0,2023,8,Timur
2023-08-03,5,1.01675,1.25140,0,2023,8,Timur
2023-08-04,5,1.11191,1.25140,0,2023,8,Timur
2023-08-05,5,1.31597,1.25140,1,2023,8,Timur
2023-08-06,5,1.29491,1.25140,1,2023,8,Timur
2023-08-07,5,1.19009,1.25140,0,2023,8,Timur
2023-08-08,5,1.15078,1.25140,0,2023,8,Timur
2023-08-09,5,1.16941,1.25140,0,2023,8,Timur
2023-08-10,5,1.17689,1.25140,0,2023,8,Timur
2023-08-11,5,1.10508,1.25140,0,2023,8,Timur
2023-08-12,5,1.03427,1.25140,0,2023,8,Timur
2023-08-13,5,0.93820,1.25140,0,2023,8,Timur
2023-08-14,5,0.88788,1.25140,0,2023,8,Timur
2023-08-15,5,0.86668,1.25140,0,2023,8,Timur
2023-08-16,5,0.90255,1.25140,0,2023,8,Timur
2023-08-17,5,0.95389,1.25140,0,2023,8,Timur
2023-08-18,5,1.03193,1.25140,0,2023,8,Timur
2023-08-19,5,1.16364,1.25140,0,2023,8,Timur
2023-08-20,5,1.28615,1.25140,1,2023,8,Timur
2023-08-21,5,1.16584,1.25140,0,2023,8,Timur
2023-08-22,5,1.00035,1.25140,0,2023,8,Timur
2023-08-23,5,0.98808,1.25140,0,2023,8,Timur
2023-08-24,5,1.10218,1.25140,0,2023,8,Timur
2023-08-25,5,1.13381,1.25140,0,2023,8,Timur
2023-08-26,5,0.98346,1.25140,0,2023,8,Timur
2023-08-27,5,0.97179,1.25140,0,2023,8,Timur
2023-08-28,5,0.94986,1.25140,0,2023,8,Timur
2023-08-29,5,0.93735,1.25140,0,2023,8,Timur
2023-08-30,5,0.99618,1.25140,0,2023,8,Timur
2023-08-31,5,0.93127,1.25140,0,2023,8,Timur
2023-09-01,5,0.87087,1.25140,0,2023,9,Peralihan II
2023-09-02,5,0.86814,1.25140,0,2023,9,Peralihan II
2023-09-03,5,0.82614,1.25140,0,2023,9,Peralihan II
2023-09-04,5,0.93581,1.25140,0,2023,9,Peralihan II
2023-09-05,5,1.09426,1.25140,0,2023,9,Peralihan II
2023-09-06,5,1.12380,1.25140,0,2023,9,Peralihan II
2023-09-07,5,1.01334,1.25140,0,2023,9,Peralihan II
2023-09-08,5,0.85602,1.25140,0,2023,9,Peralihan II
2023-09-09,5,0.73417,1.25140,0,2023,9,Peralihan II
2023-09-10,5,0.78964,1.25140,0,2023,9,Peralihan II
2023-09-11,5,0.82076,1.25140,0,2023,9,Peralihan II
2023-09-12,5,0.82761,1.25140,0,2023,9,Peralihan II
2023-09-13,5,0.89527,1.25140,0,2023,9,Peralihan II
2023-09-14,5,1.11315,1.25140,0,2023,9,Peralihan II
2023-09-15,5,1.34523,1.25140,1,2023,9,Peralihan II
2023-09-16,5,1.38696,1.25140,1,2023,9,Peralihan II
2023-09-17,5,1.27192,1.25140,1,2023,9,Peralihan II
2023-09-18,5,1.19677,1.25140,0,2023,9,Peralihan II
2023-09-19,5,1.17333,1.25140,0,2023,9,Peralihan II
2023-09-20,5,1.05226,1.25140,0,2023,9,Peralihan II
2023-09-21,5,0.99476,1.25140,0,2023,9,Peralihan II
2023-09-22,5,0.94728,1.25140,0,2023,9,Peralihan II
2023-09-23,5,0.87045,1.25140,0,2023,9,Peralihan II
2023-09-24,5,0.83261,1.25140,0,2023,9,Peralihan II
2023-09-25,5,0.77129,1.25140,0,2023,9,Peralihan II
2023-09-26,5,0.84320,1.25140,0,2023,9,Peralihan II
2023-09-27,5,0.89526,1.25140,0,2023,9,Peralihan II
2023-09-28,5,0.89146,1.25140,0,2023,9,Peralihan II
2023-09-29,5,0.90003,1.25140,0,2023,9,Peralihan II
2023-09-30,5,0.88075,1.25140,0,2023,9,Peralihan II
2023-10-01,5,0.82615,1.25140,0,2023,10,Peralihan II
2023-10-02,5,0.76594,1.25140,0,2023,10,Peralihan II
2023-10-03,5,0.82197,1.25140,0,2023,10,Peralihan II
2023-10-04,5,0.90196,1.25140,0,2023,10,Peralihan II
2023-10-05,5,0.99584,1.25140,0,2023,10,Peralihan II
2023-10-06,5,0.92769,1.25140,0,2023,10,Peralihan II
2023-10-07,5,0.85959,1.25140,0,2023,10,Peralihan II
2023-10-08,5,0.76455,1.25140,0,2023,10,Peralihan II
2023-10-09,5,0.68325,1.25140,0,2023,10,Peralihan II
2023-10-10,5,0.67091,1.25140,0,2023,10,Peralihan II
2023-10-11,5,0.70793,1.25140,0,2023,10,Peralihan II
2023-10-12,5,0.75150,1.25140,0,2023,10,Peralihan II
2023-10-13,5,0.73642,1.25140,0,2023,10,Peralihan II
2023-10-14,5,0.77669,1.25140,0,2023,10,Peralihan II
2023-10-15,5,0.78066,1.25140,0,2023,10,Peralihan II
2023-10-16,5,0.85941,1.25140,0,2023,10,Peralihan II
2023-10-17,5,0.84547,1.25140,0,2023,10,Peralihan II
2023-10-18,5,0.80002,1.25140,0,2023,10,Peralihan II
2023-10-19,5,0.68429,1.25140,0,2023,10,Peralihan II
2023-10-20,5,0.54934,1.25140,0,2023,10,Peralihan II
2023-10-21,5,0.57336,1.25140,0,2023,10,Peralihan II
2023-10-22,5,0.58235,1.25140,0,2023,10,Peralihan II
2023-10-23,5,0.55292,1.25140,0,2023,10,Peralihan II
2023-10-24,5,0.50247,1.25140,0,2023,10,Peralihan II
2023-10-25,5,0.49265,1.25140,0,2023,10,Peralihan II
2023-10-26,5,0.50272,1.25140,0,2023,10,Peralihan II
2023-10-27,5,0.45392,1.25140,0,2023,10,Peralihan II
2023-10-28,5,0.52709,1.25140,0,2023,10,Peralihan II
2023-10-29,5,0.59949,1.25140,0,2023,10,Peralihan II
2023-10-30,5,0.66180,1.25140,0,2023,10,Peralihan II
2023-10-31,5,0.63835,1.25140,0,2023,10,Peralihan II
2023-11-01,5,0.64749,1.25140,0,2023,11,Peralihan II
2023-11-02,5,0.69273,1.25140,0,2023,11,Peralihan II
2023-11-03,5,0.58560,1.25140,0,2023,11,Peralihan II
2023-11-04,5,0.49701,1.25140,0,2023,11,Peralihan II
2023-11-05,5,0.46655,1.25140,0,2023,11,Peralihan II
2023-11-06,5,0.45814,1.25140,0,2023,11,Peralihan II
2023-11-07,5,0.48415,1.25140,0,2023,11,Peralihan II
2023-11-08,5,0.50221,1.25140,0,2023,11,Peralihan II
2023-11-09,5,0.51453,1.25140,0,2023,11,Peralihan II
2023-11-10,5,0.54359,1.25140,0,2023,11,Peralihan II
2023-11-11,5,0.55983,1.25140,0,2023,11,Peralihan II
2023-11-12,5,0.60844,1.25140,0,2023,11,Peralihan II
2023-11-13,5,0.65440,1.25140,0,2023,11,Peralihan II
2023-11-14,5,0.64178,1.25140,0,2023,11,Peralihan II
2023-11-15,5,0.56550,1.25140,0,2023,11,Peralihan II
2023-11-16,5,0.54732,1.25140,0,2023,11,Peralihan II
2023-11-17,5,0.57945,1.25140,0,2023,11,Peralihan II
2023-11-18,5,0.58814,1.25140,0,2023,11,Peralihan II
2023-11-19,5,0.54330,1.25140,0,2023,11,Peralihan II
2023-11-20,5,0.51255,1.25140,0,2023,11,Peralihan II
2023-11-21,5,0.55586,1.25140,0,2023,11,Peralihan II
2023-11-22,5,0.56197,1.25140,0,2023,11,Peralihan II
2023-11-23,5,0.51146,1.25140,0,2023,11,Peralihan II
2023-11-24,5,0.44583,1.25140,0,2023,11,Peralihan II
2023-11-25,5,0.43426,1.25140,0,2023,11,Peralihan II
2023-11-26,5,0.45322,1.25140,0,2023,11,Peralihan II
2023-11-27,5,0.43050,1.25140,0,2023,11,Peralihan II
2023-11-28,5,0.42131,1.25140,0,2023,11,Peralihan II
2023-11-29,5,0.42559,1.25140,0,2023,11,Peralihan II
2023-11-30,5,0.44755,1.25140,0,2023,11,Peralihan II
2023-12-01,5,0.48365,1.25140,0,2023,12,Barat
2023-12-02,5,0.50877,1.25140,0,2023,12,Barat
2023-12-03,5,0.58459,1.25140,0,2023,12,Barat
2023-12-04,5,0.58019,1.25140,0,2023,12,Barat
2023-12-05,5,0.65245,1.25140,0,2023,12,Barat
2023-12-06,5,0.69049,1.25140,0,2023,12,Barat
2023-12-07,5,0.67659,1.25140,0,2023,12,Barat
2023-12-08,5,0.67463,1.25140,0,2023,12,Barat
2023-12-09,5,0.66122,1.25140,0,2023,12,Barat
2023-12-10,5,0.84098,1.25140,0,2023,12,Barat
2023-12-11,5,1.04531,1.25140,0,2023,12,Barat
2023-12-12,5,0.83979,1.25140,0,2023,12,Barat
2023-12-13,5,0.70044,1.25140,0,2023,12,Barat
2023-12-14,5,0.88176,1.25140,0,2023,12,Barat
2023-12-15,5,0.99667,1.25140,0,2023,12,Barat
2023-12-16,5,1.05944,1.25140,0,2023,12,Barat
2023-12-17,5,0.90238,1.25140,0,2023,12,Barat
2023-12-18,5,0.87649,1.25140,0,2023,12,Barat
2023-12-19,5,0.89338,1.25140,0,2023,12,Barat
2023-12-20,5,0.91325,1.25140,0,2023,12,Barat
2023-12-21,5,0.76231,1.25140,0,2023,12,Barat
2023-12-22,5,0.62165,1.25140,0,2023,12,Barat
2023-12-23,5,0.56961,1.25140,0,2023,12,Barat
2023-12-24,5,0.57185,1.25140,0,2023,12,Barat
2023-12-25,5,0.81817,1.25140,0,2023,12,Barat
2023-12-26,5,0.90033,1.25140,0,2023,12,Barat
2023-12-27,5,0.81358,1.25140,0,2023,12,Barat
2023-12-28,5,0.70695,1.25140,0,2023,12,Barat
2023-12-29,5,0.57700,1.25140,0,2023,12,Barat
2023-12-30,5,0.51041,1.25140,0,2023,12,Barat
2023-12-31,5,0.52866,1.25140,0,2023,12,Barat
2024-01-01,5,0.52215,1.25140,0,2024,1,Barat
2024-01-02,5,0.49422,1.25140,0,2024,1,Barat
2024-01-03,5,0.50619,1.25140,0,2024,1,Barat
2024-01-04,5,0.51108,1.25140,0,2024,1,Barat
2024-01-05,5,0.52657,1.25140,0,2024,1,Barat
2024-01-06,5,0.52267,1.25140,0,2024,1,Barat
2024-01-07,5,0.55962,1.25140,0,2024,1,Barat
2024-01-08,5,0.82199,1.25140,0,2024,1,Barat
2024-01-09,5,1.00740,1.25140,0,2024,1,Barat
2024-01-10,5,0.98941,1.25140,0,2024,1,Barat
2024-01-11,5,1.09312,1.25140,0,2024,1,Barat
2024-01-12,5,1.20592,1.25140,0,2024,1,Barat
2024-01-13,5,1.22052,1.25140,0,2024,1,Barat
2024-01-14,5,1.34879,1.25140,1,2024,1,Barat
2024-01-15,5,1.43553,1.25140,1,2024,1,Barat
2024-01-16,5,1.46317,1.25140,1,2024,1,Barat
2024-01-17,5,1.28655,1.25140,1,2024,1,Barat
2024-01-18,5,1.11751,1.25140,0,2024,1,Barat
2024-01-19,5,1.15199,1.25140,0,2024,1,Barat
2024-01-20,5,1.25711,1.25140,1,2024,1,Barat
2024-01-21,5,1.33570,1.25140,1,2024,1,Barat
2024-01-22,5,1.47965,1.25140,1,2024,1,Barat
2024-01-23,5,1.55091,1.25140,1,2024,1,Barat
2024-01-24,5,1.54454,1.25140,1,2024,1,Barat
2024-01-25,5,1.47713,1.25140,1,2024,1,Barat
2024-01-26,5,1.37804,1.25140,1,2024,1,Barat
2024-01-27,5,1.29056,1.25140,1,2024,1,Barat
2024-01-28,5,1.02576,1.25140,0,2024,1,Barat
2024-01-29,5,0.96370,1.25140,0,2024,1,Barat
2024-01-30,5,0.87628,1.25140,0,2024,1,Barat
2024-01-31,5,0.82052,1.25140,0,2024,1,Barat
2024-02-01,5,0.89543,1.25140,0,2024,2,Barat
2024-02-02,5,1.00950,1.25140,0,2024,2,Barat
2024-02-03,5,1.00166,1.25140,0,2024,2,Barat
2024-02-04,5,1.01770,1.25140,0,2024,2,Barat
2024-02-05,5,1.12987,1.25140,0,2024,2,Barat
2024-02-06,5,1.06194,1.25140,0,2024,2,Barat
2024-02-07,5,1.03259,1.25140,0,2024,2,Barat
2024-02-08,5,0.85724,1.25140,0,2024,2,Barat
2024-02-09,5,0.62293,1.25140,0,2024,2,Barat
2024-02-10,5,0.66870,1.25140,0,2024,2,Barat
2024-02-11,5,0.88366,1.25140,0,2024,2,Barat
2024-02-12,5,0.99789,1.25140,0,2024,2,Barat
2024-02-13,5,0.98318,1.25140,0,2024,2,Barat
2024-02-14,5,0.74735,1.25140,0,2024,2,Barat
2024-02-15,5,0.65811,1.25140,0,2024,2,Barat
2024-02-16,5,0.62228,1.25140,0,2024,2,Barat
2024-02-17,5,0.61236,1.25140,0,2024,2,Barat
2024-02-18,5,0.73724,1.25140,0,2024,2,Barat
2024-02-19,5,0.78754,1.25140,0,2024,2,Barat
2024-02-20,5,0.85614,1.25140,0,2024,2,Barat
2024-02-21,5,1.08104,1.25140,0,2024,2,Barat
2024-02-22,5,1.22018,1.25140,0,2024,2,Barat
2024-02-23,5,0.91635,1.25140,0,2024,2,Barat
2024-02-24,5,0.78793,1.25140,0,2024,2,Barat
2024-02-25,5,0.84379,1.25140,0,2024,2,Barat
2024-02-26,5,0.91913,1.25140,0,2024,2,Barat
2024-02-27,5,0.83607,1.25140,0,2024,2,Barat
2024-02-28,5,0.70409,1.25140,0,2024,2,Barat
2024-02-29,5,0.62669,1.25140,0,2024,2,Barat
2024-03-01,5,0.63946,1.25140,0,2024,3,Peralihan I
2024-03-02,5,0.67048,1.25140,0,2024,3,Peralihan I
2024-03-03,5,0.66843,1.25140,0,2024,3,Peralihan I
2024-03-04,5,0.61112,1.25140,0,2024,3,Peralihan I
2024-03-05,5,0.53200,1.25140,0,2024,3,Peralihan I
2024-03-06,5,0.53891,1.25140,0,2024,3,Peralihan I
2024-03-07,5,0.72395,1.25140,0,2024,3,Peralihan I
2024-03-08,5,0.88992,1.25140,0,2024,3,Peralihan I
2024-03-09,5,1.18483,1.25140,0,2024,3,Peralihan I
2024-03-10,5,1.71000,1.25140,1,2024,3,Peralihan I
2024-03-11,5,1.67169,1.25140,1,2024,3,Peralihan I
2024-03-12,5,1.50953,1.25140,1,2024,3,Peralihan I
2024-03-13,5,1.74430,1.25140,1,2024,3,Peralihan I
2024-03-14,5,1.87075,1.25140,1,2024,3,Peralihan I
2024-03-15,5,1.69370,1.25140,1,2024,3,Peralihan I
2024-03-16,5,1.62501,1.25140,1,2024,3,Peralihan I
2024-03-17,5,1.39107,1.25140,1,2024,3,Peralihan I
2024-03-18,5,1.11180,1.25140,0,2024,3,Peralihan I
2024-03-19,5,1.02845,1.25140,0,2024,3,Peralihan I
2024-03-20,5,0.90581,1.25140,0,2024,3,Peralihan I
2024-03-21,5,0.87192,1.25140,0,2024,3,Peralihan I
2024-03-22,5,0.90281,1.25140,0,2024,3,Peralihan I
2024-03-23,5,0.75236,1.25140,0,2024,3,Peralihan I
2024-03-24,5,0.66960,1.25140,0,2024,3,Peralihan I
2024-03-25,5,0.56106,1.25140,0,2024,3,Peralihan I
2024-03-26,5,0.46614,1.25140,0,2024,3,Peralihan I
2024-03-27,5,0.39422,1.25140,0,2024,3,Peralihan I
2024-03-28,5,0.39135,1.25140,0,2024,3,Peralihan I
2024-03-29,5,0.38851,1.25140,0,2024,3,Peralihan I
2024-03-30,5,0.41166,1.25140,0,2024,3,Peralihan I
2024-03-31,5,0.61702,1.25140,0,2024,3,Peralihan I
2024-04-01,5,0.71240,1.25140,0,2024,4,Peralihan I
2024-04-02,5,0.70663,1.25140,0,2024,4,Peralihan I
2024-04-03,5,0.73248,1.25140,0,2024,4,Peralihan I
2024-04-04,5,0.90227,1.25140,0,2024,4,Peralihan I
2024-04-05,5,1.06110,1.25140,0,2024,4,Peralihan I
2024-04-06,5,1.05883,1.25140,0,2024,4,Peralihan I
2024-04-07,5,1.07931,1.25140,0,2024,4,Peralihan I
2024-04-08,5,0.86077,1.25140,0,2024,4,Peralihan I
2024-04-09,5,0.62042,1.25140,0,2024,4,Peralihan I
2024-04-10,5,0.52302,1.25140,0,2024,4,Peralihan I
2024-04-11,5,0.56863,1.25140,0,2024,4,Peralihan I
2024-04-12,5,0.52963,1.25140,0,2024,4,Peralihan I
2024-04-13,5,0.48798,1.25140,0,2024,4,Peralihan I
2024-04-14,5,0.47653,1.25140,0,2024,4,Peralihan I
2024-04-15,5,0.59394,1.25140,0,2024,4,Peralihan I
2024-04-16,5,0.66201,1.25140,0,2024,4,Peralihan I
2024-04-17,5,0.77370,1.25140,0,2024,4,Peralihan I
2024-04-18,5,0.74018,1.25140,0,2024,4,Peralihan I
2024-04-19,5,0.83487,1.25140,0,2024,4,Peralihan I
2024-04-20,5,1.04946,1.25140,0,2024,4,Peralihan I
2024-04-21,5,1.06079,1.25140,0,2024,4,Peralihan I
2024-04-22,5,0.85351,1.25140,0,2024,4,Peralihan I
2024-04-23,5,0.82984,1.25140,0,2024,4,Peralihan I
2024-04-24,5,0.83035,1.25140,0,2024,4,Peralihan I
2024-04-25,5,0.78351,1.25140,0,2024,4,Peralihan I
2024-04-26,5,0.72797,1.25140,0,2024,4,Peralihan I
2024-04-27,5,0.88958,1.25140,0,2024,4,Peralihan I
2024-04-28,5,1.00522,1.25140,0,2024,4,Peralihan I
2024-04-29,5,0.96508,1.25140,0,2024,4,Peralihan I
2024-04-30,5,0.89501,1.25140,0,2024,4,Peralihan I
2024-05-01,5,0.85674,1.25140,0,2024,5,Peralihan I
2024-05-02,5,0.84646,1.25140,0,2024,5,Peralihan I
2024-05-03,5,0.89600,1.25140,0,2024,5,Peralihan I
2024-05-04,5,0.78062,1.25140,0,2024,5,Peralihan I
2024-05-05,5,0.73027,1.25140,0,2024,5,Peralihan I
2024-05-06,5,0.79864,1.25140,0,2024,5,Peralihan I
2024-05-07,5,0.81183,1.25140,0,2024,5,Peralihan I
2024-05-08,5,0.84657,1.25140,0,2024,5,Peralihan I
2024-05-09,5,0.81071,1.25140,0,2024,5,Peralihan I
2024-05-10,5,0.82812,1.25140,0,2024,5,Peralihan I
2024-05-11,5,0.83257,1.25140,0,2024,5,Peralihan I
2024-05-12,5,0.78629,1.25140,0,2024,5,Peralihan I
2024-05-13,5,0.75739,1.25140,0,2024,5,Peralihan I
2024-05-14,5,0.74878,1.25140,0,2024,5,Peralihan I
2024-05-15,5,0.89127,1.25140,0,2024,5,Peralihan I
2024-05-16,5,0.92302,1.25140,0,2024,5,Peralihan I
2024-05-17,5,0.91494,1.25140,0,2024,5,Peralihan I
2024-05-18,5,0.98461,1.25140,0,2024,5,Peralihan I
2024-05-19,5,1.10716,1.25140,0,2024,5,Peralihan I
2024-05-20,5,1.19684,1.25140,0,2024,5,Peralihan I
2024-05-21,5,1.21877,1.25140,0,2024,5,Peralihan I
2024-05-22,5,1.08045,1.25140,0,2024,5,Peralihan I
2024-05-23,5,0.89822,1.25140,0,2024,5,Peralihan I
2024-05-24,5,0.85318,1.25140,0,2024,5,Peralihan I
2024-05-25,5,0.89430,1.25140,0,2024,5,Peralihan I
2024-05-26,5,0.96624,1.25140,0,2024,5,Peralihan I
2024-05-27,5,0.94730,1.25140,0,2024,5,Peralihan I
2024-05-28,5,1.10236,1.25140,0,2024,5,Peralihan I
2024-05-29,5,1.11715,1.25140,0,2024,5,Peralihan I
2024-05-30,5,0.98733,1.25140,0,2024,5,Peralihan I
2024-05-31,5,0.90968,1.25140,0,2024,5,Peralihan I
2024-06-01,5,0.98509,1.25140,0,2024,6,Timur
2024-06-02,5,0.97280,1.25140,0,2024,6,Timur
2024-06-03,5,0.97751,1.25140,0,2024,6,Timur
2024-06-04,5,1.31341,1.25140,1,2024,6,Timur
2024-06-05,5,1.51939,1.25140,1,2024,6,Timur
2024-06-06,5,1.39586,1.25140,1,2024,6,Timur
2024-06-07,5,1.12414,1.25140,0,2024,6,Timur
2024-06-08,5,1.13877,1.25140,0,2024,6,Timur
2024-06-09,5,1.16375,1.25140,0,2024,6,Timur
2024-06-10,5,1.10992,1.25140,0,2024,6,Timur
2024-06-11,5,1.03298,1.25140,0,2024,6,Timur
2024-06-12,5,1.07446,1.25140,0,2024,6,Timur
2024-06-13,5,0.95112,1.25140,0,2024,6,Timur
2024-06-14,5,0.74227,1.25140,0,2024,6,Timur
2024-06-15,5,0.69347,1.25140,0,2024,6,Timur
2024-06-16,5,0.92717,1.25140,0,2024,6,Timur
2024-06-17,5,1.09347,1.25140,0,2024,6,Timur
2024-06-18,5,1.12321,1.25140,0,2024,6,Timur
2024-06-19,5,1.02269,1.25140,0,2024,6,Timur
2024-06-20,5,0.87705,1.25140,0,2024,6,Timur
2024-06-21,5,0.91079,1.25140,0,2024,6,Timur
2024-06-22,5,1.18704,1.25140,0,2024,6,Timur
2024-06-23,5,1.14946,1.25140,0,2024,6,Timur
2024-06-24,5,0.93959,1.25140,0,2024,6,Timur
2024-06-25,5,0.75380,1.25140,0,2024,6,Timur
2024-06-26,5,0.69688,1.25140,0,2024,6,Timur
2024-06-27,5,0.72868,1.25140,0,2024,6,Timur
2024-06-28,5,0.64435,1.25140,0,2024,6,Timur
2024-06-29,5,0.77976,1.25140,0,2024,6,Timur
2024-06-30,5,1.04488,1.25140,0,2024,6,Timur
2024-07-01,5,1.05805,1.25140,0,2024,7,Timur
2024-07-02,5,1.05535,1.25140,0,2024,7,Timur
2024-07-03,5,1.20062,1.25140,0,2024,7,Timur
2024-07-04,5,1.42416,1.25140,1,2024,7,Timur
2024-07-05,5,1.33128,1.25140,1,2024,7,Timur
2024-07-06,5,1.13688,1.25140,0,2024,7,Timur
2024-07-07,5,0.86691,1.25140,0,2024,7,Timur
2024-07-08,5,0.90375,1.25140,0,2024,7,Timur
2024-07-09,5,0.94143,1.25140,0,2024,7,Timur
2024-07-10,5,0.97472,1.25140,0,2024,7,Timur
2024-07-11,5,0.97081,1.25140,0,2024,7,Timur
2024-07-12,5,0.94870,1.25140,0,2024,7,Timur
2024-07-13,5,0.92217,1.25140,0,2024,7,Timur
2024-07-14,5,0.87982,1.25140,0,2024,7,Timur
2024-07-15,5,0.85332,1.25140,0,2024,7,Timur
2024-07-16,5,0.98616,1.25140,0,2024,7,Timur
2024-07-17,5,1.40657,1.25140,1,2024,7,Timur
2024-07-18,5,1.69897,1.25140,1,2024,7,Timur
2024-07-19,5,1.37959,1.25140,1,2024,7,Timur
2024-07-20,5,1.21526,1.25140,0,2024,7,Timur
2024-07-21,5,1.00861,1.25140,0,2024,7,Timur
2024-07-22,5,1.11654,1.25140,0,2024,7,Timur
2024-07-23,5,1.04356,1.25140,0,2024,7,Timur
2024-07-24,5,0.86474,1.25140,0,2024,7,Timur
2024-07-25,5,0.73809,1.25140,0,2024,7,Timur
2024-07-26,5,0.76867,1.25140,0,2024,7,Timur
2024-07-27,5,0.90513,1.25140,0,2024,7,Timur
2024-07-28,5,0.74746,1.25140,0,2024,7,Timur
2024-07-29,5,1.01189,1.25140,0,2024,7,Timur
2024-07-30,5,1.11002,1.25140,0,2024,7,Timur
2024-07-31,5,1.25007,1.25140,0,2024,7,Timur
2024-08-01,5,1.28090,1.25140,1,2024,8,Timur
2024-08-02,5,1.16724,1.25140,0,2024,8,Timur
2024-08-03,5,0.96593,1.25140,0,2024,8,Timur
2024-08-04,5,0.88921,1.25140,0,2024,8,Timur
2024-08-05,5,0.95622,1.25140,0,2024,8,Timur
2024-08-06,5,0.97709,1.25140,0,2024,8,Timur
2024-08-07,5,1.04402,1.25140,0,2024,8,Timur
2024-08-08,5,1.17539,1.25140,0,2024,8,Timur
2024-08-09,5,1.23941,1.25140,0,2024,8,Timur
2024-08-10,5,1.08240,1.25140,0,2024,8,Timur
2024-08-11,5,1.06092,1.25140,0,2024,8,Timur
2024-08-12,5,0.96867,1.25140,0,2024,8,Timur
2024-08-13,5,1.18090,1.25140,0,2024,8,Timur
2024-08-14,5,1.14396,1.25140,0,2024,8,Timur
2024-08-15,5,1.00920,1.25140,0,2024,8,Timur
2024-08-16,5,0.91858,1.25140,0,2024,8,Timur
2024-08-17,5,0.79600,1.25140,0,2024,8,Timur
2024-08-18,5,0.77978,1.25140,0,2024,8,Timur
2024-08-19,5,1.04364,1.25140,0,2024,8,Timur
2024-08-20,5,1.09967,1.25140,0,2024,8,Timur
2024-08-21,5,0.99031,1.25140,0,2024,8,Timur
2024-08-22,5,0.90619,1.25140,0,2024,8,Timur
2024-08-23,5,0.91986,1.25140,0,2024,8,Timur
2024-08-24,5,0.97162,1.25140,0,2024,8,Timur
2024-08-25,5,0.96370,1.25140,0,2024,8,Timur
2024-08-26,5,0.88879,1.25140,0,2024,8,Timur
2024-08-27,5,1.03610,1.25140,0,2024,8,Timur
2024-08-28,5,1.02817,1.25140,0,2024,8,Timur
2024-08-29,5,0.88364,1.25140,0,2024,8,Timur
2024-08-30,5,0.81950,1.25140,0,2024,8,Timur
2024-08-31,5,0.75428,1.25140,0,2024,8,Timur
2024-09-01,5,0.83002,1.25140,0,2024,9,Peralihan II
2024-09-02,5,0.94545,1.25140,0,2024,9,Peralihan II
2024-09-03,5,0.93642,1.25140,0,2024,9,Peralihan II
2024-09-04,5,0.82051,1.25140,0,2024,9,Peralihan II
2024-09-05,5,0.85825,1.25140,0,2024,9,Peralihan II
2024-09-06,5,0.99003,1.25140,0,2024,9,Peralihan II
2024-09-07,5,1.19354,1.25140,0,2024,9,Peralihan II
2024-09-08,5,1.09453,1.25140,0,2024,9,Peralihan II
2024-09-09,5,0.92160,1.25140,0,2024,9,Peralihan II
2024-09-10,5,0.72573,1.25140,0,2024,9,Peralihan II
2024-09-11,5,0.71452,1.25140,0,2024,9,Peralihan II
2024-09-12,5,0.72849,1.25140,0,2024,9,Peralihan II
2024-09-13,5,0.74180,1.25140,0,2024,9,Peralihan II
2024-09-14,5,0.71322,1.25140,0,2024,9,Peralihan II
2024-09-15,5,0.73045,1.25140,0,2024,9,Peralihan II
2024-09-16,5,0.71723,1.25140,0,2024,9,Peralihan II
2024-09-17,5,0.81021,1.25140,0,2024,9,Peralihan II
2024-09-18,5,0.99197,1.25140,0,2024,9,Peralihan II
2024-09-19,5,0.92024,1.25140,0,2024,9,Peralihan II
2024-09-20,5,0.81666,1.25140,0,2024,9,Peralihan II
2024-09-21,5,0.70045,1.25140,0,2024,9,Peralihan II
2024-09-22,5,0.64894,1.25140,0,2024,9,Peralihan II
2024-09-23,5,0.64928,1.25140,0,2024,9,Peralihan II
2024-09-24,5,0.53277,1.25140,0,2024,9,Peralihan II
2024-09-25,5,0.54595,1.25140,0,2024,9,Peralihan II
2024-09-26,5,0.66541,1.25140,0,2024,9,Peralihan II
2024-09-27,5,0.69023,1.25140,0,2024,9,Peralihan II
2024-09-28,5,0.72719,1.25140,0,2024,9,Peralihan II
2024-09-29,5,0.87338,1.25140,0,2024,9,Peralihan II
2024-09-30,5,0.85248,1.25140,0,2024,9,Peralihan II
2024-10-01,5,0.75931,1.25140,0,2024,10,Peralihan II
2024-10-02,5,0.78536,1.25140,0,2024,10,Peralihan II
2024-10-03,5,0.78260,1.25140,0,2024,10,Peralihan II
2024-10-04,5,0.89701,1.25140,0,2024,10,Peralihan II
2024-10-05,5,0.99931,1.25140,0,2024,10,Peralihan II
2024-10-06,5,0.96720,1.25140,0,2024,10,Peralihan II
2024-10-07,5,0.83336,1.25140,0,2024,10,Peralihan II
2024-10-08,5,0.80448,1.25140,0,2024,10,Peralihan II
2024-10-09,5,0.70678,1.25140,0,2024,10,Peralihan II
2024-10-10,5,0.75807,1.25140,0,2024,10,Peralihan II
2024-10-11,5,1.03852,1.25140,0,2024,10,Peralihan II
2024-10-12,5,0.97081,1.25140,0,2024,10,Peralihan II
2024-10-13,5,0.87826,1.25140,0,2024,10,Peralihan II
2024-10-14,5,0.71171,1.25140,0,2024,10,Peralihan II
2024-10-15,5,0.71201,1.25140,0,2024,10,Peralihan II
2024-10-16,5,1.01732,1.25140,0,2024,10,Peralihan II
2024-10-17,5,1.09301,1.25140,0,2024,10,Peralihan II
2024-10-18,5,1.05092,1.25140,0,2024,10,Peralihan II
2024-10-19,5,0.84644,1.25140,0,2024,10,Peralihan II
2024-10-20,5,0.79127,1.25140,0,2024,10,Peralihan II
2024-10-21,5,0.84809,1.25140,0,2024,10,Peralihan II
2024-10-22,5,0.86448,1.25140,0,2024,10,Peralihan II
2024-10-23,5,0.88392,1.25140,0,2024,10,Peralihan II
2024-10-24,5,0.84847,1.25140,0,2024,10,Peralihan II
2024-10-25,5,0.84234,1.25140,0,2024,10,Peralihan II
2024-10-26,5,0.72875,1.25140,0,2024,10,Peralihan II
2024-10-27,5,0.63295,1.25140,0,2024,10,Peralihan II
2024-10-28,5,0.60788,1.25140,0,2024,10,Peralihan II
2024-10-29,5,0.72113,1.25140,0,2024,10,Peralihan II
2024-10-30,5,0.82810,1.25140,0,2024,10,Peralihan II
2024-10-31,5,0.84917,1.25140,0,2024,10,Peralihan II
2024-11-01,5,0.64971,1.25140,0,2024,11,Peralihan II
2024-11-02,5,0.53548,1.25140,0,2024,11,Peralihan II
2024-11-03,5,0.44581,1.25140,0,2024,11,Peralihan II
2024-11-04,5,0.49803,1.25140,0,2024,11,Peralihan II
2024-11-05,5,0.55028,1.25140,0,2024,11,Peralihan II
2024-11-06,5,0.65630,1.25140,0,2024,11,Peralihan II
2024-11-07,5,0.63456,1.25140,0,2024,11,Peralihan II
2024-11-08,5,0.57410,1.25140,0,2024,11,Peralihan II
2024-11-09,5,0.59987,1.25140,0,2024,11,Peralihan II
2024-11-10,5,0.58923,1.25140,0,2024,11,Peralihan II
2024-11-11,5,0.64124,1.25140,0,2024,11,Peralihan II
2024-11-12,5,0.59572,1.25140,0,2024,11,Peralihan II
2024-11-13,5,0.55073,1.25140,0,2024,11,Peralihan II
2024-11-14,5,0.59863,1.25140,0,2024,11,Peralihan II
2024-11-15,5,0.54255,1.25140,0,2024,11,Peralihan II
2024-11-16,5,0.47596,1.25140,0,2024,11,Peralihan II
2024-11-17,5,0.50756,1.25140,0,2024,11,Peralihan II
2024-11-18,5,0.59263,1.25140,0,2024,11,Peralihan II
2024-11-19,5,0.59378,1.25140,0,2024,11,Peralihan II
2024-11-20,5,0.52538,1.25140,0,2024,11,Peralihan II
2024-11-21,5,0.51989,1.25140,0,2024,11,Peralihan II
2024-11-22,5,0.51475,1.25140,0,2024,11,Peralihan II
2024-11-23,5,0.54237,1.25140,0,2024,11,Peralihan II
2024-11-24,5,0.56908,1.25140,0,2024,11,Peralihan II
2024-11-25,5,0.55952,1.25140,0,2024,11,Peralihan II
2024-11-26,5,0.52364,1.25140,0,2024,11,Peralihan II
2024-11-27,5,0.50638,1.25140,0,2024,11,Peralihan II
2024-11-28,5,0.55206,1.25140,0,2024,11,Peralihan II
2024-11-29,5,0.64469,1.25140,0,2024,11,Peralihan II
2024-11-30,5,0.60662,1.25140,0,2024,11,Peralihan II
2024-12-01,5,0.68893,1.25140,0,2024,12,Barat
2024-12-02,5,0.70971,1.25140,0,2024,12,Barat
2024-12-03,5,0.72687,1.25140,0,2024,12,Barat
2024-12-04,5,0.99242,1.25140,0,2024,12,Barat
2024-12-05,5,0.97886,1.25140,0,2024,12,Barat
2024-12-06,5,1.11311,1.25140,0,2024,12,Barat
2024-12-07,5,1.14249,1.25140,0,2024,12,Barat
2024-12-08,5,1.08976,1.25140,0,2024,12,Barat
2024-12-09,5,1.26232,1.25140,1,2024,12,Barat
2024-12-10,5,1.20683,1.25140,0,2024,12,Barat
2024-12-11,5,0.94133,1.25140,0,2024,12,Barat
2024-12-12,5,0.83457,1.25140,0,2024,12,Barat
2024-12-13,5,0.76663,1.25140,0,2024,12,Barat
2024-12-14,5,0.70431,1.25140,0,2024,12,Barat
2024-12-15,5,0.87792,1.25140,0,2024,12,Barat
2024-12-16,5,1.11104,1.25140,0,2024,12,Barat
2024-12-17,5,1.08474,1.25140,0,2024,12,Barat
2024-12-18,5,1.13589,1.25140,0,2024,12,Barat
2024-12-19,5,1.16191,1.25140,0,2024,12,Barat
2024-12-20,5,1.08388,1.25140,0,2024,12,Barat
2024-12-21,5,1.03765,1.25140,0,2024,12,Barat
2024-12-22,5,1.07872,1.25140,0,2024,12,Barat
2024-12-23,5,1.00912,1.25140,0,2024,12,Barat
2024-12-24,5,0.83143,1.25140,0,2024,12,Barat
2024-12-25,5,0.90617,1.25140,0,2024,12,Barat
2024-12-26,5,0.87493,1.25140,0,2024,12,Barat
2024-12-27,5,0.99013,1.25140,0,2024,12,Barat
2024-12-28,5,0.93136,1.25140,0,2024,12,Barat
2024-12-29,5,0.81397,1.25140,0,2024,12,Barat
2024-12-30,5,0.68766,1.25140,0,2024,12,Barat
2024-12-31,5,0.66375,1.25140,0,2024,12,Barat
2025-01-01,5,0.68075,1.25140,0,2025,1,Barat
2025-01-02,5,0.74536,1.25140,0,2025,1,Barat
2025-01-03,5,0.77103,1.25140,0,2025,1,Barat
2025-01-04,5,0.73373,1.25140,0,2025,1,Barat
2025-01-05,5,0.72204,1.25140,0,2025,1,Barat
2025-01-06,5,0.62301,1.25140,0,2025,1,Barat
2025-01-07,5,0.51060,1.25140,0,2025,1,Barat
2025-01-08,5,0.56465,1.25140,0,2025,1,Barat
2025-01-09,5,0.60718,1.25140,0,2025,1,Barat
2025-01-10,5,0.65011,1.25140,0,2025,1,Barat
2025-01-11,5,0.64728,1.25140,0,2025,1,Barat
2025-01-12,5,0.62770,1.25140,0,2025,1,Barat
2025-01-13,5,0.67547,1.25140,0,2025,1,Barat
2025-01-14,5,0.69706,1.25140,0,2025,1,Barat
2025-01-15,5,1.10473,1.25140,0,2025,1,Barat
2025-01-16,5,1.37682,1.25140,1,2025,1,Barat
2025-01-17,5,1.49153,1.25140,1,2025,1,Barat
2025-01-18,5,1.50139,1.25140,1,2025,1,Barat
2025-01-19,5,1.21818,1.25140,0,2025,1,Barat
2025-01-20,5,1.12869,1.25140,0,2025,1,Barat
2025-01-21,5,1.12097,1.25140,0,2025,1,Barat
2025-01-22,5,0.93296,1.25140,0,2025,1,Barat
2025-01-23,5,0.72018,1.25140,0,2025,1,Barat
2025-01-24,5,0.62354,1.25140,0,2025,1,Barat
2025-01-25,5,0.62556,1.25140,0,2025,1,Barat
2025-01-26,5,0.62980,1.25140,0,2025,1,Barat
2025-01-27,5,0.92007,1.25140,0,2025,1,Barat
2025-01-28,5,0.83514,1.25140,0,2025,1,Barat
2025-01-29,5,0.75920,1.25140,0,2025,1,Barat
2025-01-30,5,1.14729,1.25140,0,2025,1,Barat
2025-01-31,5,1.69269,1.25140,1,2025,1,Barat
2025-02-01,5,1.52078,1.25140,1,2025,2,Barat
2025-02-02,5,1.56146,1.25140,1,2025,2,Barat
2025-02-03,5,1.55012,1.25140,1,2025,2,Barat
2025-02-04,5,1.57988,1.25140,1,2025,2,Barat
2025-02-05,5,1.57684,1.25140,1,2025,2,Barat
2025-02-06,5,1.64914,1.25140,1,2025,2,Barat
2025-02-07,5,1.96292,1.25140,1,2025,2,Barat
2025-02-08,5,2.05116,1.25140,1,2025,2,Barat
2025-02-09,5,1.94309,1.25140,1,2025,2,Barat
2025-02-10,5,1.92264,1.25140,1,2025,2,Barat
2025-02-11,5,1.81338,1.25140,1,2025,2,Barat
2025-02-12,5,1.62232,1.25140,1,2025,2,Barat
2025-02-13,5,1.36684,1.25140,1,2025,2,Barat
2025-02-14,5,1.19920,1.25140,0,2025,2,Barat
2025-02-15,5,1.02158,1.25140,0,2025,2,Barat
2025-02-16,5,0.80798,1.25140,0,2025,2,Barat
2025-02-17,5,0.65841,1.25140,0,2025,2,Barat
2025-02-18,5,0.68536,1.25140,0,2025,2,Barat
2025-02-19,5,0.90346,1.25140,0,2025,2,Barat
2025-02-20,5,0.99912,1.25140,0,2025,2,Barat
2025-02-21,5,0.90209,1.25140,0,2025,2,Barat
2025-02-22,5,0.59149,1.25140,0,2025,2,Barat
2025-02-23,5,0.55163,1.25140,0,2025,2,Barat
2025-02-24,5,0.66655,1.25140,0,2025,2,Barat
2025-02-25,5,0.64518,1.25140,0,2025,2,Barat
2025-02-26,5,0.68959,1.25140,0,2025,2,Barat
2025-02-27,5,0.69631,1.25140,0,2025,2,Barat
2025-02-28,5,0.59047,1.25140,0,2025,2,Barat
2025-03-01,5,0.50177,1.25140,0,2025,3,Peralihan I
2025-03-02,5,0.47521,1.25140,0,2025,3,Peralihan I
2025-03-03,5,0.48035,1.25140,0,2025,3,Peralihan I
2025-03-04,5,0.46500,1.25140,0,2025,3,Peralihan I
2025-03-05,5,0.47581,1.25140,0,2025,3,Peralihan I
2025-03-06,5,0.46312,1.25140,0,2025,3,Peralihan I
2025-03-07,5,0.55079,1.25140,0,2025,3,Peralihan I
2025-03-08,5,0.59043,1.25140,0,2025,3,Peralihan I
2025-03-09,5,0.52079,1.25140,0,2025,3,Peralihan I
2025-03-10,5,0.52350,1.25140,0,2025,3,Peralihan I
2025-03-11,5,0.67174,1.25140,0,2025,3,Peralihan I
2025-03-12,5,0.65737,1.25140,0,2025,3,Peralihan I
2025-03-13,5,0.63766,1.25140,0,2025,3,Peralihan I
2025-03-14,5,0.62163,1.25140,0,2025,3,Peralihan I
2025-03-15,5,0.63687,1.25140,0,2025,3,Peralihan I
2025-03-16,5,0.86672,1.25140,0,2025,3,Peralihan I
2025-03-17,5,0.90333,1.25140,0,2025,3,Peralihan I
2025-03-18,5,0.96247,1.25140,0,2025,3,Peralihan I
2025-03-19,5,0.94006,1.25140,0,2025,3,Peralihan I
2025-03-20,5,0.94060,1.25140,0,2025,3,Peralihan I
2025-03-21,5,1.07660,1.25140,0,2025,3,Peralihan I
2025-03-22,5,1.23299,1.25140,0,2025,3,Peralihan I
2025-03-23,5,1.50430,1.25140,1,2025,3,Peralihan I
2025-03-24,5,1.31446,1.25140,1,2025,3,Peralihan I
2025-03-25,5,1.17314,1.25140,0,2025,3,Peralihan I
2025-03-26,5,1.20691,1.25140,0,2025,3,Peralihan I
2025-03-27,5,1.35713,1.25140,1,2025,3,Peralihan I
2025-03-28,5,1.31469,1.25140,1,2025,3,Peralihan I
2025-03-29,5,1.17780,1.25140,0,2025,3,Peralihan I
2025-03-30,5,0.96460,1.25140,0,2025,3,Peralihan I
2025-03-31,5,0.88742,1.25140,0,2025,3,Peralihan I
2025-04-01,5,0.78447,1.25140,0,2025,4,Peralihan I
2025-04-02,5,0.81418,1.25140,0,2025,4,Peralihan I
2025-04-03,5,0.64989,1.25140,0,2025,4,Peralihan I
2025-04-04,5,0.54250,1.25140,0,2025,4,Peralihan I
2025-04-05,5,0.45314,1.25140,0,2025,4,Peralihan I
2025-04-06,5,0.45404,1.25140,0,2025,4,Peralihan I
2025-04-07,5,0.44498,1.25140,0,2025,4,Peralihan I
2025-04-08,5,0.49363,1.25140,0,2025,4,Peralihan I
2025-04-09,5,0.45478,1.25140,0,2025,4,Peralihan I
2025-04-10,5,0.44411,1.25140,0,2025,4,Peralihan I
2025-04-11,5,0.47936,1.25140,0,2025,4,Peralihan I
2025-04-12,5,0.56010,1.25140,0,2025,4,Peralihan I
2025-04-13,5,0.68993,1.25140,0,2025,4,Peralihan I
2025-04-14,5,0.82649,1.25140,0,2025,4,Peralihan I
2025-04-15,5,1.00739,1.25140,0,2025,4,Peralihan I
2025-04-16,5,1.03095,1.25140,0,2025,4,Peralihan I
2025-04-17,5,0.95820,1.25140,0,2025,4,Peralihan I
2025-04-18,5,1.25616,1.25140,1,2025,4,Peralihan I
2025-04-19,5,1.16368,1.25140,0,2025,4,Peralihan I
2025-04-20,5,0.76988,1.25140,0,2025,4,Peralihan I
2025-04-21,5,0.59856,1.25140,0,2025,4,Peralihan I
2025-04-22,5,0.54507,1.25140,0,2025,4,Peralihan I
2025-04-23,5,0.60529,1.25140,0,2025,4,Peralihan I
2025-04-24,5,0.61966,1.25140,0,2025,4,Peralihan I
2025-04-25,5,0.58299,1.25140,0,2025,4,Peralihan I
2025-04-26,5,0.54959,1.25140,0,2025,4,Peralihan I
2025-04-27,5,0.57348,1.25140,0,2025,4,Peralihan I
2025-04-28,5,0.60865,1.25140,0,2025,4,Peralihan I
2025-04-29,5,0.69323,1.25140,0,2025,4,Peralihan I
2025-04-30,5,0.94801,1.25140,0,2025,4,Peralihan I
2025-05-01,5,1.00155,1.25140,0,2025,5,Peralihan I
2025-05-02,5,0.93435,1.25140,0,2025,5,Peralihan I
2025-05-03,5,0.87042,1.25140,0,2025,5,Peralihan I
2025-05-04,5,0.76863,1.25140,0,2025,5,Peralihan I
2025-05-05,5,0.83314,1.25140,0,2025,5,Peralihan I
2025-05-06,5,0.87325,1.25140,0,2025,5,Peralihan I
2025-05-07,5,0.88098,1.25140,0,2025,5,Peralihan I
2025-05-08,5,0.90922,1.25140,0,2025,5,Peralihan I
2025-05-09,5,0.86839,1.25140,0,2025,5,Peralihan I
2025-05-10,5,0.70751,1.25140,0,2025,5,Peralihan I
2025-05-11,5,0.68293,1.25140,0,2025,5,Peralihan I
2025-05-12,5,0.73573,1.25140,0,2025,5,Peralihan I
2025-05-13,5,0.67439,1.25140,0,2025,5,Peralihan I
2025-05-14,5,0.63958,1.25140,0,2025,5,Peralihan I
2025-05-15,5,0.75650,1.25140,0,2025,5,Peralihan I
2025-05-16,5,0.96116,1.25140,0,2025,5,Peralihan I
2025-05-17,5,1.07794,1.25140,0,2025,5,Peralihan I
2025-05-18,5,1.20071,1.25140,0,2025,5,Peralihan I
2025-05-19,5,1.23291,1.25140,0,2025,5,Peralihan I
2025-05-20,5,1.04533,1.25140,0,2025,5,Peralihan I
2025-05-21,5,1.03257,1.25140,0,2025,5,Peralihan I
2025-05-22,5,0.81962,1.25140,0,2025,5,Peralihan I
2025-05-23,5,0.86338,1.25140,0,2025,5,Peralihan I
2025-05-24,5,0.86344,1.25140,0,2025,5,Peralihan I
2025-05-25,5,0.78810,1.25140,0,2025,5,Peralihan I
2025-05-26,5,0.98133,1.25140,0,2025,5,Peralihan I
2025-05-27,5,1.13795,1.25140,0,2025,5,Peralihan I
2025-05-28,5,0.88574,1.25140,0,2025,5,Peralihan I
2025-05-29,5,0.71195,1.25140,0,2025,5,Peralihan I
2025-05-30,5,0.80203,1.25140,0,2025,5,Peralihan I
2025-05-31,5,0.98251,1.25140,0,2025,5,Peralihan I
2025-06-01,5,1.00026,1.25140,0,2025,6,Timur
2025-06-02,5,0.87585,1.25140,0,2025,6,Timur
2025-06-03,5,0.77036,1.25140,0,2025,6,Timur
2025-06-04,5,0.85406,1.25140,0,2025,6,Timur
2025-06-05,5,0.90694,1.25140,0,2025,6,Timur
2025-06-06,5,0.99010,1.25140,0,2025,6,Timur
2025-06-07,5,1.03640,1.25140,0,2025,6,Timur
2025-06-08,5,1.15265,1.25140,0,2025,6,Timur
2025-06-09,5,1.20900,1.25140,0,2025,6,Timur
2025-06-10,5,1.16526,1.25140,0,2025,6,Timur
2025-06-11,5,1.03601,1.25140,0,2025,6,Timur
2025-06-12,5,1.36608,1.25140,1,2025,6,Timur
2025-06-13,5,1.38496,1.25140,1,2025,6,Timur
2025-06-14,5,1.15032,1.25140,0,2025,6,Timur
2025-06-15,5,0.90650,1.25140,0,2025,6,Timur
2025-06-16,5,0.98090,1.25140,0,2025,6,Timur
2025-06-17,5,1.01112,1.25140,0,2025,6,Timur
2025-06-18,5,0.89730,1.25140,0,2025,6,Timur
2025-06-19,5,0.79962,1.25140,0,2025,6,Timur
2025-06-20,5,0.99329,1.25140,0,2025,6,Timur
2025-06-21,5,1.09833,1.25140,0,2025,6,Timur
2025-06-22,5,1.06588,1.25140,0,2025,6,Timur
2025-06-23,5,1.29502,1.25140,1,2025,6,Timur
2025-06-24,5,1.27683,1.25140,1,2025,6,Timur
2025-06-25,5,1.12901,1.25140,0,2025,6,Timur
2025-06-26,5,1.15181,1.25140,0,2025,6,Timur
2025-06-27,5,1.28926,1.25140,1,2025,6,Timur
2025-06-28,5,1.40777,1.25140,1,2025,6,Timur
2025-06-29,5,1.49724,1.25140,1,2025,6,Timur
2025-06-30,5,1.28652,1.25140,1,2025,6,Timur
2025-07-01,5,1.28237,1.25140,1,2025,7,Timur
2025-07-02,5,1.12353,1.25140,0,2025,7,Timur
2025-07-03,5,0.97713,1.25140,0,2025,7,Timur
2025-07-04,5,0.83048,1.25140,0,2025,7,Timur
2025-07-05,5,0.84752,1.25140,0,2025,7,Timur
2025-07-06,5,0.89508,1.25140,0,2025,7,Timur
2025-07-07,5,0.92264,1.25140,0,2025,7,Timur
2025-07-08,5,0.80212,1.25140,0,2025,7,Timur
2025-07-09,5,0.98377,1.25140,0,2025,7,Timur
2025-07-10,5,1.05881,1.25140,0,2025,7,Timur
2025-07-11,5,1.13570,1.25140,0,2025,7,Timur
2025-07-12,5,1.13151,1.25140,0,2025,7,Timur
2025-07-13,5,1.00234,1.25140,0,2025,7,Timur
2025-07-14,5,0.93859,1.25140,0,2025,7,Timur
2025-07-15,5,0.96216,1.25140,0,2025,7,Timur
2025-07-16,5,0.87739,1.25140,0,2025,7,Timur
2025-07-17,5,0.80833,1.25140,0,2025,7,Timur
2025-07-18,5,0.78627,1.25140,0,2025,7,Timur
2025-07-19,5,0.79272,1.25140,0,2025,7,Timur
2025-07-20,5,0.92433,1.25140,0,2025,7,Timur
2025-07-21,5,0.99804,1.25140,0,2025,7,Timur
2025-07-22,5,0.86128,1.25140,0,2025,7,Timur
2025-07-23,5,0.78702,1.25140,0,2025,7,Timur
2025-07-24,5,0.72058,1.25140,0,2025,7,Timur
2025-07-25,5,0.70743,1.25140,0,2025,7,Timur
2025-07-26,5,0.93517,1.25140,0,2025,7,Timur
2025-07-27,5,0.94034,1.25140,0,2025,7,Timur
2025-07-28,5,1.04868,1.25140,0,2025,7,Timur
2025-07-29,5,1.17350,1.25140,0,2025,7,Timur
2025-07-30,5,1.21351,1.25140,0,2025,7,Timur
2025-07-31,5,1.16278,1.25140,0,2025,7,Timur
2025-08-01,5,0.97158,1.25140,0,2025,8,Timur
2025-08-02,5,1.19790,1.25140,0,2025,8,Timur
2025-08-03,5,1.31294,1.25140,1,2025,8,Timur
2025-08-04,5,1.14122,1.25140,0,2025,8,Timur
2025-08-05,5,1.14012,1.25140,0,2025,8,Timur
2025-08-06,5,1.10573,1.25140,0,2025,8,Timur
2025-08-07,5,0.95100,1.25140,0,2025,8,Timur
2025-08-08,5,0.82803,1.25140,0,2025,8,Timur
2025-08-09,5,0.81541,1.25140,0,2025,8,Timur
2025-08-10,5,0.76559,1.25140,0,2025,8,Timur
2025-08-11,5,0.97923,1.25140,0,2025,8,Timur
2025-08-12,5,1.11088,1.25140,0,2025,8,Timur
2025-08-13,5,1.11037,1.25140,0,2025,8,Timur
2025-08-14,5,1.02722,1.25140,0,2025,8,Timur
2025-08-15,5,0.99127,1.25140,0,2025,8,Timur
2025-08-16,5,0.97858,1.25140,0,2025,8,Timur
2025-08-17,5,1.06309,1.25140,0,2025,8,Timur
2025-08-18,5,1.03880,1.25140,0,2025,8,Timur
2025-08-19,5,0.98217,1.25140,0,2025,8,Timur
2025-08-20,5,1.01570,1.25140,0,2025,8,Timur
2025-08-21,5,0.92137,1.25140,0,2025,8,Timur
2025-08-22,5,0.88701,1.25140,0,2025,8,Timur
2025-08-23,5,0.92473,1.25140,0,2025,8,Timur
2025-08-24,5,0.82744,1.25140,0,2025,8,Timur
2025-08-25,5,0.78459,1.25140,0,2025,8,Timur
2025-08-26,5,0.94046,1.25140,0,2025,8,Timur
2025-08-27,5,1.08137,1.25140,0,2025,8,Timur
2025-08-28,5,0.98488,1.25140,0,2025,8,Timur
2025-08-29,5,0.90911,1.25140,0,2025,8,Timur
2025-08-30,5,0.83219,1.25140,0,2025,8,Timur
2025-08-31,5,0.85158,1.25140,0,2025,8,Timur
2025-09-01,5,1.08262,1.25140,0,2025,9,Peralihan II
2025-09-02,5,1.24169,1.25140,0,2025,9,Peralihan II
2025-09-03,5,1.09108,1.25140,0,2025,9,Peralihan II
2025-09-04,5,0.88131,1.25140,0,2025,9,Peralihan II
2025-09-05,5,0.77950,1.25140,0,2025,9,Peralihan II
2025-09-06,5,0.71492,1.25140,0,2025,9,Peralihan II
2025-09-07,5,0.83083,1.25140,0,2025,9,Peralihan II
2025-09-08,5,1.12296,1.25140,0,2025,9,Peralihan II
2025-09-09,5,1.10657,1.25140,0,2025,9,Peralihan II
2025-09-10,5,0.95892,1.25140,0,2025,9,Peralihan II
2025-09-11,5,0.97629,1.25140,0,2025,9,Peralihan II
2025-09-12,5,0.85957,1.25140,0,2025,9,Peralihan II
2025-09-13,5,0.93209,1.25140,0,2025,9,Peralihan II
2025-09-14,5,1.01100,1.25140,0,2025,9,Peralihan II
2025-09-15,5,0.93318,1.25140,0,2025,9,Peralihan II
2025-09-16,5,0.85000,1.25140,0,2025,9,Peralihan II
2025-09-17,5,0.96087,1.25140,0,2025,9,Peralihan II
2025-09-18,5,0.95303,1.25140,0,2025,9,Peralihan II
2025-09-19,5,0.88977,1.25140,0,2025,9,Peralihan II
2025-09-20,5,0.78132,1.25140,0,2025,9,Peralihan II
2025-09-21,5,0.72586,1.25140,0,2025,9,Peralihan II
2025-09-22,5,0.78818,1.25140,0,2025,9,Peralihan II
2025-09-23,5,0.77553,1.25140,0,2025,9,Peralihan II
2025-09-24,5,0.95459,1.25140,0,2025,9,Peralihan II
2025-09-25,5,0.99000,1.25140,0,2025,9,Peralihan II
2025-09-26,5,0.88503,1.25140,0,2025,9,Peralihan II
2025-09-27,5,0.95962,1.25140,0,2025,9,Peralihan II
2025-09-28,5,0.96628,1.25140,0,2025,9,Peralihan II
2025-09-29,5,0.76366,1.25140,0,2025,9,Peralihan II
2025-09-30,5,0.65131,1.25140,0,2025,9,Peralihan II
2025-10-01,5,0.67246,1.25140,0,2025,10,Peralihan II
2025-10-02,5,0.65468,1.25140,0,2025,10,Peralihan II
2025-10-03,5,0.80835,1.25140,0,2025,10,Peralihan II
2025-10-04,5,0.86032,1.25140,0,2025,10,Peralihan II
2025-10-05,5,0.82467,1.25140,0,2025,10,Peralihan II
2025-10-06,5,0.75455,1.25140,0,2025,10,Peralihan II
2025-10-07,5,0.78307,1.25140,0,2025,10,Peralihan II
2025-10-08,5,0.81259,1.25140,0,2025,10,Peralihan II
2025-10-09,5,0.75694,1.25140,0,2025,10,Peralihan II
2025-10-10,5,0.72046,1.25140,0,2025,10,Peralihan II
2025-10-11,5,0.69870,1.25140,0,2025,10,Peralihan II
2025-10-12,5,0.59732,1.25140,0,2025,10,Peralihan II
2025-10-13,5,0.56128,1.25140,0,2025,10,Peralihan II
2025-10-14,5,0.62085,1.25140,0,2025,10,Peralihan II
2025-10-15,5,0.91064,1.25140,0,2025,10,Peralihan II
2025-10-16,5,1.08683,1.25140,0,2025,10,Peralihan II
2025-10-17,5,1.05076,1.25140,0,2025,10,Peralihan II
2025-10-18,5,0.88152,1.25140,0,2025,10,Peralihan II
2025-10-19,5,0.82538,1.25140,0,2025,10,Peralihan II
2025-10-20,5,0.66362,1.25140,0,2025,10,Peralihan II
2025-10-21,5,0.74239,1.25140,0,2025,10,Peralihan II
2025-10-22,5,0.71414,1.25140,0,2025,10,Peralihan II
2025-10-23,5,0.70358,1.25140,0,2025,10,Peralihan II
2025-10-24,5,0.63500,1.25140,0,2025,10,Peralihan II
2025-10-25,5,0.62654,1.25140,0,2025,10,Peralihan II
2025-10-26,5,0.66475,1.25140,0,2025,10,Peralihan II
2025-10-27,5,0.64034,1.25140,0,2025,10,Peralihan II
2025-10-28,5,0.62218,1.25140,0,2025,10,Peralihan II
2025-10-29,5,0.61867,1.25140,0,2025,10,Peralihan II
2025-10-30,5,0.68893,1.25140,0,2025,10,Peralihan II
2025-10-31,5,0.71746,1.25140,0,2025,10,Peralihan II
2025-11-01,5,0.71644,1.25140,0,2025,11,Peralihan II
2025-11-02,5,0.63492,1.25140,0,2025,11,Peralihan II
2025-11-03,5,0.70274,1.25140,0,2025,11,Peralihan II
2025-11-04,5,0.74127,1.25140,0,2025,11,Peralihan II
2025-11-05,5,0.67819,1.25140,0,2025,11,Peralihan II
2025-11-06,5,0.75782,1.25140,0,2025,11,Peralihan II
2025-11-07,5,0.78661,1.25140,0,2025,11,Peralihan II
2025-11-08,5,0.74177,1.25140,0,2025,11,Peralihan II
2025-11-09,5,0.72641,1.25140,0,2025,11,Peralihan II
2025-11-10,5,0.70685,1.25140,0,2025,11,Peralihan II
2025-11-11,5,0.59841,1.25140,0,2025,11,Peralihan II
2025-11-12,5,0.56451,1.25140,0,2025,11,Peralihan II
2025-11-13,5,0.69601,1.25140,0,2025,11,Peralihan II
2025-11-14,5,1.04777,1.25140,0,2025,11,Peralihan II
2025-11-15,5,1.24504,1.25140,0,2025,11,Peralihan II
2025-11-16,5,0.90328,1.25140,0,2025,11,Peralihan II
2025-11-17,5,0.78675,1.25140,0,2025,11,Peralihan II
2025-11-18,5,0.81974,1.25140,0,2025,11,Peralihan II
2025-11-19,5,0.75356,1.25140,0,2025,11,Peralihan II
2025-11-20,5,0.68485,1.25140,0,2025,11,Peralihan II
2025-11-21,5,0.77072,1.25140,0,2025,11,Peralihan II
2025-11-22,5,0.77341,1.25140,0,2025,11,Peralihan II
2025-11-23,5,0.84169,1.25140,0,2025,11,Peralihan II
2025-11-24,5,0.90926,1.25140,0,2025,11,Peralihan II
2025-11-25,5,0.89438,1.25140,0,2025,11,Peralihan II
2025-11-26,5,0.78997,1.25140,0,2025,11,Peralihan II
2025-11-27,5,0.70716,1.25140,0,2025,11,Peralihan II
2025-11-28,5,0.64256,1.25140,0,2025,11,Peralihan II
2025-11-29,5,0.67153,1.25140,0,2025,11,Peralihan II
2025-11-30,5,0.74131,1.25140,0,2025,11,Peralihan II
2025-12-01,5,0.75269,1.25140,0,2025,12,Barat
2025-12-02,5,0.74836,1.25140,0,2025,12,Barat
2025-12-03,5,0.71048,1.25140,0,2025,12,Barat
2025-12-04,5,0.65399,1.25140,0,2025,12,Barat
2025-12-05,5,0.60598,1.25140,0,2025,12,Barat
2025-12-06,5,0.56190,1.25140,0,2025,12,Barat
2025-12-07,5,0.65826,1.25140,0,2025,12,Barat
2025-12-08,5,0.67973,1.25140,0,2025,12,Barat
2025-12-09,5,0.66601,1.25140,0,2025,12,Barat
2025-12-10,5,0.67167,1.25140,0,2025,12,Barat
2025-12-11,5,0.60738,1.25140,0,2025,12,Barat
2025-12-12,5,0.74533,1.25140,0,2025,12,Barat
2025-12-13,5,0.83880,1.25140,0,2025,12,Barat
2025-12-14,5,0.80162,1.25140,0,2025,12,Barat
2025-12-15,5,0.81760,1.25140,0,2025,12,Barat
2025-12-16,5,0.82012,1.25140,0,2025,12,Barat
2025-12-17,5,0.79676,1.25140,0,2025,12,Barat
2025-12-18,5,0.71656,1.25140,0,2025,12,Barat
2025-12-19,5,0.79474,1.25140,0,2025,12,Barat
2025-12-20,5,0.94487,1.25140,0,2025,12,Barat
2025-12-21,5,0.91480,1.25140,0,2025,12,Barat
2025-12-22,5,0.89076,1.25140,0,2025,12,Barat
2025-12-23,5,0.92961,1.25140,0,2025,12,Barat
2025-12-24,5,0.95041,1.25140,0,2025,12,Barat
2025-12-25,5,0.95494,1.25140,0,2025,12,Barat
2025-12-26,5,0.89365,1.25140,0,2025,12,Barat
2025-12-27,5,1.10812,1.25140,0,2025,12,Barat
2025-12-28,5,1.21184,1.25140,0,2025,12,Barat
2025-12-29,5,1.17401,1.25140,0,2025,12,Barat
2025-12-30,5,1.25575,1.25140,1,2025,12,Barat
2025-12-31,5,1.07216,1.25140,0,2025,12,Barat
2021-01-01,6,0.57424,1.15795,0,2021,1,Barat
2021-01-02,6,0.69402,1.15795,0,2021,1,Barat
2021-01-03,6,0.70533,1.15795,0,2021,1,Barat
2021-01-04,6,0.70727,1.15795,0,2021,1,Barat
2021-01-05,6,0.65497,1.15795,0,2021,1,Barat
2021-01-06,6,0.68592,1.15795,0,2021,1,Barat
2021-01-07,6,0.54778,1.15795,0,2021,1,Barat
2021-01-08,6,0.41455,1.15795,0,2021,1,Barat
2021-01-09,6,0.34797,1.15795,0,2021,1,Barat
2021-01-10,6,0.38065,1.15795,0,2021,1,Barat
2021-01-11,6,0.42111,1.15795,0,2021,1,Barat
2021-01-12,6,0.48827,1.15795,0,2021,1,Barat
2021-01-13,6,0.45928,1.15795,0,2021,1,Barat
2021-01-14,6,0.40539,1.15795,0,2021,1,Barat
2021-01-15,6,0.46153,1.15795,0,2021,1,Barat
2021-01-16,6,0.52231,1.15795,0,2021,1,Barat
2021-01-17,6,0.60223,1.15795,0,2021,1,Barat
2021-01-18,6,0.74722,1.15795,0,2021,1,Barat
2021-01-19,6,0.98784,1.15795,0,2021,1,Barat
2021-01-20,6,1.16311,1.15795,1,2021,1,Barat
2021-01-21,6,0.81811,1.15795,0,2021,1,Barat
2021-01-22,6,0.64074,1.15795,0,2021,1,Barat
2021-01-23,6,0.73990,1.15795,0,2021,1,Barat
2021-01-24,6,0.73118,1.15795,0,2021,1,Barat
2021-01-25,6,1.01903,1.15795,0,2021,1,Barat
2021-01-26,6,1.15394,1.15795,0,2021,1,Barat
2021-01-27,6,1.17612,1.15795,1,2021,1,Barat
2021-01-28,6,1.34347,1.15795,1,2021,1,Barat
2021-01-29,6,1.47923,1.15795,1,2021,1,Barat
2021-01-30,6,1.48434,1.15795,1,2021,1,Barat
2021-01-31,6,1.49520,1.15795,1,2021,1,Barat
2021-02-01,6,1.30663,1.15795,1,2021,2,Barat
2021-02-02,6,1.10937,1.15795,0,2021,2,Barat
2021-02-03,6,1.12466,1.15795,0,2021,2,Barat
2021-02-04,6,1.63519,1.15795,1,2021,2,Barat
2021-02-05,6,1.40427,1.15795,1,2021,2,Barat
2021-02-06,6,1.11925,1.15795,0,2021,2,Barat
2021-02-07,6,1.01372,1.15795,0,2021,2,Barat
2021-02-08,6,1.06860,1.15795,0,2021,2,Barat
2021-02-09,6,1.14444,1.15795,0,2021,2,Barat
2021-02-10,6,0.85825,1.15795,0,2021,2,Barat
2021-02-11,6,0.68240,1.15795,0,2021,2,Barat
2021-02-12,6,0.56805,1.15795,0,2021,2,Barat
2021-02-13,6,0.68218,1.15795,0,2021,2,Barat
2021-02-14,6,0.92737,1.15795,0,2021,2,Barat
2021-02-15,6,0.98252,1.15795,0,2021,2,Barat
2021-02-16,6,0.86528,1.15795,0,2021,2,Barat
2021-02-17,6,0.94654,1.15795,0,2021,2,Barat
2021-02-18,6,1.11219,1.15795,0,2021,2,Barat
2021-02-19,6,1.15073,1.15795,0,2021,2,Barat
2021-02-20,6,1.26533,1.15795,1,2021,2,Barat
2021-02-21,6,1.20758,1.15795,1,2021,2,Barat
2021-02-22,6,0.98378,1.15795,0,2021,2,Barat
2021-02-23,6,0.85570,1.15795,0,2021,2,Barat
2021-02-24,6,0.68591,1.15795,0,2021,2,Barat
2021-02-25,6,0.62635,1.15795,0,2021,2,Barat
2021-02-26,6,0.67240,1.15795,0,2021,2,Barat
2021-02-27,6,0.81545,1.15795,0,2021,2,Barat
2021-02-28,6,0.69185,1.15795,0,2021,2,Barat
2021-03-01,6,0.57428,1.15795,0,2021,3,Peralihan I
2021-03-02,6,0.55569,1.15795,0,2021,3,Peralihan I
2021-03-03,6,0.61915,1.15795,0,2021,3,Peralihan I
2021-03-04,6,0.65573,1.15795,0,2021,3,Peralihan I
2021-03-05,6,0.62888,1.15795,0,2021,3,Peralihan I
2021-03-06,6,0.66212,1.15795,0,2021,3,Peralihan I
2021-03-07,6,0.64319,1.15795,0,2021,3,Peralihan I
2021-03-08,6,0.75651,1.15795,0,2021,3,Peralihan I
2021-03-09,6,0.69387,1.15795,0,2021,3,Peralihan I
2021-03-10,6,0.56231,1.15795,0,2021,3,Peralihan I
2021-03-11,6,0.53218,1.15795,0,2021,3,Peralihan I
2021-03-12,6,0.51778,1.15795,0,2021,3,Peralihan I
2021-03-13,6,0.41803,1.15795,0,2021,3,Peralihan I
2021-03-14,6,0.36549,1.15795,0,2021,3,Peralihan I
2021-03-15,6,0.34250,1.15795,0,2021,3,Peralihan I
2021-03-16,6,0.35454,1.15795,0,2021,3,Peralihan I
2021-03-17,6,0.32602,1.15795,0,2021,3,Peralihan I
2021-03-18,6,0.32184,1.15795,0,2021,3,Peralihan I
2021-03-19,6,0.39321,1.15795,0,2021,3,Peralihan I
2021-03-20,6,0.61408,1.15795,0,2021,3,Peralihan I
2021-03-21,6,0.66379,1.15795,0,2021,3,Peralihan I
2021-03-22,6,0.53289,1.15795,0,2021,3,Peralihan I
2021-03-23,6,0.44660,1.15795,0,2021,3,Peralihan I
2021-03-24,6,0.44640,1.15795,0,2021,3,Peralihan I
2021-03-25,6,0.40179,1.15795,0,2021,3,Peralihan I
2021-03-26,6,0.36399,1.15795,0,2021,3,Peralihan I
2021-03-27,6,0.33196,1.15795,0,2021,3,Peralihan I
2021-03-28,6,0.35547,1.15795,0,2021,3,Peralihan I
2021-03-29,6,0.62416,1.15795,0,2021,3,Peralihan I
2021-03-30,6,0.81379,1.15795,0,2021,3,Peralihan I
2021-03-31,6,0.83168,1.15795,0,2021,3,Peralihan I
2021-04-01,6,1.22029,1.15795,1,2021,4,Peralihan I
2021-04-02,6,1.33398,1.15795,1,2021,4,Peralihan I
2021-04-03,6,1.22880,1.15795,1,2021,4,Peralihan I
2021-04-04,6,1.67959,1.15795,1,2021,4,Peralihan I
2021-04-05,6,1.45045,1.15795,1,2021,4,Peralihan I
2021-04-06,6,0.97609,1.15795,0,2021,4,Peralihan I
2021-04-07,6,0.62270,1.15795,0,2021,4,Peralihan I
2021-04-08,6,0.52707,1.15795,0,2021,4,Peralihan I
2021-04-09,6,0.60266,1.15795,0,2021,4,Peralihan I
2021-04-10,6,0.58989,1.15795,0,2021,4,Peralihan I
2021-04-11,6,0.53806,1.15795,0,2021,4,Peralihan I
2021-04-12,6,0.45509,1.15795,0,2021,4,Peralihan I
2021-04-13,6,0.38301,1.15795,0,2021,4,Peralihan I
2021-04-14,6,0.38632,1.15795,0,2021,4,Peralihan I
2021-04-15,6,0.39212,1.15795,0,2021,4,Peralihan I
2021-04-16,6,0.46473,1.15795,0,2021,4,Peralihan I
2021-04-17,6,0.60130,1.15795,0,2021,4,Peralihan I
2021-04-18,6,0.70392,1.15795,0,2021,4,Peralihan I
2021-04-19,6,0.57164,1.15795,0,2021,4,Peralihan I
2021-04-20,6,0.44299,1.15795,0,2021,4,Peralihan I
2021-04-21,6,0.36545,1.15795,0,2021,4,Peralihan I
2021-04-22,6,0.34514,1.15795,0,2021,4,Peralihan I
2021-04-23,6,0.38284,1.15795,0,2021,4,Peralihan I
2021-04-24,6,0.61624,1.15795,0,2021,4,Peralihan I
2021-04-25,6,0.69392,1.15795,0,2021,4,Peralihan I
2021-04-26,6,0.58893,1.15795,0,2021,4,Peralihan I
2021-04-27,6,0.44130,1.15795,0,2021,4,Peralihan I
2021-04-28,6,0.39390,1.15795,0,2021,4,Peralihan I
2021-04-29,6,0.39102,1.15795,0,2021,4,Peralihan I
2021-04-30,6,0.58840,1.15795,0,2021,4,Peralihan I
2021-05-01,6,0.69802,1.15795,0,2021,5,Peralihan I
2021-05-02,6,0.72811,1.15795,0,2021,5,Peralihan I
2021-05-03,6,0.84660,1.15795,0,2021,5,Peralihan I
2021-05-04,6,0.99339,1.15795,0,2021,5,Peralihan I
2021-05-05,6,0.97504,1.15795,0,2021,5,Peralihan I
2021-05-06,6,0.84822,1.15795,0,2021,5,Peralihan I
2021-05-07,6,0.68175,1.15795,0,2021,5,Peralihan I
2021-05-08,6,0.58374,1.15795,0,2021,5,Peralihan I
2021-05-09,6,0.53487,1.15795,0,2021,5,Peralihan I
2021-05-10,6,0.66011,1.15795,0,2021,5,Peralihan I
2021-05-11,6,0.79630,1.15795,0,2021,5,Peralihan I
2021-05-12,6,0.91594,1.15795,0,2021,5,Peralihan I
2021-05-13,6,1.08658,1.15795,0,2021,5,Peralihan I
2021-05-14,6,1.07757,1.15795,0,2021,5,Peralihan I
2021-05-15,6,1.02172,1.15795,0,2021,5,Peralihan I
2021-05-16,6,1.06780,1.15795,0,2021,5,Peralihan I
2021-05-17,6,1.03674,1.15795,0,2021,5,Peralihan I
2021-05-18,6,0.97806,1.15795,0,2021,5,Peralihan I
2021-05-19,6,0.97994,1.15795,0,2021,5,Peralihan I
2021-05-20,6,0.87908,1.15795,0,2021,5,Peralihan I
2021-05-21,6,0.77159,1.15795,0,2021,5,Peralihan I
2021-05-22,6,0.70490,1.15795,0,2021,5,Peralihan I
2021-05-23,6,0.62732,1.15795,0,2021,5,Peralihan I
2021-05-24,6,0.62662,1.15795,0,2021,5,Peralihan I
2021-05-25,6,0.74831,1.15795,0,2021,5,Peralihan I
2021-05-26,6,1.04810,1.15795,0,2021,5,Peralihan I
2021-05-27,6,1.38735,1.15795,1,2021,5,Peralihan I
2021-05-28,6,1.41553,1.15795,1,2021,5,Peralihan I
2021-05-29,6,1.14265,1.15795,0,2021,5,Peralihan I
2021-05-30,6,0.84305,1.15795,0,2021,5,Peralihan I
2021-05-31,6,0.77282,1.15795,0,2021,5,Peralihan I
2021-06-01,6,0.71489,1.15795,0,2021,6,Timur
2021-06-02,6,0.69516,1.15795,0,2021,6,Timur
2021-06-03,6,0.63556,1.15795,0,2021,6,Timur
2021-06-04,6,0.79896,1.15795,0,2021,6,Timur
2021-06-05,6,1.03121,1.15795,0,2021,6,Timur
2021-06-06,6,1.09310,1.15795,0,2021,6,Timur
2021-06-07,6,0.82977,1.15795,0,2021,6,Timur
2021-06-08,6,0.65152,1.15795,0,2021,6,Timur
2021-06-09,6,0.66795,1.15795,0,2021,6,Timur
2021-06-10,6,0.90257,1.15795,0,2021,6,Timur
2021-06-11,6,0.97267,1.15795,0,2021,6,Timur
2021-06-12,6,0.82233,1.15795,0,2021,6,Timur
2021-06-13,6,0.64107,1.15795,0,2021,6,Timur
2021-06-14,6,0.52177,1.15795,0,2021,6,Timur
2021-06-15,6,0.44803,1.15795,0,2021,6,Timur
2021-06-16,6,0.51676,1.15795,0,2021,6,Timur
2021-06-17,6,0.62316,1.15795,0,2021,6,Timur
2021-06-18,6,0.82901,1.15795,0,2021,6,Timur
2021-06-19,6,1.04755,1.15795,0,2021,6,Timur
2021-06-20,6,1.12285,1.15795,0,2021,6,Timur
2021-06-21,6,1.05264,1.15795,0,2021,6,Timur
2021-06-22,6,0.80295,1.15795,0,2021,6,Timur
2021-06-23,6,0.58010,1.15795,0,2021,6,Timur
2021-06-24,6,0.61268,1.15795,0,2021,6,Timur
2021-06-25,6,0.72176,1.15795,0,2021,6,Timur
2021-06-26,6,1.09773,1.15795,0,2021,6,Timur
2021-06-27,6,1.31415,1.15795,1,2021,6,Timur
2021-06-28,6,1.26640,1.15795,1,2021,6,Timur
2021-06-29,6,0.99971,1.15795,0,2021,6,Timur
2021-06-30,6,0.89806,1.15795,0,2021,6,Timur
2021-07-01,6,0.94535,1.15795,0,2021,7,Timur
2021-07-02,6,1.01580,1.15795,0,2021,7,Timur
2021-07-03,6,1.22729,1.15795,1,2021,7,Timur
2021-07-04,6,1.26231,1.15795,1,2021,7,Timur
2021-07-05,6,1.01828,1.15795,0,2021,7,Timur
2021-07-06,6,0.92087,1.15795,0,2021,7,Timur
2021-07-07,6,0.71428,1.15795,0,2021,7,Timur
2021-07-08,6,0.71529,1.15795,0,2021,7,Timur
2021-07-09,6,0.69425,1.15795,0,2021,7,Timur
2021-07-10,6,0.95980,1.15795,0,2021,7,Timur
2021-07-11,6,1.01944,1.15795,0,2021,7,Timur
2021-07-12,6,0.95121,1.15795,0,2021,7,Timur
2021-07-13,6,0.91948,1.15795,0,2021,7,Timur
2021-07-14,6,0.88651,1.15795,0,2021,7,Timur
2021-07-15,6,0.84398,1.15795,0,2021,7,Timur
2021-07-16,6,0.79227,1.15795,0,2021,7,Timur
2021-07-17,6,0.69530,1.15795,0,2021,7,Timur
2021-07-18,6,0.70505,1.15795,0,2021,7,Timur
2021-07-19,6,0.85264,1.15795,0,2021,7,Timur
2021-07-20,6,0.85524,1.15795,0,2021,7,Timur
2021-07-21,6,0.82697,1.15795,0,2021,7,Timur
2021-07-22,6,0.69029,1.15795,0,2021,7,Timur
2021-07-23,6,0.60188,1.15795,0,2021,7,Timur
2021-07-24,6,0.54926,1.15795,0,2021,7,Timur
2021-07-25,6,0.52219,1.15795,0,2021,7,Timur
2021-07-26,6,0.61478,1.15795,0,2021,7,Timur
2021-07-27,6,0.73020,1.15795,0,2021,7,Timur
2021-07-28,6,0.77897,1.15795,0,2021,7,Timur
2021-07-29,6,0.74816,1.15795,0,2021,7,Timur
2021-07-30,6,0.67086,1.15795,0,2021,7,Timur
2021-07-31,6,0.63141,1.15795,0,2021,7,Timur
2021-08-01,6,0.70295,1.15795,0,2021,8,Timur
2021-08-02,6,0.79751,1.15795,0,2021,8,Timur
2021-08-03,6,0.88215,1.15795,0,2021,8,Timur
2021-08-04,6,0.99556,1.15795,0,2021,8,Timur
2021-08-05,6,1.28563,1.15795,1,2021,8,Timur
2021-08-06,6,1.36159,1.15795,1,2021,8,Timur
2021-08-07,6,1.28816,1.15795,1,2021,8,Timur
2021-08-08,6,1.06882,1.15795,0,2021,8,Timur
2021-08-09,6,0.93094,1.15795,0,2021,8,Timur
2021-08-10,6,0.83069,1.15795,0,2021,8,Timur
2021-08-11,6,0.80183,1.15795,0,2021,8,Timur
2021-08-12,6,0.99764,1.15795,0,2021,8,Timur
2021-08-13,6,1.09355,1.15795,0,2021,8,Timur
2021-08-14,6,1.06280,1.15795,0,2021,8,Timur
2021-08-15,6,0.97479,1.15795,0,2021,8,Timur
2021-08-16,6,1.03626,1.15795,0,2021,8,Timur
2021-08-17,6,1.21094,1.15795,1,2021,8,Timur
2021-08-18,6,1.03328,1.15795,0,2021,8,Timur
2021-08-19,6,0.82415,1.15795,0,2021,8,Timur
2021-08-20,6,0.72686,1.15795,0,2021,8,Timur
2021-08-21,6,0.74774,1.15795,0,2021,8,Timur
2021-08-22,6,0.71129,1.15795,0,2021,8,Timur
2021-08-23,6,0.63177,1.15795,0,2021,8,Timur
2021-08-24,6,0.62457,1.15795,0,2021,8,Timur
2021-08-25,6,0.81989,1.15795,0,2021,8,Timur
2021-08-26,6,0.94998,1.15795,0,2021,8,Timur
2021-08-27,6,0.85477,1.15795,0,2021,8,Timur
2021-08-28,6,0.79662,1.15795,0,2021,8,Timur
2021-08-29,6,0.75862,1.15795,0,2021,8,Timur
2021-08-30,6,0.73916,1.15795,0,2021,8,Timur
2021-08-31,6,0.67311,1.15795,0,2021,8,Timur
2021-09-01,6,0.65813,1.15795,0,2021,9,Peralihan II
2021-09-02,6,0.66201,1.15795,0,2021,9,Peralihan II
2021-09-03,6,0.70206,1.15795,0,2021,9,Peralihan II
2021-09-04,6,0.71978,1.15795,0,2021,9,Peralihan II
2021-09-05,6,0.94989,1.15795,0,2021,9,Peralihan II
2021-09-06,6,1.30289,1.15795,1,2021,9,Peralihan II
2021-09-07,6,1.58259,1.15795,1,2021,9,Peralihan II
2021-09-08,6,1.55043,1.15795,1,2021,9,Peralihan II
2021-09-09,6,1.45620,1.15795,1,2021,9,Peralihan II
2021-09-10,6,1.27762,1.15795,1,2021,9,Peralihan II
2021-09-11,6,1.01881,1.15795,0,2021,9,Peralihan II
2021-09-12,6,0.78028,1.15795,0,2021,9,Peralihan II
2021-09-13,6,0.62126,1.15795,0,2021,9,Peralihan II
2021-09-14,6,0.61084,1.15795,0,2021,9,Peralihan II
2021-09-15,6,0.60478,1.15795,0,2021,9,Peralihan II
2021-09-16,6,0.63545,1.15795,0,2021,9,Peralihan II
2021-09-17,6,0.77356,1.15795,0,2021,9,Peralihan II
2021-09-18,6,0.90148,1.15795,0,2021,9,Peralihan II
2021-09-19,6,0.98707,1.15795,0,2021,9,Peralihan II
2021-09-20,6,0.99552,1.15795,0,2021,9,Peralihan II
2021-09-21,6,0.85158,1.15795,0,2021,9,Peralihan II
2021-09-22,6,1.15665,1.15795,0,2021,9,Peralihan II
2021-09-23,6,1.14677,1.15795,0,2021,9,Peralihan II
2021-09-24,6,0.87028,1.15795,0,2021,9,Peralihan II
2021-09-25,6,0.58107,1.15795,0,2021,9,Peralihan II
2021-09-26,6,0.63541,1.15795,0,2021,9,Peralihan II
2021-09-27,6,0.59943,1.15795,0,2021,9,Peralihan II
2021-09-28,6,0.56079,1.15795,0,2021,9,Peralihan II
2021-09-29,6,0.55527,1.15795,0,2021,9,Peralihan II
2021-09-30,6,0.60377,1.15795,0,2021,9,Peralihan II
2021-10-01,6,0.65865,1.15795,0,2021,10,Peralihan II
2021-10-02,6,0.67793,1.15795,0,2021,10,Peralihan II
2021-10-03,6,0.77370,1.15795,0,2021,10,Peralihan II
2021-10-04,6,0.97623,1.15795,0,2021,10,Peralihan II
2021-10-05,6,0.97417,1.15795,0,2021,10,Peralihan II
2021-10-06,6,0.81967,1.15795,0,2021,10,Peralihan II
2021-10-07,6,0.63505,1.15795,0,2021,10,Peralihan II
2021-10-08,6,0.67827,1.15795,0,2021,10,Peralihan II
2021-10-09,6,0.66546,1.15795,0,2021,10,Peralihan II
2021-10-10,6,0.62583,1.15795,0,2021,10,Peralihan II
2021-10-11,6,0.59033,1.15795,0,2021,10,Peralihan II
2021-10-12,6,0.61801,1.15795,0,2021,10,Peralihan II
2021-10-13,6,0.53238,1.15795,0,2021,10,Peralihan II
2021-10-14,6,0.44636,1.15795,0,2021,10,Peralihan II
2021-10-15,6,0.41943,1.15795,0,2021,10,Peralihan II
2021-10-16,6,0.46872,1.15795,0,2021,10,Peralihan II
2021-10-17,6,0.42296,1.15795,0,2021,10,Peralihan II
2021-10-18,6,0.41951,1.15795,0,2021,10,Peralihan II
2021-10-19,6,0.49417,1.15795,0,2021,10,Peralihan II
2021-10-20,6,0.55433,1.15795,0,2021,10,Peralihan II
2021-10-21,6,0.63336,1.15795,0,2021,10,Peralihan II
2021-10-22,6,0.70575,1.15795,0,2021,10,Peralihan II
2021-10-23,6,0.60723,1.15795,0,2021,10,Peralihan II
2021-10-24,6,0.52249,1.15795,0,2021,10,Peralihan II
2021-10-25,6,0.53488,1.15795,0,2021,10,Peralihan II
2021-10-26,6,0.53229,1.15795,0,2021,10,Peralihan II
2021-10-27,6,0.50846,1.15795,0,2021,10,Peralihan II
2021-10-28,6,0.48479,1.15795,0,2021,10,Peralihan II
2021-10-29,6,0.53234,1.15795,0,2021,10,Peralihan II
2021-10-30,6,0.49843,1.15795,0,2021,10,Peralihan II
2021-10-31,6,0.44212,1.15795,0,2021,10,Peralihan II
2021-11-01,6,0.42467,1.15795,0,2021,11,Peralihan II
2021-11-02,6,0.50888,1.15795,0,2021,11,Peralihan II
2021-11-03,6,0.51083,1.15795,0,2021,11,Peralihan II
2021-11-04,6,0.58375,1.15795,0,2021,11,Peralihan II
2021-11-05,6,0.53878,1.15795,0,2021,11,Peralihan II
2021-11-06,6,0.48527,1.15795,0,2021,11,Peralihan II
2021-11-07,6,0.40338,1.15795,0,2021,11,Peralihan II
2021-11-08,6,0.37580,1.15795,0,2021,11,Peralihan II
2021-11-09,6,0.40256,1.15795,0,2021,11,Peralihan II
2021-11-10,6,0.46330,1.15795,0,2021,11,Peralihan II
2021-11-11,6,0.50765,1.15795,0,2021,11,Peralihan II
2021-11-12,6,0.50727,1.15795,0,2021,11,Peralihan II
2021-11-13,6,0.52044,1.15795,0,2021,11,Peralihan II
2021-11-14,6,0.44044,1.15795,0,2021,11,Peralihan II
2021-11-15,6,0.49738,1.15795,0,2021,11,Peralihan II
2021-11-16,6,0.58359,1.15795,0,2021,11,Peralihan II
2021-11-17,6,0.57743,1.15795,0,2021,11,Peralihan II
2021-11-18,6,0.49969,1.15795,0,2021,11,Peralihan II
2021-11-19,6,0.46632,1.15795,0,2021,11,Peralihan II
2021-11-20,6,0.39237,1.15795,0,2021,11,Peralihan II
2021-11-21,6,0.37896,1.15795,0,2021,11,Peralihan II
2021-11-22,6,0.40609,1.15795,0,2021,11,Peralihan II
2021-11-23,6,0.41464,1.15795,0,2021,11,Peralihan II
2021-11-24,6,0.37621,1.15795,0,2021,11,Peralihan II
2021-11-25,6,0.35697,1.15795,0,2021,11,Peralihan II
2021-11-26,6,0.36805,1.15795,0,2021,11,Peralihan II
2021-11-27,6,0.40296,1.15795,0,2021,11,Peralihan II
2021-11-28,6,0.36345,1.15795,0,2021,11,Peralihan II
2021-11-29,6,0.36662,1.15795,0,2021,11,Peralihan II
2021-11-30,6,0.42122,1.15795,0,2021,11,Peralihan II
2021-12-01,6,0.58805,1.15795,0,2021,12,Barat
2021-12-02,6,0.67696,1.15795,0,2021,12,Barat
2021-12-03,6,0.56679,1.15795,0,2021,12,Barat
2021-12-04,6,0.51566,1.15795,0,2021,12,Barat
2021-12-05,6,0.68892,1.15795,0,2021,12,Barat
2021-12-06,6,0.73889,1.15795,0,2021,12,Barat
2021-12-07,6,0.62885,1.15795,0,2021,12,Barat
2021-12-08,6,0.56000,1.15795,0,2021,12,Barat
2021-12-09,6,0.54081,1.15795,0,2021,12,Barat
2021-12-10,6,0.45777,1.15795,0,2021,12,Barat
2021-12-11,6,0.44755,1.15795,0,2021,12,Barat
2021-12-12,6,0.52375,1.15795,0,2021,12,Barat
2021-12-13,6,0.53608,1.15795,0,2021,12,Barat
2021-12-14,6,0.53539,1.15795,0,2021,12,Barat
2021-12-15,6,0.50793,1.15795,0,2021,12,Barat
2021-12-16,6,0.51770,1.15795,0,2021,12,Barat
2021-12-17,6,0.50279,1.15795,0,2021,12,Barat
2021-12-18,6,0.44308,1.15795,0,2021,12,Barat
2021-12-19,6,0.39259,1.15795,0,2021,12,Barat
2021-12-20,6,0.43363,1.15795,0,2021,12,Barat
2021-12-21,6,0.91011,1.15795,0,2021,12,Barat
2021-12-22,6,1.14805,1.15795,0,2021,12,Barat
2021-12-23,6,0.90164,1.15795,0,2021,12,Barat
2021-12-24,6,1.05442,1.15795,0,2021,12,Barat
2021-12-25,6,1.15038,1.15795,0,2021,12,Barat
2021-12-26,6,1.38222,1.15795,1,2021,12,Barat
2021-12-27,6,1.39989,1.15795,1,2021,12,Barat
2021-12-28,6,1.36789,1.15795,1,2021,12,Barat
2021-12-29,6,1.03952,1.15795,0,2021,12,Barat
2021-12-30,6,0.80065,1.15795,0,2021,12,Barat
2021-12-31,6,0.69424,1.15795,0,2021,12,Barat
2022-01-01,6,0.69690,1.15795,0,2022,1,Barat
2022-01-02,6,0.64378,1.15795,0,2022,1,Barat
2022-01-03,6,0.64814,1.15795,0,2022,1,Barat
2022-01-04,6,0.85195,1.15795,0,2022,1,Barat
2022-01-05,6,0.84591,1.15795,0,2022,1,Barat
2022-01-06,6,0.71160,1.15795,0,2022,1,Barat
2022-01-07,6,0.57799,1.15795,0,2022,1,Barat
2022-01-08,6,0.57591,1.15795,0,2022,1,Barat
2022-01-09,6,0.53149,1.15795,0,2022,1,Barat
2022-01-10,6,0.37659,1.15795,0,2022,1,Barat
2022-01-11,6,0.59689,1.15795,0,2022,1,Barat
2022-01-12,6,0.89804,1.15795,0,2022,1,Barat
2022-01-13,6,1.07306,1.15795,0,2022,1,Barat
2022-01-14,6,1.21066,1.15795,1,2022,1,Barat
2022-01-15,6,1.25127,1.15795,1,2022,1,Barat
2022-01-16,6,1.30603,1.15795,1,2022,1,Barat
2022-01-17,6,1.00964,1.15795,0,2022,1,Barat
2022-01-18,6,0.84653,1.15795,0,2022,1,Barat
2022-01-19,6,0.96818,1.15795,0,2022,1,Barat
2022-01-20,6,0.92351,1.15795,0,2022,1,Barat
2022-01-21,6,0.91072,1.15795,0,2022,1,Barat
2022-01-22,6,0.91019,1.15795,0,2022,1,Barat
2022-01-23,6,0.88000,1.15795,0,2022,1,Barat
2022-01-24,6,0.84698,1.15795,0,2022,1,Barat
2022-01-25,6,0.95932,1.15795,0,2022,1,Barat
2022-01-26,6,1.00818,1.15795,0,2022,1,Barat
2022-01-27,6,1.02088,1.15795,0,2022,1,Barat
2022-01-28,6,1.08984,1.15795,0,2022,1,Barat
2022-01-29,6,1.24924,1.15795,1,2022,1,Barat
2022-01-30,6,1.80098,1.15795,1,2022,1,Barat
2022-01-31,6,1.63879,1.15795,1,2022,1,Barat
2022-02-01,6,1.61813,1.15795,1,2022,2,Barat
2022-02-02,6,1.35304,1.15795,1,2022,2,Barat
2022-02-03,6,1.12417,1.15795,0,2022,2,Barat
2022-02-04,6,0.99262,1.15795,0,2022,2,Barat
2022-02-05,6,0.75335,1.15795,0,2022,2,Barat
2022-02-06,6,0.59225,1.15795,0,2022,2,Barat
2022-02-07,6,0.49020,1.15795,0,2022,2,Barat
2022-02-08,6,0.60691,1.15795,0,2022,2,Barat
2022-02-09,6,0.64667,1.15795,0,2022,2,Barat
2022-02-10,6,0.61282,1.15795,0,2022,2,Barat
2022-02-11,6,0.55904,1.15795,0,2022,2,Barat
2022-02-12,6,0.49620,1.15795,0,2022,2,Barat
2022-02-13,6,0.43085,1.15795,0,2022,2,Barat
2022-02-14,6,0.41467,1.15795,0,2022,2,Barat
2022-02-15,6,0.46293,1.15795,0,2022,2,Barat
2022-02-16,6,0.41441,1.15795,0,2022,2,Barat
2022-02-17,6,0.41353,1.15795,0,2022,2,Barat
2022-02-18,6,0.39977,1.15795,0,2022,2,Barat
2022-02-19,6,0.43184,1.15795,0,2022,2,Barat
2022-02-20,6,0.48146,1.15795,0,2022,2,Barat
2022-02-21,6,0.77386,1.15795,0,2022,2,Barat
2022-02-22,6,1.03683,1.15795,0,2022,2,Barat
2022-02-23,6,1.22837,1.15795,1,2022,2,Barat
2022-02-24,6,1.09499,1.15795,0,2022,2,Barat
2022-02-25,6,1.62547,1.15795,1,2022,2,Barat
2022-02-26,6,1.76923,1.15795,1,2022,2,Barat
2022-02-27,6,1.82305,1.15795,1,2022,2,Barat
2022-02-28,6,1.40103,1.15795,1,2022,2,Barat
2022-03-01,6,0.93372,1.15795,0,2022,3,Peralihan I
2022-03-02,6,0.70896,1.15795,0,2022,3,Peralihan I
2022-03-03,6,0.65819,1.15795,0,2022,3,Peralihan I
2022-03-04,6,0.67410,1.15795,0,2022,3,Peralihan I
2022-03-05,6,0.67600,1.15795,0,2022,3,Peralihan I
2022-03-06,6,0.62016,1.15795,0,2022,3,Peralihan I
2022-03-07,6,0.47598,1.15795,0,2022,3,Peralihan I
2022-03-08,6,0.41488,1.15795,0,2022,3,Peralihan I
2022-03-09,6,0.38992,1.15795,0,2022,3,Peralihan I
2022-03-10,6,0.32042,1.15795,0,2022,3,Peralihan I
2022-03-11,6,0.27725,1.15795,0,2022,3,Peralihan I
2022-03-12,6,0.29547,1.15795,0,2022,3,Peralihan I
2022-03-13,6,0.30410,1.15795,0,2022,3,Peralihan I
2022-03-14,6,0.28354,1.15795,0,2022,3,Peralihan I
2022-03-15,6,0.27786,1.15795,0,2022,3,Peralihan I
2022-03-16,6,0.33983,1.15795,0,2022,3,Peralihan I
2022-03-17,6,0.52132,1.15795,0,2022,3,Peralihan I
2022-03-18,6,0.53721,1.15795,0,2022,3,Peralihan I
2022-03-19,6,0.34098,1.15795,0,2022,3,Peralihan I
2022-03-20,6,0.36254,1.15795,0,2022,3,Peralihan I
2022-03-21,6,0.45455,1.15795,0,2022,3,Peralihan I
2022-03-22,6,0.52708,1.15795,0,2022,3,Peralihan I
2022-03-23,6,0.70372,1.15795,0,2022,3,Peralihan I
2022-03-24,6,0.67005,1.15795,0,2022,3,Peralihan I
2022-03-25,6,0.53869,1.15795,0,2022,3,Peralihan I
2022-03-26,6,0.48878,1.15795,0,2022,3,Peralihan I
2022-03-27,6,0.43869,1.15795,0,2022,3,Peralihan I
2022-03-28,6,0.44050,1.15795,0,2022,3,Peralihan I
2022-03-29,6,0.43006,1.15795,0,2022,3,Peralihan I
2022-03-30,6,0.39908,1.15795,0,2022,3,Peralihan I
2022-03-31,6,0.37615,1.15795,0,2022,3,Peralihan I
2022-04-01,6,0.38147,1.15795,0,2022,4,Peralihan I
2022-04-02,6,0.39922,1.15795,0,2022,4,Peralihan I
2022-04-03,6,0.38712,1.15795,0,2022,4,Peralihan I
2022-04-04,6,0.31249,1.15795,0,2022,4,Peralihan I
2022-04-05,6,0.32635,1.15795,0,2022,4,Peralihan I
2022-04-06,6,0.41692,1.15795,0,2022,4,Peralihan I
2022-04-07,6,0.38555,1.15795,0,2022,4,Peralihan I
2022-04-08,6,0.37164,1.15795,0,2022,4,Peralihan I
2022-04-09,6,0.41340,1.15795,0,2022,4,Peralihan I
2022-04-10,6,0.45820,1.15795,0,2022,4,Peralihan I
2022-04-11,6,0.45611,1.15795,0,2022,4,Peralihan I
2022-04-12,6,0.46503,1.15795,0,2022,4,Peralihan I
2022-04-13,6,0.46517,1.15795,0,2022,4,Peralihan I
2022-04-14,6,0.53759,1.15795,0,2022,4,Peralihan I
2022-04-15,6,0.49581,1.15795,0,2022,4,Peralihan I
2022-04-16,6,0.38260,1.15795,0,2022,4,Peralihan I
2022-04-17,6,0.36502,1.15795,0,2022,4,Peralihan I
2022-04-18,6,0.35772,1.15795,0,2022,4,Peralihan I
2022-04-19,6,0.37092,1.15795,0,2022,4,Peralihan I
2022-04-20,6,0.36835,1.15795,0,2022,4,Peralihan I
2022-04-21,6,0.39598,1.15795,0,2022,4,Peralihan I
2022-04-22,6,0.51549,1.15795,0,2022,4,Peralihan I
2022-04-23,6,0.50740,1.15795,0,2022,4,Peralihan I
2022-04-24,6,0.42244,1.15795,0,2022,4,Peralihan I
2022-04-25,6,0.35440,1.15795,0,2022,4,Peralihan I
2022-04-26,6,0.28580,1.15795,0,2022,4,Peralihan I
2022-04-27,6,0.34029,1.15795,0,2022,4,Peralihan I
2022-04-28,6,0.34533,1.15795,0,2022,4,Peralihan I
2022-04-29,6,0.41953,1.15795,0,2022,4,Peralihan I
2022-04-30,6,0.51166,1.15795,0,2022,4,Peralihan I
2022-05-01,6,0.56172,1.15795,0,2022,5,Peralihan I
2022-05-02,6,0.78014,1.15795,0,2022,5,Peralihan I
2022-05-03,6,0.74801,1.15795,0,2022,5,Peralihan I
2022-05-04,6,0.62637,1.15795,0,2022,5,Peralihan I
2022-05-05,6,0.71864,1.15795,0,2022,5,Peralihan I
2022-05-06,6,0.99074,1.15795,0,2022,5,Peralihan I
2022-05-07,6,1.26871,1.15795,1,2022,5,Peralihan I
2022-05-08,6,1.26472,1.15795,1,2022,5,Peralihan I
2022-05-09,6,1.08407,1.15795,0,2022,5,Peralihan I
2022-05-10,6,0.85797,1.15795,0,2022,5,Peralihan I
2022-05-11,6,0.55612,1.15795,0,2022,5,Peralihan I
2022-05-12,6,0.42222,1.15795,0,2022,5,Peralihan I
2022-05-13,6,0.38023,1.15795,0,2022,5,Peralihan I
2022-05-14,6,0.36475,1.15795,0,2022,5,Peralihan I
2022-05-15,6,0.43289,1.15795,0,2022,5,Peralihan I
2022-05-16,6,0.48957,1.15795,0,2022,5,Peralihan I
2022-05-17,6,0.47746,1.15795,0,2022,5,Peralihan I
2022-05-18,6,0.63731,1.15795,0,2022,5,Peralihan I
2022-05-19,6,0.74268,1.15795,0,2022,5,Peralihan I
2022-05-20,6,0.80992,1.15795,0,2022,5,Peralihan I
2022-05-21,6,0.87779,1.15795,0,2022,5,Peralihan I
2022-05-22,6,0.97891,1.15795,0,2022,5,Peralihan I
2022-05-23,6,0.91875,1.15795,0,2022,5,Peralihan I
2022-05-24,6,0.78954,1.15795,0,2022,5,Peralihan I
2022-05-25,6,0.70071,1.15795,0,2022,5,Peralihan I
2022-05-26,6,0.77503,1.15795,0,2022,5,Peralihan I
2022-05-27,6,0.78955,1.15795,0,2022,5,Peralihan I
2022-05-28,6,0.74544,1.15795,0,2022,5,Peralihan I
2022-05-29,6,0.62410,1.15795,0,2022,5,Peralihan I
2022-05-30,6,0.53078,1.15795,0,2022,5,Peralihan I
2022-05-31,6,0.43880,1.15795,0,2022,5,Peralihan I
2022-06-01,6,0.40300,1.15795,0,2022,6,Timur
2022-06-02,6,0.45988,1.15795,0,2022,6,Timur
2022-06-03,6,0.49837,1.15795,0,2022,6,Timur
2022-06-04,6,0.45604,1.15795,0,2022,6,Timur
2022-06-05,6,0.47188,1.15795,0,2022,6,Timur
2022-06-06,6,0.49779,1.15795,0,2022,6,Timur
2022-06-07,6,0.54386,1.15795,0,2022,6,Timur
2022-06-08,6,0.76978,1.15795,0,2022,6,Timur
2022-06-09,6,1.07114,1.15795,0,2022,6,Timur
2022-06-10,6,1.34232,1.15795,1,2022,6,Timur
2022-06-11,6,1.30730,1.15795,1,2022,6,Timur
2022-06-12,6,1.16211,1.15795,1,2022,6,Timur
2022-06-13,6,1.02624,1.15795,0,2022,6,Timur
2022-06-14,6,1.07506,1.15795,0,2022,6,Timur
2022-06-15,6,1.00323,1.15795,0,2022,6,Timur
2022-06-16,6,0.97394,1.15795,0,2022,6,Timur
2022-06-17,6,1.08015,1.15795,0,2022,6,Timur
2022-06-18,6,0.95527,1.15795,0,2022,6,Timur
2022-06-19,6,0.79138,1.15795,0,2022,6,Timur
2022-06-20,6,0.79355,1.15795,0,2022,6,Timur
2022-06-21,6,1.07765,1.15795,0,2022,6,Timur
2022-06-22,6,1.47587,1.15795,1,2022,6,Timur
2022-06-23,6,1.43260,1.15795,1,2022,6,Timur
2022-06-24,6,1.19210,1.15795,1,2022,6,Timur
2022-06-25,6,1.03510,1.15795,0,2022,6,Timur
2022-06-26,6,1.02658,1.15795,0,2022,6,Timur
2022-06-27,6,1.13196,1.15795,0,2022,6,Timur
2022-06-28,6,1.30585,1.15795,1,2022,6,Timur
2022-06-29,6,1.32573,1.15795,1,2022,6,Timur
2022-06-30,6,1.38355,1.15795,1,2022,6,Timur
2022-07-01,6,1.48531,1.15795,1,2022,7,Timur
2022-07-02,6,1.48239,1.15795,1,2022,7,Timur
2022-07-03,6,1.43079,1.15795,1,2022,7,Timur
2022-07-04,6,1.37494,1.15795,1,2022,7,Timur
2022-07-05,6,1.35400,1.15795,1,2022,7,Timur
2022-07-06,6,1.12741,1.15795,0,2022,7,Timur
2022-07-07,6,0.91086,1.15795,0,2022,7,Timur
2022-07-08,6,0.98356,1.15795,0,2022,7,Timur
2022-07-09,6,1.07410,1.15795,0,2022,7,Timur
2022-07-10,6,1.09241,1.15795,0,2022,7,Timur
2022-07-11,6,0.99411,1.15795,0,2022,7,Timur
2022-07-12,6,0.94556,1.15795,0,2022,7,Timur
2022-07-13,6,1.06164,1.15795,0,2022,7,Timur
2022-07-14,6,1.20872,1.15795,1,2022,7,Timur
2022-07-15,6,1.20115,1.15795,1,2022,7,Timur
2022-07-16,6,1.11360,1.15795,0,2022,7,Timur
2022-07-17,6,1.10261,1.15795,0,2022,7,Timur
2022-07-18,6,0.96853,1.15795,0,2022,7,Timur
2022-07-19,6,0.76858,1.15795,0,2022,7,Timur
2022-07-20,6,0.75691,1.15795,0,2022,7,Timur
2022-07-21,6,0.82934,1.15795,0,2022,7,Timur
2022-07-22,6,0.86862,1.15795,0,2022,7,Timur
2022-07-23,6,0.77233,1.15795,0,2022,7,Timur
2022-07-24,6,0.63155,1.15795,0,2022,7,Timur
2022-07-25,6,0.64030,1.15795,0,2022,7,Timur
2022-07-26,6,0.81291,1.15795,0,2022,7,Timur
2022-07-27,6,1.33483,1.15795,1,2022,7,Timur
2022-07-28,6,1.31706,1.15795,1,2022,7,Timur
2022-07-29,6,1.14139,1.15795,0,2022,7,Timur
2022-07-30,6,0.94724,1.15795,0,2022,7,Timur
2022-07-31,6,0.82965,1.15795,0,2022,7,Timur
2022-08-01,6,0.74131,1.15795,0,2022,8,Timur
2022-08-02,6,0.70405,1.15795,0,2022,8,Timur
2022-08-03,6,0.66225,1.15795,0,2022,8,Timur
2022-08-04,6,0.65957,1.15795,0,2022,8,Timur
2022-08-05,6,0.67617,1.15795,0,2022,8,Timur
2022-08-06,6,0.64839,1.15795,0,2022,8,Timur
2022-08-07,6,0.59466,1.15795,0,2022,8,Timur
2022-08-08,6,0.66017,1.15795,0,2022,8,Timur
2022-08-09,6,0.86728,1.15795,0,2022,8,Timur
2022-08-10,6,0.82560,1.15795,0,2022,8,Timur
2022-08-11,6,0.79871,1.15795,0,2022,8,Timur
2022-08-12,6,0.88623,1.15795,0,2022,8,Timur
2022-08-13,6,0.79615,1.15795,0,2022,8,Timur
2022-08-14,6,0.81422,1.15795,0,2022,8,Timur
2022-08-15,6,0.83468,1.15795,0,2022,8,Timur
2022-08-16,6,0.96668,1.15795,0,2022,8,Timur
2022-08-17,6,0.92248,1.15795,0,2022,8,Timur
2022-08-18,6,0.90653,1.15795,0,2022,8,Timur
2022-08-19,6,0.82003,1.15795,0,2022,8,Timur
2022-08-20,6,1.28523,1.15795,1,2022,8,Timur
2022-08-21,6,1.40787,1.15795,1,2022,8,Timur
2022-08-22,6,1.16839,1.15795,1,2022,8,Timur
2022-08-23,6,1.03273,1.15795,0,2022,8,Timur
2022-08-24,6,1.36254,1.15795,1,2022,8,Timur
2022-08-25,6,1.50877,1.15795,1,2022,8,Timur
2022-08-26,6,1.34801,1.15795,1,2022,8,Timur
2022-08-27,6,0.83254,1.15795,0,2022,8,Timur
2022-08-28,6,0.65761,1.15795,0,2022,8,Timur
2022-08-29,6,0.65403,1.15795,0,2022,8,Timur
2022-08-30,6,0.63909,1.15795,0,2022,8,Timur
2022-08-31,6,0.66674,1.15795,0,2022,8,Timur
2022-09-01,6,0.67546,1.15795,0,2022,9,Peralihan II
2022-09-02,6,0.71019,1.15795,0,2022,9,Peralihan II
2022-09-03,6,0.75379,1.15795,0,2022,9,Peralihan II
2022-09-04,6,0.73995,1.15795,0,2022,9,Peralihan II
2022-09-05,6,0.75090,1.15795,0,2022,9,Peralihan II
2022-09-06,6,0.60566,1.15795,0,2022,9,Peralihan II
2022-09-07,6,0.51305,1.15795,0,2022,9,Peralihan II
2022-09-08,6,0.58917,1.15795,0,2022,9,Peralihan II
2022-09-09,6,0.61498,1.15795,0,2022,9,Peralihan II
2022-09-10,6,0.63608,1.15795,0,2022,9,Peralihan II
2022-09-11,6,0.57695,1.15795,0,2022,9,Peralihan II
2022-09-12,6,0.61451,1.15795,0,2022,9,Peralihan II
2022-09-13,6,0.70114,1.15795,0,2022,9,Peralihan II
2022-09-14,6,0.68820,1.15795,0,2022,9,Peralihan II
2022-09-15,6,0.76421,1.15795,0,2022,9,Peralihan II
2022-09-16,6,0.75897,1.15795,0,2022,9,Peralihan II
2022-09-17,6,0.66462,1.15795,0,2022,9,Peralihan II
2022-09-18,6,0.57810,1.15795,0,2022,9,Peralihan II
2022-09-19,6,0.49498,1.15795,0,2022,9,Peralihan II
2022-09-20,6,0.50287,1.15795,0,2022,9,Peralihan II
2022-09-21,6,0.57568,1.15795,0,2022,9,Peralihan II
2022-09-22,6,0.67410,1.15795,0,2022,9,Peralihan II
2022-09-23,6,0.63538,1.15795,0,2022,9,Peralihan II
2022-09-24,6,0.64072,1.15795,0,2022,9,Peralihan II
2022-09-25,6,0.55159,1.15795,0,2022,9,Peralihan II
2022-09-26,6,0.53865,1.15795,0,2022,9,Peralihan II
2022-09-27,6,0.51130,1.15795,0,2022,9,Peralihan II
2022-09-28,6,0.47401,1.15795,0,2022,9,Peralihan II
2022-09-29,6,0.55712,1.15795,0,2022,9,Peralihan II
2022-09-30,6,0.58284,1.15795,0,2022,9,Peralihan II
2022-10-01,6,0.55515,1.15795,0,2022,10,Peralihan II
2022-10-02,6,0.61643,1.15795,0,2022,10,Peralihan II
2022-10-03,6,0.58014,1.15795,0,2022,10,Peralihan II
2022-10-04,6,0.46428,1.15795,0,2022,10,Peralihan II
2022-10-05,6,0.51441,1.15795,0,2022,10,Peralihan II
2022-10-06,6,0.51687,1.15795,0,2022,10,Peralihan II
2022-10-07,6,0.56236,1.15795,0,2022,10,Peralihan II
2022-10-08,6,0.57845,1.15795,0,2022,10,Peralihan II
2022-10-09,6,0.58848,1.15795,0,2022,10,Peralihan II
2022-10-10,6,0.57585,1.15795,0,2022,10,Peralihan II
2022-10-11,6,0.51269,1.15795,0,2022,10,Peralihan II
2022-10-12,6,0.51956,1.15795,0,2022,10,Peralihan II
2022-10-13,6,0.51970,1.15795,0,2022,10,Peralihan II
2022-10-14,6,0.53062,1.15795,0,2022,10,Peralihan II
2022-10-15,6,0.60311,1.15795,0,2022,10,Peralihan II
2022-10-16,6,0.55737,1.15795,0,2022,10,Peralihan II
2022-10-17,6,0.53319,1.15795,0,2022,10,Peralihan II
2022-10-18,6,0.44598,1.15795,0,2022,10,Peralihan II
2022-10-19,6,0.40413,1.15795,0,2022,10,Peralihan II
2022-10-20,6,0.39915,1.15795,0,2022,10,Peralihan II
2022-10-21,6,0.42731,1.15795,0,2022,10,Peralihan II
2022-10-22,6,0.58336,1.15795,0,2022,10,Peralihan II
2022-10-23,6,0.65120,1.15795,0,2022,10,Peralihan II
2022-10-24,6,0.75802,1.15795,0,2022,10,Peralihan II
2022-10-25,6,0.73061,1.15795,0,2022,10,Peralihan II
2022-10-26,6,0.65229,1.15795,0,2022,10,Peralihan II
2022-10-27,6,0.61851,1.15795,0,2022,10,Peralihan II
2022-10-28,6,0.63134,1.15795,0,2022,10,Peralihan II
2022-10-29,6,0.58671,1.15795,0,2022,10,Peralihan II
2022-10-30,6,0.61689,1.15795,0,2022,10,Peralihan II
2022-10-31,6,0.59861,1.15795,0,2022,10,Peralihan II
2022-11-01,6,0.50519,1.15795,0,2022,11,Peralihan II
2022-11-02,6,0.45546,1.15795,0,2022,11,Peralihan II
2022-11-03,6,0.44393,1.15795,0,2022,11,Peralihan II
2022-11-04,6,0.44925,1.15795,0,2022,11,Peralihan II
2022-11-05,6,0.39837,1.15795,0,2022,11,Peralihan II
2022-11-06,6,0.43125,1.15795,0,2022,11,Peralihan II
2022-11-07,6,0.47211,1.15795,0,2022,11,Peralihan II
2022-11-08,6,0.51719,1.15795,0,2022,11,Peralihan II
2022-11-09,6,0.55383,1.15795,0,2022,11,Peralihan II
2022-11-10,6,0.52882,1.15795,0,2022,11,Peralihan II
2022-11-11,6,0.50878,1.15795,0,2022,11,Peralihan II
2022-11-12,6,0.48311,1.15795,0,2022,11,Peralihan II
2022-11-13,6,0.45711,1.15795,0,2022,11,Peralihan II
2022-11-14,6,0.46737,1.15795,0,2022,11,Peralihan II
2022-11-15,6,0.44441,1.15795,0,2022,11,Peralihan II
2022-11-16,6,0.40890,1.15795,0,2022,11,Peralihan II
2022-11-17,6,0.42953,1.15795,0,2022,11,Peralihan II
2022-11-18,6,0.45714,1.15795,0,2022,11,Peralihan II
2022-11-19,6,0.42329,1.15795,0,2022,11,Peralihan II
2022-11-20,6,0.45035,1.15795,0,2022,11,Peralihan II
2022-11-21,6,0.49874,1.15795,0,2022,11,Peralihan II
2022-11-22,6,0.49618,1.15795,0,2022,11,Peralihan II
2022-11-23,6,0.41953,1.15795,0,2022,11,Peralihan II
2022-11-24,6,0.36095,1.15795,0,2022,11,Peralihan II
2022-11-25,6,0.31790,1.15795,0,2022,11,Peralihan II
2022-11-26,6,0.31352,1.15795,0,2022,11,Peralihan II
2022-11-27,6,0.49505,1.15795,0,2022,11,Peralihan II
2022-11-28,6,0.64716,1.15795,0,2022,11,Peralihan II
2022-11-29,6,0.72862,1.15795,0,2022,11,Peralihan II
2022-11-30,6,0.72848,1.15795,0,2022,11,Peralihan II
2022-12-01,6,0.64412,1.15795,0,2022,12,Barat
2022-12-02,6,0.49129,1.15795,0,2022,12,Barat
2022-12-03,6,0.41052,1.15795,0,2022,12,Barat
2022-12-04,6,0.42566,1.15795,0,2022,12,Barat
2022-12-05,6,0.47463,1.15795,0,2022,12,Barat
2022-12-06,6,0.49872,1.15795,0,2022,12,Barat
2022-12-07,6,0.41437,1.15795,0,2022,12,Barat
2022-12-08,6,0.36652,1.15795,0,2022,12,Barat
2022-12-09,6,0.48165,1.15795,0,2022,12,Barat
2022-12-10,6,0.41482,1.15795,0,2022,12,Barat
2022-12-11,6,0.38402,1.15795,0,2022,12,Barat
2022-12-12,6,0.38900,1.15795,0,2022,12,Barat
2022-12-13,6,0.38578,1.15795,0,2022,12,Barat
2022-12-14,6,0.40964,1.15795,0,2022,12,Barat
2022-12-15,6,0.41632,1.15795,0,2022,12,Barat
2022-12-16,6,0.41692,1.15795,0,2022,12,Barat
2022-12-17,6,0.56109,1.15795,0,2022,12,Barat
2022-12-18,6,0.65948,1.15795,0,2022,12,Barat
2022-12-19,6,0.69701,1.15795,0,2022,12,Barat
2022-12-20,6,0.93709,1.15795,0,2022,12,Barat
2022-12-21,6,1.07978,1.15795,0,2022,12,Barat
2022-12-22,6,0.96177,1.15795,0,2022,12,Barat
2022-12-23,6,0.94956,1.15795,0,2022,12,Barat
2022-12-24,6,1.12585,1.15795,0,2022,12,Barat
2022-12-25,6,1.16720,1.15795,1,2022,12,Barat
2022-12-26,6,1.05520,1.15795,0,2022,12,Barat
2022-12-27,6,0.93794,1.15795,0,2022,12,Barat
2022-12-28,6,1.27516,1.15795,1,2022,12,Barat
2022-12-29,6,1.55868,1.15795,1,2022,12,Barat
2022-12-30,6,2.06730,1.15795,1,2022,12,Barat
2022-12-31,6,2.27635,1.15795,1,2022,12,Barat
2023-01-01,6,2.06746,1.15795,1,2023,1,Barat
2023-01-02,6,1.96900,1.15795,1,2023,1,Barat
2023-01-03,6,1.89508,1.15795,1,2023,1,Barat
2023-01-04,6,1.68654,1.15795,1,2023,1,Barat
2023-01-05,6,1.59481,1.15795,1,2023,1,Barat
2023-01-06,6,1.53729,1.15795,1,2023,1,Barat
2023-01-07,6,1.44030,1.15795,1,2023,1,Barat
2023-01-08,6,1.11432,1.15795,0,2023,1,Barat
2023-01-09,6,0.86923,1.15795,0,2023,1,Barat
2023-01-10,6,0.79230,1.15795,0,2023,1,Barat
2023-01-11,6,0.71792,1.15795,0,2023,1,Barat
2023-01-12,6,0.59432,1.15795,0,2023,1,Barat
2023-01-13,6,0.55949,1.15795,0,2023,1,Barat
2023-01-14,6,0.64685,1.15795,0,2023,1,Barat
2023-01-15,6,0.70749,1.15795,0,2023,1,Barat
2023-01-16,6,0.65888,1.15795,0,2023,1,Barat
2023-01-17,6,0.60712,1.15795,0,2023,1,Barat
2023-01-18,6,0.71897,1.15795,0,2023,1,Barat
2023-01-19,6,0.77052,1.15795,0,2023,1,Barat
2023-01-20,6,0.86880,1.15795,0,2023,1,Barat
2023-01-21,6,0.78094,1.15795,0,2023,1,Barat
2023-01-22,6,0.75699,1.15795,0,2023,1,Barat
2023-01-23,6,0.55259,1.15795,0,2023,1,Barat
2023-01-24,6,0.62671,1.15795,0,2023,1,Barat
2023-01-25,6,0.57884,1.15795,0,2023,1,Barat
2023-01-26,6,0.52783,1.15795,0,2023,1,Barat
2023-01-27,6,0.46428,1.15795,0,2023,1,Barat
2023-01-28,6,0.44754,1.15795,0,2023,1,Barat
2023-01-29,6,0.44823,1.15795,0,2023,1,Barat
2023-01-30,6,0.47353,1.15795,0,2023,1,Barat
2023-01-31,6,0.51913,1.15795,0,2023,1,Barat
2023-02-01,6,0.57389,1.15795,0,2023,2,Barat
2023-02-02,6,0.77957,1.15795,0,2023,2,Barat
2023-02-03,6,1.02716,1.15795,0,2023,2,Barat
2023-02-04,6,1.06594,1.15795,0,2023,2,Barat
2023-02-05,6,0.83199,1.15795,0,2023,2,Barat
2023-02-06,6,0.61288,1.15795,0,2023,2,Barat
2023-02-07,6,0.58353,1.15795,0,2023,2,Barat
2023-02-08,6,0.95847,1.15795,0,2023,2,Barat
2023-02-09,6,1.28734,1.15795,1,2023,2,Barat
2023-02-10,6,1.34094,1.15795,1,2023,2,Barat
2023-02-11,6,1.16786,1.15795,1,2023,2,Barat
2023-02-12,6,1.13969,1.15795,0,2023,2,Barat
2023-02-13,6,1.18652,1.15795,1,2023,2,Barat
2023-02-14,6,1.17065,1.15795,1,2023,2,Barat
2023-02-15,6,0.90802,1.15795,0,2023,2,Barat
2023-02-16,6,0.82206,1.15795,0,2023,2,Barat
2023-02-17,6,0.78896,1.15795,0,2023,2,Barat
2023-02-18,6,0.79344,1.15795,0,2023,2,Barat
2023-02-19,6,0.74495,1.15795,0,2023,2,Barat
2023-02-20,6,0.63794,1.15795,0,2023,2,Barat
2023-02-21,6,0.56939,1.15795,0,2023,2,Barat
2023-02-22,6,0.60834,1.15795,0,2023,2,Barat
2023-02-23,6,0.88494,1.15795,0,2023,2,Barat
2023-02-24,6,0.97489,1.15795,0,2023,2,Barat
2023-02-25,6,1.31040,1.15795,1,2023,2,Barat
2023-02-26,6,1.67010,1.15795,1,2023,2,Barat
2023-02-27,6,1.86560,1.15795,1,2023,2,Barat
2023-02-28,6,1.63942,1.15795,1,2023,2,Barat
2023-03-01,6,1.46264,1.15795,1,2023,3,Peralihan I
2023-03-02,6,1.58468,1.15795,1,2023,3,Peralihan I
2023-03-03,6,1.31232,1.15795,1,2023,3,Peralihan I
2023-03-04,6,1.05929,1.15795,0,2023,3,Peralihan I
2023-03-05,6,0.98199,1.15795,0,2023,3,Peralihan I
2023-03-06,6,1.00881,1.15795,0,2023,3,Peralihan I
2023-03-07,6,0.79520,1.15795,0,2023,3,Peralihan I
2023-03-08,6,0.75425,1.15795,0,2023,3,Peralihan I
2023-03-09,6,0.71571,1.15795,0,2023,3,Peralihan I
2023-03-10,6,0.61915,1.15795,0,2023,3,Peralihan I
2023-03-11,6,0.47869,1.15795,0,2023,3,Peralihan I
2023-03-12,6,0.36731,1.15795,0,2023,3,Peralihan I
2023-03-13,6,0.32309,1.15795,0,2023,3,Peralihan I
2023-03-14,6,0.34599,1.15795,0,2023,3,Peralihan I
2023-03-15,6,0.33892,1.15795,0,2023,3,Peralihan I
2023-03-16,6,0.37697,1.15795,0,2023,3,Peralihan I
2023-03-17,6,0.36835,1.15795,0,2023,3,Peralihan I
2023-03-18,6,0.32462,1.15795,0,2023,3,Peralihan I
2023-03-19,6,0.29177,1.15795,0,2023,3,Peralihan I
2023-03-20,6,0.32066,1.15795,0,2023,3,Peralihan I
2023-03-21,6,0.34688,1.15795,0,2023,3,Peralihan I
2023-03-22,6,0.42003,1.15795,0,2023,3,Peralihan I
2023-03-23,6,0.42850,1.15795,0,2023,3,Peralihan I
2023-03-24,6,0.38025,1.15795,0,2023,3,Peralihan I
2023-03-25,6,0.31582,1.15795,0,2023,3,Peralihan I
2023-03-26,6,0.32056,1.15795,0,2023,3,Peralihan I
2023-03-27,6,0.40789,1.15795,0,2023,3,Peralihan I
2023-03-28,6,0.41494,1.15795,0,2023,3,Peralihan I
2023-03-29,6,0.45616,1.15795,0,2023,3,Peralihan I
2023-03-30,6,0.42806,1.15795,0,2023,3,Peralihan I
2023-03-31,6,0.38127,1.15795,0,2023,3,Peralihan I
2023-04-01,6,0.36109,1.15795,0,2023,4,Peralihan I
2023-04-02,6,0.38173,1.15795,0,2023,4,Peralihan I
2023-04-03,6,0.41874,1.15795,0,2023,4,Peralihan I
2023-04-04,6,0.38977,1.15795,0,2023,4,Peralihan I
2023-04-05,6,0.38983,1.15795,0,2023,4,Peralihan I
2023-04-06,6,0.41087,1.15795,0,2023,4,Peralihan I
2023-04-07,6,0.64730,1.15795,0,2023,4,Peralihan I
2023-04-08,6,0.86997,1.15795,0,2023,4,Peralihan I
2023-04-09,6,1.15809,1.15795,1,2023,4,Peralihan I
2023-04-10,6,1.25086,1.15795,1,2023,4,Peralihan I
2023-04-11,6,0.97946,1.15795,0,2023,4,Peralihan I
2023-04-12,6,0.75196,1.15795,0,2023,4,Peralihan I
2023-04-13,6,0.61002,1.15795,0,2023,4,Peralihan I
2023-04-14,6,0.55665,1.15795,0,2023,4,Peralihan I
2023-04-15,6,0.55781,1.15795,0,2023,4,Peralihan I
2023-04-16,6,0.57519,1.15795,0,2023,4,Peralihan I
2023-04-17,6,0.65492,1.15795,0,2023,4,Peralihan I
2023-04-18,6,0.63795,1.15795,0,2023,4,Peralihan I
2023-04-19,6,0.62148,1.15795,0,2023,4,Peralihan I
2023-04-20,6,0.73640,1.15795,0,2023,4,Peralihan I
2023-04-21,6,0.82733,1.15795,0,2023,4,Peralihan I
2023-04-22,6,0.94980,1.15795,0,2023,4,Peralihan I
2023-04-23,6,1.04023,1.15795,0,2023,4,Peralihan I
2023-04-24,6,0.97246,1.15795,0,2023,4,Peralihan I
2023-04-25,6,0.78686,1.15795,0,2023,4,Peralihan I
2023-04-26,6,0.68449,1.15795,0,2023,4,Peralihan I
2023-04-27,6,0.69522,1.15795,0,2023,4,Peralihan I
2023-04-28,6,0.70833,1.15795,0,2023,4,Peralihan I
2023-04-29,6,0.62858,1.15795,0,2023,4,Peralihan I
2023-04-30,6,0.49151,1.15795,0,2023,4,Peralihan I
2023-05-01,6,0.63660,1.15795,0,2023,5,Peralihan I
2023-05-02,6,0.87212,1.15795,0,2023,5,Peralihan I
2023-05-03,6,1.02845,1.15795,0,2023,5,Peralihan I
2023-05-04,6,0.93907,1.15795,0,2023,5,Peralihan I
2023-05-05,6,0.70644,1.15795,0,2023,5,Peralihan I
2023-05-06,6,0.73974,1.15795,0,2023,5,Peralihan I
2023-05-07,6,0.99098,1.15795,0,2023,5,Peralihan I
2023-05-08,6,1.37875,1.15795,1,2023,5,Peralihan I
2023-05-09,6,1.30012,1.15795,1,2023,5,Peralihan I
2023-05-10,6,1.19751,1.15795,1,2023,5,Peralihan I
2023-05-11,6,1.05853,1.15795,0,2023,5,Peralihan I
2023-05-12,6,1.06367,1.15795,0,2023,5,Peralihan I
2023-05-13,6,1.07145,1.15795,0,2023,5,Peralihan I
2023-05-14,6,0.79201,1.15795,0,2023,5,Peralihan I
2023-05-15,6,0.61146,1.15795,0,2023,5,Peralihan I
2023-05-16,6,0.51797,1.15795,0,2023,5,Peralihan I
2023-05-17,6,0.68921,1.15795,0,2023,5,Peralihan I
2023-05-18,6,0.80478,1.15795,0,2023,5,Peralihan I
2023-05-19,6,0.87923,1.15795,0,2023,5,Peralihan I
2023-05-20,6,0.89525,1.15795,0,2023,5,Peralihan I
2023-05-21,6,1.25345,1.15795,1,2023,5,Peralihan I
2023-05-22,6,1.32620,1.15795,1,2023,5,Peralihan I
2023-05-23,6,1.14994,1.15795,0,2023,5,Peralihan I
2023-05-24,6,1.01072,1.15795,0,2023,5,Peralihan I
2023-05-25,6,1.00766,1.15795,0,2023,5,Peralihan I
2023-05-26,6,0.84810,1.15795,0,2023,5,Peralihan I
2023-05-27,6,0.94891,1.15795,0,2023,5,Peralihan I
2023-05-28,6,1.17651,1.15795,1,2023,5,Peralihan I
2023-05-29,6,1.20809,1.15795,1,2023,5,Peralihan I
2023-05-30,6,1.25403,1.15795,1,2023,5,Peralihan I
2023-05-31,6,1.21808,1.15795,1,2023,5,Peralihan I
2023-06-01,6,0.85099,1.15795,0,2023,6,Timur
2023-06-02,6,0.67354,1.15795,0,2023,6,Timur
2023-06-03,6,0.70499,1.15795,0,2023,6,Timur
2023-06-04,6,0.69505,1.15795,0,2023,6,Timur
2023-06-05,6,0.64044,1.15795,0,2023,6,Timur
2023-06-06,6,0.62246,1.15795,0,2023,6,Timur
2023-06-07,6,0.61306,1.15795,0,2023,6,Timur
2023-06-08,6,0.69546,1.15795,0,2023,6,Timur
2023-06-09,6,0.89707,1.15795,0,2023,6,Timur
2023-06-10,6,0.98988,1.15795,0,2023,6,Timur
2023-06-11,6,1.07899,1.15795,0,2023,6,Timur
2023-06-12,6,0.94321,1.15795,0,2023,6,Timur
2023-06-13,6,0.82312,1.15795,0,2023,6,Timur
2023-06-14,6,0.74867,1.15795,0,2023,6,Timur
2023-06-15,6,0.73039,1.15795,0,2023,6,Timur
2023-06-16,6,0.88108,1.15795,0,2023,6,Timur
2023-06-17,6,0.81799,1.15795,0,2023,6,Timur
2023-06-18,6,0.80963,1.15795,0,2023,6,Timur
2023-06-19,6,0.68028,1.15795,0,2023,6,Timur
2023-06-20,6,0.69937,1.15795,0,2023,6,Timur
2023-06-21,6,0.65110,1.15795,0,2023,6,Timur
2023-06-22,6,0.58091,1.15795,0,2023,6,Timur
2023-06-23,6,0.56707,1.15795,0,2023,6,Timur
2023-06-24,6,0.59607,1.15795,0,2023,6,Timur
2023-06-25,6,0.63999,1.15795,0,2023,6,Timur
2023-06-26,6,0.66077,1.15795,0,2023,6,Timur
2023-06-27,6,0.74811,1.15795,0,2023,6,Timur
2023-06-28,6,0.80453,1.15795,0,2023,6,Timur
2023-06-29,6,0.90278,1.15795,0,2023,6,Timur
2023-06-30,6,1.09011,1.15795,0,2023,6,Timur
2023-07-01,6,1.10631,1.15795,0,2023,7,Timur
2023-07-02,6,1.07915,1.15795,0,2023,7,Timur
2023-07-03,6,0.96514,1.15795,0,2023,7,Timur
2023-07-04,6,0.84033,1.15795,0,2023,7,Timur
2023-07-05,6,0.77100,1.15795,0,2023,7,Timur
2023-07-06,6,0.82601,1.15795,0,2023,7,Timur
2023-07-07,6,0.92726,1.15795,0,2023,7,Timur
2023-07-08,6,1.00803,1.15795,0,2023,7,Timur
2023-07-09,6,1.19287,1.15795,1,2023,7,Timur
2023-07-10,6,1.10085,1.15795,0,2023,7,Timur
2023-07-11,6,0.96722,1.15795,0,2023,7,Timur
2023-07-12,6,1.27124,1.15795,1,2023,7,Timur
2023-07-13,6,1.19327,1.15795,1,2023,7,Timur
2023-07-14,6,1.06744,1.15795,0,2023,7,Timur
2023-07-15,6,0.94810,1.15795,0,2023,7,Timur
2023-07-16,6,0.80793,1.15795,0,2023,7,Timur
2023-07-17,6,1.14332,1.15795,0,2023,7,Timur
2023-07-18,6,1.16285,1.15795,1,2023,7,Timur
2023-07-19,6,0.91171,1.15795,0,2023,7,Timur
2023-07-20,6,0.84090,1.15795,0,2023,7,Timur
2023-07-21,6,0.97174,1.15795,0,2023,7,Timur
2023-07-22,6,1.02622,1.15795,0,2023,7,Timur
2023-07-23,6,1.60569,1.15795,1,2023,7,Timur
2023-07-24,6,1.76264,1.15795,1,2023,7,Timur
2023-07-25,6,1.67181,1.15795,1,2023,7,Timur
2023-07-26,6,1.29428,1.15795,1,2023,7,Timur
2023-07-27,6,0.94130,1.15795,0,2023,7,Timur
2023-07-28,6,0.81136,1.15795,0,2023,7,Timur
2023-07-29,6,0.86318,1.15795,0,2023,7,Timur
2023-07-30,6,0.83386,1.15795,0,2023,7,Timur
2023-07-31,6,0.89082,1.15795,0,2023,7,Timur
2023-08-01,6,0.96763,1.15795,0,2023,8,Timur
2023-08-02,6,1.01572,1.15795,0,2023,8,Timur
2023-08-03,6,0.94437,1.15795,0,2023,8,Timur
2023-08-04,6,0.89378,1.15795,0,2023,8,Timur
2023-08-05,6,1.16142,1.15795,1,2023,8,Timur
2023-08-06,6,1.15057,1.15795,0,2023,8,Timur
2023-08-07,6,1.22629,1.15795,1,2023,8,Timur
2023-08-08,6,1.16973,1.15795,1,2023,8,Timur
2023-08-09,6,1.05320,1.15795,0,2023,8,Timur
2023-08-10,6,1.13107,1.15795,0,2023,8,Timur
2023-08-11,6,1.12971,1.15795,0,2023,8,Timur
2023-08-12,6,0.98630,1.15795,0,2023,8,Timur
2023-08-13,6,0.95860,1.15795,0,2023,8,Timur
2023-08-14,6,0.82729,1.15795,0,2023,8,Timur
2023-08-15,6,0.77667,1.15795,0,2023,8,Timur
2023-08-16,6,0.72104,1.15795,0,2023,8,Timur
2023-08-17,6,0.68688,1.15795,0,2023,8,Timur
2023-08-18,6,0.72274,1.15795,0,2023,8,Timur
2023-08-19,6,1.05357,1.15795,0,2023,8,Timur
2023-08-20,6,1.23622,1.15795,1,2023,8,Timur
2023-08-21,6,1.12308,1.15795,0,2023,8,Timur
2023-08-22,6,0.95624,1.15795,0,2023,8,Timur
2023-08-23,6,0.88525,1.15795,0,2023,8,Timur
2023-08-24,6,0.98293,1.15795,0,2023,8,Timur
2023-08-25,6,1.02247,1.15795,0,2023,8,Timur
2023-08-26,6,1.07008,1.15795,0,2023,8,Timur
2023-08-27,6,1.15676,1.15795,0,2023,8,Timur
2023-08-28,6,1.03025,1.15795,0,2023,8,Timur
2023-08-29,6,0.99443,1.15795,0,2023,8,Timur
2023-08-30,6,0.93560,1.15795,0,2023,8,Timur
2023-08-31,6,0.78799,1.15795,0,2023,8,Timur
2023-09-01,6,0.83724,1.15795,0,2023,9,Peralihan II
2023-09-02,6,0.74894,1.15795,0,2023,9,Peralihan II
2023-09-03,6,0.70852,1.15795,0,2023,9,Peralihan II
2023-09-04,6,0.74877,1.15795,0,2023,9,Peralihan II
2023-09-05,6,0.71610,1.15795,0,2023,9,Peralihan II
2023-09-06,6,0.77586,1.15795,0,2023,9,Peralihan II
2023-09-07,6,0.75560,1.15795,0,2023,9,Peralihan II
2023-09-08,6,0.61497,1.15795,0,2023,9,Peralihan II
2023-09-09,6,0.65727,1.15795,0,2023,9,Peralihan II
2023-09-10,6,0.78003,1.15795,0,2023,9,Peralihan II
2023-09-11,6,0.91635,1.15795,0,2023,9,Peralihan II
2023-09-12,6,1.04423,1.15795,0,2023,9,Peralihan II
2023-09-13,6,0.98289,1.15795,0,2023,9,Peralihan II
2023-09-14,6,1.03061,1.15795,0,2023,9,Peralihan II
2023-09-15,6,1.12954,1.15795,0,2023,9,Peralihan II
2023-09-16,6,1.12154,1.15795,0,2023,9,Peralihan II
2023-09-17,6,1.09619,1.15795,0,2023,9,Peralihan II
2023-09-18,6,1.01095,1.15795,0,2023,9,Peralihan II
2023-09-19,6,0.86569,1.15795,0,2023,9,Peralihan II
2023-09-20,6,0.75764,1.15795,0,2023,9,Peralihan II
2023-09-21,6,0.70858,1.15795,0,2023,9,Peralihan II
2023-09-22,6,0.66633,1.15795,0,2023,9,Peralihan II
2023-09-23,6,0.69731,1.15795,0,2023,9,Peralihan II
2023-09-24,6,0.65799,1.15795,0,2023,9,Peralihan II
2023-09-25,6,0.63622,1.15795,0,2023,9,Peralihan II
2023-09-26,6,0.64765,1.15795,0,2023,9,Peralihan II
2023-09-27,6,0.70424,1.15795,0,2023,9,Peralihan II
2023-09-28,6,0.75221,1.15795,0,2023,9,Peralihan II
2023-09-29,6,0.73669,1.15795,0,2023,9,Peralihan II
2023-09-30,6,0.69878,1.15795,0,2023,9,Peralihan II
2023-10-01,6,0.64811,1.15795,0,2023,10,Peralihan II
2023-10-02,6,0.62436,1.15795,0,2023,10,Peralihan II
2023-10-03,6,0.62621,1.15795,0,2023,10,Peralihan II
2023-10-04,6,0.59090,1.15795,0,2023,10,Peralihan II
2023-10-05,6,0.72667,1.15795,0,2023,10,Peralihan II
2023-10-06,6,0.76270,1.15795,0,2023,10,Peralihan II
2023-10-07,6,0.74848,1.15795,0,2023,10,Peralihan II
2023-10-08,6,0.62756,1.15795,0,2023,10,Peralihan II
2023-10-09,6,0.64651,1.15795,0,2023,10,Peralihan II
2023-10-10,6,0.67936,1.15795,0,2023,10,Peralihan II
2023-10-11,6,0.69470,1.15795,0,2023,10,Peralihan II
2023-10-12,6,0.65382,1.15795,0,2023,10,Peralihan II
2023-10-13,6,0.63774,1.15795,0,2023,10,Peralihan II
2023-10-14,6,0.67777,1.15795,0,2023,10,Peralihan II
2023-10-15,6,0.65598,1.15795,0,2023,10,Peralihan II
2023-10-16,6,0.66636,1.15795,0,2023,10,Peralihan II
2023-10-17,6,0.64066,1.15795,0,2023,10,Peralihan II
2023-10-18,6,0.63333,1.15795,0,2023,10,Peralihan II
2023-10-19,6,0.56141,1.15795,0,2023,10,Peralihan II
2023-10-20,6,0.50394,1.15795,0,2023,10,Peralihan II
2023-10-21,6,0.46214,1.15795,0,2023,10,Peralihan II
2023-10-22,6,0.47607,1.15795,0,2023,10,Peralihan II
2023-10-23,6,0.48496,1.15795,0,2023,10,Peralihan II
2023-10-24,6,0.47817,1.15795,0,2023,10,Peralihan II
2023-10-25,6,0.40531,1.15795,0,2023,10,Peralihan II
2023-10-26,6,0.41096,1.15795,0,2023,10,Peralihan II
2023-10-27,6,0.44719,1.15795,0,2023,10,Peralihan II
2023-10-28,6,0.49001,1.15795,0,2023,10,Peralihan II
2023-10-29,6,0.53686,1.15795,0,2023,10,Peralihan II
2023-10-30,6,0.51029,1.15795,0,2023,10,Peralihan II
2023-10-31,6,0.56223,1.15795,0,2023,10,Peralihan II
2023-11-01,6,0.55465,1.15795,0,2023,11,Peralihan II
2023-11-02,6,0.56348,1.15795,0,2023,11,Peralihan II
2023-11-03,6,0.48753,1.15795,0,2023,11,Peralihan II
2023-11-04,6,0.45562,1.15795,0,2023,11,Peralihan II
2023-11-05,6,0.42079,1.15795,0,2023,11,Peralihan II
2023-11-06,6,0.39741,1.15795,0,2023,11,Peralihan II
2023-11-07,6,0.43618,1.15795,0,2023,11,Peralihan II
2023-11-08,6,0.46479,1.15795,0,2023,11,Peralihan II
2023-11-09,6,0.45750,1.15795,0,2023,11,Peralihan II
2023-11-10,6,0.43955,1.15795,0,2023,11,Peralihan II
2023-11-11,6,0.40332,1.15795,0,2023,11,Peralihan II
2023-11-12,6,0.42509,1.15795,0,2023,11,Peralihan II
2023-11-13,6,0.44494,1.15795,0,2023,11,Peralihan II
2023-11-14,6,0.45034,1.15795,0,2023,11,Peralihan II
2023-11-15,6,0.40273,1.15795,0,2023,11,Peralihan II
2023-11-16,6,0.39882,1.15795,0,2023,11,Peralihan II
2023-11-17,6,0.43447,1.15795,0,2023,11,Peralihan II
2023-11-18,6,0.41749,1.15795,0,2023,11,Peralihan II
2023-11-19,6,0.44223,1.15795,0,2023,11,Peralihan II
2023-11-20,6,0.52206,1.15795,0,2023,11,Peralihan II
2023-11-21,6,0.51121,1.15795,0,2023,11,Peralihan II
2023-11-22,6,0.49142,1.15795,0,2023,11,Peralihan II
2023-11-23,6,0.44088,1.15795,0,2023,11,Peralihan II
2023-11-24,6,0.36344,1.15795,0,2023,11,Peralihan II
2023-11-25,6,0.38309,1.15795,0,2023,11,Peralihan II
2023-11-26,6,0.36315,1.15795,0,2023,11,Peralihan II
2023-11-27,6,0.34000,1.15795,0,2023,11,Peralihan II
2023-11-28,6,0.34638,1.15795,0,2023,11,Peralihan II
2023-11-29,6,0.34126,1.15795,0,2023,11,Peralihan II
2023-11-30,6,0.37965,1.15795,0,2023,11,Peralihan II
2023-12-01,6,0.42890,1.15795,0,2023,12,Barat
2023-12-02,6,0.47914,1.15795,0,2023,12,Barat
2023-12-03,6,0.48681,1.15795,0,2023,12,Barat
2023-12-04,6,0.41676,1.15795,0,2023,12,Barat
2023-12-05,6,0.41474,1.15795,0,2023,12,Barat
2023-12-06,6,0.47203,1.15795,0,2023,12,Barat
2023-12-07,6,0.45808,1.15795,0,2023,12,Barat
2023-12-08,6,0.46071,1.15795,0,2023,12,Barat
2023-12-09,6,0.48421,1.15795,0,2023,12,Barat
2023-12-10,6,0.59335,1.15795,0,2023,12,Barat
2023-12-11,6,0.72067,1.15795,0,2023,12,Barat
2023-12-12,6,0.61198,1.15795,0,2023,12,Barat
2023-12-13,6,0.55646,1.15795,0,2023,12,Barat
2023-12-14,6,0.83080,1.15795,0,2023,12,Barat
2023-12-15,6,0.99777,1.15795,0,2023,12,Barat
2023-12-16,6,0.94306,1.15795,0,2023,12,Barat
2023-12-17,6,0.84472,1.15795,0,2023,12,Barat
2023-12-18,6,0.86254,1.15795,0,2023,12,Barat
2023-12-19,6,0.84650,1.15795,0,2023,12,Barat
2023-12-20,6,0.77157,1.15795,0,2023,12,Barat
2023-12-21,6,0.59241,1.15795,0,2023,12,Barat
2023-12-22,6,0.52530,1.15795,0,2023,12,Barat
2023-12-23,6,0.56877,1.15795,0,2023,12,Barat
2023-12-24,6,0.62369,1.15795,0,2023,12,Barat
2023-12-25,6,0.82910,1.15795,0,2023,12,Barat
2023-12-26,6,0.83314,1.15795,0,2023,12,Barat
2023-12-27,6,0.70497,1.15795,0,2023,12,Barat
2023-12-28,6,0.50683,1.15795,0,2023,12,Barat
2023-12-29,6,0.42861,1.15795,0,2023,12,Barat
2023-12-30,6,0.39967,1.15795,0,2023,12,Barat
2023-12-31,6,0.36011,1.15795,0,2023,12,Barat
2024-01-01,6,0.34564,1.15795,0,2024,1,Barat
2024-01-02,6,0.35602,1.15795,0,2024,1,Barat
2024-01-03,6,0.36754,1.15795,0,2024,1,Barat
2024-01-04,6,0.37094,1.15795,0,2024,1,Barat
2024-01-05,6,0.36208,1.15795,0,2024,1,Barat
2024-01-06,6,0.44193,1.15795,0,2024,1,Barat
2024-01-07,6,0.45378,1.15795,0,2024,1,Barat
2024-01-08,6,0.58357,1.15795,0,2024,1,Barat
2024-01-09,6,0.75400,1.15795,0,2024,1,Barat
2024-01-10,6,0.74884,1.15795,0,2024,1,Barat
2024-01-11,6,0.80497,1.15795,0,2024,1,Barat
2024-01-12,6,1.03194,1.15795,0,2024,1,Barat
2024-01-13,6,1.07309,1.15795,0,2024,1,Barat
2024-01-14,6,1.37932,1.15795,1,2024,1,Barat
2024-01-15,6,1.44644,1.15795,1,2024,1,Barat
2024-01-16,6,1.55589,1.15795,1,2024,1,Barat
2024-01-17,6,1.38864,1.15795,1,2024,1,Barat
2024-01-18,6,1.18471,1.15795,1,2024,1,Barat
2024-01-19,6,1.07020,1.15795,0,2024,1,Barat
2024-01-20,6,1.15745,1.15795,0,2024,1,Barat
2024-01-21,6,1.20151,1.15795,1,2024,1,Barat
2024-01-22,6,1.09736,1.15795,0,2024,1,Barat
2024-01-23,6,0.98821,1.15795,0,2024,1,Barat
2024-01-24,6,0.99672,1.15795,0,2024,1,Barat
2024-01-25,6,1.05899,1.15795,0,2024,1,Barat
2024-01-26,6,1.16931,1.15795,1,2024,1,Barat
2024-01-27,6,1.18370,1.15795,1,2024,1,Barat
2024-01-28,6,1.00297,1.15795,0,2024,1,Barat
2024-01-29,6,0.91054,1.15795,0,2024,1,Barat
2024-01-30,6,0.86435,1.15795,0,2024,1,Barat
2024-01-31,6,0.79119,1.15795,0,2024,1,Barat
2024-02-01,6,0.80914,1.15795,0,2024,2,Barat
2024-02-02,6,0.85146,1.15795,0,2024,2,Barat
2024-02-03,6,0.79862,1.15795,0,2024,2,Barat
2024-02-04,6,0.75817,1.15795,0,2024,2,Barat
2024-02-05,6,0.83060,1.15795,0,2024,2,Barat
2024-02-06,6,0.83087,1.15795,0,2024,2,Barat
2024-02-07,6,0.82096,1.15795,0,2024,2,Barat
2024-02-08,6,0.71824,1.15795,0,2024,2,Barat
2024-02-09,6,0.56473,1.15795,0,2024,2,Barat
2024-02-10,6,0.56564,1.15795,0,2024,2,Barat
2024-02-11,6,0.74283,1.15795,0,2024,2,Barat
2024-02-12,6,0.86213,1.15795,0,2024,2,Barat
2024-02-13,6,0.92859,1.15795,0,2024,2,Barat
2024-02-14,6,0.79435,1.15795,0,2024,2,Barat
2024-02-15,6,0.64776,1.15795,0,2024,2,Barat
2024-02-16,6,0.67606,1.15795,0,2024,2,Barat
2024-02-17,6,0.65853,1.15795,0,2024,2,Barat
2024-02-18,6,0.68642,1.15795,0,2024,2,Barat
2024-02-19,6,0.74330,1.15795,0,2024,2,Barat
2024-02-20,6,0.92715,1.15795,0,2024,2,Barat
2024-02-21,6,0.94657,1.15795,0,2024,2,Barat
2024-02-22,6,0.80313,1.15795,0,2024,2,Barat
2024-02-23,6,0.62256,1.15795,0,2024,2,Barat
2024-02-24,6,0.69907,1.15795,0,2024,2,Barat
2024-02-25,6,0.84778,1.15795,0,2024,2,Barat
2024-02-26,6,0.79971,1.15795,0,2024,2,Barat
2024-02-27,6,0.72071,1.15795,0,2024,2,Barat
2024-02-28,6,0.60354,1.15795,0,2024,2,Barat
2024-02-29,6,0.51460,1.15795,0,2024,2,Barat
2024-03-01,6,0.46282,1.15795,0,2024,3,Peralihan I
2024-03-02,6,0.41619,1.15795,0,2024,3,Peralihan I
2024-03-03,6,0.40622,1.15795,0,2024,3,Peralihan I
2024-03-04,6,0.39506,1.15795,0,2024,3,Peralihan I
2024-03-05,6,0.39551,1.15795,0,2024,3,Peralihan I
2024-03-06,6,0.36824,1.15795,0,2024,3,Peralihan I
2024-03-07,6,0.44037,1.15795,0,2024,3,Peralihan I
2024-03-08,6,0.54184,1.15795,0,2024,3,Peralihan I
2024-03-09,6,0.68016,1.15795,0,2024,3,Peralihan I
2024-03-10,6,1.00486,1.15795,0,2024,3,Peralihan I
2024-03-11,6,1.17333,1.15795,1,2024,3,Peralihan I
2024-03-12,6,1.19240,1.15795,1,2024,3,Peralihan I
2024-03-13,6,1.49917,1.15795,1,2024,3,Peralihan I
2024-03-14,6,1.40076,1.15795,1,2024,3,Peralihan I
2024-03-15,6,1.08401,1.15795,0,2024,3,Peralihan I
2024-03-16,6,1.02835,1.15795,0,2024,3,Peralihan I
2024-03-17,6,1.05937,1.15795,0,2024,3,Peralihan I
2024-03-18,6,0.88313,1.15795,0,2024,3,Peralihan I
2024-03-19,6,0.80651,1.15795,0,2024,3,Peralihan I
2024-03-20,6,0.81455,1.15795,0,2024,3,Peralihan I
2024-03-21,6,0.79088,1.15795,0,2024,3,Peralihan I
2024-03-22,6,0.79509,1.15795,0,2024,3,Peralihan I
2024-03-23,6,0.67000,1.15795,0,2024,3,Peralihan I
2024-03-24,6,0.53915,1.15795,0,2024,3,Peralihan I
2024-03-25,6,0.43719,1.15795,0,2024,3,Peralihan I
2024-03-26,6,0.34447,1.15795,0,2024,3,Peralihan I
2024-03-27,6,0.28325,1.15795,0,2024,3,Peralihan I
2024-03-28,6,0.24598,1.15795,0,2024,3,Peralihan I
2024-03-29,6,0.30085,1.15795,0,2024,3,Peralihan I
2024-03-30,6,0.31503,1.15795,0,2024,3,Peralihan I
2024-03-31,6,0.33132,1.15795,0,2024,3,Peralihan I
2024-04-01,6,0.42752,1.15795,0,2024,4,Peralihan I
2024-04-02,6,0.47702,1.15795,0,2024,4,Peralihan I
2024-04-03,6,0.63833,1.15795,0,2024,4,Peralihan I
2024-04-04,6,0.73042,1.15795,0,2024,4,Peralihan I
2024-04-05,6,0.63114,1.15795,0,2024,4,Peralihan I
2024-04-06,6,0.61121,1.15795,0,2024,4,Peralihan I
2024-04-07,6,0.58729,1.15795,0,2024,4,Peralihan I
2024-04-08,6,0.50464,1.15795,0,2024,4,Peralihan I
2024-04-09,6,0.48385,1.15795,0,2024,4,Peralihan I
2024-04-10,6,0.50610,1.15795,0,2024,4,Peralihan I
2024-04-11,6,0.57744,1.15795,0,2024,4,Peralihan I
2024-04-12,6,0.54266,1.15795,0,2024,4,Peralihan I
2024-04-13,6,0.48825,1.15795,0,2024,4,Peralihan I
2024-04-14,6,0.58429,1.15795,0,2024,4,Peralihan I
2024-04-15,6,0.58742,1.15795,0,2024,4,Peralihan I
2024-04-16,6,0.57170,1.15795,0,2024,4,Peralihan I
2024-04-17,6,0.68002,1.15795,0,2024,4,Peralihan I
2024-04-18,6,0.75353,1.15795,0,2024,4,Peralihan I
2024-04-19,6,0.81415,1.15795,0,2024,4,Peralihan I
2024-04-20,6,1.01659,1.15795,0,2024,4,Peralihan I
2024-04-21,6,0.99796,1.15795,0,2024,4,Peralihan I
2024-04-22,6,0.88000,1.15795,0,2024,4,Peralihan I
2024-04-23,6,0.72103,1.15795,0,2024,4,Peralihan I
2024-04-24,6,0.69688,1.15795,0,2024,4,Peralihan I
2024-04-25,6,0.69588,1.15795,0,2024,4,Peralihan I
2024-04-26,6,0.79672,1.15795,0,2024,4,Peralihan I
2024-04-27,6,0.98444,1.15795,0,2024,4,Peralihan I
2024-04-28,6,1.01244,1.15795,0,2024,4,Peralihan I
2024-04-29,6,0.94793,1.15795,0,2024,4,Peralihan I
2024-04-30,6,0.87466,1.15795,0,2024,4,Peralihan I
2024-05-01,6,0.86933,1.15795,0,2024,5,Peralihan I
2024-05-02,6,1.03115,1.15795,0,2024,5,Peralihan I
2024-05-03,6,1.06432,1.15795,0,2024,5,Peralihan I
2024-05-04,6,0.92303,1.15795,0,2024,5,Peralihan I
2024-05-05,6,0.85148,1.15795,0,2024,5,Peralihan I
2024-05-06,6,0.93583,1.15795,0,2024,5,Peralihan I
2024-05-07,6,0.84866,1.15795,0,2024,5,Peralihan I
2024-05-08,6,0.76429,1.15795,0,2024,5,Peralihan I
2024-05-09,6,0.71704,1.15795,0,2024,5,Peralihan I
2024-05-10,6,0.77780,1.15795,0,2024,5,Peralihan I
2024-05-11,6,0.96661,1.15795,0,2024,5,Peralihan I
2024-05-12,6,1.02787,1.15795,0,2024,5,Peralihan I
2024-05-13,6,0.93925,1.15795,0,2024,5,Peralihan I
2024-05-14,6,0.99022,1.15795,0,2024,5,Peralihan I
2024-05-15,6,1.08254,1.15795,0,2024,5,Peralihan I
2024-05-16,6,0.93834,1.15795,0,2024,5,Peralihan I
2024-05-17,6,0.93167,1.15795,0,2024,5,Peralihan I
2024-05-18,6,1.05369,1.15795,0,2024,5,Peralihan I
2024-05-19,6,1.20664,1.15795,1,2024,5,Peralihan I
2024-05-20,6,1.38146,1.15795,1,2024,5,Peralihan I
2024-05-21,6,1.44781,1.15795,1,2024,5,Peralihan I
2024-05-22,6,1.27111,1.15795,1,2024,5,Peralihan I
2024-05-23,6,1.03798,1.15795,0,2024,5,Peralihan I
2024-05-24,6,0.94070,1.15795,0,2024,5,Peralihan I
2024-05-25,6,0.92567,1.15795,0,2024,5,Peralihan I
2024-05-26,6,0.87964,1.15795,0,2024,5,Peralihan I
2024-05-27,6,0.98025,1.15795,0,2024,5,Peralihan I
2024-05-28,6,1.04710,1.15795,0,2024,5,Peralihan I
2024-05-29,6,0.90706,1.15795,0,2024,5,Peralihan I
2024-05-30,6,0.80541,1.15795,0,2024,5,Peralihan I
2024-05-31,6,0.80581,1.15795,0,2024,5,Peralihan I
2024-06-01,6,1.25990,1.15795,1,2024,6,Timur
2024-06-02,6,1.22400,1.15795,1,2024,6,Timur
2024-06-03,6,0.94847,1.15795,0,2024,6,Timur
2024-06-04,6,0.93199,1.15795,0,2024,6,Timur
2024-06-05,6,1.29165,1.15795,1,2024,6,Timur
2024-06-06,6,1.30349,1.15795,1,2024,6,Timur
2024-06-07,6,1.26740,1.15795,1,2024,6,Timur
2024-06-08,6,1.22801,1.15795,1,2024,6,Timur
2024-06-09,6,1.08828,1.15795,0,2024,6,Timur
2024-06-10,6,0.87319,1.15795,0,2024,6,Timur
2024-06-11,6,0.77020,1.15795,0,2024,6,Timur
2024-06-12,6,0.83282,1.15795,0,2024,6,Timur
2024-06-13,6,0.80391,1.15795,0,2024,6,Timur
2024-06-14,6,0.60991,1.15795,0,2024,6,Timur
2024-06-15,6,0.66063,1.15795,0,2024,6,Timur
2024-06-16,6,0.99623,1.15795,0,2024,6,Timur
2024-06-17,6,1.08249,1.15795,0,2024,6,Timur
2024-06-18,6,1.01414,1.15795,0,2024,6,Timur
2024-06-19,6,0.88333,1.15795,0,2024,6,Timur
2024-06-20,6,0.78096,1.15795,0,2024,6,Timur
2024-06-21,6,0.96445,1.15795,0,2024,6,Timur
2024-06-22,6,1.36362,1.15795,1,2024,6,Timur
2024-06-23,6,1.24156,1.15795,1,2024,6,Timur
2024-06-24,6,1.01845,1.15795,0,2024,6,Timur
2024-06-25,6,0.73565,1.15795,0,2024,6,Timur
2024-06-26,6,0.65162,1.15795,0,2024,6,Timur
2024-06-27,6,0.60401,1.15795,0,2024,6,Timur
2024-06-28,6,0.54546,1.15795,0,2024,6,Timur
2024-06-29,6,0.71012,1.15795,0,2024,6,Timur
2024-06-30,6,0.81385,1.15795,0,2024,6,Timur
2024-07-01,6,0.96125,1.15795,0,2024,7,Timur
2024-07-02,6,1.29778,1.15795,1,2024,7,Timur
2024-07-03,6,1.44330,1.15795,1,2024,7,Timur
2024-07-04,6,1.38129,1.15795,1,2024,7,Timur
2024-07-05,6,1.18331,1.15795,1,2024,7,Timur
2024-07-06,6,0.98588,1.15795,0,2024,7,Timur
2024-07-07,6,0.80867,1.15795,0,2024,7,Timur
2024-07-08,6,0.95074,1.15795,0,2024,7,Timur
2024-07-09,6,1.10297,1.15795,0,2024,7,Timur
2024-07-10,6,1.08744,1.15795,0,2024,7,Timur
2024-07-11,6,0.95893,1.15795,0,2024,7,Timur
2024-07-12,6,0.82396,1.15795,0,2024,7,Timur
2024-07-13,6,0.65811,1.15795,0,2024,7,Timur
2024-07-14,6,0.71313,1.15795,0,2024,7,Timur
2024-07-15,6,0.70334,1.15795,0,2024,7,Timur
2024-07-16,6,0.89618,1.15795,0,2024,7,Timur
2024-07-17,6,1.57613,1.15795,1,2024,7,Timur
2024-07-18,6,1.53273,1.15795,1,2024,7,Timur
2024-07-19,6,1.18753,1.15795,1,2024,7,Timur
2024-07-20,6,1.02021,1.15795,0,2024,7,Timur
2024-07-21,6,1.08043,1.15795,0,2024,7,Timur
2024-07-22,6,1.13617,1.15795,0,2024,7,Timur
2024-07-23,6,1.02372,1.15795,0,2024,7,Timur
2024-07-24,6,0.71497,1.15795,0,2024,7,Timur
2024-07-25,6,0.61368,1.15795,0,2024,7,Timur
2024-07-26,6,0.57247,1.15795,0,2024,7,Timur
2024-07-27,6,0.65993,1.15795,0,2024,7,Timur
2024-07-28,6,0.86488,1.15795,0,2024,7,Timur
2024-07-29,6,1.21492,1.15795,1,2024,7,Timur
2024-07-30,6,1.26880,1.15795,1,2024,7,Timur
2024-07-31,6,1.23670,1.15795,1,2024,7,Timur
2024-08-01,6,1.12005,1.15795,0,2024,8,Timur
2024-08-02,6,1.06572,1.15795,0,2024,8,Timur
2024-08-03,6,0.92260,1.15795,0,2024,8,Timur
2024-08-04,6,0.80648,1.15795,0,2024,8,Timur
2024-08-05,6,0.80597,1.15795,0,2024,8,Timur
2024-08-06,6,0.84328,1.15795,0,2024,8,Timur
2024-08-07,6,0.89634,1.15795,0,2024,8,Timur
2024-08-08,6,0.98093,1.15795,0,2024,8,Timur
2024-08-09,6,0.99455,1.15795,0,2024,8,Timur
2024-08-10,6,0.91062,1.15795,0,2024,8,Timur
2024-08-11,6,1.00636,1.15795,0,2024,8,Timur
2024-08-12,6,0.95318,1.15795,0,2024,8,Timur
2024-08-13,6,0.93048,1.15795,0,2024,8,Timur
2024-08-14,6,0.78627,1.15795,0,2024,8,Timur
2024-08-15,6,0.72048,1.15795,0,2024,8,Timur
2024-08-16,6,0.68989,1.15795,0,2024,8,Timur
2024-08-17,6,0.64639,1.15795,0,2024,8,Timur
2024-08-18,6,0.59021,1.15795,0,2024,8,Timur
2024-08-19,6,0.70112,1.15795,0,2024,8,Timur
2024-08-20,6,0.79668,1.15795,0,2024,8,Timur
2024-08-21,6,0.77141,1.15795,0,2024,8,Timur
2024-08-22,6,0.78585,1.15795,0,2024,8,Timur
2024-08-23,6,0.78929,1.15795,0,2024,8,Timur
2024-08-24,6,0.76788,1.15795,0,2024,8,Timur
2024-08-25,6,0.74578,1.15795,0,2024,8,Timur
2024-08-26,6,0.76510,1.15795,0,2024,8,Timur
2024-08-27,6,0.81121,1.15795,0,2024,8,Timur
2024-08-28,6,0.85915,1.15795,0,2024,8,Timur
2024-08-29,6,0.81838,1.15795,0,2024,8,Timur
2024-08-30,6,0.68541,1.15795,0,2024,8,Timur
2024-08-31,6,0.63464,1.15795,0,2024,8,Timur
2024-09-01,6,0.64502,1.15795,0,2024,9,Peralihan II
2024-09-02,6,0.77116,1.15795,0,2024,9,Peralihan II
2024-09-03,6,0.75841,1.15795,0,2024,9,Peralihan II
2024-09-04,6,0.69279,1.15795,0,2024,9,Peralihan II
2024-09-05,6,0.77788,1.15795,0,2024,9,Peralihan II
2024-09-06,6,0.91873,1.15795,0,2024,9,Peralihan II
2024-09-07,6,0.96384,1.15795,0,2024,9,Peralihan II
2024-09-08,6,0.92814,1.15795,0,2024,9,Peralihan II
2024-09-09,6,0.84417,1.15795,0,2024,9,Peralihan II
2024-09-10,6,0.73131,1.15795,0,2024,9,Peralihan II
2024-09-11,6,0.80480,1.15795,0,2024,9,Peralihan II
2024-09-12,6,0.75215,1.15795,0,2024,9,Peralihan II
2024-09-13,6,0.76947,1.15795,0,2024,9,Peralihan II
2024-09-14,6,0.84538,1.15795,0,2024,9,Peralihan II
2024-09-15,6,0.73285,1.15795,0,2024,9,Peralihan II
2024-09-16,6,0.60112,1.15795,0,2024,9,Peralihan II
2024-09-17,6,1.04591,1.15795,0,2024,9,Peralihan II
2024-09-18,6,1.24078,1.15795,1,2024,9,Peralihan II
2024-09-19,6,0.93695,1.15795,0,2024,9,Peralihan II
2024-09-20,6,0.74187,1.15795,0,2024,9,Peralihan II
2024-09-21,6,0.58348,1.15795,0,2024,9,Peralihan II
2024-09-22,6,0.53579,1.15795,0,2024,9,Peralihan II
2024-09-23,6,0.46367,1.15795,0,2024,9,Peralihan II
2024-09-24,6,0.42112,1.15795,0,2024,9,Peralihan II
2024-09-25,6,0.41521,1.15795,0,2024,9,Peralihan II
2024-09-26,6,0.50442,1.15795,0,2024,9,Peralihan II
2024-09-27,6,0.55791,1.15795,0,2024,9,Peralihan II
2024-09-28,6,0.62922,1.15795,0,2024,9,Peralihan II
2024-09-29,6,0.64097,1.15795,0,2024,9,Peralihan II
2024-09-30,6,0.66211,1.15795,0,2024,9,Peralihan II
2024-10-01,6,0.69488,1.15795,0,2024,10,Peralihan II
2024-10-02,6,0.70332,1.15795,0,2024,10,Peralihan II
2024-10-03,6,0.72913,1.15795,0,2024,10,Peralihan II
2024-10-04,6,0.76571,1.15795,0,2024,10,Peralihan II
2024-10-05,6,0.79483,1.15795,0,2024,10,Peralihan II
2024-10-06,6,0.79529,1.15795,0,2024,10,Peralihan II
2024-10-07,6,0.75207,1.15795,0,2024,10,Peralihan II
2024-10-08,6,0.68975,1.15795,0,2024,10,Peralihan II
2024-10-09,6,0.63888,1.15795,0,2024,10,Peralihan II
2024-10-10,6,0.63575,1.15795,0,2024,10,Peralihan II
2024-10-11,6,0.71257,1.15795,0,2024,10,Peralihan II
2024-10-12,6,0.69919,1.15795,0,2024,10,Peralihan II
2024-10-13,6,0.66579,1.15795,0,2024,10,Peralihan II
2024-10-14,6,0.62087,1.15795,0,2024,10,Peralihan II
2024-10-15,6,0.56870,1.15795,0,2024,10,Peralihan II
2024-10-16,6,0.64581,1.15795,0,2024,10,Peralihan II
2024-10-17,6,0.70719,1.15795,0,2024,10,Peralihan II
2024-10-18,6,0.72533,1.15795,0,2024,10,Peralihan II
2024-10-19,6,0.65755,1.15795,0,2024,10,Peralihan II
2024-10-20,6,0.57405,1.15795,0,2024,10,Peralihan II
2024-10-21,6,0.55384,1.15795,0,2024,10,Peralihan II
2024-10-22,6,0.65594,1.15795,0,2024,10,Peralihan II
2024-10-23,6,0.66535,1.15795,0,2024,10,Peralihan II
2024-10-24,6,0.59644,1.15795,0,2024,10,Peralihan II
2024-10-25,6,0.61888,1.15795,0,2024,10,Peralihan II
2024-10-26,6,0.56296,1.15795,0,2024,10,Peralihan II
2024-10-27,6,0.46700,1.15795,0,2024,10,Peralihan II
2024-10-28,6,0.53265,1.15795,0,2024,10,Peralihan II
2024-10-29,6,0.60732,1.15795,0,2024,10,Peralihan II
2024-10-30,6,0.64767,1.15795,0,2024,10,Peralihan II
2024-10-31,6,0.60294,1.15795,0,2024,10,Peralihan II
2024-11-01,6,0.50329,1.15795,0,2024,11,Peralihan II
2024-11-02,6,0.42595,1.15795,0,2024,11,Peralihan II
2024-11-03,6,0.41945,1.15795,0,2024,11,Peralihan II
2024-11-04,6,0.53928,1.15795,0,2024,11,Peralihan II
2024-11-05,6,0.69366,1.15795,0,2024,11,Peralihan II
2024-11-06,6,0.64949,1.15795,0,2024,11,Peralihan II
2024-11-07,6,0.48009,1.15795,0,2024,11,Peralihan II
2024-11-08,6,0.44312,1.15795,0,2024,11,Peralihan II
2024-11-09,6,0.49086,1.15795,0,2024,11,Peralihan II
2024-11-10,6,0.49721,1.15795,0,2024,11,Peralihan II
2024-11-11,6,0.46197,1.15795,0,2024,11,Peralihan II
2024-11-12,6,0.48370,1.15795,0,2024,11,Peralihan II
2024-11-13,6,0.48110,1.15795,0,2024,11,Peralihan II
2024-11-14,6,0.41736,1.15795,0,2024,11,Peralihan II
2024-11-15,6,0.39088,1.15795,0,2024,11,Peralihan II
2024-11-16,6,0.36287,1.15795,0,2024,11,Peralihan II
2024-11-17,6,0.39310,1.15795,0,2024,11,Peralihan II
2024-11-18,6,0.48999,1.15795,0,2024,11,Peralihan II
2024-11-19,6,0.53166,1.15795,0,2024,11,Peralihan II
2024-11-20,6,0.48104,1.15795,0,2024,11,Peralihan II
2024-11-21,6,0.42336,1.15795,0,2024,11,Peralihan II
2024-11-22,6,0.40329,1.15795,0,2024,11,Peralihan II
2024-11-23,6,0.42932,1.15795,0,2024,11,Peralihan II
2024-11-24,6,0.45759,1.15795,0,2024,11,Peralihan II
2024-11-25,6,0.39356,1.15795,0,2024,11,Peralihan II
2024-11-26,6,0.37231,1.15795,0,2024,11,Peralihan II
2024-11-27,6,0.35331,1.15795,0,2024,11,Peralihan II
2024-11-28,6,0.35883,1.15795,0,2024,11,Peralihan II
2024-11-29,6,0.38962,1.15795,0,2024,11,Peralihan II
2024-11-30,6,0.43253,1.15795,0,2024,11,Peralihan II
2024-12-01,6,0.51150,1.15795,0,2024,12,Barat
2024-12-02,6,0.51189,1.15795,0,2024,12,Barat
2024-12-03,6,0.55380,1.15795,0,2024,12,Barat
2024-12-04,6,0.60018,1.15795,0,2024,12,Barat
2024-12-05,6,0.68957,1.15795,0,2024,12,Barat
2024-12-06,6,0.67219,1.15795,0,2024,12,Barat
2024-12-07,6,0.79562,1.15795,0,2024,12,Barat
2024-12-08,6,0.68835,1.15795,0,2024,12,Barat
2024-12-09,6,0.65247,1.15795,0,2024,12,Barat
2024-12-10,6,0.77839,1.15795,0,2024,12,Barat
2024-12-11,6,0.68878,1.15795,0,2024,12,Barat
2024-12-12,6,0.60056,1.15795,0,2024,12,Barat
2024-12-13,6,0.55202,1.15795,0,2024,12,Barat
2024-12-14,6,0.62002,1.15795,0,2024,12,Barat
2024-12-15,6,0.70347,1.15795,0,2024,12,Barat
2024-12-16,6,0.87834,1.15795,0,2024,12,Barat
2024-12-17,6,0.96268,1.15795,0,2024,12,Barat
2024-12-18,6,0.95107,1.15795,0,2024,12,Barat
2024-12-19,6,0.92059,1.15795,0,2024,12,Barat
2024-12-20,6,0.86621,1.15795,0,2024,12,Barat
2024-12-21,6,0.76995,1.15795,0,2024,12,Barat
2024-12-22,6,0.69761,1.15795,0,2024,12,Barat
2024-12-23,6,0.66682,1.15795,0,2024,12,Barat
2024-12-24,6,0.56013,1.15795,0,2024,12,Barat
2024-12-25,6,0.53519,1.15795,0,2024,12,Barat
2024-12-26,6,0.55378,1.15795,0,2024,12,Barat
2024-12-27,6,0.57885,1.15795,0,2024,12,Barat
2024-12-28,6,0.60045,1.15795,0,2024,12,Barat
2024-12-29,6,0.53856,1.15795,0,2024,12,Barat
2024-12-30,6,0.43127,1.15795,0,2024,12,Barat
2024-12-31,6,0.39605,1.15795,0,2024,12,Barat
2025-01-01,6,0.44469,1.15795,0,2025,1,Barat
2025-01-02,6,0.52334,1.15795,0,2025,1,Barat
2025-01-03,6,0.58485,1.15795,0,2025,1,Barat
2025-01-04,6,0.55094,1.15795,0,2025,1,Barat
2025-01-05,6,0.42029,1.15795,0,2025,1,Barat
2025-01-06,6,0.36492,1.15795,0,2025,1,Barat
2025-01-07,6,0.32594,1.15795,0,2025,1,Barat
2025-01-08,6,0.36934,1.15795,0,2025,1,Barat
2025-01-09,6,0.49517,1.15795,0,2025,1,Barat
2025-01-10,6,0.50980,1.15795,0,2025,1,Barat
2025-01-11,6,0.45272,1.15795,0,2025,1,Barat
2025-01-12,6,0.45100,1.15795,0,2025,1,Barat
2025-01-13,6,0.50848,1.15795,0,2025,1,Barat
2025-01-14,6,0.53557,1.15795,0,2025,1,Barat
2025-01-15,6,0.79664,1.15795,0,2025,1,Barat
2025-01-16,6,0.94595,1.15795,0,2025,1,Barat
2025-01-17,6,0.90911,1.15795,0,2025,1,Barat
2025-01-18,6,0.76052,1.15795,0,2025,1,Barat
2025-01-19,6,0.62730,1.15795,0,2025,1,Barat
2025-01-20,6,0.65163,1.15795,0,2025,1,Barat
2025-01-21,6,0.76242,1.15795,0,2025,1,Barat
2025-01-22,6,0.61541,1.15795,0,2025,1,Barat
2025-01-23,6,0.49726,1.15795,0,2025,1,Barat
2025-01-24,6,0.43727,1.15795,0,2025,1,Barat
2025-01-25,6,0.41494,1.15795,0,2025,1,Barat
2025-01-26,6,0.46340,1.15795,0,2025,1,Barat
2025-01-27,6,0.50822,1.15795,0,2025,1,Barat
2025-01-28,6,0.64747,1.15795,0,2025,1,Barat
2025-01-29,6,0.68271,1.15795,0,2025,1,Barat
2025-01-30,6,0.75529,1.15795,0,2025,1,Barat
2025-01-31,6,1.12951,1.15795,0,2025,1,Barat
2025-02-01,6,1.06616,1.15795,0,2025,2,Barat
2025-02-02,6,1.22534,1.15795,1,2025,2,Barat
2025-02-03,6,1.25641,1.15795,1,2025,2,Barat
2025-02-04,6,1.25094,1.15795,1,2025,2,Barat
2025-02-05,6,1.33494,1.15795,1,2025,2,Barat
2025-02-06,6,1.31102,1.15795,1,2025,2,Barat
2025-02-07,6,1.52009,1.15795,1,2025,2,Barat
2025-02-08,6,1.55184,1.15795,1,2025,2,Barat
2025-02-09,6,1.49448,1.15795,1,2025,2,Barat
2025-02-10,6,1.42755,1.15795,1,2025,2,Barat
2025-02-11,6,1.16749,1.15795,1,2025,2,Barat
2025-02-12,6,0.99991,1.15795,0,2025,2,Barat
2025-02-13,6,0.81994,1.15795,0,2025,2,Barat
2025-02-14,6,0.68399,1.15795,0,2025,2,Barat
2025-02-15,6,0.61345,1.15795,0,2025,2,Barat
2025-02-16,6,0.50829,1.15795,0,2025,2,Barat
2025-02-17,6,0.56032,1.15795,0,2025,2,Barat
2025-02-18,6,0.74998,1.15795,0,2025,2,Barat
2025-02-19,6,0.79980,1.15795,0,2025,2,Barat
2025-02-20,6,0.66698,1.15795,0,2025,2,Barat
2025-02-21,6,0.56284,1.15795,0,2025,2,Barat
2025-02-22,6,0.46329,1.15795,0,2025,2,Barat
2025-02-23,6,0.47435,1.15795,0,2025,2,Barat
2025-02-24,6,0.49702,1.15795,0,2025,2,Barat
2025-02-25,6,0.54612,1.15795,0,2025,2,Barat
2025-02-26,6,0.53858,1.15795,0,2025,2,Barat
2025-02-27,6,0.54579,1.15795,0,2025,2,Barat
2025-02-28,6,0.49734,1.15795,0,2025,2,Barat
2025-03-01,6,0.38729,1.15795,0,2025,3,Peralihan I
2025-03-02,6,0.33284,1.15795,0,2025,3,Peralihan I
2025-03-03,6,0.34102,1.15795,0,2025,3,Peralihan I
2025-03-04,6,0.35083,1.15795,0,2025,3,Peralihan I
2025-03-05,6,0.32550,1.15795,0,2025,3,Peralihan I
2025-03-06,6,0.36460,1.15795,0,2025,3,Peralihan I
2025-03-07,6,0.38353,1.15795,0,2025,3,Peralihan I
2025-03-08,6,0.45782,1.15795,0,2025,3,Peralihan I
2025-03-09,6,0.41171,1.15795,0,2025,3,Peralihan I
2025-03-10,6,0.37333,1.15795,0,2025,3,Peralihan I
2025-03-11,6,0.45121,1.15795,0,2025,3,Peralihan I
2025-03-12,6,0.49032,1.15795,0,2025,3,Peralihan I
2025-03-13,6,0.47688,1.15795,0,2025,3,Peralihan I
2025-03-14,6,0.45036,1.15795,0,2025,3,Peralihan I
2025-03-15,6,0.40640,1.15795,0,2025,3,Peralihan I
2025-03-16,6,0.55414,1.15795,0,2025,3,Peralihan I
2025-03-17,6,0.73977,1.15795,0,2025,3,Peralihan I
2025-03-18,6,0.74577,1.15795,0,2025,3,Peralihan I
2025-03-19,6,0.73153,1.15795,0,2025,3,Peralihan I
2025-03-20,6,0.65334,1.15795,0,2025,3,Peralihan I
2025-03-21,6,0.68792,1.15795,0,2025,3,Peralihan I
2025-03-22,6,0.80677,1.15795,0,2025,3,Peralihan I
2025-03-23,6,0.90914,1.15795,0,2025,3,Peralihan I
2025-03-24,6,0.79648,1.15795,0,2025,3,Peralihan I
2025-03-25,6,0.82058,1.15795,0,2025,3,Peralihan I
2025-03-26,6,0.82476,1.15795,0,2025,3,Peralihan I
2025-03-27,6,0.88616,1.15795,0,2025,3,Peralihan I
2025-03-28,6,1.09709,1.15795,0,2025,3,Peralihan I
2025-03-29,6,1.00498,1.15795,0,2025,3,Peralihan I
2025-03-30,6,0.70834,1.15795,0,2025,3,Peralihan I
2025-03-31,6,0.71047,1.15795,0,2025,3,Peralihan I
2025-04-01,6,0.74395,1.15795,0,2025,4,Peralihan I
2025-04-02,6,0.86842,1.15795,0,2025,4,Peralihan I
2025-04-03,6,0.73929,1.15795,0,2025,4,Peralihan I
2025-04-04,6,0.51476,1.15795,0,2025,4,Peralihan I
2025-04-05,6,0.32584,1.15795,0,2025,4,Peralihan I
2025-04-06,6,0.31483,1.15795,0,2025,4,Peralihan I
2025-04-07,6,0.38527,1.15795,0,2025,4,Peralihan I
2025-04-08,6,0.40453,1.15795,0,2025,4,Peralihan I
2025-04-09,6,0.34272,1.15795,0,2025,4,Peralihan I
2025-04-10,6,0.46049,1.15795,0,2025,4,Peralihan I
2025-04-11,6,0.73233,1.15795,0,2025,4,Peralihan I
2025-04-12,6,0.79220,1.15795,0,2025,4,Peralihan I
2025-04-13,6,0.63954,1.15795,0,2025,4,Peralihan I
2025-04-14,6,0.54908,1.15795,0,2025,4,Peralihan I
2025-04-15,6,0.50563,1.15795,0,2025,4,Peralihan I
2025-04-16,6,0.46903,1.15795,0,2025,4,Peralihan I
2025-04-17,6,0.51011,1.15795,0,2025,4,Peralihan I
2025-04-18,6,0.75068,1.15795,0,2025,4,Peralihan I
2025-04-19,6,0.95988,1.15795,0,2025,4,Peralihan I
2025-04-20,6,0.68654,1.15795,0,2025,4,Peralihan I
2025-04-21,6,0.50627,1.15795,0,2025,4,Peralihan I
2025-04-22,6,0.46633,1.15795,0,2025,4,Peralihan I
2025-04-23,6,0.65236,1.15795,0,2025,4,Peralihan I
2025-04-24,6,0.69623,1.15795,0,2025,4,Peralihan I
2025-04-25,6,0.56897,1.15795,0,2025,4,Peralihan I
2025-04-26,6,0.46589,1.15795,0,2025,4,Peralihan I
2025-04-27,6,0.39702,1.15795,0,2025,4,Peralihan I
2025-04-28,6,0.41737,1.15795,0,2025,4,Peralihan I
2025-04-29,6,0.72409,1.15795,0,2025,4,Peralihan I
2025-04-30,6,1.09138,1.15795,0,2025,4,Peralihan I
2025-05-01,6,1.10364,1.15795,0,2025,5,Peralihan I
2025-05-02,6,1.11223,1.15795,0,2025,5,Peralihan I
2025-05-03,6,1.02409,1.15795,0,2025,5,Peralihan I
2025-05-04,6,0.82591,1.15795,0,2025,5,Peralihan I
2025-05-05,6,0.72005,1.15795,0,2025,5,Peralihan I
2025-05-06,6,0.66530,1.15795,0,2025,5,Peralihan I
2025-05-07,6,0.70030,1.15795,0,2025,5,Peralihan I
2025-05-08,6,1.00247,1.15795,0,2025,5,Peralihan I
2025-05-09,6,0.93468,1.15795,0,2025,5,Peralihan I
2025-05-10,6,0.82464,1.15795,0,2025,5,Peralihan I
2025-05-11,6,0.87123,1.15795,0,2025,5,Peralihan I
2025-05-12,6,0.71716,1.15795,0,2025,5,Peralihan I
2025-05-13,6,0.60757,1.15795,0,2025,5,Peralihan I
2025-05-14,6,0.76335,1.15795,0,2025,5,Peralihan I
2025-05-15,6,0.98270,1.15795,0,2025,5,Peralihan I
2025-05-16,6,1.22551,1.15795,1,2025,5,Peralihan I
2025-05-17,6,1.15782,1.15795,0,2025,5,Peralihan I
2025-05-18,6,1.40491,1.15795,1,2025,5,Peralihan I
2025-05-19,6,1.38044,1.15795,1,2025,5,Peralihan I
2025-05-20,6,1.12241,1.15795,0,2025,5,Peralihan I
2025-05-21,6,1.05768,1.15795,0,2025,5,Peralihan I
2025-05-22,6,0.96756,1.15795,0,2025,5,Peralihan I
2025-05-23,6,0.91055,1.15795,0,2025,5,Peralihan I
2025-05-24,6,0.73689,1.15795,0,2025,5,Peralihan I
2025-05-25,6,0.65735,1.15795,0,2025,5,Peralihan I
2025-05-26,6,0.64658,1.15795,0,2025,5,Peralihan I
2025-05-27,6,0.69064,1.15795,0,2025,5,Peralihan I
2025-05-28,6,0.66944,1.15795,0,2025,5,Peralihan I
2025-05-29,6,0.75962,1.15795,0,2025,5,Peralihan I
2025-05-30,6,1.08995,1.15795,0,2025,5,Peralihan I
2025-05-31,6,1.14769,1.15795,0,2025,5,Peralihan I
2025-06-01,6,0.97547,1.15795,0,2025,6,Timur
2025-06-02,6,0.78412,1.15795,0,2025,6,Timur
2025-06-03,6,0.67798,1.15795,0,2025,6,Timur
2025-06-04,6,0.60377,1.15795,0,2025,6,Timur
2025-06-05,6,0.71054,1.15795,0,2025,6,Timur
2025-06-06,6,0.85262,1.15795,0,2025,6,Timur
2025-06-07,6,0.94285,1.15795,0,2025,6,Timur
2025-06-08,6,1.12409,1.15795,0,2025,6,Timur
2025-06-09,6,1.14972,1.15795,0,2025,6,Timur
2025-06-10,6,1.14303,1.15795,0,2025,6,Timur
2025-06-11,6,0.98000,1.15795,0,2025,6,Timur
2025-06-12,6,1.26752,1.15795,1,2025,6,Timur
2025-06-13,6,1.19213,1.15795,1,2025,6,Timur
2025-06-14,6,1.04204,1.15795,0,2025,6,Timur
2025-06-15,6,0.88786,1.15795,0,2025,6,Timur
2025-06-16,6,0.84856,1.15795,0,2025,6,Timur
2025-06-17,6,0.92533,1.15795,0,2025,6,Timur
2025-06-18,6,0.95268,1.15795,0,2025,6,Timur
2025-06-19,6,1.06649,1.15795,0,2025,6,Timur
2025-06-20,6,1.12215,1.15795,0,2025,6,Timur
2025-06-21,6,0.98230,1.15795,0,2025,6,Timur
2025-06-22,6,0.90687,1.15795,0,2025,6,Timur
2025-06-23,6,0.93275,1.15795,0,2025,6,Timur
2025-06-24,6,0.91874,1.15795,0,2025,6,Timur
2025-06-25,6,1.02199,1.15795,0,2025,6,Timur
2025-06-26,6,1.36413,1.15795,1,2025,6,Timur
2025-06-27,6,1.40839,1.15795,1,2025,6,Timur
2025-06-28,6,1.40222,1.15795,1,2025,6,Timur
2025-06-29,6,1.49053,1.15795,1,2025,6,Timur
2025-06-30,6,1.47527,1.15795,1,2025,6,Timur
2025-07-01,6,1.42495,1.15795,1,2025,7,Timur
2025-07-02,6,1.26024,1.15795,1,2025,7,Timur
2025-07-03,6,0.91368,1.15795,0,2025,7,Timur
2025-07-04,6,0.78404,1.15795,0,2025,7,Timur
2025-07-05,6,0.69602,1.15795,0,2025,7,Timur
2025-07-06,6,0.80221,1.15795,0,2025,7,Timur
2025-07-07,6,0.88205,1.15795,0,2025,7,Timur
2025-07-08,6,0.74428,1.15795,0,2025,7,Timur
2025-07-09,6,0.67289,1.15795,0,2025,7,Timur
2025-07-10,6,0.77018,1.15795,0,2025,7,Timur
2025-07-11,6,1.08659,1.15795,0,2025,7,Timur
2025-07-12,6,1.07182,1.15795,0,2025,7,Timur
2025-07-13,6,1.01833,1.15795,0,2025,7,Timur
2025-07-14,6,0.96201,1.15795,0,2025,7,Timur
2025-07-15,6,0.85419,1.15795,0,2025,7,Timur
2025-07-16,6,0.67071,1.15795,0,2025,7,Timur
2025-07-17,6,0.59346,1.15795,0,2025,7,Timur
2025-07-18,6,0.57710,1.15795,0,2025,7,Timur
2025-07-19,6,0.64735,1.15795,0,2025,7,Timur
2025-07-20,6,0.90740,1.15795,0,2025,7,Timur
2025-07-21,6,0.87184,1.15795,0,2025,7,Timur
2025-07-22,6,0.69041,1.15795,0,2025,7,Timur
2025-07-23,6,0.62204,1.15795,0,2025,7,Timur
2025-07-24,6,0.52133,1.15795,0,2025,7,Timur
2025-07-25,6,0.49158,1.15795,0,2025,7,Timur
2025-07-26,6,0.56993,1.15795,0,2025,7,Timur
2025-07-27,6,0.61458,1.15795,0,2025,7,Timur
2025-07-28,6,0.64995,1.15795,0,2025,7,Timur
2025-07-29,6,0.65226,1.15795,0,2025,7,Timur
2025-07-30,6,0.68037,1.15795,0,2025,7,Timur
2025-07-31,6,0.66907,1.15795,0,2025,7,Timur
2025-08-01,6,1.03550,1.15795,0,2025,8,Timur
2025-08-02,6,1.57173,1.15795,1,2025,8,Timur
2025-08-03,6,1.43697,1.15795,1,2025,8,Timur
2025-08-04,6,1.00246,1.15795,0,2025,8,Timur
2025-08-05,6,0.82580,1.15795,0,2025,8,Timur
2025-08-06,6,0.76076,1.15795,0,2025,8,Timur
2025-08-07,6,0.69889,1.15795,0,2025,8,Timur
2025-08-08,6,0.69037,1.15795,0,2025,8,Timur
2025-08-09,6,0.80651,1.15795,0,2025,8,Timur
2025-08-10,6,0.91424,1.15795,0,2025,8,Timur
2025-08-11,6,0.90856,1.15795,0,2025,8,Timur
2025-08-12,6,0.90526,1.15795,0,2025,8,Timur
2025-08-13,6,0.95830,1.15795,0,2025,8,Timur
2025-08-14,6,1.02432,1.15795,0,2025,8,Timur
2025-08-15,6,0.96728,1.15795,0,2025,8,Timur
2025-08-16,6,1.00422,1.15795,0,2025,8,Timur
2025-08-17,6,1.09591,1.15795,0,2025,8,Timur
2025-08-18,6,1.18780,1.15795,1,2025,8,Timur
2025-08-19,6,1.20613,1.15795,1,2025,8,Timur
2025-08-20,6,1.10048,1.15795,0,2025,8,Timur
2025-08-21,6,0.86246,1.15795,0,2025,8,Timur
2025-08-22,6,0.74349,1.15795,0,2025,8,Timur
2025-08-23,6,0.71100,1.15795,0,2025,8,Timur
2025-08-24,6,0.68048,1.15795,0,2025,8,Timur
2025-08-25,6,0.65991,1.15795,0,2025,8,Timur
2025-08-26,6,0.65857,1.15795,0,2025,8,Timur
2025-08-27,6,0.64548,1.15795,0,2025,8,Timur
2025-08-28,6,0.58234,1.15795,0,2025,8,Timur
2025-08-29,6,0.57607,1.15795,0,2025,8,Timur
2025-08-30,6,0.56798,1.15795,0,2025,8,Timur
2025-08-31,6,1.04542,1.15795,0,2025,8,Timur
2025-09-01,6,1.17819,1.15795,1,2025,9,Peralihan II
2025-09-02,6,1.10659,1.15795,0,2025,9,Peralihan II
2025-09-03,6,0.96734,1.15795,0,2025,9,Peralihan II
2025-09-04,6,0.73653,1.15795,0,2025,9,Peralihan II
2025-09-05,6,0.62662,1.15795,0,2025,9,Peralihan II
2025-09-06,6,0.51843,1.15795,0,2025,9,Peralihan II
2025-09-07,6,0.54637,1.15795,0,2025,9,Peralihan II
2025-09-08,6,0.80150,1.15795,0,2025,9,Peralihan II
2025-09-09,6,0.82174,1.15795,0,2025,9,Peralihan II
2025-09-10,6,0.79912,1.15795,0,2025,9,Peralihan II
2025-09-11,6,0.70801,1.15795,0,2025,9,Peralihan II
2025-09-12,6,0.90717,1.15795,0,2025,9,Peralihan II
2025-09-13,6,1.08605,1.15795,0,2025,9,Peralihan II
2025-09-14,6,1.05052,1.15795,0,2025,9,Peralihan II
2025-09-15,6,0.84544,1.15795,0,2025,9,Peralihan II
2025-09-16,6,0.71013,1.15795,0,2025,9,Peralihan II
2025-09-17,6,0.68422,1.15795,0,2025,9,Peralihan II
2025-09-18,6,0.70160,1.15795,0,2025,9,Peralihan II
2025-09-19,6,0.62591,1.15795,0,2025,9,Peralihan II
2025-09-20,6,0.55638,1.15795,0,2025,9,Peralihan II
2025-09-21,6,0.60064,1.15795,0,2025,9,Peralihan II
2025-09-22,6,0.68728,1.15795,0,2025,9,Peralihan II
2025-09-23,6,0.83345,1.15795,0,2025,9,Peralihan II
2025-09-24,6,0.96729,1.15795,0,2025,9,Peralihan II
2025-09-25,6,0.83525,1.15795,0,2025,9,Peralihan II
2025-09-26,6,0.78020,1.15795,0,2025,9,Peralihan II
2025-09-27,6,0.80961,1.15795,0,2025,9,Peralihan II
2025-09-28,6,0.74685,1.15795,0,2025,9,Peralihan II
2025-09-29,6,0.63293,1.15795,0,2025,9,Peralihan II
2025-09-30,6,0.54737,1.15795,0,2025,9,Peralihan II
2025-10-01,6,0.52106,1.15795,0,2025,10,Peralihan II
2025-10-02,6,0.43431,1.15795,0,2025,10,Peralihan II
2025-10-03,6,0.49142,1.15795,0,2025,10,Peralihan II
2025-10-04,6,0.63205,1.15795,0,2025,10,Peralihan II
2025-10-05,6,0.66095,1.15795,0,2025,10,Peralihan II
2025-10-06,6,0.59962,1.15795,0,2025,10,Peralihan II
2025-10-07,6,0.61172,1.15795,0,2025,10,Peralihan II
2025-10-08,6,0.59606,1.15795,0,2025,10,Peralihan II
2025-10-09,6,0.58432,1.15795,0,2025,10,Peralihan II
2025-10-10,6,0.52962,1.15795,0,2025,10,Peralihan II
2025-10-11,6,0.45568,1.15795,0,2025,10,Peralihan II
2025-10-12,6,0.40899,1.15795,0,2025,10,Peralihan II
2025-10-13,6,0.37556,1.15795,0,2025,10,Peralihan II
2025-10-14,6,0.39365,1.15795,0,2025,10,Peralihan II
2025-10-15,6,0.62214,1.15795,0,2025,10,Peralihan II
2025-10-16,6,0.78373,1.15795,0,2025,10,Peralihan II
2025-10-17,6,0.76300,1.15795,0,2025,10,Peralihan II
2025-10-18,6,0.71599,1.15795,0,2025,10,Peralihan II
2025-10-19,6,0.64736,1.15795,0,2025,10,Peralihan II
2025-10-20,6,0.54382,1.15795,0,2025,10,Peralihan II
2025-10-21,6,0.61414,1.15795,0,2025,10,Peralihan II
2025-10-22,6,0.63306,1.15795,0,2025,10,Peralihan II
2025-10-23,6,0.61220,1.15795,0,2025,10,Peralihan II
2025-10-24,6,0.55469,1.15795,0,2025,10,Peralihan II
2025-10-25,6,0.54696,1.15795,0,2025,10,Peralihan II
2025-10-26,6,0.56589,1.15795,0,2025,10,Peralihan II
2025-10-27,6,0.54446,1.15795,0,2025,10,Peralihan II
2025-10-28,6,0.55474,1.15795,0,2025,10,Peralihan II
2025-10-29,6,0.53121,1.15795,0,2025,10,Peralihan II
2025-10-30,6,0.45369,1.15795,0,2025,10,Peralihan II
2025-10-31,6,0.46096,1.15795,0,2025,10,Peralihan II
2025-11-01,6,0.51142,1.15795,0,2025,11,Peralihan II
2025-11-02,6,0.52679,1.15795,0,2025,11,Peralihan II
2025-11-03,6,0.55387,1.15795,0,2025,11,Peralihan II
2025-11-04,6,0.53248,1.15795,0,2025,11,Peralihan II
2025-11-05,6,0.50397,1.15795,0,2025,11,Peralihan II
2025-11-06,6,0.48527,1.15795,0,2025,11,Peralihan II
2025-11-07,6,0.51369,1.15795,0,2025,11,Peralihan II
2025-11-08,6,0.52507,1.15795,0,2025,11,Peralihan II
2025-11-09,6,0.51164,1.15795,0,2025,11,Peralihan II
2025-11-10,6,0.48236,1.15795,0,2025,11,Peralihan II
2025-11-11,6,0.53975,1.15795,0,2025,11,Peralihan II
2025-11-12,6,0.49673,1.15795,0,2025,11,Peralihan II
2025-11-13,6,0.40961,1.15795,0,2025,11,Peralihan II
2025-11-14,6,0.51033,1.15795,0,2025,11,Peralihan II
2025-11-15,6,0.68734,1.15795,0,2025,11,Peralihan II
2025-11-16,6,0.80150,1.15795,0,2025,11,Peralihan II
2025-11-17,6,0.73154,1.15795,0,2025,11,Peralihan II
2025-11-18,6,0.80617,1.15795,0,2025,11,Peralihan II
2025-11-19,6,0.78399,1.15795,0,2025,11,Peralihan II
2025-11-20,6,0.72937,1.15795,0,2025,11,Peralihan II
2025-11-21,6,0.86392,1.15795,0,2025,11,Peralihan II
2025-11-22,6,0.87191,1.15795,0,2025,11,Peralihan II
2025-11-23,6,1.07400,1.15795,0,2025,11,Peralihan II
2025-11-24,6,1.19994,1.15795,1,2025,11,Peralihan II
2025-11-25,6,1.03423,1.15795,0,2025,11,Peralihan II
2025-11-26,6,0.77343,1.15795,0,2025,11,Peralihan II
2025-11-27,6,0.55154,1.15795,0,2025,11,Peralihan II
2025-11-28,6,0.47913,1.15795,0,2025,11,Peralihan II
2025-11-29,6,0.49189,1.15795,0,2025,11,Peralihan II
2025-11-30,6,0.59120,1.15795,0,2025,11,Peralihan II
2025-12-01,6,0.59703,1.15795,0,2025,12,Barat
2025-12-02,6,0.52851,1.15795,0,2025,12,Barat
2025-12-03,6,0.50207,1.15795,0,2025,12,Barat
2025-12-04,6,0.50731,1.15795,0,2025,12,Barat
2025-12-05,6,0.44563,1.15795,0,2025,12,Barat
2025-12-06,6,0.42308,1.15795,0,2025,12,Barat
2025-12-07,6,0.42089,1.15795,0,2025,12,Barat
2025-12-08,6,0.45220,1.15795,0,2025,12,Barat
2025-12-09,6,0.43521,1.15795,0,2025,12,Barat
2025-12-10,6,0.43225,1.15795,0,2025,12,Barat
2025-12-11,6,0.41914,1.15795,0,2025,12,Barat
2025-12-12,6,0.48054,1.15795,0,2025,12,Barat
2025-12-13,6,0.55124,1.15795,0,2025,12,Barat
2025-12-14,6,0.53330,1.15795,0,2025,12,Barat
2025-12-15,6,0.55047,1.15795,0,2025,12,Barat
2025-12-16,6,0.52999,1.15795,0,2025,12,Barat
2025-12-17,6,0.59844,1.15795,0,2025,12,Barat
2025-12-18,6,0.50443,1.15795,0,2025,12,Barat
2025-12-19,6,0.50810,1.15795,0,2025,12,Barat
2025-12-20,6,0.65059,1.15795,0,2025,12,Barat
2025-12-21,6,0.69973,1.15795,0,2025,12,Barat
2025-12-22,6,0.76892,1.15795,0,2025,12,Barat
2025-12-23,6,0.66838,1.15795,0,2025,12,Barat
2025-12-24,6,0.66373,1.15795,0,2025,12,Barat
2025-12-25,6,0.71317,1.15795,0,2025,12,Barat
2025-12-26,6,0.68759,1.15795,0,2025,12,Barat
2025-12-27,6,0.64783,1.15795,0,2025,12,Barat
2025-12-28,6,0.64426,1.15795,0,2025,12,Barat
2025-12-29,6,0.63898,1.15795,0,2025,12,Barat
2025-12-30,6,0.75189,1.15795,0,2025,12,Barat
2025-12-31,6,0.88605,1.15795,0,2025,12,Barat
2021-01-01,7,0.75074,1.55418,0,2021,1,Barat
2021-01-02,7,0.94740,1.55418,0,2021,1,Barat
2021-01-03,7,1.06313,1.55418,0,2021,1,Barat
2021-01-04,7,1.14863,1.55418,0,2021,1,Barat
2021-01-05,7,1.06416,1.55418,0,2021,1,Barat
2021-01-06,7,0.76657,1.55418,0,2021,1,Barat
2021-01-07,7,0.59137,1.55418,0,2021,1,Barat
2021-01-08,7,0.47731,1.55418,0,2021,1,Barat
2021-01-09,7,0.42039,1.55418,0,2021,1,Barat
2021-01-10,7,0.52247,1.55418,0,2021,1,Barat
2021-01-11,7,0.51429,1.55418,0,2021,1,Barat
2021-01-12,7,0.55835,1.55418,0,2021,1,Barat
2021-01-13,7,0.55276,1.55418,0,2021,1,Barat
2021-01-14,7,0.49839,1.55418,0,2021,1,Barat
2021-01-15,7,0.63416,1.55418,0,2021,1,Barat
2021-01-16,7,0.63628,1.55418,0,2021,1,Barat
2021-01-17,7,0.74310,1.55418,0,2021,1,Barat
2021-01-18,7,0.98142,1.55418,0,2021,1,Barat
2021-01-19,7,1.46300,1.55418,0,2021,1,Barat
2021-01-20,7,1.52684,1.55418,0,2021,1,Barat
2021-01-21,7,1.13870,1.55418,0,2021,1,Barat
2021-01-22,7,0.88926,1.55418,0,2021,1,Barat
2021-01-23,7,0.92108,1.55418,0,2021,1,Barat
2021-01-24,7,1.10833,1.55418,0,2021,1,Barat
2021-01-25,7,1.53048,1.55418,0,2021,1,Barat
2021-01-26,7,1.67588,1.55418,1,2021,1,Barat
2021-01-27,7,1.82447,1.55418,1,2021,1,Barat
2021-01-28,7,1.93229,1.55418,1,2021,1,Barat
2021-01-29,7,2.07340,1.55418,1,2021,1,Barat
2021-01-30,7,2.02738,1.55418,1,2021,1,Barat
2021-01-31,7,1.94204,1.55418,1,2021,1,Barat
2021-02-01,7,1.82453,1.55418,1,2021,2,Barat
2021-02-02,7,1.57615,1.55418,1,2021,2,Barat
2021-02-03,7,1.61788,1.55418,1,2021,2,Barat
2021-02-04,7,1.89987,1.55418,1,2021,2,Barat
2021-02-05,7,2.00559,1.55418,1,2021,2,Barat
2021-02-06,7,1.67563,1.55418,1,2021,2,Barat
2021-02-07,7,1.47167,1.55418,0,2021,2,Barat
2021-02-08,7,1.56217,1.55418,1,2021,2,Barat
2021-02-09,7,1.53098,1.55418,0,2021,2,Barat
2021-02-10,7,1.21649,1.55418,0,2021,2,Barat
2021-02-11,7,0.91682,1.55418,0,2021,2,Barat
2021-02-12,7,0.79775,1.55418,0,2021,2,Barat
2021-02-13,7,0.96281,1.55418,0,2021,2,Barat
2021-02-14,7,1.12094,1.55418,0,2021,2,Barat
2021-02-15,7,1.18117,1.55418,0,2021,2,Barat
2021-02-16,7,1.12025,1.55418,0,2021,2,Barat
2021-02-17,7,1.18739,1.55418,0,2021,2,Barat
2021-02-18,7,1.42090,1.55418,0,2021,2,Barat
2021-02-19,7,1.49631,1.55418,0,2021,2,Barat
2021-02-20,7,1.57441,1.55418,1,2021,2,Barat
2021-02-21,7,1.51719,1.55418,0,2021,2,Barat
2021-02-22,7,1.24327,1.55418,0,2021,2,Barat
2021-02-23,7,1.16109,1.55418,0,2021,2,Barat
2021-02-24,7,0.89989,1.55418,0,2021,2,Barat
2021-02-25,7,0.77540,1.55418,0,2021,2,Barat
2021-02-26,7,0.70691,1.55418,0,2021,2,Barat
2021-02-27,7,0.65600,1.55418,0,2021,2,Barat
2021-02-28,7,0.67195,1.55418,0,2021,2,Barat
2021-03-01,7,0.69142,1.55418,0,2021,3,Peralihan I
2021-03-02,7,0.75587,1.55418,0,2021,3,Peralihan I
2021-03-03,7,0.97565,1.55418,0,2021,3,Peralihan I
2021-03-04,7,1.00723,1.55418,0,2021,3,Peralihan I
2021-03-05,7,0.98000,1.55418,0,2021,3,Peralihan I
2021-03-06,7,0.97762,1.55418,0,2021,3,Peralihan I
2021-03-07,7,1.00701,1.55418,0,2021,3,Peralihan I
2021-03-08,7,1.06442,1.55418,0,2021,3,Peralihan I
2021-03-09,7,0.93477,1.55418,0,2021,3,Peralihan I
2021-03-10,7,0.66256,1.55418,0,2021,3,Peralihan I
2021-03-11,7,0.62329,1.55418,0,2021,3,Peralihan I
2021-03-12,7,0.60691,1.55418,0,2021,3,Peralihan I
2021-03-13,7,0.50236,1.55418,0,2021,3,Peralihan I
2021-03-14,7,0.45269,1.55418,0,2021,3,Peralihan I
2021-03-15,7,0.48138,1.55418,0,2021,3,Peralihan I
2021-03-16,7,0.55499,1.55418,0,2021,3,Peralihan I
2021-03-17,7,0.44687,1.55418,0,2021,3,Peralihan I
2021-03-18,7,0.41449,1.55418,0,2021,3,Peralihan I
2021-03-19,7,0.43486,1.55418,0,2021,3,Peralihan I
2021-03-20,7,0.64472,1.55418,0,2021,3,Peralihan I
2021-03-21,7,0.86972,1.55418,0,2021,3,Peralihan I
2021-03-22,7,0.78494,1.55418,0,2021,3,Peralihan I
2021-03-23,7,0.54454,1.55418,0,2021,3,Peralihan I
2021-03-24,7,0.50348,1.55418,0,2021,3,Peralihan I
2021-03-25,7,0.49371,1.55418,0,2021,3,Peralihan I
2021-03-26,7,0.43355,1.55418,0,2021,3,Peralihan I
2021-03-27,7,0.39465,1.55418,0,2021,3,Peralihan I
2021-03-28,7,0.65540,1.55418,0,2021,3,Peralihan I
2021-03-29,7,1.10314,1.55418,0,2021,3,Peralihan I
2021-03-30,7,1.25704,1.55418,0,2021,3,Peralihan I
2021-03-31,7,1.40364,1.55418,0,2021,3,Peralihan I
2021-04-01,7,1.62616,1.55418,1,2021,4,Peralihan I
2021-04-02,7,1.14434,1.55418,0,2021,4,Peralihan I
2021-04-03,7,1.35780,1.55418,0,2021,4,Peralihan I
2021-04-04,7,1.33970,1.55418,0,2021,4,Peralihan I
2021-04-05,7,1.34726,1.55418,0,2021,4,Peralihan I
2021-04-06,7,1.00391,1.55418,0,2021,4,Peralihan I
2021-04-07,7,0.71870,1.55418,0,2021,4,Peralihan I
2021-04-08,7,0.65266,1.55418,0,2021,4,Peralihan I
2021-04-09,7,0.77073,1.55418,0,2021,4,Peralihan I
2021-04-10,7,0.81472,1.55418,0,2021,4,Peralihan I
2021-04-11,7,0.72101,1.55418,0,2021,4,Peralihan I
2021-04-12,7,0.70133,1.55418,0,2021,4,Peralihan I
2021-04-13,7,0.58898,1.55418,0,2021,4,Peralihan I
2021-04-14,7,0.56070,1.55418,0,2021,4,Peralihan I
2021-04-15,7,0.55030,1.55418,0,2021,4,Peralihan I
2021-04-16,7,0.55721,1.55418,0,2021,4,Peralihan I
2021-04-17,7,0.98539,1.55418,0,2021,4,Peralihan I
2021-04-18,7,1.18598,1.55418,0,2021,4,Peralihan I
2021-04-19,7,0.83347,1.55418,0,2021,4,Peralihan I
2021-04-20,7,0.53528,1.55418,0,2021,4,Peralihan I
2021-04-21,7,0.40195,1.55418,0,2021,4,Peralihan I
2021-04-22,7,0.43316,1.55418,0,2021,4,Peralihan I
2021-04-23,7,0.57433,1.55418,0,2021,4,Peralihan I
2021-04-24,7,0.95525,1.55418,0,2021,4,Peralihan I
2021-04-25,7,1.01899,1.55418,0,2021,4,Peralihan I
2021-04-26,7,0.74122,1.55418,0,2021,4,Peralihan I
2021-04-27,7,0.53039,1.55418,0,2021,4,Peralihan I
2021-04-28,7,0.52076,1.55418,0,2021,4,Peralihan I
2021-04-29,7,0.58848,1.55418,0,2021,4,Peralihan I
2021-04-30,7,0.79213,1.55418,0,2021,4,Peralihan I
2021-05-01,7,0.75498,1.55418,0,2021,5,Peralihan I
2021-05-02,7,0.88350,1.55418,0,2021,5,Peralihan I
2021-05-03,7,1.02510,1.55418,0,2021,5,Peralihan I
2021-05-04,7,1.13051,1.55418,0,2021,5,Peralihan I
2021-05-05,7,1.09368,1.55418,0,2021,5,Peralihan I
2021-05-06,7,0.97117,1.55418,0,2021,5,Peralihan I
2021-05-07,7,0.85197,1.55418,0,2021,5,Peralihan I
2021-05-08,7,0.70898,1.55418,0,2021,5,Peralihan I
2021-05-09,7,0.56422,1.55418,0,2021,5,Peralihan I
2021-05-10,7,0.63574,1.55418,0,2021,5,Peralihan I
2021-05-11,7,0.89429,1.55418,0,2021,5,Peralihan I
2021-05-12,7,1.26421,1.55418,0,2021,5,Peralihan I
2021-05-13,7,1.44430,1.55418,0,2021,5,Peralihan I
2021-05-14,7,1.35690,1.55418,0,2021,5,Peralihan I
2021-05-15,7,1.32845,1.55418,0,2021,5,Peralihan I
2021-05-16,7,1.45332,1.55418,0,2021,5,Peralihan I
2021-05-17,7,1.39442,1.55418,0,2021,5,Peralihan I
2021-05-18,7,1.32772,1.55418,0,2021,5,Peralihan I
2021-05-19,7,1.21733,1.55418,0,2021,5,Peralihan I
2021-05-20,7,1.06443,1.55418,0,2021,5,Peralihan I
2021-05-21,7,0.97561,1.55418,0,2021,5,Peralihan I
2021-05-22,7,0.89926,1.55418,0,2021,5,Peralihan I
2021-05-23,7,0.74497,1.55418,0,2021,5,Peralihan I
2021-05-24,7,0.84526,1.55418,0,2021,5,Peralihan I
2021-05-25,7,0.96051,1.55418,0,2021,5,Peralihan I
2021-05-26,7,1.28819,1.55418,0,2021,5,Peralihan I
2021-05-27,7,1.72832,1.55418,1,2021,5,Peralihan I
2021-05-28,7,1.78827,1.55418,1,2021,5,Peralihan I
2021-05-29,7,1.49255,1.55418,0,2021,5,Peralihan I
2021-05-30,7,1.07525,1.55418,0,2021,5,Peralihan I
2021-05-31,7,0.89046,1.55418,0,2021,5,Peralihan I
2021-06-01,7,0.81503,1.55418,0,2021,6,Timur
2021-06-02,7,0.78391,1.55418,0,2021,6,Timur
2021-06-03,7,0.75190,1.55418,0,2021,6,Timur
2021-06-04,7,0.92561,1.55418,0,2021,6,Timur
2021-06-05,7,1.53057,1.55418,0,2021,6,Timur
2021-06-06,7,1.41520,1.55418,0,2021,6,Timur
2021-06-07,7,0.94296,1.55418,0,2021,6,Timur
2021-06-08,7,0.76801,1.55418,0,2021,6,Timur
2021-06-09,7,0.86998,1.55418,0,2021,6,Timur
2021-06-10,7,1.32273,1.55418,0,2021,6,Timur
2021-06-11,7,1.23825,1.55418,0,2021,6,Timur
2021-06-12,7,0.91843,1.55418,0,2021,6,Timur
2021-06-13,7,0.66499,1.55418,0,2021,6,Timur
2021-06-14,7,0.56175,1.55418,0,2021,6,Timur
2021-06-15,7,0.47393,1.55418,0,2021,6,Timur
2021-06-16,7,0.47210,1.55418,0,2021,6,Timur
2021-06-17,7,0.70572,1.55418,0,2021,6,Timur
2021-06-18,7,1.03863,1.55418,0,2021,6,Timur
2021-06-19,7,1.55085,1.55418,0,2021,6,Timur
2021-06-20,7,1.48971,1.55418,0,2021,6,Timur
2021-06-21,7,1.17789,1.55418,0,2021,6,Timur
2021-06-22,7,0.90003,1.55418,0,2021,6,Timur
2021-06-23,7,0.73927,1.55418,0,2021,6,Timur
2021-06-24,7,0.78807,1.55418,0,2021,6,Timur
2021-06-25,7,1.12170,1.55418,0,2021,6,Timur
2021-06-26,7,1.51287,1.55418,0,2021,6,Timur
2021-06-27,7,1.74948,1.55418,1,2021,6,Timur
2021-06-28,7,1.52045,1.55418,0,2021,6,Timur
2021-06-29,7,1.16065,1.55418,0,2021,6,Timur
2021-06-30,7,1.16037,1.55418,0,2021,6,Timur
2021-07-01,7,1.23499,1.55418,0,2021,7,Timur
2021-07-02,7,1.36674,1.55418,0,2021,7,Timur
2021-07-03,7,1.71906,1.55418,1,2021,7,Timur
2021-07-04,7,1.57419,1.55418,1,2021,7,Timur
2021-07-05,7,1.38574,1.55418,0,2021,7,Timur
2021-07-06,7,1.15163,1.55418,0,2021,7,Timur
2021-07-07,7,0.88021,1.55418,0,2021,7,Timur
2021-07-08,7,0.76348,1.55418,0,2021,7,Timur
2021-07-09,7,0.76028,1.55418,0,2021,7,Timur
2021-07-10,7,1.02615,1.55418,0,2021,7,Timur
2021-07-11,7,1.09044,1.55418,0,2021,7,Timur
2021-07-12,7,1.02531,1.55418,0,2021,7,Timur
2021-07-13,7,1.15102,1.55418,0,2021,7,Timur
2021-07-14,7,0.99181,1.55418,0,2021,7,Timur
2021-07-15,7,0.89380,1.55418,0,2021,7,Timur
2021-07-16,7,0.92433,1.55418,0,2021,7,Timur
2021-07-17,7,1.07801,1.55418,0,2021,7,Timur
2021-07-18,7,0.91007,1.55418,0,2021,7,Timur
2021-07-19,7,0.97116,1.55418,0,2021,7,Timur
2021-07-20,7,1.02234,1.55418,0,2021,7,Timur
2021-07-21,7,0.97514,1.55418,0,2021,7,Timur
2021-07-22,7,0.76787,1.55418,0,2021,7,Timur
2021-07-23,7,0.62071,1.55418,0,2021,7,Timur
2021-07-24,7,0.58248,1.55418,0,2021,7,Timur
2021-07-25,7,0.58603,1.55418,0,2021,7,Timur
2021-07-26,7,0.75832,1.55418,0,2021,7,Timur
2021-07-27,7,0.84005,1.55418,0,2021,7,Timur
2021-07-28,7,0.80231,1.55418,0,2021,7,Timur
2021-07-29,7,0.75607,1.55418,0,2021,7,Timur
2021-07-30,7,0.67525,1.55418,0,2021,7,Timur
2021-07-31,7,0.63619,1.55418,0,2021,7,Timur
2021-08-01,7,0.70518,1.55418,0,2021,8,Timur
2021-08-02,7,0.93714,1.55418,0,2021,8,Timur
2021-08-03,7,1.00318,1.55418,0,2021,8,Timur
2021-08-04,7,1.14313,1.55418,0,2021,8,Timur
2021-08-05,7,1.71546,1.55418,1,2021,8,Timur
2021-08-06,7,1.80916,1.55418,1,2021,8,Timur
2021-08-07,7,1.62549,1.55418,1,2021,8,Timur
2021-08-08,7,1.23265,1.55418,0,2021,8,Timur
2021-08-09,7,1.10522,1.55418,0,2021,8,Timur
2021-08-10,7,0.91827,1.55418,0,2021,8,Timur
2021-08-11,7,0.83123,1.55418,0,2021,8,Timur
2021-08-12,7,1.04178,1.55418,0,2021,8,Timur
2021-08-13,7,1.25718,1.55418,0,2021,8,Timur
2021-08-14,7,1.19653,1.55418,0,2021,8,Timur
2021-08-15,7,1.13778,1.55418,0,2021,8,Timur
2021-08-16,7,1.29662,1.55418,0,2021,8,Timur
2021-08-17,7,1.62786,1.55418,1,2021,8,Timur
2021-08-18,7,1.25548,1.55418,0,2021,8,Timur
2021-08-19,7,0.88735,1.55418,0,2021,8,Timur
2021-08-20,7,0.81373,1.55418,0,2021,8,Timur
2021-08-21,7,0.79016,1.55418,0,2021,8,Timur
2021-08-22,7,0.73278,1.55418,0,2021,8,Timur
2021-08-23,7,0.71904,1.55418,0,2021,8,Timur
2021-08-24,7,0.68233,1.55418,0,2021,8,Timur
2021-08-25,7,1.04707,1.55418,0,2021,8,Timur
2021-08-26,7,1.08852,1.55418,0,2021,8,Timur
2021-08-27,7,0.94691,1.55418,0,2021,8,Timur
2021-08-28,7,0.80100,1.55418,0,2021,8,Timur
2021-08-29,7,0.84085,1.55418,0,2021,8,Timur
2021-08-30,7,0.80957,1.55418,0,2021,8,Timur
2021-08-31,7,0.66868,1.55418,0,2021,8,Timur
2021-09-01,7,0.67787,1.55418,0,2021,9,Peralihan II
2021-09-02,7,0.74636,1.55418,0,2021,9,Peralihan II
2021-09-03,7,0.84065,1.55418,0,2021,9,Peralihan II
2021-09-04,7,0.88138,1.55418,0,2021,9,Peralihan II
2021-09-05,7,1.37405,1.55418,0,2021,9,Peralihan II
2021-09-06,7,1.96701,1.55418,1,2021,9,Peralihan II
2021-09-07,7,2.17437,1.55418,1,2021,9,Peralihan II
2021-09-08,7,2.00208,1.55418,1,2021,9,Peralihan II
2021-09-09,7,1.84288,1.55418,1,2021,9,Peralihan II
2021-09-10,7,1.60229,1.55418,1,2021,9,Peralihan II
2021-09-11,7,1.13470,1.55418,0,2021,9,Peralihan II
2021-09-12,7,0.85204,1.55418,0,2021,9,Peralihan II
2021-09-13,7,0.70804,1.55418,0,2021,9,Peralihan II
2021-09-14,7,0.71165,1.55418,0,2021,9,Peralihan II
2021-09-15,7,0.66315,1.55418,0,2021,9,Peralihan II
2021-09-16,7,0.71270,1.55418,0,2021,9,Peralihan II
2021-09-17,7,0.87598,1.55418,0,2021,9,Peralihan II
2021-09-18,7,0.98758,1.55418,0,2021,9,Peralihan II
2021-09-19,7,1.14556,1.55418,0,2021,9,Peralihan II
2021-09-20,7,1.10489,1.55418,0,2021,9,Peralihan II
2021-09-21,7,0.97718,1.55418,0,2021,9,Peralihan II
2021-09-22,7,1.53484,1.55418,0,2021,9,Peralihan II
2021-09-23,7,1.59030,1.55418,1,2021,9,Peralihan II
2021-09-24,7,0.98944,1.55418,0,2021,9,Peralihan II
2021-09-25,7,0.61330,1.55418,0,2021,9,Peralihan II
2021-09-26,7,0.67515,1.55418,0,2021,9,Peralihan II
2021-09-27,7,0.62078,1.55418,0,2021,9,Peralihan II
2021-09-28,7,0.61975,1.55418,0,2021,9,Peralihan II
2021-09-29,7,0.60897,1.55418,0,2021,9,Peralihan II
2021-09-30,7,0.63117,1.55418,0,2021,9,Peralihan II
2021-10-01,7,0.72686,1.55418,0,2021,10,Peralihan II
2021-10-02,7,0.79395,1.55418,0,2021,10,Peralihan II
2021-10-03,7,0.97007,1.55418,0,2021,10,Peralihan II
2021-10-04,7,1.27552,1.55418,0,2021,10,Peralihan II
2021-10-05,7,1.34790,1.55418,0,2021,10,Peralihan II
2021-10-06,7,1.06405,1.55418,0,2021,10,Peralihan II
2021-10-07,7,0.82170,1.55418,0,2021,10,Peralihan II
2021-10-08,7,0.72434,1.55418,0,2021,10,Peralihan II
2021-10-09,7,0.73515,1.55418,0,2021,10,Peralihan II
2021-10-10,7,0.70281,1.55418,0,2021,10,Peralihan II
2021-10-11,7,0.71557,1.55418,0,2021,10,Peralihan II
2021-10-12,7,0.67300,1.55418,0,2021,10,Peralihan II
2021-10-13,7,0.60399,1.55418,0,2021,10,Peralihan II
2021-10-14,7,0.55389,1.55418,0,2021,10,Peralihan II
2021-10-15,7,0.52612,1.55418,0,2021,10,Peralihan II
2021-10-16,7,0.51374,1.55418,0,2021,10,Peralihan II
2021-10-17,7,0.46682,1.55418,0,2021,10,Peralihan II
2021-10-18,7,0.41928,1.55418,0,2021,10,Peralihan II
2021-10-19,7,0.52005,1.55418,0,2021,10,Peralihan II
2021-10-20,7,0.64646,1.55418,0,2021,10,Peralihan II
2021-10-21,7,0.72150,1.55418,0,2021,10,Peralihan II
2021-10-22,7,0.86531,1.55418,0,2021,10,Peralihan II
2021-10-23,7,0.83759,1.55418,0,2021,10,Peralihan II
2021-10-24,7,0.69365,1.55418,0,2021,10,Peralihan II
2021-10-25,7,0.60814,1.55418,0,2021,10,Peralihan II
2021-10-26,7,0.62389,1.55418,0,2021,10,Peralihan II
2021-10-27,7,0.60330,1.55418,0,2021,10,Peralihan II
2021-10-28,7,0.55225,1.55418,0,2021,10,Peralihan II
2021-10-29,7,0.62840,1.55418,0,2021,10,Peralihan II
2021-10-30,7,0.60937,1.55418,0,2021,10,Peralihan II
2021-10-31,7,0.53509,1.55418,0,2021,10,Peralihan II
2021-11-01,7,0.55486,1.55418,0,2021,11,Peralihan II
2021-11-02,7,0.58133,1.55418,0,2021,11,Peralihan II
2021-11-03,7,0.64939,1.55418,0,2021,11,Peralihan II
2021-11-04,7,0.77187,1.55418,0,2021,11,Peralihan II
2021-11-05,7,0.72148,1.55418,0,2021,11,Peralihan II
2021-11-06,7,0.58676,1.55418,0,2021,11,Peralihan II
2021-11-07,7,0.48240,1.55418,0,2021,11,Peralihan II
2021-11-08,7,0.41399,1.55418,0,2021,11,Peralihan II
2021-11-09,7,0.44103,1.55418,0,2021,11,Peralihan II
2021-11-10,7,0.58939,1.55418,0,2021,11,Peralihan II
2021-11-11,7,0.62833,1.55418,0,2021,11,Peralihan II
2021-11-12,7,0.69803,1.55418,0,2021,11,Peralihan II
2021-11-13,7,0.67039,1.55418,0,2021,11,Peralihan II
2021-11-14,7,0.53786,1.55418,0,2021,11,Peralihan II
2021-11-15,7,0.54557,1.55418,0,2021,11,Peralihan II
2021-11-16,7,0.66553,1.55418,0,2021,11,Peralihan II
2021-11-17,7,0.64298,1.55418,0,2021,11,Peralihan II
2021-11-18,7,0.48602,1.55418,0,2021,11,Peralihan II
2021-11-19,7,0.48526,1.55418,0,2021,11,Peralihan II
2021-11-20,7,0.47798,1.55418,0,2021,11,Peralihan II
2021-11-21,7,0.52252,1.55418,0,2021,11,Peralihan II
2021-11-22,7,0.52750,1.55418,0,2021,11,Peralihan II
2021-11-23,7,0.51549,1.55418,0,2021,11,Peralihan II
2021-11-24,7,0.48769,1.55418,0,2021,11,Peralihan II
2021-11-25,7,0.41589,1.55418,0,2021,11,Peralihan II
2021-11-26,7,0.41127,1.55418,0,2021,11,Peralihan II
2021-11-27,7,0.44746,1.55418,0,2021,11,Peralihan II
2021-11-28,7,0.43633,1.55418,0,2021,11,Peralihan II
2021-11-29,7,0.41808,1.55418,0,2021,11,Peralihan II
2021-11-30,7,0.50516,1.55418,0,2021,11,Peralihan II
2021-12-01,7,0.64396,1.55418,0,2021,12,Barat
2021-12-02,7,0.81681,1.55418,0,2021,12,Barat
2021-12-03,7,0.66657,1.55418,0,2021,12,Barat
2021-12-04,7,0.61449,1.55418,0,2021,12,Barat
2021-12-05,7,0.70552,1.55418,0,2021,12,Barat
2021-12-06,7,0.76898,1.55418,0,2021,12,Barat
2021-12-07,7,0.67899,1.55418,0,2021,12,Barat
2021-12-08,7,0.54857,1.55418,0,2021,12,Barat
2021-12-09,7,0.56425,1.55418,0,2021,12,Barat
2021-12-10,7,0.50233,1.55418,0,2021,12,Barat
2021-12-11,7,0.48087,1.55418,0,2021,12,Barat
2021-12-12,7,0.54412,1.55418,0,2021,12,Barat
2021-12-13,7,0.65659,1.55418,0,2021,12,Barat
2021-12-14,7,0.71144,1.55418,0,2021,12,Barat
2021-12-15,7,0.69881,1.55418,0,2021,12,Barat
2021-12-16,7,0.68706,1.55418,0,2021,12,Barat
2021-12-17,7,0.69095,1.55418,0,2021,12,Barat
2021-12-18,7,0.57148,1.55418,0,2021,12,Barat
2021-12-19,7,0.52095,1.55418,0,2021,12,Barat
2021-12-20,7,0.57770,1.55418,0,2021,12,Barat
2021-12-21,7,0.81237,1.55418,0,2021,12,Barat
2021-12-22,7,1.08616,1.55418,0,2021,12,Barat
2021-12-23,7,0.94378,1.55418,0,2021,12,Barat
2021-12-24,7,1.10825,1.55418,0,2021,12,Barat
2021-12-25,7,1.79877,1.55418,1,2021,12,Barat
2021-12-26,7,2.20443,1.55418,1,2021,12,Barat
2021-12-27,7,2.38650,1.55418,1,2021,12,Barat
2021-12-28,7,2.11752,1.55418,1,2021,12,Barat
2021-12-29,7,1.59796,1.55418,1,2021,12,Barat
2021-12-30,7,1.18637,1.55418,0,2021,12,Barat
2021-12-31,7,0.99634,1.55418,0,2021,12,Barat
2022-01-01,7,0.88462,1.55418,0,2022,1,Barat
2022-01-02,7,0.87954,1.55418,0,2022,1,Barat
2022-01-03,7,0.82578,1.55418,0,2022,1,Barat
2022-01-04,7,1.09174,1.55418,0,2022,1,Barat
2022-01-05,7,1.23980,1.55418,0,2022,1,Barat
2022-01-06,7,1.08053,1.55418,0,2022,1,Barat
2022-01-07,7,0.81737,1.55418,0,2022,1,Barat
2022-01-08,7,0.76966,1.55418,0,2022,1,Barat
2022-01-09,7,0.76593,1.55418,0,2022,1,Barat
2022-01-10,7,0.52126,1.55418,0,2022,1,Barat
2022-01-11,7,0.91155,1.55418,0,2022,1,Barat
2022-01-12,7,1.23730,1.55418,0,2022,1,Barat
2022-01-13,7,1.47036,1.55418,0,2022,1,Barat
2022-01-14,7,1.54868,1.55418,0,2022,1,Barat
2022-01-15,7,1.57547,1.55418,1,2022,1,Barat
2022-01-16,7,1.59088,1.55418,1,2022,1,Barat
2022-01-17,7,1.38131,1.55418,0,2022,1,Barat
2022-01-18,7,1.27426,1.55418,0,2022,1,Barat
2022-01-19,7,1.01437,1.55418,0,2022,1,Barat
2022-01-20,7,0.80410,1.55418,0,2022,1,Barat
2022-01-21,7,0.81794,1.55418,0,2022,1,Barat
2022-01-22,7,0.96406,1.55418,0,2022,1,Barat
2022-01-23,7,1.04143,1.55418,0,2022,1,Barat
2022-01-24,7,1.10462,1.55418,0,2022,1,Barat
2022-01-25,7,1.13632,1.55418,0,2022,1,Barat
2022-01-26,7,1.47557,1.55418,0,2022,1,Barat
2022-01-27,7,1.43214,1.55418,0,2022,1,Barat
2022-01-28,7,1.76019,1.55418,1,2022,1,Barat
2022-01-29,7,1.92403,1.55418,1,2022,1,Barat
2022-01-30,7,2.44120,1.55418,1,2022,1,Barat
2022-01-31,7,2.51846,1.55418,1,2022,1,Barat
2022-02-01,7,2.47042,1.55418,1,2022,2,Barat
2022-02-02,7,2.14461,1.55418,1,2022,2,Barat
2022-02-03,7,1.79164,1.55418,1,2022,2,Barat
2022-02-04,7,1.40930,1.55418,0,2022,2,Barat
2022-02-05,7,1.03671,1.55418,0,2022,2,Barat
2022-02-06,7,0.79480,1.55418,0,2022,2,Barat
2022-02-07,7,0.64913,1.55418,0,2022,2,Barat
2022-02-08,7,0.69646,1.55418,0,2022,2,Barat
2022-02-09,7,0.75786,1.55418,0,2022,2,Barat
2022-02-10,7,0.70695,1.55418,0,2022,2,Barat
2022-02-11,7,0.64931,1.55418,0,2022,2,Barat
2022-02-12,7,0.60802,1.55418,0,2022,2,Barat
2022-02-13,7,0.56129,1.55418,0,2022,2,Barat
2022-02-14,7,0.55219,1.55418,0,2022,2,Barat
2022-02-15,7,0.60448,1.55418,0,2022,2,Barat
2022-02-16,7,0.53330,1.55418,0,2022,2,Barat
2022-02-17,7,0.53116,1.55418,0,2022,2,Barat
2022-02-18,7,0.44426,1.55418,0,2022,2,Barat
2022-02-19,7,0.45449,1.55418,0,2022,2,Barat
2022-02-20,7,0.48588,1.55418,0,2022,2,Barat
2022-02-21,7,0.74406,1.55418,0,2022,2,Barat
2022-02-22,7,1.11405,1.55418,0,2022,2,Barat
2022-02-23,7,1.83799,1.55418,1,2022,2,Barat
2022-02-24,7,1.74008,1.55418,1,2022,2,Barat
2022-02-25,7,2.93623,1.55418,1,2022,2,Barat
2022-02-26,7,3.71482,1.55418,1,2022,2,Barat
2022-02-27,7,2.96039,1.55418,1,2022,2,Barat
2022-02-28,7,2.06812,1.55418,1,2022,2,Barat
2022-03-01,7,1.34046,1.55418,0,2022,3,Peralihan I
2022-03-02,7,1.00129,1.55418,0,2022,3,Peralihan I
2022-03-03,7,0.86257,1.55418,0,2022,3,Peralihan I
2022-03-04,7,0.87152,1.55418,0,2022,3,Peralihan I
2022-03-05,7,0.87801,1.55418,0,2022,3,Peralihan I
2022-03-06,7,0.79298,1.55418,0,2022,3,Peralihan I
2022-03-07,7,0.57653,1.55418,0,2022,3,Peralihan I
2022-03-08,7,0.47277,1.55418,0,2022,3,Peralihan I
2022-03-09,7,0.47402,1.55418,0,2022,3,Peralihan I
2022-03-10,7,0.42597,1.55418,0,2022,3,Peralihan I
2022-03-11,7,0.34382,1.55418,0,2022,3,Peralihan I
2022-03-12,7,0.38047,1.55418,0,2022,3,Peralihan I
2022-03-13,7,0.34455,1.55418,0,2022,3,Peralihan I
2022-03-14,7,0.33858,1.55418,0,2022,3,Peralihan I
2022-03-15,7,0.37422,1.55418,0,2022,3,Peralihan I
2022-03-16,7,0.60968,1.55418,0,2022,3,Peralihan I
2022-03-17,7,0.98800,1.55418,0,2022,3,Peralihan I
2022-03-18,7,0.62708,1.55418,0,2022,3,Peralihan I
2022-03-19,7,0.40502,1.55418,0,2022,3,Peralihan I
2022-03-20,7,0.37515,1.55418,0,2022,3,Peralihan I
2022-03-21,7,0.48775,1.55418,0,2022,3,Peralihan I
2022-03-22,7,0.58304,1.55418,0,2022,3,Peralihan I
2022-03-23,7,0.75124,1.55418,0,2022,3,Peralihan I
2022-03-24,7,0.81137,1.55418,0,2022,3,Peralihan I
2022-03-25,7,0.61031,1.55418,0,2022,3,Peralihan I
2022-03-26,7,0.66445,1.55418,0,2022,3,Peralihan I
2022-03-27,7,0.56376,1.55418,0,2022,3,Peralihan I
2022-03-28,7,0.51642,1.55418,0,2022,3,Peralihan I
2022-03-29,7,0.49255,1.55418,0,2022,3,Peralihan I
2022-03-30,7,0.47549,1.55418,0,2022,3,Peralihan I
2022-03-31,7,0.45813,1.55418,0,2022,3,Peralihan I
2022-04-01,7,0.50721,1.55418,0,2022,4,Peralihan I
2022-04-02,7,0.66074,1.55418,0,2022,4,Peralihan I
2022-04-03,7,0.58397,1.55418,0,2022,4,Peralihan I
2022-04-04,7,0.42545,1.55418,0,2022,4,Peralihan I
2022-04-05,7,0.41864,1.55418,0,2022,4,Peralihan I
2022-04-06,7,0.56381,1.55418,0,2022,4,Peralihan I
2022-04-07,7,0.50802,1.55418,0,2022,4,Peralihan I
2022-04-08,7,0.47042,1.55418,0,2022,4,Peralihan I
2022-04-09,7,0.53858,1.55418,0,2022,4,Peralihan I
2022-04-10,7,0.52883,1.55418,0,2022,4,Peralihan I
2022-04-11,7,0.58615,1.55418,0,2022,4,Peralihan I
2022-04-12,7,0.68035,1.55418,0,2022,4,Peralihan I
2022-04-13,7,0.70666,1.55418,0,2022,4,Peralihan I
2022-04-14,7,0.74854,1.55418,0,2022,4,Peralihan I
2022-04-15,7,0.61059,1.55418,0,2022,4,Peralihan I
2022-04-16,7,0.49569,1.55418,0,2022,4,Peralihan I
2022-04-17,7,0.43475,1.55418,0,2022,4,Peralihan I
2022-04-18,7,0.38933,1.55418,0,2022,4,Peralihan I
2022-04-19,7,0.42138,1.55418,0,2022,4,Peralihan I
2022-04-20,7,0.52638,1.55418,0,2022,4,Peralihan I
2022-04-21,7,0.64877,1.55418,0,2022,4,Peralihan I
2022-04-22,7,0.79017,1.55418,0,2022,4,Peralihan I
2022-04-23,7,0.66734,1.55418,0,2022,4,Peralihan I
2022-04-24,7,0.52468,1.55418,0,2022,4,Peralihan I
2022-04-25,7,0.44304,1.55418,0,2022,4,Peralihan I
2022-04-26,7,0.37491,1.55418,0,2022,4,Peralihan I
2022-04-27,7,0.38900,1.55418,0,2022,4,Peralihan I
2022-04-28,7,0.38515,1.55418,0,2022,4,Peralihan I
2022-04-29,7,0.40974,1.55418,0,2022,4,Peralihan I
2022-04-30,7,0.56393,1.55418,0,2022,4,Peralihan I
2022-05-01,7,0.68808,1.55418,0,2022,5,Peralihan I
2022-05-02,7,1.15075,1.55418,0,2022,5,Peralihan I
2022-05-03,7,0.94710,1.55418,0,2022,5,Peralihan I
2022-05-04,7,0.76824,1.55418,0,2022,5,Peralihan I
2022-05-05,7,0.93960,1.55418,0,2022,5,Peralihan I
2022-05-06,7,1.21832,1.55418,0,2022,5,Peralihan I
2022-05-07,7,1.87045,1.55418,1,2022,5,Peralihan I
2022-05-08,7,1.67370,1.55418,1,2022,5,Peralihan I
2022-05-09,7,1.45109,1.55418,0,2022,5,Peralihan I
2022-05-10,7,1.32090,1.55418,0,2022,5,Peralihan I
2022-05-11,7,0.84574,1.55418,0,2022,5,Peralihan I
2022-05-12,7,0.50008,1.55418,0,2022,5,Peralihan I
2022-05-13,7,0.42988,1.55418,0,2022,5,Peralihan I
2022-05-14,7,0.44819,1.55418,0,2022,5,Peralihan I
2022-05-15,7,0.47569,1.55418,0,2022,5,Peralihan I
2022-05-16,7,0.50491,1.55418,0,2022,5,Peralihan I
2022-05-17,7,0.59093,1.55418,0,2022,5,Peralihan I
2022-05-18,7,0.88299,1.55418,0,2022,5,Peralihan I
2022-05-19,7,0.84638,1.55418,0,2022,5,Peralihan I
2022-05-20,7,0.82615,1.55418,0,2022,5,Peralihan I
2022-05-21,7,1.09948,1.55418,0,2022,5,Peralihan I
2022-05-22,7,1.32765,1.55418,0,2022,5,Peralihan I
2022-05-23,7,1.13375,1.55418,0,2022,5,Peralihan I
2022-05-24,7,0.82579,1.55418,0,2022,5,Peralihan I
2022-05-25,7,0.81086,1.55418,0,2022,5,Peralihan I
2022-05-26,7,0.89449,1.55418,0,2022,5,Peralihan I
2022-05-27,7,1.03335,1.55418,0,2022,5,Peralihan I
2022-05-28,7,0.97730,1.55418,0,2022,5,Peralihan I
2022-05-29,7,0.79201,1.55418,0,2022,5,Peralihan I
2022-05-30,7,0.58660,1.55418,0,2022,5,Peralihan I
2022-05-31,7,0.47136,1.55418,0,2022,5,Peralihan I
2022-06-01,7,0.58855,1.55418,0,2022,6,Timur
2022-06-02,7,0.66656,1.55418,0,2022,6,Timur
2022-06-03,7,0.65787,1.55418,0,2022,6,Timur
2022-06-04,7,0.62784,1.55418,0,2022,6,Timur
2022-06-05,7,0.60711,1.55418,0,2022,6,Timur
2022-06-06,7,0.60041,1.55418,0,2022,6,Timur
2022-06-07,7,0.58272,1.55418,0,2022,6,Timur
2022-06-08,7,1.20100,1.55418,0,2022,6,Timur
2022-06-09,7,1.63747,1.55418,1,2022,6,Timur
2022-06-10,7,1.80347,1.55418,1,2022,6,Timur
2022-06-11,7,1.66514,1.55418,1,2022,6,Timur
2022-06-12,7,1.45196,1.55418,0,2022,6,Timur
2022-06-13,7,1.45603,1.55418,0,2022,6,Timur
2022-06-14,7,1.38780,1.55418,0,2022,6,Timur
2022-06-15,7,1.24845,1.55418,0,2022,6,Timur
2022-06-16,7,1.31822,1.55418,0,2022,6,Timur
2022-06-17,7,1.50099,1.55418,0,2022,6,Timur
2022-06-18,7,1.26581,1.55418,0,2022,6,Timur
2022-06-19,7,1.02285,1.55418,0,2022,6,Timur
2022-06-20,7,0.95327,1.55418,0,2022,6,Timur
2022-06-21,7,1.29731,1.55418,0,2022,6,Timur
2022-06-22,7,1.94906,1.55418,1,2022,6,Timur
2022-06-23,7,1.91434,1.55418,1,2022,6,Timur
2022-06-24,7,1.58014,1.55418,1,2022,6,Timur
2022-06-25,7,1.30575,1.55418,0,2022,6,Timur
2022-06-26,7,1.36632,1.55418,0,2022,6,Timur
2022-06-27,7,1.72081,1.55418,1,2022,6,Timur
2022-06-28,7,1.81064,1.55418,1,2022,6,Timur
2022-06-29,7,2.03059,1.55418,1,2022,6,Timur
2022-06-30,7,2.00230,1.55418,1,2022,6,Timur
2022-07-01,7,2.21310,1.55418,1,2022,7,Timur
2022-07-02,7,2.16185,1.55418,1,2022,7,Timur
2022-07-03,7,1.85361,1.55418,1,2022,7,Timur
2022-07-04,7,1.92371,1.55418,1,2022,7,Timur
2022-07-05,7,1.84417,1.55418,1,2022,7,Timur
2022-07-06,7,1.39850,1.55418,0,2022,7,Timur
2022-07-07,7,1.15911,1.55418,0,2022,7,Timur
2022-07-08,7,1.32613,1.55418,0,2022,7,Timur
2022-07-09,7,1.35807,1.55418,0,2022,7,Timur
2022-07-10,7,1.37377,1.55418,0,2022,7,Timur
2022-07-11,7,1.22199,1.55418,0,2022,7,Timur
2022-07-12,7,1.27389,1.55418,0,2022,7,Timur
2022-07-13,7,1.41104,1.55418,0,2022,7,Timur
2022-07-14,7,1.73397,1.55418,1,2022,7,Timur
2022-07-15,7,1.57718,1.55418,1,2022,7,Timur
2022-07-16,7,1.41273,1.55418,0,2022,7,Timur
2022-07-17,7,1.21032,1.55418,0,2022,7,Timur
2022-07-18,7,1.06455,1.55418,0,2022,7,Timur
2022-07-19,7,0.76062,1.55418,0,2022,7,Timur
2022-07-20,7,0.78991,1.55418,0,2022,7,Timur
2022-07-21,7,0.90200,1.55418,0,2022,7,Timur
2022-07-22,7,0.89379,1.55418,0,2022,7,Timur
2022-07-23,7,0.83642,1.55418,0,2022,7,Timur
2022-07-24,7,0.65876,1.55418,0,2022,7,Timur
2022-07-25,7,0.69243,1.55418,0,2022,7,Timur
2022-07-26,7,0.88699,1.55418,0,2022,7,Timur
2022-07-27,7,1.51571,1.55418,0,2022,7,Timur
2022-07-28,7,1.60425,1.55418,1,2022,7,Timur
2022-07-29,7,1.27667,1.55418,0,2022,7,Timur
2022-07-30,7,1.04372,1.55418,0,2022,7,Timur
2022-07-31,7,0.88986,1.55418,0,2022,7,Timur
2022-08-01,7,0.80454,1.55418,0,2022,8,Timur
2022-08-02,7,0.73022,1.55418,0,2022,8,Timur
2022-08-03,7,0.64978,1.55418,0,2022,8,Timur
2022-08-04,7,0.70647,1.55418,0,2022,8,Timur
2022-08-05,7,0.77392,1.55418,0,2022,8,Timur
2022-08-06,7,0.79402,1.55418,0,2022,8,Timur
2022-08-07,7,0.71596,1.55418,0,2022,8,Timur
2022-08-08,7,0.81301,1.55418,0,2022,8,Timur
2022-08-09,7,1.02140,1.55418,0,2022,8,Timur
2022-08-10,7,0.90151,1.55418,0,2022,8,Timur
2022-08-11,7,0.95407,1.55418,0,2022,8,Timur
2022-08-12,7,0.97351,1.55418,0,2022,8,Timur
2022-08-13,7,0.83577,1.55418,0,2022,8,Timur
2022-08-14,7,0.86369,1.55418,0,2022,8,Timur
2022-08-15,7,1.01076,1.55418,0,2022,8,Timur
2022-08-16,7,1.13447,1.55418,0,2022,8,Timur
2022-08-17,7,1.03424,1.55418,0,2022,8,Timur
2022-08-18,7,0.94356,1.55418,0,2022,8,Timur
2022-08-19,7,0.78773,1.55418,0,2022,8,Timur
2022-08-20,7,1.43084,1.55418,0,2022,8,Timur
2022-08-21,7,1.70219,1.55418,1,2022,8,Timur
2022-08-22,7,1.37058,1.55418,0,2022,8,Timur
2022-08-23,7,1.22677,1.55418,0,2022,8,Timur
2022-08-24,7,1.93827,1.55418,1,2022,8,Timur
2022-08-25,7,2.03959,1.55418,1,2022,8,Timur
2022-08-26,7,1.55470,1.55418,1,2022,8,Timur
2022-08-27,7,0.95915,1.55418,0,2022,8,Timur
2022-08-28,7,0.73313,1.55418,0,2022,8,Timur
2022-08-29,7,0.66695,1.55418,0,2022,8,Timur
2022-08-30,7,0.64295,1.55418,0,2022,8,Timur
2022-08-31,7,0.68748,1.55418,0,2022,8,Timur
2022-09-01,7,0.72944,1.55418,0,2022,9,Peralihan II
2022-09-02,7,0.84102,1.55418,0,2022,9,Peralihan II
2022-09-03,7,0.97893,1.55418,0,2022,9,Peralihan II
2022-09-04,7,0.98930,1.55418,0,2022,9,Peralihan II
2022-09-05,7,0.84016,1.55418,0,2022,9,Peralihan II
2022-09-06,7,0.62420,1.55418,0,2022,9,Peralihan II
2022-09-07,7,0.56023,1.55418,0,2022,9,Peralihan II
2022-09-08,7,0.59387,1.55418,0,2022,9,Peralihan II
2022-09-09,7,0.66160,1.55418,0,2022,9,Peralihan II
2022-09-10,7,0.72162,1.55418,0,2022,9,Peralihan II
2022-09-11,7,0.67294,1.55418,0,2022,9,Peralihan II
2022-09-12,7,0.64172,1.55418,0,2022,9,Peralihan II
2022-09-13,7,0.69290,1.55418,0,2022,9,Peralihan II
2022-09-14,7,0.72981,1.55418,0,2022,9,Peralihan II
2022-09-15,7,0.82251,1.55418,0,2022,9,Peralihan II
2022-09-16,7,0.85135,1.55418,0,2022,9,Peralihan II
2022-09-17,7,0.82189,1.55418,0,2022,9,Peralihan II
2022-09-18,7,0.68596,1.55418,0,2022,9,Peralihan II
2022-09-19,7,0.54833,1.55418,0,2022,9,Peralihan II
2022-09-20,7,0.54287,1.55418,0,2022,9,Peralihan II
2022-09-21,7,0.65719,1.55418,0,2022,9,Peralihan II
2022-09-22,7,0.79831,1.55418,0,2022,9,Peralihan II
2022-09-23,7,0.72622,1.55418,0,2022,9,Peralihan II
2022-09-24,7,0.68626,1.55418,0,2022,9,Peralihan II
2022-09-25,7,0.67325,1.55418,0,2022,9,Peralihan II
2022-09-26,7,0.65290,1.55418,0,2022,9,Peralihan II
2022-09-27,7,0.63335,1.55418,0,2022,9,Peralihan II
2022-09-28,7,0.59097,1.55418,0,2022,9,Peralihan II
2022-09-29,7,0.79752,1.55418,0,2022,9,Peralihan II
2022-09-30,7,0.83648,1.55418,0,2022,9,Peralihan II
2022-10-01,7,0.80551,1.55418,0,2022,10,Peralihan II
2022-10-02,7,0.74403,1.55418,0,2022,10,Peralihan II
2022-10-03,7,0.68502,1.55418,0,2022,10,Peralihan II
2022-10-04,7,0.49786,1.55418,0,2022,10,Peralihan II
2022-10-05,7,0.56625,1.55418,0,2022,10,Peralihan II
2022-10-06,7,0.62791,1.55418,0,2022,10,Peralihan II
2022-10-07,7,0.62979,1.55418,0,2022,10,Peralihan II
2022-10-08,7,0.58530,1.55418,0,2022,10,Peralihan II
2022-10-09,7,0.61858,1.55418,0,2022,10,Peralihan II
2022-10-10,7,0.66449,1.55418,0,2022,10,Peralihan II
2022-10-11,7,0.67870,1.55418,0,2022,10,Peralihan II
2022-10-12,7,0.66269,1.55418,0,2022,10,Peralihan II
2022-10-13,7,0.61540,1.55418,0,2022,10,Peralihan II
2022-10-14,7,0.70236,1.55418,0,2022,10,Peralihan II
2022-10-15,7,0.70644,1.55418,0,2022,10,Peralihan II
2022-10-16,7,0.62417,1.55418,0,2022,10,Peralihan II
2022-10-17,7,0.57069,1.55418,0,2022,10,Peralihan II
2022-10-18,7,0.48177,1.55418,0,2022,10,Peralihan II
2022-10-19,7,0.49687,1.55418,0,2022,10,Peralihan II
2022-10-20,7,0.49570,1.55418,0,2022,10,Peralihan II
2022-10-21,7,0.53456,1.55418,0,2022,10,Peralihan II
2022-10-22,7,0.69495,1.55418,0,2022,10,Peralihan II
2022-10-23,7,0.87286,1.55418,0,2022,10,Peralihan II
2022-10-24,7,1.09564,1.55418,0,2022,10,Peralihan II
2022-10-25,7,1.03099,1.55418,0,2022,10,Peralihan II
2022-10-26,7,0.92942,1.55418,0,2022,10,Peralihan II
2022-10-27,7,0.89688,1.55418,0,2022,10,Peralihan II
2022-10-28,7,0.83813,1.55418,0,2022,10,Peralihan II
2022-10-29,7,0.65831,1.55418,0,2022,10,Peralihan II
2022-10-30,7,0.65226,1.55418,0,2022,10,Peralihan II
2022-10-31,7,0.66013,1.55418,0,2022,10,Peralihan II
2022-11-01,7,0.63908,1.55418,0,2022,11,Peralihan II
2022-11-02,7,0.58959,1.55418,0,2022,11,Peralihan II
2022-11-03,7,0.61625,1.55418,0,2022,11,Peralihan II
2022-11-04,7,0.49200,1.55418,0,2022,11,Peralihan II
2022-11-05,7,0.49348,1.55418,0,2022,11,Peralihan II
2022-11-06,7,0.53638,1.55418,0,2022,11,Peralihan II
2022-11-07,7,0.54144,1.55418,0,2022,11,Peralihan II
2022-11-08,7,0.63353,1.55418,0,2022,11,Peralihan II
2022-11-09,7,0.67695,1.55418,0,2022,11,Peralihan II
2022-11-10,7,0.68002,1.55418,0,2022,11,Peralihan II
2022-11-11,7,0.62992,1.55418,0,2022,11,Peralihan II
2022-11-12,7,0.59704,1.55418,0,2022,11,Peralihan II
2022-11-13,7,0.59435,1.55418,0,2022,11,Peralihan II
2022-11-14,7,0.56877,1.55418,0,2022,11,Peralihan II
2022-11-15,7,0.59807,1.55418,0,2022,11,Peralihan II
2022-11-16,7,0.51737,1.55418,0,2022,11,Peralihan II
2022-11-17,7,0.44412,1.55418,0,2022,11,Peralihan II
2022-11-18,7,0.49279,1.55418,0,2022,11,Peralihan II
2022-11-19,7,0.46499,1.55418,0,2022,11,Peralihan II
2022-11-20,7,0.55217,1.55418,0,2022,11,Peralihan II
2022-11-21,7,0.67840,1.55418,0,2022,11,Peralihan II
2022-11-22,7,0.62899,1.55418,0,2022,11,Peralihan II
2022-11-23,7,0.51053,1.55418,0,2022,11,Peralihan II
2022-11-24,7,0.47281,1.55418,0,2022,11,Peralihan II
2022-11-25,7,0.39073,1.55418,0,2022,11,Peralihan II
2022-11-26,7,0.39593,1.55418,0,2022,11,Peralihan II
2022-11-27,7,0.67386,1.55418,0,2022,11,Peralihan II
2022-11-28,7,0.89511,1.55418,0,2022,11,Peralihan II
2022-11-29,7,0.94221,1.55418,0,2022,11,Peralihan II
2022-11-30,7,0.84157,1.55418,0,2022,11,Peralihan II
2022-12-01,7,0.67477,1.55418,0,2022,12,Barat
2022-12-02,7,0.53273,1.55418,0,2022,12,Barat
2022-12-03,7,0.49663,1.55418,0,2022,12,Barat
2022-12-04,7,0.59156,1.55418,0,2022,12,Barat
2022-12-05,7,0.63149,1.55418,0,2022,12,Barat
2022-12-06,7,0.66054,1.55418,0,2022,12,Barat
2022-12-07,7,0.57358,1.55418,0,2022,12,Barat
2022-12-08,7,0.49557,1.55418,0,2022,12,Barat
2022-12-09,7,0.58763,1.55418,0,2022,12,Barat
2022-12-10,7,0.56117,1.55418,0,2022,12,Barat
2022-12-11,7,0.53687,1.55418,0,2022,12,Barat
2022-12-12,7,0.55836,1.55418,0,2022,12,Barat
2022-12-13,7,0.46331,1.55418,0,2022,12,Barat
2022-12-14,7,0.49473,1.55418,0,2022,12,Barat
2022-12-15,7,0.43180,1.55418,0,2022,12,Barat
2022-12-16,7,0.42667,1.55418,0,2022,12,Barat
2022-12-17,7,0.56715,1.55418,0,2022,12,Barat
2022-12-18,7,0.60100,1.55418,0,2022,12,Barat
2022-12-19,7,0.64794,1.55418,0,2022,12,Barat
2022-12-20,7,0.94516,1.55418,0,2022,12,Barat
2022-12-21,7,1.25652,1.55418,0,2022,12,Barat
2022-12-22,7,1.41510,1.55418,0,2022,12,Barat
2022-12-23,7,1.35833,1.55418,0,2022,12,Barat
2022-12-24,7,1.20900,1.55418,0,2022,12,Barat
2022-12-25,7,1.06322,1.55418,0,2022,12,Barat
2022-12-26,7,1.15917,1.55418,0,2022,12,Barat
2022-12-27,7,1.18526,1.55418,0,2022,12,Barat
2022-12-28,7,1.83754,1.55418,1,2022,12,Barat
2022-12-29,7,2.08272,1.55418,1,2022,12,Barat
2022-12-30,7,2.89310,1.55418,1,2022,12,Barat
2022-12-31,7,3.36430,1.55418,1,2022,12,Barat
2023-01-01,7,3.26988,1.55418,1,2023,1,Barat
2023-01-02,7,3.13218,1.55418,1,2023,1,Barat
2023-01-03,7,2.57649,1.55418,1,2023,1,Barat
2023-01-04,7,2.13629,1.55418,1,2023,1,Barat
2023-01-05,7,2.06096,1.55418,1,2023,1,Barat
2023-01-06,7,2.15979,1.55418,1,2023,1,Barat
2023-01-07,7,2.11811,1.55418,1,2023,1,Barat
2023-01-08,7,1.75101,1.55418,1,2023,1,Barat
2023-01-09,7,1.24241,1.55418,0,2023,1,Barat
2023-01-10,7,1.00643,1.55418,0,2023,1,Barat
2023-01-11,7,0.93794,1.55418,0,2023,1,Barat
2023-01-12,7,0.76188,1.55418,0,2023,1,Barat
2023-01-13,7,0.69062,1.55418,0,2023,1,Barat
2023-01-14,7,0.74573,1.55418,0,2023,1,Barat
2023-01-15,7,0.86705,1.55418,0,2023,1,Barat
2023-01-16,7,0.85764,1.55418,0,2023,1,Barat
2023-01-17,7,0.79519,1.55418,0,2023,1,Barat
2023-01-18,7,0.90455,1.55418,0,2023,1,Barat
2023-01-19,7,1.09004,1.55418,0,2023,1,Barat
2023-01-20,7,1.23735,1.55418,0,2023,1,Barat
2023-01-21,7,1.16512,1.55418,0,2023,1,Barat
2023-01-22,7,0.90872,1.55418,0,2023,1,Barat
2023-01-23,7,0.71143,1.55418,0,2023,1,Barat
2023-01-24,7,0.78503,1.55418,0,2023,1,Barat
2023-01-25,7,0.78402,1.55418,0,2023,1,Barat
2023-01-26,7,0.70784,1.55418,0,2023,1,Barat
2023-01-27,7,0.51540,1.55418,0,2023,1,Barat
2023-01-28,7,0.48080,1.55418,0,2023,1,Barat
2023-01-29,7,0.48506,1.55418,0,2023,1,Barat
2023-01-30,7,0.60676,1.55418,0,2023,1,Barat
2023-01-31,7,0.70714,1.55418,0,2023,1,Barat
2023-02-01,7,0.85285,1.55418,0,2023,2,Barat
2023-02-02,7,1.29671,1.55418,0,2023,2,Barat
2023-02-03,7,1.51471,1.55418,0,2023,2,Barat
2023-02-04,7,1.36163,1.55418,0,2023,2,Barat
2023-02-05,7,1.07934,1.55418,0,2023,2,Barat
2023-02-06,7,0.85045,1.55418,0,2023,2,Barat
2023-02-07,7,0.79348,1.55418,0,2023,2,Barat
2023-02-08,7,1.39656,1.55418,0,2023,2,Barat
2023-02-09,7,1.99034,1.55418,1,2023,2,Barat
2023-02-10,7,2.13686,1.55418,1,2023,2,Barat
2023-02-11,7,1.79493,1.55418,1,2023,2,Barat
2023-02-12,7,1.63638,1.55418,1,2023,2,Barat
2023-02-13,7,1.36829,1.55418,0,2023,2,Barat
2023-02-14,7,1.14853,1.55418,0,2023,2,Barat
2023-02-15,7,1.00881,1.55418,0,2023,2,Barat
2023-02-16,7,0.91762,1.55418,0,2023,2,Barat
2023-02-17,7,0.93661,1.55418,0,2023,2,Barat
2023-02-18,7,0.85793,1.55418,0,2023,2,Barat
2023-02-19,7,0.82764,1.55418,0,2023,2,Barat
2023-02-20,7,0.76676,1.55418,0,2023,2,Barat
2023-02-21,7,0.63285,1.55418,0,2023,2,Barat
2023-02-22,7,0.74440,1.55418,0,2023,2,Barat
2023-02-23,7,1.29792,1.55418,0,2023,2,Barat
2023-02-24,7,1.44862,1.55418,0,2023,2,Barat
2023-02-25,7,1.85881,1.55418,1,2023,2,Barat
2023-02-26,7,2.40150,1.55418,1,2023,2,Barat
2023-02-27,7,2.91015,1.55418,1,2023,2,Barat
2023-02-28,7,2.90659,1.55418,1,2023,2,Barat
2023-03-01,7,2.18511,1.55418,1,2023,3,Peralihan I
2023-03-02,7,2.42167,1.55418,1,2023,3,Peralihan I
2023-03-03,7,2.18844,1.55418,1,2023,3,Peralihan I
2023-03-04,7,1.66582,1.55418,1,2023,3,Peralihan I
2023-03-05,7,1.48949,1.55418,0,2023,3,Peralihan I
2023-03-06,7,1.51532,1.55418,0,2023,3,Peralihan I
2023-03-07,7,1.34608,1.55418,0,2023,3,Peralihan I
2023-03-08,7,1.15939,1.55418,0,2023,3,Peralihan I
2023-03-09,7,1.12377,1.55418,0,2023,3,Peralihan I
2023-03-10,7,0.83238,1.55418,0,2023,3,Peralihan I
2023-03-11,7,0.61553,1.55418,0,2023,3,Peralihan I
2023-03-12,7,0.45852,1.55418,0,2023,3,Peralihan I
2023-03-13,7,0.40790,1.55418,0,2023,3,Peralihan I
2023-03-14,7,0.44733,1.55418,0,2023,3,Peralihan I
2023-03-15,7,0.40055,1.55418,0,2023,3,Peralihan I
2023-03-16,7,0.38797,1.55418,0,2023,3,Peralihan I
2023-03-17,7,0.41138,1.55418,0,2023,3,Peralihan I
2023-03-18,7,0.37594,1.55418,0,2023,3,Peralihan I
2023-03-19,7,0.32258,1.55418,0,2023,3,Peralihan I
2023-03-20,7,0.36493,1.55418,0,2023,3,Peralihan I
2023-03-21,7,0.46843,1.55418,0,2023,3,Peralihan I
2023-03-22,7,0.57711,1.55418,0,2023,3,Peralihan I
2023-03-23,7,0.51143,1.55418,0,2023,3,Peralihan I
2023-03-24,7,0.39846,1.55418,0,2023,3,Peralihan I
2023-03-25,7,0.37838,1.55418,0,2023,3,Peralihan I
2023-03-26,7,0.44011,1.55418,0,2023,3,Peralihan I
2023-03-27,7,0.52808,1.55418,0,2023,3,Peralihan I
2023-03-28,7,0.53020,1.55418,0,2023,3,Peralihan I
2023-03-29,7,0.57590,1.55418,0,2023,3,Peralihan I
2023-03-30,7,0.51024,1.55418,0,2023,3,Peralihan I
2023-03-31,7,0.41740,1.55418,0,2023,3,Peralihan I
2023-04-01,7,0.39854,1.55418,0,2023,4,Peralihan I
2023-04-02,7,0.49814,1.55418,0,2023,4,Peralihan I
2023-04-03,7,0.57099,1.55418,0,2023,4,Peralihan I
2023-04-04,7,0.52895,1.55418,0,2023,4,Peralihan I
2023-04-05,7,0.49338,1.55418,0,2023,4,Peralihan I
2023-04-06,7,0.65946,1.55418,0,2023,4,Peralihan I
2023-04-07,7,1.20847,1.55418,0,2023,4,Peralihan I
2023-04-08,7,1.33619,1.55418,0,2023,4,Peralihan I
2023-04-09,7,1.77264,1.55418,1,2023,4,Peralihan I
2023-04-10,7,1.34106,1.55418,0,2023,4,Peralihan I
2023-04-11,7,1.09140,1.55418,0,2023,4,Peralihan I
2023-04-12,7,1.06487,1.55418,0,2023,4,Peralihan I
2023-04-13,7,0.88479,1.55418,0,2023,4,Peralihan I
2023-04-14,7,0.74049,1.55418,0,2023,4,Peralihan I
2023-04-15,7,0.77467,1.55418,0,2023,4,Peralihan I
2023-04-16,7,0.92267,1.55418,0,2023,4,Peralihan I
2023-04-17,7,1.14427,1.55418,0,2023,4,Peralihan I
2023-04-18,7,0.93746,1.55418,0,2023,4,Peralihan I
2023-04-19,7,0.83564,1.55418,0,2023,4,Peralihan I
2023-04-20,7,1.00532,1.55418,0,2023,4,Peralihan I
2023-04-21,7,1.19033,1.55418,0,2023,4,Peralihan I
2023-04-22,7,1.38203,1.55418,0,2023,4,Peralihan I
2023-04-23,7,1.35200,1.55418,0,2023,4,Peralihan I
2023-04-24,7,1.26032,1.55418,0,2023,4,Peralihan I
2023-04-25,7,1.01890,1.55418,0,2023,4,Peralihan I
2023-04-26,7,0.93440,1.55418,0,2023,4,Peralihan I
2023-04-27,7,0.89172,1.55418,0,2023,4,Peralihan I
2023-04-28,7,0.77868,1.55418,0,2023,4,Peralihan I
2023-04-29,7,0.67746,1.55418,0,2023,4,Peralihan I
2023-04-30,7,0.58611,1.55418,0,2023,4,Peralihan I
2023-05-01,7,0.98880,1.55418,0,2023,5,Peralihan I
2023-05-02,7,1.11458,1.55418,0,2023,5,Peralihan I
2023-05-03,7,1.37039,1.55418,0,2023,5,Peralihan I
2023-05-04,7,1.16378,1.55418,0,2023,5,Peralihan I
2023-05-05,7,0.90333,1.55418,0,2023,5,Peralihan I
2023-05-06,7,1.07752,1.55418,0,2023,5,Peralihan I
2023-05-07,7,1.35155,1.55418,0,2023,5,Peralihan I
2023-05-08,7,1.91444,1.55418,1,2023,5,Peralihan I
2023-05-09,7,1.85072,1.55418,1,2023,5,Peralihan I
2023-05-10,7,1.66826,1.55418,1,2023,5,Peralihan I
2023-05-11,7,1.39474,1.55418,0,2023,5,Peralihan I
2023-05-12,7,1.44612,1.55418,0,2023,5,Peralihan I
2023-05-13,7,1.38050,1.55418,0,2023,5,Peralihan I
2023-05-14,7,1.09508,1.55418,0,2023,5,Peralihan I
2023-05-15,7,0.78699,1.55418,0,2023,5,Peralihan I
2023-05-16,7,0.74045,1.55418,0,2023,5,Peralihan I
2023-05-17,7,1.01134,1.55418,0,2023,5,Peralihan I
2023-05-18,7,1.15175,1.55418,0,2023,5,Peralihan I
2023-05-19,7,1.13883,1.55418,0,2023,5,Peralihan I
2023-05-20,7,1.26688,1.55418,0,2023,5,Peralihan I
2023-05-21,7,1.80194,1.55418,1,2023,5,Peralihan I
2023-05-22,7,1.71017,1.55418,1,2023,5,Peralihan I
2023-05-23,7,1.42865,1.55418,0,2023,5,Peralihan I
2023-05-24,7,1.40917,1.55418,0,2023,5,Peralihan I
2023-05-25,7,1.28649,1.55418,0,2023,5,Peralihan I
2023-05-26,7,0.95679,1.55418,0,2023,5,Peralihan I
2023-05-27,7,1.43719,1.55418,0,2023,5,Peralihan I
2023-05-28,7,1.50737,1.55418,0,2023,5,Peralihan I
2023-05-29,7,1.54746,1.55418,0,2023,5,Peralihan I
2023-05-30,7,1.61456,1.55418,1,2023,5,Peralihan I
2023-05-31,7,1.42216,1.55418,0,2023,5,Peralihan I
2023-06-01,7,0.99887,1.55418,0,2023,6,Timur
2023-06-02,7,0.84480,1.55418,0,2023,6,Timur
2023-06-03,7,0.88309,1.55418,0,2023,6,Timur
2023-06-04,7,0.75818,1.55418,0,2023,6,Timur
2023-06-05,7,0.68210,1.55418,0,2023,6,Timur
2023-06-06,7,0.68071,1.55418,0,2023,6,Timur
2023-06-07,7,0.70041,1.55418,0,2023,6,Timur
2023-06-08,7,0.85981,1.55418,0,2023,6,Timur
2023-06-09,7,1.11484,1.55418,0,2023,6,Timur
2023-06-10,7,1.13663,1.55418,0,2023,6,Timur
2023-06-11,7,1.26882,1.55418,0,2023,6,Timur
2023-06-12,7,1.00528,1.55418,0,2023,6,Timur
2023-06-13,7,0.82865,1.55418,0,2023,6,Timur
2023-06-14,7,0.85391,1.55418,0,2023,6,Timur
2023-06-15,7,0.82117,1.55418,0,2023,6,Timur
2023-06-16,7,1.11554,1.55418,0,2023,6,Timur
2023-06-17,7,0.97278,1.55418,0,2023,6,Timur
2023-06-18,7,0.92772,1.55418,0,2023,6,Timur
2023-06-19,7,0.78747,1.55418,0,2023,6,Timur
2023-06-20,7,0.97840,1.55418,0,2023,6,Timur
2023-06-21,7,0.82741,1.55418,0,2023,6,Timur
2023-06-22,7,0.67526,1.55418,0,2023,6,Timur
2023-06-23,7,0.62276,1.55418,0,2023,6,Timur
2023-06-24,7,0.74429,1.55418,0,2023,6,Timur
2023-06-25,7,0.83801,1.55418,0,2023,6,Timur
2023-06-26,7,1.01303,1.55418,0,2023,6,Timur
2023-06-27,7,1.09297,1.55418,0,2023,6,Timur
2023-06-28,7,1.29438,1.55418,0,2023,6,Timur
2023-06-29,7,1.36725,1.55418,0,2023,6,Timur
2023-06-30,7,1.64296,1.55418,1,2023,6,Timur
2023-07-01,7,1.74225,1.55418,1,2023,7,Timur
2023-07-02,7,1.67324,1.55418,1,2023,7,Timur
2023-07-03,7,1.43558,1.55418,0,2023,7,Timur
2023-07-04,7,1.14926,1.55418,0,2023,7,Timur
2023-07-05,7,0.83526,1.55418,0,2023,7,Timur
2023-07-06,7,0.77713,1.55418,0,2023,7,Timur
2023-07-07,7,1.03781,1.55418,0,2023,7,Timur
2023-07-08,7,1.29124,1.55418,0,2023,7,Timur
2023-07-09,7,1.66283,1.55418,1,2023,7,Timur
2023-07-10,7,1.39338,1.55418,0,2023,7,Timur
2023-07-11,7,1.37408,1.55418,0,2023,7,Timur
2023-07-12,7,1.55180,1.55418,0,2023,7,Timur
2023-07-13,7,1.41302,1.55418,0,2023,7,Timur
2023-07-14,7,1.32026,1.55418,0,2023,7,Timur
2023-07-15,7,1.08434,1.55418,0,2023,7,Timur
2023-07-16,7,0.98874,1.55418,0,2023,7,Timur
2023-07-17,7,1.45629,1.55418,0,2023,7,Timur
2023-07-18,7,1.43126,1.55418,0,2023,7,Timur
2023-07-19,7,1.08324,1.55418,0,2023,7,Timur
2023-07-20,7,1.03358,1.55418,0,2023,7,Timur
2023-07-21,7,1.14762,1.55418,0,2023,7,Timur
2023-07-22,7,1.18013,1.55418,0,2023,7,Timur
2023-07-23,7,2.17988,1.55418,1,2023,7,Timur
2023-07-24,7,2.35762,1.55418,1,2023,7,Timur
2023-07-25,7,2.13565,1.55418,1,2023,7,Timur
2023-07-26,7,1.35367,1.55418,0,2023,7,Timur
2023-07-27,7,1.01730,1.55418,0,2023,7,Timur
2023-07-28,7,0.91227,1.55418,0,2023,7,Timur
2023-07-29,7,1.02356,1.55418,0,2023,7,Timur
2023-07-30,7,0.93649,1.55418,0,2023,7,Timur
2023-07-31,7,0.90987,1.55418,0,2023,7,Timur
2023-08-01,7,1.06834,1.55418,0,2023,8,Timur
2023-08-02,7,1.20086,1.55418,0,2023,8,Timur
2023-08-03,7,1.05023,1.55418,0,2023,8,Timur
2023-08-04,7,1.02103,1.55418,0,2023,8,Timur
2023-08-05,7,1.23424,1.55418,0,2023,8,Timur
2023-08-06,7,1.27977,1.55418,0,2023,8,Timur
2023-08-07,7,1.60105,1.55418,1,2023,8,Timur
2023-08-08,7,1.43639,1.55418,0,2023,8,Timur
2023-08-09,7,1.39402,1.55418,0,2023,8,Timur
2023-08-10,7,1.39482,1.55418,0,2023,8,Timur
2023-08-11,7,1.38345,1.55418,0,2023,8,Timur
2023-08-12,7,1.24115,1.55418,0,2023,8,Timur
2023-08-13,7,1.24695,1.55418,0,2023,8,Timur
2023-08-14,7,0.98652,1.55418,0,2023,8,Timur
2023-08-15,7,0.84500,1.55418,0,2023,8,Timur
2023-08-16,7,0.72412,1.55418,0,2023,8,Timur
2023-08-17,7,0.65065,1.55418,0,2023,8,Timur
2023-08-18,7,0.70044,1.55418,0,2023,8,Timur
2023-08-19,7,1.20302,1.55418,0,2023,8,Timur
2023-08-20,7,1.52500,1.55418,0,2023,8,Timur
2023-08-21,7,1.35995,1.55418,0,2023,8,Timur
2023-08-22,7,1.06686,1.55418,0,2023,8,Timur
2023-08-23,7,0.95885,1.55418,0,2023,8,Timur
2023-08-24,7,1.09439,1.55418,0,2023,8,Timur
2023-08-25,7,1.20565,1.55418,0,2023,8,Timur
2023-08-26,7,1.38772,1.55418,0,2023,8,Timur
2023-08-27,7,1.40720,1.55418,0,2023,8,Timur
2023-08-28,7,1.24456,1.55418,0,2023,8,Timur
2023-08-29,7,1.16728,1.55418,0,2023,8,Timur
2023-08-30,7,1.03707,1.55418,0,2023,8,Timur
2023-08-31,7,0.80312,1.55418,0,2023,8,Timur
2023-09-01,7,0.80265,1.55418,0,2023,9,Peralihan II
2023-09-02,7,0.77150,1.55418,0,2023,9,Peralihan II
2023-09-03,7,0.78958,1.55418,0,2023,9,Peralihan II
2023-09-04,7,0.77584,1.55418,0,2023,9,Peralihan II
2023-09-05,7,0.70287,1.55418,0,2023,9,Peralihan II
2023-09-06,7,0.79269,1.55418,0,2023,9,Peralihan II
2023-09-07,7,0.76578,1.55418,0,2023,9,Peralihan II
2023-09-08,7,0.64691,1.55418,0,2023,9,Peralihan II
2023-09-09,7,0.79217,1.55418,0,2023,9,Peralihan II
2023-09-10,7,0.83467,1.55418,0,2023,9,Peralihan II
2023-09-11,7,1.01671,1.55418,0,2023,9,Peralihan II
2023-09-12,7,1.18273,1.55418,0,2023,9,Peralihan II
2023-09-13,7,1.22983,1.55418,0,2023,9,Peralihan II
2023-09-14,7,1.27406,1.55418,0,2023,9,Peralihan II
2023-09-15,7,1.20867,1.55418,0,2023,9,Peralihan II
2023-09-16,7,1.25674,1.55418,0,2023,9,Peralihan II
2023-09-17,7,1.34929,1.55418,0,2023,9,Peralihan II
2023-09-18,7,1.20405,1.55418,0,2023,9,Peralihan II
2023-09-19,7,0.99346,1.55418,0,2023,9,Peralihan II
2023-09-20,7,0.83210,1.55418,0,2023,9,Peralihan II
2023-09-21,7,0.70390,1.55418,0,2023,9,Peralihan II
2023-09-22,7,0.68850,1.55418,0,2023,9,Peralihan II
2023-09-23,7,0.70615,1.55418,0,2023,9,Peralihan II
2023-09-24,7,0.75139,1.55418,0,2023,9,Peralihan II
2023-09-25,7,0.76153,1.55418,0,2023,9,Peralihan II
2023-09-26,7,0.73844,1.55418,0,2023,9,Peralihan II
2023-09-27,7,0.78208,1.55418,0,2023,9,Peralihan II
2023-09-28,7,0.79473,1.55418,0,2023,9,Peralihan II
2023-09-29,7,0.79549,1.55418,0,2023,9,Peralihan II
2023-09-30,7,0.75609,1.55418,0,2023,9,Peralihan II
2023-10-01,7,0.72821,1.55418,0,2023,10,Peralihan II
2023-10-02,7,0.73396,1.55418,0,2023,10,Peralihan II
2023-10-03,7,0.73244,1.55418,0,2023,10,Peralihan II
2023-10-04,7,0.69935,1.55418,0,2023,10,Peralihan II
2023-10-05,7,0.82199,1.55418,0,2023,10,Peralihan II
2023-10-06,7,0.80978,1.55418,0,2023,10,Peralihan II
2023-10-07,7,0.83484,1.55418,0,2023,10,Peralihan II
2023-10-08,7,0.71503,1.55418,0,2023,10,Peralihan II
2023-10-09,7,0.69132,1.55418,0,2023,10,Peralihan II
2023-10-10,7,0.73520,1.55418,0,2023,10,Peralihan II
2023-10-11,7,0.72819,1.55418,0,2023,10,Peralihan II
2023-10-12,7,0.68388,1.55418,0,2023,10,Peralihan II
2023-10-13,7,0.64386,1.55418,0,2023,10,Peralihan II
2023-10-14,7,0.67218,1.55418,0,2023,10,Peralihan II
2023-10-15,7,0.64622,1.55418,0,2023,10,Peralihan II
2023-10-16,7,0.61082,1.55418,0,2023,10,Peralihan II
2023-10-17,7,0.59259,1.55418,0,2023,10,Peralihan II
2023-10-18,7,0.56479,1.55418,0,2023,10,Peralihan II
2023-10-19,7,0.52111,1.55418,0,2023,10,Peralihan II
2023-10-20,7,0.51761,1.55418,0,2023,10,Peralihan II
2023-10-21,7,0.50984,1.55418,0,2023,10,Peralihan II
2023-10-22,7,0.53619,1.55418,0,2023,10,Peralihan II
2023-10-23,7,0.51545,1.55418,0,2023,10,Peralihan II
2023-10-24,7,0.54470,1.55418,0,2023,10,Peralihan II
2023-10-25,7,0.48707,1.55418,0,2023,10,Peralihan II
2023-10-26,7,0.51536,1.55418,0,2023,10,Peralihan II
2023-10-27,7,0.52393,1.55418,0,2023,10,Peralihan II
2023-10-28,7,0.58253,1.55418,0,2023,10,Peralihan II
2023-10-29,7,0.58208,1.55418,0,2023,10,Peralihan II
2023-10-30,7,0.61249,1.55418,0,2023,10,Peralihan II
2023-10-31,7,0.63205,1.55418,0,2023,10,Peralihan II
2023-11-01,7,0.62290,1.55418,0,2023,11,Peralihan II
2023-11-02,7,0.61076,1.55418,0,2023,11,Peralihan II
2023-11-03,7,0.51211,1.55418,0,2023,11,Peralihan II
2023-11-04,7,0.49350,1.55418,0,2023,11,Peralihan II
2023-11-05,7,0.44329,1.55418,0,2023,11,Peralihan II
2023-11-06,7,0.43258,1.55418,0,2023,11,Peralihan II
2023-11-07,7,0.48003,1.55418,0,2023,11,Peralihan II
2023-11-08,7,0.51135,1.55418,0,2023,11,Peralihan II
2023-11-09,7,0.53127,1.55418,0,2023,11,Peralihan II
2023-11-10,7,0.52866,1.55418,0,2023,11,Peralihan II
2023-11-11,7,0.48958,1.55418,0,2023,11,Peralihan II
2023-11-12,7,0.48639,1.55418,0,2023,11,Peralihan II
2023-11-13,7,0.50786,1.55418,0,2023,11,Peralihan II
2023-11-14,7,0.53639,1.55418,0,2023,11,Peralihan II
2023-11-15,7,0.50422,1.55418,0,2023,11,Peralihan II
2023-11-16,7,0.51127,1.55418,0,2023,11,Peralihan II
2023-11-17,7,0.52861,1.55418,0,2023,11,Peralihan II
2023-11-18,7,0.51606,1.55418,0,2023,11,Peralihan II
2023-11-19,7,0.49781,1.55418,0,2023,11,Peralihan II
2023-11-20,7,0.68145,1.55418,0,2023,11,Peralihan II
2023-11-21,7,0.62361,1.55418,0,2023,11,Peralihan II
2023-11-22,7,0.49602,1.55418,0,2023,11,Peralihan II
2023-11-23,7,0.45065,1.55418,0,2023,11,Peralihan II
2023-11-24,7,0.41414,1.55418,0,2023,11,Peralihan II
2023-11-25,7,0.42473,1.55418,0,2023,11,Peralihan II
2023-11-26,7,0.42595,1.55418,0,2023,11,Peralihan II
2023-11-27,7,0.40108,1.55418,0,2023,11,Peralihan II
2023-11-28,7,0.41648,1.55418,0,2023,11,Peralihan II
2023-11-29,7,0.43855,1.55418,0,2023,11,Peralihan II
2023-11-30,7,0.44979,1.55418,0,2023,11,Peralihan II
2023-12-01,7,0.52050,1.55418,0,2023,12,Barat
2023-12-02,7,0.58345,1.55418,0,2023,12,Barat
2023-12-03,7,0.60777,1.55418,0,2023,12,Barat
2023-12-04,7,0.50380,1.55418,0,2023,12,Barat
2023-12-05,7,0.45792,1.55418,0,2023,12,Barat
2023-12-06,7,0.50371,1.55418,0,2023,12,Barat
2023-12-07,7,0.53067,1.55418,0,2023,12,Barat
2023-12-08,7,0.53276,1.55418,0,2023,12,Barat
2023-12-09,7,0.55138,1.55418,0,2023,12,Barat
2023-12-10,7,0.59697,1.55418,0,2023,12,Barat
2023-12-11,7,0.77567,1.55418,0,2023,12,Barat
2023-12-12,7,0.70383,1.55418,0,2023,12,Barat
2023-12-13,7,0.67302,1.55418,0,2023,12,Barat
2023-12-14,7,0.97068,1.55418,0,2023,12,Barat
2023-12-15,7,1.24711,1.55418,0,2023,12,Barat
2023-12-16,7,1.23567,1.55418,0,2023,12,Barat
2023-12-17,7,0.96132,1.55418,0,2023,12,Barat
2023-12-18,7,1.01839,1.55418,0,2023,12,Barat
2023-12-19,7,1.03506,1.55418,0,2023,12,Barat
2023-12-20,7,1.05185,1.55418,0,2023,12,Barat
2023-12-21,7,0.85600,1.55418,0,2023,12,Barat
2023-12-22,7,0.71832,1.55418,0,2023,12,Barat
2023-12-23,7,0.80737,1.55418,0,2023,12,Barat
2023-12-24,7,0.93781,1.55418,0,2023,12,Barat
2023-12-25,7,1.15855,1.55418,0,2023,12,Barat
2023-12-26,7,1.15527,1.55418,0,2023,12,Barat
2023-12-27,7,0.90091,1.55418,0,2023,12,Barat
2023-12-28,7,0.63495,1.55418,0,2023,12,Barat
2023-12-29,7,0.52171,1.55418,0,2023,12,Barat
2023-12-30,7,0.52329,1.55418,0,2023,12,Barat
2023-12-31,7,0.48359,1.55418,0,2023,12,Barat
2024-01-01,7,0.39956,1.55418,0,2024,1,Barat
2024-01-02,7,0.45164,1.55418,0,2024,1,Barat
2024-01-03,7,0.45938,1.55418,0,2024,1,Barat
2024-01-04,7,0.39502,1.55418,0,2024,1,Barat
2024-01-05,7,0.38658,1.55418,0,2024,1,Barat
2024-01-06,7,0.51453,1.55418,0,2024,1,Barat
2024-01-07,7,0.53387,1.55418,0,2024,1,Barat
2024-01-08,7,0.60929,1.55418,0,2024,1,Barat
2024-01-09,7,0.82489,1.55418,0,2024,1,Barat
2024-01-10,7,0.90930,1.55418,0,2024,1,Barat
2024-01-11,7,1.12476,1.55418,0,2024,1,Barat
2024-01-12,7,1.45740,1.55418,0,2024,1,Barat
2024-01-13,7,1.61426,1.55418,1,2024,1,Barat
2024-01-14,7,2.28489,1.55418,1,2024,1,Barat
2024-01-15,7,2.59237,1.55418,1,2024,1,Barat
2024-01-16,7,2.53389,1.55418,1,2024,1,Barat
2024-01-17,7,2.30804,1.55418,1,2024,1,Barat
2024-01-18,7,2.00410,1.55418,1,2024,1,Barat
2024-01-19,7,1.82834,1.55418,1,2024,1,Barat
2024-01-20,7,1.72994,1.55418,1,2024,1,Barat
2024-01-21,7,1.75628,1.55418,1,2024,1,Barat
2024-01-22,7,1.61709,1.55418,1,2024,1,Barat
2024-01-23,7,1.34858,1.55418,0,2024,1,Barat
2024-01-24,7,1.30537,1.55418,0,2024,1,Barat
2024-01-25,7,1.67002,1.55418,1,2024,1,Barat
2024-01-26,7,1.94117,1.55418,1,2024,1,Barat
2024-01-27,7,1.88754,1.55418,1,2024,1,Barat
2024-01-28,7,1.54341,1.55418,0,2024,1,Barat
2024-01-29,7,1.18011,1.55418,0,2024,1,Barat
2024-01-30,7,1.14970,1.55418,0,2024,1,Barat
2024-01-31,7,1.04438,1.55418,0,2024,1,Barat
2024-02-01,7,0.99359,1.55418,0,2024,2,Barat
2024-02-02,7,1.13109,1.55418,0,2024,2,Barat
2024-02-03,7,1.19959,1.55418,0,2024,2,Barat
2024-02-04,7,1.08926,1.55418,0,2024,2,Barat
2024-02-05,7,1.00697,1.55418,0,2024,2,Barat
2024-02-06,7,1.01048,1.55418,0,2024,2,Barat
2024-02-07,7,0.94264,1.55418,0,2024,2,Barat
2024-02-08,7,0.92750,1.55418,0,2024,2,Barat
2024-02-09,7,0.70797,1.55418,0,2024,2,Barat
2024-02-10,7,0.68490,1.55418,0,2024,2,Barat
2024-02-11,7,1.02778,1.55418,0,2024,2,Barat
2024-02-12,7,1.25612,1.55418,0,2024,2,Barat
2024-02-13,7,1.43765,1.55418,0,2024,2,Barat
2024-02-14,7,1.31000,1.55418,0,2024,2,Barat
2024-02-15,7,1.01762,1.55418,0,2024,2,Barat
2024-02-16,7,1.04254,1.55418,0,2024,2,Barat
2024-02-17,7,0.95051,1.55418,0,2024,2,Barat
2024-02-18,7,0.98145,1.55418,0,2024,2,Barat
2024-02-19,7,1.08873,1.55418,0,2024,2,Barat
2024-02-20,7,1.36445,1.55418,0,2024,2,Barat
2024-02-21,7,1.36134,1.55418,0,2024,2,Barat
2024-02-22,7,1.08382,1.55418,0,2024,2,Barat
2024-02-23,7,0.96682,1.55418,0,2024,2,Barat
2024-02-24,7,1.16576,1.55418,0,2024,2,Barat
2024-02-25,7,1.18598,1.55418,0,2024,2,Barat
2024-02-26,7,1.04620,1.55418,0,2024,2,Barat
2024-02-27,7,0.86528,1.55418,0,2024,2,Barat
2024-02-28,7,0.77876,1.55418,0,2024,2,Barat
2024-02-29,7,0.68602,1.55418,0,2024,2,Barat
2024-03-01,7,0.63781,1.55418,0,2024,3,Peralihan I
2024-03-02,7,0.58509,1.55418,0,2024,3,Peralihan I
2024-03-03,7,0.47785,1.55418,0,2024,3,Peralihan I
2024-03-04,7,0.44216,1.55418,0,2024,3,Peralihan I
2024-03-05,7,0.45574,1.55418,0,2024,3,Peralihan I
2024-03-06,7,0.40632,1.55418,0,2024,3,Peralihan I
2024-03-07,7,0.52833,1.55418,0,2024,3,Peralihan I
2024-03-08,7,0.64243,1.55418,0,2024,3,Peralihan I
2024-03-09,7,0.73847,1.55418,0,2024,3,Peralihan I
2024-03-10,7,1.01907,1.55418,0,2024,3,Peralihan I
2024-03-11,7,1.31411,1.55418,0,2024,3,Peralihan I
2024-03-12,7,1.82015,1.55418,1,2024,3,Peralihan I
2024-03-13,7,2.29897,1.55418,1,2024,3,Peralihan I
2024-03-14,7,2.45972,1.55418,1,2024,3,Peralihan I
2024-03-15,7,1.93423,1.55418,1,2024,3,Peralihan I
2024-03-16,7,1.49970,1.55418,0,2024,3,Peralihan I
2024-03-17,7,1.71489,1.55418,1,2024,3,Peralihan I
2024-03-18,7,1.57436,1.55418,1,2024,3,Peralihan I
2024-03-19,7,1.29975,1.55418,0,2024,3,Peralihan I
2024-03-20,7,1.35497,1.55418,0,2024,3,Peralihan I
2024-03-21,7,1.28267,1.55418,0,2024,3,Peralihan I
2024-03-22,7,1.17360,1.55418,0,2024,3,Peralihan I
2024-03-23,7,1.08168,1.55418,0,2024,3,Peralihan I
2024-03-24,7,0.85707,1.55418,0,2024,3,Peralihan I
2024-03-25,7,0.68828,1.55418,0,2024,3,Peralihan I
2024-03-26,7,0.50039,1.55418,0,2024,3,Peralihan I
2024-03-27,7,0.35645,1.55418,0,2024,3,Peralihan I
2024-03-28,7,0.31302,1.55418,0,2024,3,Peralihan I
2024-03-29,7,0.40350,1.55418,0,2024,3,Peralihan I
2024-03-30,7,0.42524,1.55418,0,2024,3,Peralihan I
2024-03-31,7,0.36210,1.55418,0,2024,3,Peralihan I
2024-04-01,7,0.44380,1.55418,0,2024,4,Peralihan I
2024-04-02,7,0.65060,1.55418,0,2024,4,Peralihan I
2024-04-03,7,0.79602,1.55418,0,2024,4,Peralihan I
2024-04-04,7,0.91848,1.55418,0,2024,4,Peralihan I
2024-04-05,7,0.90013,1.55418,0,2024,4,Peralihan I
2024-04-06,7,0.90523,1.55418,0,2024,4,Peralihan I
2024-04-07,7,0.82165,1.55418,0,2024,4,Peralihan I
2024-04-08,7,0.69893,1.55418,0,2024,4,Peralihan I
2024-04-09,7,0.70997,1.55418,0,2024,4,Peralihan I
2024-04-10,7,0.82980,1.55418,0,2024,4,Peralihan I
2024-04-11,7,0.84575,1.55418,0,2024,4,Peralihan I
2024-04-12,7,0.76453,1.55418,0,2024,4,Peralihan I
2024-04-13,7,0.80009,1.55418,0,2024,4,Peralihan I
2024-04-14,7,1.00254,1.55418,0,2024,4,Peralihan I
2024-04-15,7,0.81974,1.55418,0,2024,4,Peralihan I
2024-04-16,7,0.77519,1.55418,0,2024,4,Peralihan I
2024-04-17,7,1.09023,1.55418,0,2024,4,Peralihan I
2024-04-18,7,1.23055,1.55418,0,2024,4,Peralihan I
2024-04-19,7,1.19459,1.55418,0,2024,4,Peralihan I
2024-04-20,7,1.37265,1.55418,0,2024,4,Peralihan I
2024-04-21,7,1.34998,1.55418,0,2024,4,Peralihan I
2024-04-22,7,1.23148,1.55418,0,2024,4,Peralihan I
2024-04-23,7,0.87718,1.55418,0,2024,4,Peralihan I
2024-04-24,7,0.78639,1.55418,0,2024,4,Peralihan I
2024-04-25,7,0.91141,1.55418,0,2024,4,Peralihan I
2024-04-26,7,1.08784,1.55418,0,2024,4,Peralihan I
2024-04-27,7,1.35198,1.55418,0,2024,4,Peralihan I
2024-04-28,7,1.33396,1.55418,0,2024,4,Peralihan I
2024-04-29,7,1.20649,1.55418,0,2024,4,Peralihan I
2024-04-30,7,1.19118,1.55418,0,2024,4,Peralihan I
2024-05-01,7,1.18118,1.55418,0,2024,5,Peralihan I
2024-05-02,7,1.38943,1.55418,0,2024,5,Peralihan I
2024-05-03,7,1.48712,1.55418,0,2024,5,Peralihan I
2024-05-04,7,1.28038,1.55418,0,2024,5,Peralihan I
2024-05-05,7,1.25967,1.55418,0,2024,5,Peralihan I
2024-05-06,7,1.33244,1.55418,0,2024,5,Peralihan I
2024-05-07,7,1.06946,1.55418,0,2024,5,Peralihan I
2024-05-08,7,0.93223,1.55418,0,2024,5,Peralihan I
2024-05-09,7,0.84491,1.55418,0,2024,5,Peralihan I
2024-05-10,7,0.93470,1.55418,0,2024,5,Peralihan I
2024-05-11,7,1.31322,1.55418,0,2024,5,Peralihan I
2024-05-12,7,1.45705,1.55418,0,2024,5,Peralihan I
2024-05-13,7,1.24998,1.55418,0,2024,5,Peralihan I
2024-05-14,7,1.35406,1.55418,0,2024,5,Peralihan I
2024-05-15,7,1.38818,1.55418,0,2024,5,Peralihan I
2024-05-16,7,1.06781,1.55418,0,2024,5,Peralihan I
2024-05-17,7,1.12751,1.55418,0,2024,5,Peralihan I
2024-05-18,7,1.41043,1.55418,0,2024,5,Peralihan I
2024-05-19,7,1.70714,1.55418,1,2024,5,Peralihan I
2024-05-20,7,1.97819,1.55418,1,2024,5,Peralihan I
2024-05-21,7,2.00210,1.55418,1,2024,5,Peralihan I
2024-05-22,7,1.63451,1.55418,1,2024,5,Peralihan I
2024-05-23,7,1.27759,1.55418,0,2024,5,Peralihan I
2024-05-24,7,1.18669,1.55418,0,2024,5,Peralihan I
2024-05-25,7,1.12218,1.55418,0,2024,5,Peralihan I
2024-05-26,7,1.07786,1.55418,0,2024,5,Peralihan I
2024-05-27,7,1.27051,1.55418,0,2024,5,Peralihan I
2024-05-28,7,1.27400,1.55418,0,2024,5,Peralihan I
2024-05-29,7,1.10596,1.55418,0,2024,5,Peralihan I
2024-05-30,7,1.14048,1.55418,0,2024,5,Peralihan I
2024-05-31,7,1.22075,1.55418,0,2024,5,Peralihan I
2024-06-01,7,1.71006,1.55418,1,2024,6,Timur
2024-06-02,7,1.63699,1.55418,1,2024,6,Timur
2024-06-03,7,1.22869,1.55418,0,2024,6,Timur
2024-06-04,7,1.16903,1.55418,0,2024,6,Timur
2024-06-05,7,1.65687,1.55418,1,2024,6,Timur
2024-06-06,7,1.78767,1.55418,1,2024,6,Timur
2024-06-07,7,1.67290,1.55418,1,2024,6,Timur
2024-06-08,7,1.41754,1.55418,0,2024,6,Timur
2024-06-09,7,1.17180,1.55418,0,2024,6,Timur
2024-06-10,7,0.94514,1.55418,0,2024,6,Timur
2024-06-11,7,0.93064,1.55418,0,2024,6,Timur
2024-06-12,7,0.91785,1.55418,0,2024,6,Timur
2024-06-13,7,0.83854,1.55418,0,2024,6,Timur
2024-06-14,7,0.70845,1.55418,0,2024,6,Timur
2024-06-15,7,0.76350,1.55418,0,2024,6,Timur
2024-06-16,7,1.03084,1.55418,0,2024,6,Timur
2024-06-17,7,1.16703,1.55418,0,2024,6,Timur
2024-06-18,7,1.16231,1.55418,0,2024,6,Timur
2024-06-19,7,0.97713,1.55418,0,2024,6,Timur
2024-06-20,7,0.92493,1.55418,0,2024,6,Timur
2024-06-21,7,1.26914,1.55418,0,2024,6,Timur
2024-06-22,7,1.77235,1.55418,1,2024,6,Timur
2024-06-23,7,1.55366,1.55418,0,2024,6,Timur
2024-06-24,7,1.39986,1.55418,0,2024,6,Timur
2024-06-25,7,0.90893,1.55418,0,2024,6,Timur
2024-06-26,7,0.72991,1.55418,0,2024,6,Timur
2024-06-27,7,0.66671,1.55418,0,2024,6,Timur
2024-06-28,7,0.61327,1.55418,0,2024,6,Timur
2024-06-29,7,0.80802,1.55418,0,2024,6,Timur
2024-06-30,7,0.89746,1.55418,0,2024,6,Timur
2024-07-01,7,1.14117,1.55418,0,2024,7,Timur
2024-07-02,7,1.67320,1.55418,1,2024,7,Timur
2024-07-03,7,1.89342,1.55418,1,2024,7,Timur
2024-07-04,7,1.93117,1.55418,1,2024,7,Timur
2024-07-05,7,1.50797,1.55418,0,2024,7,Timur
2024-07-06,7,1.13629,1.55418,0,2024,7,Timur
2024-07-07,7,0.98019,1.55418,0,2024,7,Timur
2024-07-08,7,1.15881,1.55418,0,2024,7,Timur
2024-07-09,7,1.31091,1.55418,0,2024,7,Timur
2024-07-10,7,1.31984,1.55418,0,2024,7,Timur
2024-07-11,7,1.19178,1.55418,0,2024,7,Timur
2024-07-12,7,0.91522,1.55418,0,2024,7,Timur
2024-07-13,7,0.70695,1.55418,0,2024,7,Timur
2024-07-14,7,0.63628,1.55418,0,2024,7,Timur
2024-07-15,7,0.65120,1.55418,0,2024,7,Timur
2024-07-16,7,0.91725,1.55418,0,2024,7,Timur
2024-07-17,7,2.01627,1.55418,1,2024,7,Timur
2024-07-18,7,1.85286,1.55418,1,2024,7,Timur
2024-07-19,7,1.36925,1.55418,0,2024,7,Timur
2024-07-20,7,1.20001,1.55418,0,2024,7,Timur
2024-07-21,7,1.27689,1.55418,0,2024,7,Timur
2024-07-22,7,1.41212,1.55418,0,2024,7,Timur
2024-07-23,7,1.21130,1.55418,0,2024,7,Timur
2024-07-24,7,0.85374,1.55418,0,2024,7,Timur
2024-07-25,7,0.70745,1.55418,0,2024,7,Timur
2024-07-26,7,0.66032,1.55418,0,2024,7,Timur
2024-07-27,7,0.87632,1.55418,0,2024,7,Timur
2024-07-28,7,1.19379,1.55418,0,2024,7,Timur
2024-07-29,7,1.59507,1.55418,1,2024,7,Timur
2024-07-30,7,1.59904,1.55418,1,2024,7,Timur
2024-07-31,7,1.50293,1.55418,0,2024,7,Timur
2024-08-01,7,1.29129,1.55418,0,2024,8,Timur
2024-08-02,7,1.17493,1.55418,0,2024,8,Timur
2024-08-03,7,1.05513,1.55418,0,2024,8,Timur
2024-08-04,7,0.94100,1.55418,0,2024,8,Timur
2024-08-05,7,0.85036,1.55418,0,2024,8,Timur
2024-08-06,7,0.88823,1.55418,0,2024,8,Timur
2024-08-07,7,0.96469,1.55418,0,2024,8,Timur
2024-08-08,7,1.10265,1.55418,0,2024,8,Timur
2024-08-09,7,1.25041,1.55418,0,2024,8,Timur
2024-08-10,7,1.11492,1.55418,0,2024,8,Timur
2024-08-11,7,1.12179,1.55418,0,2024,8,Timur
2024-08-12,7,1.12947,1.55418,0,2024,8,Timur
2024-08-13,7,1.10589,1.55418,0,2024,8,Timur
2024-08-14,7,0.80714,1.55418,0,2024,8,Timur
2024-08-15,7,0.75479,1.55418,0,2024,8,Timur
2024-08-16,7,0.68352,1.55418,0,2024,8,Timur
2024-08-17,7,0.66237,1.55418,0,2024,8,Timur
2024-08-18,7,0.59979,1.55418,0,2024,8,Timur
2024-08-19,7,0.68296,1.55418,0,2024,8,Timur
2024-08-20,7,0.76063,1.55418,0,2024,8,Timur
2024-08-21,7,0.83142,1.55418,0,2024,8,Timur
2024-08-22,7,0.85394,1.55418,0,2024,8,Timur
2024-08-23,7,0.86457,1.55418,0,2024,8,Timur
2024-08-24,7,0.84866,1.55418,0,2024,8,Timur
2024-08-25,7,0.85740,1.55418,0,2024,8,Timur
2024-08-26,7,0.83955,1.55418,0,2024,8,Timur
2024-08-27,7,0.84825,1.55418,0,2024,8,Timur
2024-08-28,7,0.92950,1.55418,0,2024,8,Timur
2024-08-29,7,0.92638,1.55418,0,2024,8,Timur
2024-08-30,7,0.83617,1.55418,0,2024,8,Timur
2024-08-31,7,0.75620,1.55418,0,2024,8,Timur
2024-09-01,7,0.72460,1.55418,0,2024,9,Peralihan II
2024-09-02,7,0.75724,1.55418,0,2024,9,Peralihan II
2024-09-03,7,0.83252,1.55418,0,2024,9,Peralihan II
2024-09-04,7,0.73205,1.55418,0,2024,9,Peralihan II
2024-09-05,7,0.96553,1.55418,0,2024,9,Peralihan II
2024-09-06,7,1.10950,1.55418,0,2024,9,Peralihan II
2024-09-07,7,1.15829,1.55418,0,2024,9,Peralihan II
2024-09-08,7,1.11716,1.55418,0,2024,9,Peralihan II
2024-09-09,7,1.01816,1.55418,0,2024,9,Peralihan II
2024-09-10,7,0.92297,1.55418,0,2024,9,Peralihan II
2024-09-11,7,0.95880,1.55418,0,2024,9,Peralihan II
2024-09-12,7,0.85040,1.55418,0,2024,9,Peralihan II
2024-09-13,7,0.98546,1.55418,0,2024,9,Peralihan II
2024-09-14,7,1.13175,1.55418,0,2024,9,Peralihan II
2024-09-15,7,0.89722,1.55418,0,2024,9,Peralihan II
2024-09-16,7,0.65923,1.55418,0,2024,9,Peralihan II
2024-09-17,7,1.87092,1.55418,1,2024,9,Peralihan II
2024-09-18,7,1.85629,1.55418,1,2024,9,Peralihan II
2024-09-19,7,1.29777,1.55418,0,2024,9,Peralihan II
2024-09-20,7,0.95738,1.55418,0,2024,9,Peralihan II
2024-09-21,7,0.67832,1.55418,0,2024,9,Peralihan II
2024-09-22,7,0.55470,1.55418,0,2024,9,Peralihan II
2024-09-23,7,0.48557,1.55418,0,2024,9,Peralihan II
2024-09-24,7,0.47847,1.55418,0,2024,9,Peralihan II
2024-09-25,7,0.46258,1.55418,0,2024,9,Peralihan II
2024-09-26,7,0.52627,1.55418,0,2024,9,Peralihan II
2024-09-27,7,0.56267,1.55418,0,2024,9,Peralihan II
2024-09-28,7,0.64732,1.55418,0,2024,9,Peralihan II
2024-09-29,7,0.62197,1.55418,0,2024,9,Peralihan II
2024-09-30,7,0.65361,1.55418,0,2024,9,Peralihan II
2024-10-01,7,0.74986,1.55418,0,2024,10,Peralihan II
2024-10-02,7,0.75474,1.55418,0,2024,10,Peralihan II
2024-10-03,7,0.86391,1.55418,0,2024,10,Peralihan II
2024-10-04,7,0.85667,1.55418,0,2024,10,Peralihan II
2024-10-05,7,0.91103,1.55418,0,2024,10,Peralihan II
2024-10-06,7,0.85845,1.55418,0,2024,10,Peralihan II
2024-10-07,7,0.81971,1.55418,0,2024,10,Peralihan II
2024-10-08,7,0.77705,1.55418,0,2024,10,Peralihan II
2024-10-09,7,0.69646,1.55418,0,2024,10,Peralihan II
2024-10-10,7,0.70699,1.55418,0,2024,10,Peralihan II
2024-10-11,7,0.69841,1.55418,0,2024,10,Peralihan II
2024-10-12,7,0.73861,1.55418,0,2024,10,Peralihan II
2024-10-13,7,0.80397,1.55418,0,2024,10,Peralihan II
2024-10-14,7,0.77857,1.55418,0,2024,10,Peralihan II
2024-10-15,7,0.66580,1.55418,0,2024,10,Peralihan II
2024-10-16,7,0.66919,1.55418,0,2024,10,Peralihan II
2024-10-17,7,0.78986,1.55418,0,2024,10,Peralihan II
2024-10-18,7,0.79362,1.55418,0,2024,10,Peralihan II
2024-10-19,7,0.71636,1.55418,0,2024,10,Peralihan II
2024-10-20,7,0.64297,1.55418,0,2024,10,Peralihan II
2024-10-21,7,0.61301,1.55418,0,2024,10,Peralihan II
2024-10-22,7,0.67313,1.55418,0,2024,10,Peralihan II
2024-10-23,7,0.75738,1.55418,0,2024,10,Peralihan II
2024-10-24,7,0.68066,1.55418,0,2024,10,Peralihan II
2024-10-25,7,0.70314,1.55418,0,2024,10,Peralihan II
2024-10-26,7,0.67559,1.55418,0,2024,10,Peralihan II
2024-10-27,7,0.60322,1.55418,0,2024,10,Peralihan II
2024-10-28,7,0.63258,1.55418,0,2024,10,Peralihan II
2024-10-29,7,0.69708,1.55418,0,2024,10,Peralihan II
2024-10-30,7,0.82450,1.55418,0,2024,10,Peralihan II
2024-10-31,7,0.80318,1.55418,0,2024,10,Peralihan II
2024-11-01,7,0.62399,1.55418,0,2024,11,Peralihan II
2024-11-02,7,0.48325,1.55418,0,2024,11,Peralihan II
2024-11-03,7,0.51440,1.55418,0,2024,11,Peralihan II
2024-11-04,7,0.62916,1.55418,0,2024,11,Peralihan II
2024-11-05,7,0.80901,1.55418,0,2024,11,Peralihan II
2024-11-06,7,0.71446,1.55418,0,2024,11,Peralihan II
2024-11-07,7,0.55768,1.55418,0,2024,11,Peralihan II
2024-11-08,7,0.52489,1.55418,0,2024,11,Peralihan II
2024-11-09,7,0.59114,1.55418,0,2024,11,Peralihan II
2024-11-10,7,0.59729,1.55418,0,2024,11,Peralihan II
2024-11-11,7,0.56456,1.55418,0,2024,11,Peralihan II
2024-11-12,7,0.52800,1.55418,0,2024,11,Peralihan II
2024-11-13,7,0.50039,1.55418,0,2024,11,Peralihan II
2024-11-14,7,0.44032,1.55418,0,2024,11,Peralihan II
2024-11-15,7,0.44704,1.55418,0,2024,11,Peralihan II
2024-11-16,7,0.42459,1.55418,0,2024,11,Peralihan II
2024-11-17,7,0.45345,1.55418,0,2024,11,Peralihan II
2024-11-18,7,0.65156,1.55418,0,2024,11,Peralihan II
2024-11-19,7,0.64676,1.55418,0,2024,11,Peralihan II
2024-11-20,7,0.57876,1.55418,0,2024,11,Peralihan II
2024-11-21,7,0.48397,1.55418,0,2024,11,Peralihan II
2024-11-22,7,0.42601,1.55418,0,2024,11,Peralihan II
2024-11-23,7,0.45162,1.55418,0,2024,11,Peralihan II
2024-11-24,7,0.62333,1.55418,0,2024,11,Peralihan II
2024-11-25,7,0.51128,1.55418,0,2024,11,Peralihan II
2024-11-26,7,0.46987,1.55418,0,2024,11,Peralihan II
2024-11-27,7,0.42191,1.55418,0,2024,11,Peralihan II
2024-11-28,7,0.39972,1.55418,0,2024,11,Peralihan II
2024-11-29,7,0.41805,1.55418,0,2024,11,Peralihan II
2024-11-30,7,0.50743,1.55418,0,2024,11,Peralihan II
2024-12-01,7,0.62834,1.55418,0,2024,12,Barat
2024-12-02,7,0.70527,1.55418,0,2024,12,Barat
2024-12-03,7,0.74580,1.55418,0,2024,12,Barat
2024-12-04,7,0.75227,1.55418,0,2024,12,Barat
2024-12-05,7,0.70583,1.55418,0,2024,12,Barat
2024-12-06,7,0.74025,1.55418,0,2024,12,Barat
2024-12-07,7,0.79094,1.55418,0,2024,12,Barat
2024-12-08,7,0.78467,1.55418,0,2024,12,Barat
2024-12-09,7,0.69384,1.55418,0,2024,12,Barat
2024-12-10,7,0.92563,1.55418,0,2024,12,Barat
2024-12-11,7,0.79026,1.55418,0,2024,12,Barat
2024-12-12,7,0.76049,1.55418,0,2024,12,Barat
2024-12-13,7,0.76592,1.55418,0,2024,12,Barat
2024-12-14,7,0.91344,1.55418,0,2024,12,Barat
2024-12-15,7,1.19245,1.55418,0,2024,12,Barat
2024-12-16,7,1.26418,1.55418,0,2024,12,Barat
2024-12-17,7,1.36167,1.55418,0,2024,12,Barat
2024-12-18,7,1.27762,1.55418,0,2024,12,Barat
2024-12-19,7,1.10734,1.55418,0,2024,12,Barat
2024-12-20,7,1.10485,1.55418,0,2024,12,Barat
2024-12-21,7,0.92922,1.55418,0,2024,12,Barat
2024-12-22,7,0.85796,1.55418,0,2024,12,Barat
2024-12-23,7,0.76789,1.55418,0,2024,12,Barat
2024-12-24,7,0.69676,1.55418,0,2024,12,Barat
2024-12-25,7,0.70852,1.55418,0,2024,12,Barat
2024-12-26,7,0.62850,1.55418,0,2024,12,Barat
2024-12-27,7,0.61577,1.55418,0,2024,12,Barat
2024-12-28,7,0.59976,1.55418,0,2024,12,Barat
2024-12-29,7,0.62493,1.55418,0,2024,12,Barat
2024-12-30,7,0.53668,1.55418,0,2024,12,Barat
2024-12-31,7,0.54891,1.55418,0,2024,12,Barat
2025-01-01,7,0.56966,1.55418,0,2025,1,Barat
2025-01-02,7,0.59889,1.55418,0,2025,1,Barat
2025-01-03,7,0.72189,1.55418,0,2025,1,Barat
2025-01-04,7,0.66073,1.55418,0,2025,1,Barat
2025-01-05,7,0.54422,1.55418,0,2025,1,Barat
2025-01-06,7,0.50003,1.55418,0,2025,1,Barat
2025-01-07,7,0.36498,1.55418,0,2025,1,Barat
2025-01-08,7,0.41304,1.55418,0,2025,1,Barat
2025-01-09,7,0.56171,1.55418,0,2025,1,Barat
2025-01-10,7,0.58732,1.55418,0,2025,1,Barat
2025-01-11,7,0.64582,1.55418,0,2025,1,Barat
2025-01-12,7,0.62216,1.55418,0,2025,1,Barat
2025-01-13,7,0.64996,1.55418,0,2025,1,Barat
2025-01-14,7,0.74185,1.55418,0,2025,1,Barat
2025-01-15,7,0.96834,1.55418,0,2025,1,Barat
2025-01-16,7,1.15800,1.55418,0,2025,1,Barat
2025-01-17,7,1.18017,1.55418,0,2025,1,Barat
2025-01-18,7,0.96482,1.55418,0,2025,1,Barat
2025-01-19,7,0.84165,1.55418,0,2025,1,Barat
2025-01-20,7,0.79028,1.55418,0,2025,1,Barat
2025-01-21,7,0.86372,1.55418,0,2025,1,Barat
2025-01-22,7,0.79563,1.55418,0,2025,1,Barat
2025-01-23,7,0.68632,1.55418,0,2025,1,Barat
2025-01-24,7,0.58953,1.55418,0,2025,1,Barat
2025-01-25,7,0.56350,1.55418,0,2025,1,Barat
2025-01-26,7,0.57928,1.55418,0,2025,1,Barat
2025-01-27,7,0.61458,1.55418,0,2025,1,Barat
2025-01-28,7,0.73848,1.55418,0,2025,1,Barat
2025-01-29,7,0.88345,1.55418,0,2025,1,Barat
2025-01-30,7,0.81704,1.55418,0,2025,1,Barat
2025-01-31,7,1.31241,1.55418,0,2025,1,Barat
2025-02-01,7,1.54886,1.55418,0,2025,2,Barat
2025-02-02,7,1.81059,1.55418,1,2025,2,Barat
2025-02-03,7,1.90940,1.55418,1,2025,2,Barat
2025-02-04,7,2.03562,1.55418,1,2025,2,Barat
2025-02-05,7,2.25427,1.55418,1,2025,2,Barat
2025-02-06,7,2.02330,1.55418,1,2025,2,Barat
2025-02-07,7,1.76994,1.55418,1,2025,2,Barat
2025-02-08,7,2.02255,1.55418,1,2025,2,Barat
2025-02-09,7,2.10260,1.55418,1,2025,2,Barat
2025-02-10,7,1.94847,1.55418,1,2025,2,Barat
2025-02-11,7,1.54605,1.55418,0,2025,2,Barat
2025-02-12,7,1.29177,1.55418,0,2025,2,Barat
2025-02-13,7,1.13042,1.55418,0,2025,2,Barat
2025-02-14,7,0.93421,1.55418,0,2025,2,Barat
2025-02-15,7,0.85606,1.55418,0,2025,2,Barat
2025-02-16,7,0.77101,1.55418,0,2025,2,Barat
2025-02-17,7,0.79561,1.55418,0,2025,2,Barat
2025-02-18,7,0.96639,1.55418,0,2025,2,Barat
2025-02-19,7,0.93359,1.55418,0,2025,2,Barat
2025-02-20,7,0.73494,1.55418,0,2025,2,Barat
2025-02-21,7,0.73511,1.55418,0,2025,2,Barat
2025-02-22,7,0.57246,1.55418,0,2025,2,Barat
2025-02-23,7,0.59106,1.55418,0,2025,2,Barat
2025-02-24,7,0.62273,1.55418,0,2025,2,Barat
2025-02-25,7,0.63695,1.55418,0,2025,2,Barat
2025-02-26,7,0.60887,1.55418,0,2025,2,Barat
2025-02-27,7,0.53616,1.55418,0,2025,2,Barat
2025-02-28,7,0.55849,1.55418,0,2025,2,Barat
2025-03-01,7,0.44167,1.55418,0,2025,3,Peralihan I
2025-03-02,7,0.42512,1.55418,0,2025,3,Peralihan I
2025-03-03,7,0.37330,1.55418,0,2025,3,Peralihan I
2025-03-04,7,0.39126,1.55418,0,2025,3,Peralihan I
2025-03-05,7,0.36697,1.55418,0,2025,3,Peralihan I
2025-03-06,7,0.43790,1.55418,0,2025,3,Peralihan I
2025-03-07,7,0.47833,1.55418,0,2025,3,Peralihan I
2025-03-08,7,0.48282,1.55418,0,2025,3,Peralihan I
2025-03-09,7,0.46253,1.55418,0,2025,3,Peralihan I
2025-03-10,7,0.43254,1.55418,0,2025,3,Peralihan I
2025-03-11,7,0.48792,1.55418,0,2025,3,Peralihan I
2025-03-12,7,0.56721,1.55418,0,2025,3,Peralihan I
2025-03-13,7,0.52278,1.55418,0,2025,3,Peralihan I
2025-03-14,7,0.53616,1.55418,0,2025,3,Peralihan I
2025-03-15,7,0.49126,1.55418,0,2025,3,Peralihan I
2025-03-16,7,0.50765,1.55418,0,2025,3,Peralihan I
2025-03-17,7,0.65612,1.55418,0,2025,3,Peralihan I
2025-03-18,7,0.73250,1.55418,0,2025,3,Peralihan I
2025-03-19,7,0.81679,1.55418,0,2025,3,Peralihan I
2025-03-20,7,0.79722,1.55418,0,2025,3,Peralihan I
2025-03-21,7,0.90323,1.55418,0,2025,3,Peralihan I
2025-03-22,7,1.06849,1.55418,0,2025,3,Peralihan I
2025-03-23,7,1.27709,1.55418,0,2025,3,Peralihan I
2025-03-24,7,1.08576,1.55418,0,2025,3,Peralihan I
2025-03-25,7,1.15986,1.55418,0,2025,3,Peralihan I
2025-03-26,7,1.20749,1.55418,0,2025,3,Peralihan I
2025-03-27,7,1.15332,1.55418,0,2025,3,Peralihan I
2025-03-28,7,1.44344,1.55418,0,2025,3,Peralihan I
2025-03-29,7,1.47146,1.55418,0,2025,3,Peralihan I
2025-03-30,7,1.06043,1.55418,0,2025,3,Peralihan I
2025-03-31,7,1.02070,1.55418,0,2025,3,Peralihan I
2025-04-01,7,1.18350,1.55418,0,2025,4,Peralihan I
2025-04-02,7,1.27349,1.55418,0,2025,4,Peralihan I
2025-04-03,7,0.85962,1.55418,0,2025,4,Peralihan I
2025-04-04,7,0.59188,1.55418,0,2025,4,Peralihan I
2025-04-05,7,0.41904,1.55418,0,2025,4,Peralihan I
2025-04-06,7,0.36236,1.55418,0,2025,4,Peralihan I
2025-04-07,7,0.51433,1.55418,0,2025,4,Peralihan I
2025-04-08,7,0.56549,1.55418,0,2025,4,Peralihan I
2025-04-09,7,0.50273,1.55418,0,2025,4,Peralihan I
2025-04-10,7,0.92076,1.55418,0,2025,4,Peralihan I
2025-04-11,7,1.66644,1.55418,1,2025,4,Peralihan I
2025-04-12,7,1.68843,1.55418,1,2025,4,Peralihan I
2025-04-13,7,0.80075,1.55418,0,2025,4,Peralihan I
2025-04-14,7,0.56429,1.55418,0,2025,4,Peralihan I
2025-04-15,7,0.52810,1.55418,0,2025,4,Peralihan I
2025-04-16,7,0.56458,1.55418,0,2025,4,Peralihan I
2025-04-17,7,0.58378,1.55418,0,2025,4,Peralihan I
2025-04-18,7,0.69012,1.55418,0,2025,4,Peralihan I
2025-04-19,7,1.15377,1.55418,0,2025,4,Peralihan I
2025-04-20,7,0.94305,1.55418,0,2025,4,Peralihan I
2025-04-21,7,0.59496,1.55418,0,2025,4,Peralihan I
2025-04-22,7,0.76274,1.55418,0,2025,4,Peralihan I
2025-04-23,7,1.27589,1.55418,0,2025,4,Peralihan I
2025-04-24,7,1.23639,1.55418,0,2025,4,Peralihan I
2025-04-25,7,0.83561,1.55418,0,2025,4,Peralihan I
2025-04-26,7,0.71600,1.55418,0,2025,4,Peralihan I
2025-04-27,7,0.59786,1.55418,0,2025,4,Peralihan I
2025-04-28,7,0.68968,1.55418,0,2025,4,Peralihan I
2025-04-29,7,1.45161,1.55418,0,2025,4,Peralihan I
2025-04-30,7,1.76381,1.55418,1,2025,4,Peralihan I
2025-05-01,7,1.65848,1.55418,1,2025,5,Peralihan I
2025-05-02,7,1.60705,1.55418,1,2025,5,Peralihan I
2025-05-03,7,1.43823,1.55418,0,2025,5,Peralihan I
2025-05-04,7,1.07614,1.55418,0,2025,5,Peralihan I
2025-05-05,7,1.12113,1.55418,0,2025,5,Peralihan I
2025-05-06,7,0.97175,1.55418,0,2025,5,Peralihan I
2025-05-07,7,1.00221,1.55418,0,2025,5,Peralihan I
2025-05-08,7,1.28489,1.55418,0,2025,5,Peralihan I
2025-05-09,7,1.13818,1.55418,0,2025,5,Peralihan I
2025-05-10,7,1.18546,1.55418,0,2025,5,Peralihan I
2025-05-11,7,1.18107,1.55418,0,2025,5,Peralihan I
2025-05-12,7,0.88313,1.55418,0,2025,5,Peralihan I
2025-05-13,7,0.71711,1.55418,0,2025,5,Peralihan I
2025-05-14,7,1.10131,1.55418,0,2025,5,Peralihan I
2025-05-15,7,1.37973,1.55418,0,2025,5,Peralihan I
2025-05-16,7,1.64979,1.55418,1,2025,5,Peralihan I
2025-05-17,7,1.47976,1.55418,0,2025,5,Peralihan I
2025-05-18,7,1.98943,1.55418,1,2025,5,Peralihan I
2025-05-19,7,1.84117,1.55418,1,2025,5,Peralihan I
2025-05-20,7,1.37799,1.55418,0,2025,5,Peralihan I
2025-05-21,7,1.57795,1.55418,1,2025,5,Peralihan I
2025-05-22,7,1.40159,1.55418,0,2025,5,Peralihan I
2025-05-23,7,1.07937,1.55418,0,2025,5,Peralihan I
2025-05-24,7,0.86461,1.55418,0,2025,5,Peralihan I
2025-05-25,7,0.78978,1.55418,0,2025,5,Peralihan I
2025-05-26,7,0.80389,1.55418,0,2025,5,Peralihan I
2025-05-27,7,0.98605,1.55418,0,2025,5,Peralihan I
2025-05-28,7,1.08736,1.55418,0,2025,5,Peralihan I
2025-05-29,7,1.35391,1.55418,0,2025,5,Peralihan I
2025-05-30,7,1.64041,1.55418,1,2025,5,Peralihan I
2025-05-31,7,1.47054,1.55418,0,2025,5,Peralihan I
2025-06-01,7,1.25322,1.55418,0,2025,6,Timur
2025-06-02,7,0.97238,1.55418,0,2025,6,Timur
2025-06-03,7,0.87753,1.55418,0,2025,6,Timur
2025-06-04,7,0.83711,1.55418,0,2025,6,Timur
2025-06-05,7,0.82028,1.55418,0,2025,6,Timur
2025-06-06,7,0.95678,1.55418,0,2025,6,Timur
2025-06-07,7,1.09824,1.55418,0,2025,6,Timur
2025-06-08,7,1.47589,1.55418,0,2025,6,Timur
2025-06-09,7,1.45493,1.55418,0,2025,6,Timur
2025-06-10,7,1.42260,1.55418,0,2025,6,Timur
2025-06-11,7,1.22261,1.55418,0,2025,6,Timur
2025-06-12,7,1.61439,1.55418,1,2025,6,Timur
2025-06-13,7,1.36451,1.55418,0,2025,6,Timur
2025-06-14,7,1.25111,1.55418,0,2025,6,Timur
2025-06-15,7,1.08058,1.55418,0,2025,6,Timur
2025-06-16,7,0.95092,1.55418,0,2025,6,Timur
2025-06-17,7,1.21957,1.55418,0,2025,6,Timur
2025-06-18,7,1.31309,1.55418,0,2025,6,Timur
2025-06-19,7,1.40637,1.55418,0,2025,6,Timur
2025-06-20,7,1.32986,1.55418,0,2025,6,Timur
2025-06-21,7,1.25309,1.55418,0,2025,6,Timur
2025-06-22,7,1.13484,1.55418,0,2025,6,Timur
2025-06-23,7,1.01800,1.55418,0,2025,6,Timur
2025-06-24,7,1.08664,1.55418,0,2025,6,Timur
2025-06-25,7,1.30022,1.55418,0,2025,6,Timur
2025-06-26,7,1.77064,1.55418,1,2025,6,Timur
2025-06-27,7,1.89053,1.55418,1,2025,6,Timur
2025-06-28,7,1.79286,1.55418,1,2025,6,Timur
2025-06-29,7,2.08358,1.55418,1,2025,6,Timur
2025-06-30,7,2.07439,1.55418,1,2025,6,Timur
2025-07-01,7,1.91066,1.55418,1,2025,7,Timur
2025-07-02,7,1.58734,1.55418,1,2025,7,Timur
2025-07-03,7,1.05690,1.55418,0,2025,7,Timur
2025-07-04,7,0.83611,1.55418,0,2025,7,Timur
2025-07-05,7,0.69506,1.55418,0,2025,7,Timur
2025-07-06,7,0.91367,1.55418,0,2025,7,Timur
2025-07-07,7,1.23299,1.55418,0,2025,7,Timur
2025-07-08,7,1.05615,1.55418,0,2025,7,Timur
2025-07-09,7,0.88307,1.55418,0,2025,7,Timur
2025-07-10,7,0.90664,1.55418,0,2025,7,Timur
2025-07-11,7,1.41066,1.55418,0,2025,7,Timur
2025-07-12,7,1.38067,1.55418,0,2025,7,Timur
2025-07-13,7,1.28025,1.55418,0,2025,7,Timur
2025-07-14,7,1.15098,1.55418,0,2025,7,Timur
2025-07-15,7,0.91497,1.55418,0,2025,7,Timur
2025-07-16,7,0.71484,1.55418,0,2025,7,Timur
2025-07-17,7,0.67005,1.55418,0,2025,7,Timur
2025-07-18,7,0.74699,1.55418,0,2025,7,Timur
2025-07-19,7,0.78537,1.55418,0,2025,7,Timur
2025-07-20,7,1.06990,1.55418,0,2025,7,Timur
2025-07-21,7,0.90034,1.55418,0,2025,7,Timur
2025-07-22,7,0.74655,1.55418,0,2025,7,Timur
2025-07-23,7,0.59646,1.55418,0,2025,7,Timur
2025-07-24,7,0.56852,1.55418,0,2025,7,Timur
2025-07-25,7,0.56680,1.55418,0,2025,7,Timur
2025-07-26,7,0.70734,1.55418,0,2025,7,Timur
2025-07-27,7,0.65160,1.55418,0,2025,7,Timur
2025-07-28,7,0.64331,1.55418,0,2025,7,Timur
2025-07-29,7,0.65167,1.55418,0,2025,7,Timur
2025-07-30,7,0.77096,1.55418,0,2025,7,Timur
2025-07-31,7,0.83079,1.55418,0,2025,7,Timur
2025-08-01,7,1.42746,1.55418,0,2025,8,Timur
2025-08-02,7,2.09931,1.55418,1,2025,8,Timur
2025-08-03,7,1.67339,1.55418,1,2025,8,Timur
2025-08-04,7,1.10643,1.55418,0,2025,8,Timur
2025-08-05,7,0.85953,1.55418,0,2025,8,Timur
2025-08-06,7,0.78734,1.55418,0,2025,8,Timur
2025-08-07,7,0.72144,1.55418,0,2025,8,Timur
2025-08-08,7,0.76870,1.55418,0,2025,8,Timur
2025-08-09,7,0.80932,1.55418,0,2025,8,Timur
2025-08-10,7,1.12937,1.55418,0,2025,8,Timur
2025-08-11,7,1.06083,1.55418,0,2025,8,Timur
2025-08-12,7,1.12369,1.55418,0,2025,8,Timur
2025-08-13,7,1.18301,1.55418,0,2025,8,Timur
2025-08-14,7,1.15247,1.55418,0,2025,8,Timur
2025-08-15,7,1.10751,1.55418,0,2025,8,Timur
2025-08-16,7,1.15384,1.55418,0,2025,8,Timur
2025-08-17,7,1.28942,1.55418,0,2025,8,Timur
2025-08-18,7,1.51478,1.55418,0,2025,8,Timur
2025-08-19,7,1.50638,1.55418,0,2025,8,Timur
2025-08-20,7,1.32813,1.55418,0,2025,8,Timur
2025-08-21,7,0.98758,1.55418,0,2025,8,Timur
2025-08-22,7,0.83117,1.55418,0,2025,8,Timur
2025-08-23,7,0.78411,1.55418,0,2025,8,Timur
2025-08-24,7,0.75826,1.55418,0,2025,8,Timur
2025-08-25,7,0.67139,1.55418,0,2025,8,Timur
2025-08-26,7,0.70928,1.55418,0,2025,8,Timur
2025-08-27,7,0.74457,1.55418,0,2025,8,Timur
2025-08-28,7,0.70073,1.55418,0,2025,8,Timur
2025-08-29,7,0.67130,1.55418,0,2025,8,Timur
2025-08-30,7,0.59621,1.55418,0,2025,8,Timur
2025-08-31,7,1.23334,1.55418,0,2025,8,Timur
2025-09-01,7,1.31570,1.55418,0,2025,9,Peralihan II
2025-09-02,7,1.15037,1.55418,0,2025,9,Peralihan II
2025-09-03,7,1.05211,1.55418,0,2025,9,Peralihan II
2025-09-04,7,0.80509,1.55418,0,2025,9,Peralihan II
2025-09-05,7,0.62699,1.55418,0,2025,9,Peralihan II
2025-09-06,7,0.55863,1.55418,0,2025,9,Peralihan II
2025-09-07,7,0.65781,1.55418,0,2025,9,Peralihan II
2025-09-08,7,0.99419,1.55418,0,2025,9,Peralihan II
2025-09-09,7,1.05396,1.55418,0,2025,9,Peralihan II
2025-09-10,7,0.96461,1.55418,0,2025,9,Peralihan II
2025-09-11,7,0.76378,1.55418,0,2025,9,Peralihan II
2025-09-12,7,1.09429,1.55418,0,2025,9,Peralihan II
2025-09-13,7,1.48691,1.55418,0,2025,9,Peralihan II
2025-09-14,7,1.29282,1.55418,0,2025,9,Peralihan II
2025-09-15,7,0.85861,1.55418,0,2025,9,Peralihan II
2025-09-16,7,0.76614,1.55418,0,2025,9,Peralihan II
2025-09-17,7,0.67042,1.55418,0,2025,9,Peralihan II
2025-09-18,7,0.72251,1.55418,0,2025,9,Peralihan II
2025-09-19,7,0.67107,1.55418,0,2025,9,Peralihan II
2025-09-20,7,0.62516,1.55418,0,2025,9,Peralihan II
2025-09-21,7,0.72488,1.55418,0,2025,9,Peralihan II
2025-09-22,7,0.79993,1.55418,0,2025,9,Peralihan II
2025-09-23,7,1.25450,1.55418,0,2025,9,Peralihan II
2025-09-24,7,1.28276,1.55418,0,2025,9,Peralihan II
2025-09-25,7,0.94522,1.55418,0,2025,9,Peralihan II
2025-09-26,7,0.82848,1.55418,0,2025,9,Peralihan II
2025-09-27,7,0.85763,1.55418,0,2025,9,Peralihan II
2025-09-28,7,0.76460,1.55418,0,2025,9,Peralihan II
2025-09-29,7,0.68532,1.55418,0,2025,9,Peralihan II
2025-09-30,7,0.61758,1.55418,0,2025,9,Peralihan II
2025-10-01,7,0.54200,1.55418,0,2025,10,Peralihan II
2025-10-02,7,0.52635,1.55418,0,2025,10,Peralihan II
2025-10-03,7,0.50772,1.55418,0,2025,10,Peralihan II
2025-10-04,7,0.58224,1.55418,0,2025,10,Peralihan II
2025-10-05,7,0.65398,1.55418,0,2025,10,Peralihan II
2025-10-06,7,0.71142,1.55418,0,2025,10,Peralihan II
2025-10-07,7,0.78636,1.55418,0,2025,10,Peralihan II
2025-10-08,7,0.75200,1.55418,0,2025,10,Peralihan II
2025-10-09,7,0.74052,1.55418,0,2025,10,Peralihan II
2025-10-10,7,0.59385,1.55418,0,2025,10,Peralihan II
2025-10-11,7,0.53226,1.55418,0,2025,10,Peralihan II
2025-10-12,7,0.45919,1.55418,0,2025,10,Peralihan II
2025-10-13,7,0.40297,1.55418,0,2025,10,Peralihan II
2025-10-14,7,0.47189,1.55418,0,2025,10,Peralihan II
2025-10-15,7,0.69884,1.55418,0,2025,10,Peralihan II
2025-10-16,7,0.88647,1.55418,0,2025,10,Peralihan II
2025-10-17,7,0.84165,1.55418,0,2025,10,Peralihan II
2025-10-18,7,0.86747,1.55418,0,2025,10,Peralihan II
2025-10-19,7,0.76441,1.55418,0,2025,10,Peralihan II
2025-10-20,7,0.69629,1.55418,0,2025,10,Peralihan II
2025-10-21,7,0.72078,1.55418,0,2025,10,Peralihan II
2025-10-22,7,0.77729,1.55418,0,2025,10,Peralihan II
2025-10-23,7,0.76768,1.55418,0,2025,10,Peralihan II
2025-10-24,7,0.69869,1.55418,0,2025,10,Peralihan II
2025-10-25,7,0.59643,1.55418,0,2025,10,Peralihan II
2025-10-26,7,0.64437,1.55418,0,2025,10,Peralihan II
2025-10-27,7,0.66137,1.55418,0,2025,10,Peralihan II
2025-10-28,7,0.70081,1.55418,0,2025,10,Peralihan II
2025-10-29,7,0.72768,1.55418,0,2025,10,Peralihan II
2025-10-30,7,0.57799,1.55418,0,2025,10,Peralihan II
2025-10-31,7,0.59014,1.55418,0,2025,10,Peralihan II
2025-11-01,7,0.60296,1.55418,0,2025,11,Peralihan II
2025-11-02,7,0.62369,1.55418,0,2025,11,Peralihan II
2025-11-03,7,0.68905,1.55418,0,2025,11,Peralihan II
2025-11-04,7,0.59431,1.55418,0,2025,11,Peralihan II
2025-11-05,7,0.56432,1.55418,0,2025,11,Peralihan II
2025-11-06,7,0.53697,1.55418,0,2025,11,Peralihan II
2025-11-07,7,0.60322,1.55418,0,2025,11,Peralihan II
2025-11-08,7,0.61621,1.55418,0,2025,11,Peralihan II
2025-11-09,7,0.58130,1.55418,0,2025,11,Peralihan II
2025-11-10,7,0.58052,1.55418,0,2025,11,Peralihan II
2025-11-11,7,0.74150,1.55418,0,2025,11,Peralihan II
2025-11-12,7,0.62051,1.55418,0,2025,11,Peralihan II
2025-11-13,7,0.47458,1.55418,0,2025,11,Peralihan II
2025-11-14,7,0.45476,1.55418,0,2025,11,Peralihan II
2025-11-15,7,0.60978,1.55418,0,2025,11,Peralihan II
2025-11-16,7,0.90415,1.55418,0,2025,11,Peralihan II
2025-11-17,7,1.14118,1.55418,0,2025,11,Peralihan II
2025-11-18,7,1.16203,1.55418,0,2025,11,Peralihan II
2025-11-19,7,0.97354,1.55418,0,2025,11,Peralihan II
2025-11-20,7,1.06110,1.55418,0,2025,11,Peralihan II
2025-11-21,7,1.11176,1.55418,0,2025,11,Peralihan II
2025-11-22,7,1.10800,1.55418,0,2025,11,Peralihan II
2025-11-23,7,2.14132,1.55418,1,2025,11,Peralihan II
2025-11-24,7,2.39344,1.55418,1,2025,11,Peralihan II
2025-11-25,7,1.79101,1.55418,1,2025,11,Peralihan II
2025-11-26,7,1.27865,1.55418,0,2025,11,Peralihan II
2025-11-27,7,0.84383,1.55418,0,2025,11,Peralihan II
2025-11-28,7,0.66311,1.55418,0,2025,11,Peralihan II
2025-11-29,7,0.61747,1.55418,0,2025,11,Peralihan II
2025-11-30,7,0.68802,1.55418,0,2025,11,Peralihan II
2025-12-01,7,0.63263,1.55418,0,2025,12,Barat
2025-12-02,7,0.63221,1.55418,0,2025,12,Barat
2025-12-03,7,0.55268,1.55418,0,2025,12,Barat
2025-12-04,7,0.58123,1.55418,0,2025,12,Barat
2025-12-05,7,0.53849,1.55418,0,2025,12,Barat
2025-12-06,7,0.54767,1.55418,0,2025,12,Barat
2025-12-07,7,0.50453,1.55418,0,2025,12,Barat
2025-12-08,7,0.50273,1.55418,0,2025,12,Barat
2025-12-09,7,0.53845,1.55418,0,2025,12,Barat
2025-12-10,7,0.48724,1.55418,0,2025,12,Barat
2025-12-11,7,0.51957,1.55418,0,2025,12,Barat
2025-12-12,7,0.49069,1.55418,0,2025,12,Barat
2025-12-13,7,0.54821,1.55418,0,2025,12,Barat
2025-12-14,7,0.55292,1.55418,0,2025,12,Barat
2025-12-15,7,0.55834,1.55418,0,2025,12,Barat
2025-12-16,7,0.52423,1.55418,0,2025,12,Barat
2025-12-17,7,0.60884,1.55418,0,2025,12,Barat
2025-12-18,7,0.62030,1.55418,0,2025,12,Barat
2025-12-19,7,0.61360,1.55418,0,2025,12,Barat
2025-12-20,7,0.77492,1.55418,0,2025,12,Barat
2025-12-21,7,0.85200,1.55418,0,2025,12,Barat
2025-12-22,7,1.01009,1.55418,0,2025,12,Barat
2025-12-23,7,0.98270,1.55418,0,2025,12,Barat
2025-12-24,7,0.97799,1.55418,0,2025,12,Barat
2025-12-25,7,1.09548,1.55418,0,2025,12,Barat
2025-12-26,7,1.11446,1.55418,0,2025,12,Barat
2025-12-27,7,1.08814,1.55418,0,2025,12,Barat
2025-12-28,7,0.93809,1.55418,0,2025,12,Barat
2025-12-29,7,0.83700,1.55418,0,2025,12,Barat
2025-12-30,7,0.89272,1.55418,0,2025,12,Barat
2025-12-31,7,1.13446,1.55418,0,2025,12,Barat
