zona,tier,lat,lon,skenario,subsidi,premi_dibayar,rata_tanpa,rata_dengan,sd_tanpa,sd_dengan,p90_tanpa,p90_dengan,maks_tanpa,maks_dengan,rasio_tutup,tutup_tahun_buruk,hari_hilang_timur,hari_dibayar_timur
573-A,1,-7.0,106.0,Lama A 20%,0.0,6035771.9975,11012750.0,13088271.997499997,2286012.9759226996,1631426.4230767637,13258700.0,14867671.997499999,15841000.0,16885771.9975,0.35960591133004927,0.3150684931506849,28.4,7.24
573-A,1,-7.5,106.0,Lama A 20%,0.0,6035771.9975,11202625.0,13278146.997499997,2219268.148316114,1678208.2270269294,13974800.0,15019571.997499999,15624000.0,16668771.997499999,0.35351089588377727,0.3194444444444444,29.0,7.24
573-A,1,-7.5,106.5,Lama A 20%,0.0,6035771.9975,11256875.0,13332396.997499997,2403081.4513779017,1577595.3857332864,14278600.0,14932771.997499999,15841000.0,16885771.9975,0.35180722891566263,0.3150684931506849,27.88,7.24
573-A,1,-7.5,107.0,Lama A 20%,0.0,6035771.9975,11401541.666666666,13477063.664166665,2229545.9662405956,1012736.8635090485,14039900.0,14433671.997499999,14973000.0,16017771.997499999,0.34734337827121337,0.3333333333333333,27.64,7.24
573-A,1,-7.5,107.5,Lama A 20%,0.0,6035771.9975,11528125.0,13603646.997499997,2565434.7595358533,1183919.5519268962,14256900.0,15301671.997499999,15841000.0,15800771.997499999,0.34352941176470586,0.3835616438356164,27.28,7.24
573-A,1,-8.0,107.5,Lama A 20%,0.0,6035771.9975,11392500.0,13468021.997499997,2094139.2130128935,1299245.2742298874,13454000.0,15106371.997499999,15190000.0,16234771.997499999,0.3476190476190476,0.38571428571428573,27.56,7.24
573-A,1,-8.0,108.0,Lama A 20%,0.0,6035771.9975,11329208.333333334,13404730.33083333,2199033.9376776274,1092482.7121969827,13974800.0,14802571.997499999,14756000.0,16017771.997499999,0.349561053471668,0.39705882352941174,25.8,7.24
573-A,1,-8.0,108.5,Lama A 20%,0.0,6035771.9975,11419625.0,13495146.997499997,2220190.4895262048,867557.6318408002,14039900.0,14715771.997499999,14756000.0,14932771.997499999,0.34679334916864607,0.4117647058823529,27.12,7.24
573-A,1,-8.0,109.0,Lama A 20%,0.0,6035771.9975,11528125.0,13603646.997499997,2277095.581666145,943307.2399346055,14105000.0,14867671.997499999,14973000.0,15366771.997499999,0.34352941176470586,0.4057971014492754,27.28,7.24
573-A,1,-8.0,109.5,Lama A 20%,0.0,6035771.9975,11627583.333333334,13703105.33083333,2458338.7801462626,1021167.2207594715,14973000.0,14932771.997499999,15190000.0,16234771.997499999,0.3405909797822706,0.32857142857142857,27.12,7.24
573-A,1,-8.5,109.5,Lama A 20%,0.0,6035771.9975,11320166.666666666,13395688.664166665,1920405.135396688,1142745.2421278318,13605900.0,14585571.997499999,13888000.0,15800771.997499999,0.3498402555910543,0.4375,26.8,7.24
573-A,1,-8.5,110.0,Lama A 20%,0.0,6035771.9975,11365375.0,13440896.997499997,1926946.0815204345,1183919.5519268962,13454000.0,14867671.997499999,14322000.0,16234771.997499999,0.34844868735083534,0.3939393939393939,27.24,7.24
573-A,1,-8.5,110.5,Lama A 20%,0.0,6035771.9975,11374416.666666666,13449938.664166665,2004134.5289538146,833506.6660314365,13475700.0,14498771.997499999,14756000.0,15149771.997499999,0.3481717011128776,0.38235294117647056,27.2,7.24
573-A,1,-8.5,111.0,Lama A 20%,0.0,6035771.9975,11473875.0,13549396.997499997,2157996.420041758,709140.1905001638,14039900.0,14281771.997499999,15407000.0,15149771.997499999,0.34515366430260047,0.4788732394366197,26.84,7.24
573-A,1,-8.5,111.5,Lama A 20%,0.0,6035771.9975,11591416.666666666,13666938.664166665,2242307.9708710588,676195.9882258646,14322000.0,14650671.997499999,14973000.0,14932771.997499999,0.3416536661466459,0.4927536231884058,26.8,7.24
573-A,1,-8.5,112.0,Lama A 20%,0.0,6035771.9975,11555250.0,13630771.997499997,2328604.886491331,695107.2485282554,14473900.0,14498771.997499999,15190000.0,14932771.997499999,0.3427230046948357,0.4142857142857143,26.8,7.24
573-A,1,-8.5,112.5,Lama A 20%,0.0,6035771.9975,11609500.0,13685021.997499997,2231400.88577635,566047.6435624555,14256900.0,14281771.997499999,14973000.0,14932771.997499999,0.3411214953271028,0.4927536231884058,26.36,7.24
573-A,1,-8.5,113.0,Lama A 20%,0.0,6035771.9975,11591416.666666666,13666938.664166665,2299110.8851725357,1085314.4471881697,14473900.0,14932771.997499999,15190000.0,15149771.997499999,0.3416536661466459,0.4,24.56,7.24
573-A,1,-8.5,113.5,Lama A 20%,0.0,6035771.9975,11645666.666666666,13721188.664166665,2556924.726692402,1298719.9020797252,14690900.0,15301671.997499999,15190000.0,15366771.997499999,0.34006211180124224,0.4,24.8,7.24
573-A,1,-8.5,114.0,Lama A 20%,0.0,6035771.9975,11654708.333333334,13730230.33083333,2610658.079275043,1406290.4016740567,14625800.0,15149771.997499999,15841000.0,16017771.997499999,0.3397982932505818,0.3698630136986301,24.44,7.24
573-A,1,-8.5,114.5,Lama A 20%,0.0,6035771.9975,11663750.0,13739271.997499997,2776191.7965631173,1342261.5568347778,14973000.0,15084671.997499999,15841000.0,16885771.9975,0.3395348837209302,0.3150684931506849,28.68,7.24
573-A,1,-8.5,115.5,Lama A 20%,0.0,6035771.9975,11763208.333333334,13838730.33083333,2933762.9343064083,1518971.9200303142,15493800.0,15518671.997499999,16492000.0,16234771.997499999,0.3366641045349731,0.3815789473684211,25.0,7.24
573-A,1,-9.0,114.5,Lama A 20%,0.0,6035771.9975,11582375.0,13657896.997499997,2419637.7884249357,1036383.0629940213,14408800.0,15171471.997499999,14756000.0,15366771.997499999,0.34192037470725994,0.4117647058823529,25.52,7.24
573-A,1,-9.0,115.0,Lama A 20%,0.0,6035771.9975,11627583.333333334,13703105.33083333,2545086.8938213973,1243555.4100927769,14539000.0,15236571.997499999,14756000.0,16234771.997499999,0.3405909797822706,0.5,26.48,7.24
573-A,1,-9.0,115.5,Lama A 20%,0.0,6035771.9975,11690875.0,13766396.997499997,2676359.8950894997,1301705.129653109,14756000.0,15518671.997499999,15624000.0,16017771.997499999,0.33874709976798145,0.4722222222222222,26.28,7.24
573-A,1,-9.0,117.0,Lama A 20%,0.0,6035771.9975,11690875.0,13766396.997499997,2617576.248837512,1172625.2528816068,14842800.0,15171471.997499999,16709000.0,16451771.997499999,0.33874709976798145,0.37662337662337664,25.76,7.24
573-A,1,-9.0,117.5,Lama A 20%,0.0,6035771.9975,11736083.333333334,13811605.33083333,2588161.676232542,1144088.1566317028,15081500.0,15540371.997499999,16492000.0,16234771.997499999,0.337442218798151,0.3815789473684211,27.04,7.24
573-A,1,-9.0,118.0,Lama A 20%,0.0,6035771.9975,11528125.0,13603646.997499997,2550226.713067581,1166498.4135921674,14495600.0,14889371.997499999,16275000.0,16668771.997499999,0.34352941176470586,0.38666666666666666,26.64,7.24
573-A,1,-9.0,118.5,Lama A 20%,0.0,6035771.9975,11410583.333333334,13486105.33083333,2709510.6716361432,1340226.2841601127,14473900.0,14867671.997499999,15841000.0,17102771.9975,0.3470681458003169,0.4657534246575342,25.6,7.24
573-A,1,-9.0,119.0,Lama A 20%,0.0,6035771.9975,11510041.666666666,13585563.664166665,3034951.8222544813,1921803.8849220406,14907900.0,15952671.997499999,17360000.0,18404771.9975,0.3440691280439906,0.425,25.24,7.24
573-A,1,-7.0,106.0,Lama A 20%,0.5,3017885.99875,11012750.0,10070385.99875,2286012.9759226996,1631426.423076764,13258700.0,11849785.99875,15841000.0,13867885.998750001,0.35960591133004927,0.3150684931506849,28.4,7.24
573-A,1,-7.5,106.0,Lama A 20%,0.5,3017885.99875,11202625.0,10260260.99875,2219268.148316114,1678208.2270269298,13974800.0,12001685.998750001,15624000.0,13650885.998750001,0.35351089588377727,0.3194444444444444,29.0,7.24
573-A,1,-7.5,106.5,Lama A 20%,0.5,3017885.99875,11256875.0,10314510.99875,2403081.4513779017,1577595.3857332869,14278600.0,11914885.998750001,15841000.0,13867885.998750001,0.35180722891566263,0.3150684931506849,27.88,7.24
573-A,1,-7.5,107.0,Lama A 20%,0.5,3017885.99875,11401541.666666666,10459177.665416665,2229545.9662405956,1012736.8635090488,14039900.0,11415785.99875,14973000.0,12999885.998750001,0.34734337827121337,0.3333333333333333,27.64,7.24
573-A,1,-7.5,107.5,Lama A 20%,0.5,3017885.99875,11528125.0,10585760.99875,2565434.7595358533,1183919.5519268967,14256900.0,12283785.998750001,15841000.0,12782885.998750001,0.34352941176470586,0.3835616438356164,27.28,7.24
573-A,1,-8.0,107.5,Lama A 20%,0.5,3017885.99875,11392500.0,10450135.99875,2094139.2130128935,1299245.2742298879,13454000.0,12088485.99875,15190000.0,13216885.99875,0.3476190476190476,0.38571428571428573,27.56,7.24
573-A,1,-8.0,108.0,Lama A 20%,0.5,3017885.99875,11329208.333333334,10386844.332083331,2199033.9376776274,1092482.712196983,13974800.0,11784685.998750001,14756000.0,12999885.99875,0.349561053471668,0.39705882352941174,25.8,7.24
573-A,1,-8.0,108.5,Lama A 20%,0.5,3017885.99875,11419625.0,10477260.99875,2220190.4895262048,867557.6318408004,14039900.0,11697885.99875,14756000.0,11914885.99875,0.34679334916864607,0.4117647058823529,27.12,7.24
573-A,1,-8.0,109.0,Lama A 20%,0.5,3017885.99875,11528125.0,10585760.998750001,2277095.581666145,943307.2399346059,14105000.0,11849785.998750001,14973000.0,12348885.99875,0.34352941176470586,0.4057971014492754,27.28,7.24
573-A,1,-8.0,109.5,Lama A 20%,0.5,3017885.99875,11627583.333333334,10685219.332083335,2458338.7801462626,1021167.220759472,14973000.0,11914885.99875,15190000.0,13216885.998750001,0.3405909797822706,0.32857142857142857,27.12,7.24
573-A,1,-8.5,109.5,Lama A 20%,0.5,3017885.99875,11320166.666666666,10377802.665416665,1920405.135396688,1142745.2421278318,13605900.0,11567685.99875,13888000.0,12782885.99875,0.3498402555910543,0.4375,26.8,7.24
573-A,1,-8.5,110.0,Lama A 20%,0.5,3017885.99875,11365375.0,10423010.99875,1926946.0815204345,1183919.5519268962,13454000.0,11849785.99875,14322000.0,13216885.99875,0.34844868735083534,0.3939393939393939,27.24,7.24
573-A,1,-8.5,110.5,Lama A 20%,0.5,3017885.99875,11374416.666666666,10432052.665416665,2004134.5289538146,833506.6660314366,13475700.0,11480885.99875,14756000.0,12131885.998750001,0.3481717011128776,0.38235294117647056,27.2,7.24
573-A,1,-8.5,111.0,Lama A 20%,0.5,3017885.99875,11473875.0,10531510.99875,2157996.420041758,709140.1905001642,14039900.0,11263885.998750001,15407000.0,12131885.99875,0.34515366430260047,0.4788732394366197,26.84,7.24
573-A,1,-8.5,111.5,Lama A 20%,0.5,3017885.99875,11591416.666666666,10649052.665416667,2242307.9708710588,676195.988225865,14322000.0,11632785.998750001,14973000.0,11914885.99875,0.3416536661466459,0.4927536231884058,26.8,7.24
573-A,1,-8.5,112.0,Lama A 20%,0.5,3017885.99875,11555250.0,10612885.998750001,2328604.886491331,695107.2485282558,14473900.0,11480885.998750001,15190000.0,11914885.998750001,0.3427230046948357,0.4142857142857143,26.8,7.24
573-A,1,-8.5,112.5,Lama A 20%,0.5,3017885.99875,11609500.0,10667135.99875,2231400.88577635,566047.6435624558,14256900.0,11263885.998750001,14973000.0,11914885.99875,0.3411214953271028,0.4927536231884058,26.36,7.24
573-A,1,-8.5,113.0,Lama A 20%,0.5,3017885.99875,11591416.666666666,10649052.665416667,2299110.8851725357,1085314.44718817,14473900.0,11914885.998750001,15190000.0,12131885.998750001,0.3416536661466459,0.4,24.56,7.24
573-A,1,-8.5,113.5,Lama A 20%,0.5,3017885.99875,11645666.666666666,10703302.665416667,2556924.726692402,1298719.9020797256,14690900.0,12283785.99875,15190000.0,12348885.998750001,0.34006211180124224,0.4,24.8,7.24
573-A,1,-8.5,114.0,Lama A 20%,0.5,3017885.99875,11654708.333333334,10712344.332083333,2610658.079275043,1406290.4016740571,14625800.0,12131885.998750001,15841000.0,12999885.998750001,0.3397982932505818,0.3698630136986301,24.44,7.24
573-A,1,-8.5,114.5,Lama A 20%,0.5,3017885.99875,11663750.0,10721385.998750001,2776191.7965631173,1342261.5568347785,14973000.0,12066785.998750001,15841000.0,13867885.998750001,0.3395348837209302,0.3150684931506849,28.68,7.24
573-A,1,-8.5,115.5,Lama A 20%,0.5,3017885.99875,11763208.333333334,10820844.332083335,2933762.9343064083,1518971.9200303147,15493800.0,12500785.998750001,16492000.0,13216885.998750001,0.3366641045349731,0.3815789473684211,25.0,7.24
573-A,1,-9.0,114.5,Lama A 20%,0.5,3017885.99875,11582375.0,10640010.99875,2419637.7884249357,1036383.0629940215,14408800.0,12153585.99875,14756000.0,12348885.99875,0.34192037470725994,0.4117647058823529,25.52,7.24
573-A,1,-9.0,115.0,Lama A 20%,0.5,3017885.99875,11627583.333333334,10685219.332083333,2545086.8938213973,1243555.4100927773,14539000.0,12218685.99875,14756000.0,13216885.99875,0.3405909797822706,0.5,26.48,7.24
573-A,1,-9.0,115.5,Lama A 20%,0.5,3017885.99875,11690875.0,10748510.99875,2676359.8950894997,1301705.1296531095,14756000.0,12500785.99875,15624000.0,12999885.99875,0.33874709976798145,0.4722222222222222,26.28,7.24
573-A,1,-9.0,117.0,Lama A 20%,0.5,3017885.99875,11690875.0,10748510.99875,2617576.248837512,1172625.252881607,14842800.0,12153585.998750001,16709000.0,13433885.998750001,0.33874709976798145,0.37662337662337664,25.76,7.24
573-A,1,-9.0,117.5,Lama A 20%,0.5,3017885.99875,11736083.333333334,10793719.332083333,2588161.676232542,1144088.156631703,15081500.0,12522485.99875,16492000.0,13216885.998750001,0.337442218798151,0.3815789473684211,27.04,7.24
573-A,1,-9.0,118.0,Lama A 20%,0.5,3017885.99875,11528125.0,10585760.99875,2550226.713067581,1166498.413592168,14495600.0,11871485.998750001,16275000.0,13650885.99875,0.34352941176470586,0.38666666666666666,26.64,7.24
573-A,1,-9.0,118.5,Lama A 20%,0.5,3017885.99875,11410583.333333334,10468219.332083333,2709510.6716361432,1340226.2841601132,14473900.0,11849785.998750001,15841000.0,14084885.99875,0.3470681458003169,0.4657534246575342,25.6,7.24
573-A,1,-9.0,119.0,Lama A 20%,0.5,3017885.99875,11510041.666666666,10567677.665416667,3034951.8222544813,1921803.8849220416,14907900.0,12934785.99875,17360000.0,15386885.998750001,0.3440691280439906,0.425,25.24,7.24
573-A,1,-7.0,106.0,Lama A 20%,0.7,1810731.5992500002,11012750.0,8863231.59925,2286012.9759226996,1631426.4230767637,13258700.0,10642631.59925,15841000.0,12660731.59925,0.35960591133004927,0.3150684931506849,28.4,7.24
573-A,1,-7.5,106.0,Lama A 20%,0.7,1810731.5992500002,11202625.0,9053106.59925,2219268.148316114,1678208.2270269294,13974800.0,10794531.59925,15624000.0,12443731.59925,0.35351089588377727,0.3194444444444444,29.0,7.24
573-A,1,-7.5,106.5,Lama A 20%,0.7,1810731.5992500002,11256875.0,9107356.59925,2403081.4513779017,1577595.3857332864,14278600.0,10707731.59925,15841000.0,12660731.59925,0.35180722891566263,0.3150684931506849,27.88,7.24
573-A,1,-7.5,107.0,Lama A 20%,0.7,1810731.5992500002,11401541.666666666,9252023.265916666,2229545.9662405956,1012736.8635090485,14039900.0,10208631.59925,14973000.0,11792731.59925,0.34734337827121337,0.3333333333333333,27.64,7.24
573-A,1,-7.5,107.5,Lama A 20%,0.7,1810731.5992500002,11528125.0,9378606.59925,2565434.7595358533,1183919.5519268962,14256900.0,11076631.59925,15841000.0,11575731.59925,0.34352941176470586,0.3835616438356164,27.28,7.24
573-A,1,-8.0,107.5,Lama A 20%,0.7,1810731.5992500002,11392500.0,9242981.59925,2094139.2130128935,1299245.2742298874,13454000.0,10881331.59925,15190000.0,12009731.59925,0.3476190476190476,0.38571428571428573,27.56,7.24
573-A,1,-8.0,108.0,Lama A 20%,0.7,1810731.5992500002,11329208.333333334,9179689.932583334,2199033.9376776274,1092482.7121969827,13974800.0,10577531.59925,14756000.0,11792731.59925,0.349561053471668,0.39705882352941174,25.8,7.24
573-A,1,-8.0,108.5,Lama A 20%,0.7,1810731.5992500002,11419625.0,9270106.59925,2220190.4895262048,867557.6318408002,14039900.0,10490731.59925,14756000.0,10707731.59925,0.34679334916864607,0.4117647058823529,27.12,7.24
573-A,1,-8.0,109.0,Lama A 20%,0.7,1810731.5992500002,11528125.0,9378606.59925,2277095.581666145,943307.2399346055,14105000.0,10642631.59925,14973000.0,11141731.59925,0.34352941176470586,0.4057971014492754,27.28,7.24
573-A,1,-8.0,109.5,Lama A 20%,0.7,1810731.5992500002,11627583.333333334,9478064.932583334,2458338.7801462626,1021167.2207594715,14973000.0,10707731.59925,15190000.0,12009731.59925,0.3405909797822706,0.32857142857142857,27.12,7.24
573-A,1,-8.5,109.5,Lama A 20%,0.7,1810731.5992500002,11320166.666666666,9170648.265916666,1920405.135396688,1142745.2421278318,13605900.0,10360531.59925,13888000.0,11575731.59925,0.3498402555910543,0.4375,26.8,7.24
573-A,1,-8.5,110.0,Lama A 20%,0.7,1810731.5992500002,11365375.0,9215856.59925,1926946.0815204345,1183919.5519268962,13454000.0,10642631.59925,14322000.0,12009731.59925,0.34844868735083534,0.3939393939393939,27.24,7.24
573-A,1,-8.5,110.5,Lama A 20%,0.7,1810731.5992500002,11374416.666666666,9224898.265916666,2004134.5289538146,833506.6660314365,13475700.0,10273731.59925,14756000.0,10924731.59925,0.3481717011128776,0.38235294117647056,27.2,7.24
573-A,1,-8.5,111.0,Lama A 20%,0.7,1810731.5992500002,11473875.0,9324356.59925,2157996.420041758,709140.1905001638,14039900.0,10056731.59925,15407000.0,10924731.59925,0.34515366430260047,0.4788732394366197,26.84,7.24
573-A,1,-8.5,111.5,Lama A 20%,0.7,1810731.5992500002,11591416.666666666,9441898.265916666,2242307.9708710588,676195.9882258646,14322000.0,10425631.59925,14973000.0,10707731.59925,0.3416536661466459,0.4927536231884058,26.8,7.24
573-A,1,-8.5,112.0,Lama A 20%,0.7,1810731.5992500002,11555250.0,9405731.59925,2328604.886491331,695107.2485282554,14473900.0,10273731.59925,15190000.0,10707731.59925,0.3427230046948357,0.4142857142857143,26.8,7.24
573-A,1,-8.5,112.5,Lama A 20%,0.7,1810731.5992500002,11609500.0,9459981.59925,2231400.88577635,566047.6435624555,14256900.0,10056731.59925,14973000.0,10707731.59925,0.3411214953271028,0.4927536231884058,26.36,7.24
573-A,1,-8.5,113.0,Lama A 20%,0.7,1810731.5992500002,11591416.666666666,9441898.265916666,2299110.8851725357,1085314.4471881697,14473900.0,10707731.59925,15190000.0,10924731.59925,0.3416536661466459,0.4,24.56,7.24
573-A,1,-8.5,113.5,Lama A 20%,0.7,1810731.5992500002,11645666.666666666,9496148.265916666,2556924.726692402,1298719.9020797252,14690900.0,11076631.59925,15190000.0,11141731.59925,0.34006211180124224,0.4,24.8,7.24
573-A,1,-8.5,114.0,Lama A 20%,0.7,1810731.5992500002,11654708.333333334,9505189.932583334,2610658.079275043,1406290.4016740567,14625800.0,10924731.59925,15841000.0,11792731.59925,0.3397982932505818,0.3698630136986301,24.44,7.24
573-A,1,-8.5,114.5,Lama A 20%,0.7,1810731.5992500002,11663750.0,9514231.59925,2776191.7965631173,1342261.5568347778,14973000.0,10859631.59925,15841000.0,12660731.59925,0.3395348837209302,0.3150684931506849,28.68,7.24
573-A,1,-8.5,115.5,Lama A 20%,0.7,1810731.5992500002,11763208.333333334,9613689.932583334,2933762.9343064083,1518971.9200303142,15493800.0,11293631.59925,16492000.0,12009731.59925,0.3366641045349731,0.3815789473684211,25.0,7.24
573-A,1,-9.0,114.5,Lama A 20%,0.7,1810731.5992500002,11582375.0,9432856.59925,2419637.7884249357,1036383.0629940213,14408800.0,10946431.59925,14756000.0,11141731.59925,0.34192037470725994,0.4117647058823529,25.52,7.24
573-A,1,-9.0,115.0,Lama A 20%,0.7,1810731.5992500002,11627583.333333334,9478064.932583334,2545086.8938213973,1243555.4100927766,14539000.0,11011531.59925,14756000.0,12009731.59925,0.3405909797822706,0.5,26.48,7.24
573-A,1,-9.0,115.5,Lama A 20%,0.7,1810731.5992500002,11690875.0,9541356.59925,2676359.8950894997,1301705.129653109,14756000.0,11293631.59925,15624000.0,11792731.59925,0.33874709976798145,0.4722222222222222,26.28,7.24
573-A,1,-9.0,117.0,Lama A 20%,0.7,1810731.5992500002,11690875.0,9541356.59925,2617576.248837512,1172625.2528816068,14842800.0,10946431.59925,16709000.0,12226731.59925,0.33874709976798145,0.37662337662337664,25.76,7.24
573-A,1,-9.0,117.5,Lama A 20%,0.7,1810731.5992500002,11736083.333333334,9586564.932583334,2588161.676232542,1144088.1566317028,15081500.0,11315331.59925,16492000.0,12009731.59925,0.337442218798151,0.3815789473684211,27.04,7.24
573-A,1,-9.0,118.0,Lama A 20%,0.7,1810731.5992500002,11528125.0,9378606.59925,2550226.713067581,1166498.4135921674,14495600.0,10664331.59925,16275000.0,12443731.59925,0.34352941176470586,0.38666666666666666,26.64,7.24
573-A,1,-9.0,118.5,Lama A 20%,0.7,1810731.5992500002,11410583.333333334,9261064.932583334,2709510.6716361432,1340226.2841601127,14473900.0,10642631.59925,15841000.0,12877731.59925,0.3470681458003169,0.4657534246575342,25.6,7.24
573-A,1,-9.0,119.0,Lama A 20%,0.7,1810731.5992500002,11510041.666666666,9360523.265916666,3034951.8222544813,1921803.8849220406,14907900.0,11727631.59925,17360000.0,14179731.59925,0.3440691280439906,0.425,25.24,7.24
573-A,1,-7.0,106.0,Lama A 20%,0.8,1207154.3994999996,11012750.0,8259654.3995,2286012.9759226996,1631426.4230767637,13258700.0,10039054.3995,15841000.0,12057154.399500001,0.35960591133004927,0.3150684931506849,28.4,7.24
573-A,1,-7.5,106.0,Lama A 20%,0.8,1207154.3994999996,11202625.0,8449529.3995,2219268.148316114,1678208.2270269294,13974800.0,10190954.3995,15624000.0,11840154.399500001,0.35351089588377727,0.3194444444444444,29.0,7.24
573-A,1,-7.5,106.5,Lama A 20%,0.8,1207154.3994999996,11256875.0,8503779.3995,2403081.4513779017,1577595.3857332866,14278600.0,10104154.3995,15841000.0,12057154.399500001,0.35180722891566263,0.3150684931506849,27.88,7.24
573-A,1,-7.5,107.0,Lama A 20%,0.8,1207154.3994999996,11401541.666666666,8648446.066166667,2229545.9662405956,1012736.8635090485,14039900.0,9605054.3995,14973000.0,11189154.3995,0.34734337827121337,0.3333333333333333,27.64,7.24
573-A,1,-7.5,107.5,Lama A 20%,0.8,1207154.3994999996,11528125.0,8775029.3995,2565434.7595358533,1183919.5519268964,14256900.0,10473054.3995,15841000.0,10972154.399500001,0.34352941176470586,0.3835616438356164,27.28,7.24
573-A,1,-8.0,107.5,Lama A 20%,0.8,1207154.3994999996,11392500.0,8639404.3995,2094139.2130128935,1299245.2742298874,13454000.0,10277754.3995,15190000.0,11406154.3995,0.3476190476190476,0.38571428571428573,27.56,7.24
573-A,1,-8.0,108.0,Lama A 20%,0.8,1207154.3994999996,11329208.333333334,8576112.732833333,2199033.9376776274,1092482.7121969827,13974800.0,9973954.3995,14756000.0,11189154.3995,0.349561053471668,0.39705882352941174,25.8,7.24
573-A,1,-8.0,108.5,Lama A 20%,0.8,1207154.3994999996,11419625.0,8666529.3995,2220190.4895262048,867557.6318408002,14039900.0,9887154.3995,14756000.0,10104154.3995,0.34679334916864607,0.4117647058823529,27.12,7.24
573-A,1,-8.0,109.0,Lama A 20%,0.8,1207154.3994999996,11528125.0,8775029.3995,2277095.581666145,943307.2399346055,14105000.0,10039054.3995,14973000.0,10538154.3995,0.34352941176470586,0.4057971014492754,27.28,7.24
573-A,1,-8.0,109.5,Lama A 20%,0.8,1207154.3994999996,11627583.333333334,8874487.732833333,2458338.7801462626,1021167.2207594715,14973000.0,10104154.3995,15190000.0,11406154.3995,0.3405909797822706,0.32857142857142857,27.12,7.24
573-A,1,-8.5,109.5,Lama A 20%,0.8,1207154.3994999996,11320166.666666666,8567071.066166667,1920405.135396688,1142745.2421278318,13605900.0,9756954.3995,13888000.0,10972154.3995,0.3498402555910543,0.4375,26.8,7.24
573-A,1,-8.5,110.0,Lama A 20%,0.8,1207154.3994999996,11365375.0,8612279.3995,1926946.0815204345,1183919.5519268962,13454000.0,10039054.3995,14322000.0,11406154.3995,0.34844868735083534,0.3939393939393939,27.24,7.24
573-A,1,-8.5,110.5,Lama A 20%,0.8,1207154.3994999996,11374416.666666666,8621321.066166667,2004134.5289538146,833506.6660314365,13475700.0,9670154.3995,14756000.0,10321154.3995,0.3481717011128776,0.38235294117647056,27.2,7.24
573-A,1,-8.5,111.0,Lama A 20%,0.8,1207154.3994999996,11473875.0,8720779.3995,2157996.420041758,709140.1905001638,14039900.0,9453154.3995,15407000.0,10321154.3995,0.34515366430260047,0.4788732394366197,26.84,7.24
573-A,1,-8.5,111.5,Lama A 20%,0.8,1207154.3994999996,11591416.666666666,8838321.066166667,2242307.9708710588,676195.9882258646,14322000.0,9822054.3995,14973000.0,10104154.3995,0.3416536661466459,0.4927536231884058,26.8,7.24
573-A,1,-8.5,112.0,Lama A 20%,0.8,1207154.3994999996,11555250.0,8802154.3995,2328604.886491331,695107.2485282554,14473900.0,9670154.3995,15190000.0,10104154.3995,0.3427230046948357,0.4142857142857143,26.8,7.24
573-A,1,-8.5,112.5,Lama A 20%,0.8,1207154.3994999996,11609500.0,8856404.3995,2231400.88577635,566047.6435624555,14256900.0,9453154.3995,14973000.0,10104154.3995,0.3411214953271028,0.4927536231884058,26.36,7.24
573-A,1,-8.5,113.0,Lama A 20%,0.8,1207154.3994999996,11591416.666666666,8838321.066166667,2299110.8851725357,1085314.4471881695,14473900.0,10104154.3995,15190000.0,10321154.3995,0.3416536661466459,0.4,24.56,7.24
573-A,1,-8.5,113.5,Lama A 20%,0.8,1207154.3994999996,11645666.666666666,8892571.066166667,2556924.726692402,1298719.9020797252,14690900.0,10473054.3995,15190000.0,10538154.3995,0.34006211180124224,0.4,24.8,7.24
573-A,1,-8.5,114.0,Lama A 20%,0.8,1207154.3994999996,11654708.333333334,8901612.732833333,2610658.079275043,1406290.401674057,14625800.0,10321154.3995,15841000.0,11189154.399500001,0.3397982932505818,0.3698630136986301,24.44,7.24
573-A,1,-8.5,114.5,Lama A 20%,0.8,1207154.3994999996,11663750.0,8910654.3995,2776191.7965631173,1342261.5568347783,14973000.0,10256054.3995,15841000.0,12057154.399500001,0.3395348837209302,0.3150684931506849,28.68,7.24
573-A,1,-8.5,115.5,Lama A 20%,0.8,1207154.3994999996,11763208.333333334,9010112.732833333,2933762.9343064083,1518971.9200303147,15493800.0,10690054.3995,16492000.0,11406154.399500001,0.3366641045349731,0.3815789473684211,25.0,7.24
573-A,1,-9.0,114.5,Lama A 20%,0.8,1207154.3994999996,11582375.0,8829279.3995,2419637.7884249357,1036383.0629940213,14408800.0,10342854.3995,14756000.0,10538154.3995,0.34192037470725994,0.4117647058823529,25.52,7.24
573-A,1,-9.0,115.0,Lama A 20%,0.8,1207154.3994999996,11627583.333333334,8874487.732833333,2545086.8938213973,1243555.4100927766,14539000.0,10407954.3995,14756000.0,11406154.3995,0.3405909797822706,0.5,26.48,7.24
573-A,1,-9.0,115.5,Lama A 20%,0.8,1207154.3994999996,11690875.0,8937779.3995,2676359.8950894997,1301705.129653109,14756000.0,10690054.3995,15624000.0,11189154.3995,0.33874709976798145,0.4722222222222222,26.28,7.24
573-A,1,-9.0,117.0,Lama A 20%,0.8,1207154.3994999996,11690875.0,8937779.3995,2617576.248837512,1172625.252881607,14842800.0,10342854.3995,16709000.0,11623154.399500001,0.33874709976798145,0.37662337662337664,25.76,7.24
573-A,1,-9.0,117.5,Lama A 20%,0.8,1207154.3994999996,11736083.333333334,8982987.732833333,2588161.676232542,1144088.156631703,15081500.0,10711754.3995,16492000.0,11406154.399500001,0.337442218798151,0.3815789473684211,27.04,7.24
573-A,1,-9.0,118.0,Lama A 20%,0.8,1207154.3994999996,11528125.0,8775029.3995,2550226.713067581,1166498.4135921677,14495600.0,10060754.3995,16275000.0,11840154.3995,0.34352941176470586,0.38666666666666666,26.64,7.24
573-A,1,-9.0,118.5,Lama A 20%,0.8,1207154.3994999996,11410583.333333334,8657487.732833333,2709510.6716361432,1340226.2841601127,14473900.0,10039054.3995,15841000.0,12274154.3995,0.3470681458003169,0.4657534246575342,25.6,7.24
573-A,1,-9.0,119.0,Lama A 20%,0.8,1207154.3994999996,11510041.666666666,8756946.066166667,3034951.8222544813,1921803.884922041,14907900.0,11124054.3995,17360000.0,13576154.3995,0.3440691280439906,0.425,25.24,7.24
573-A,1,-7.0,106.0,Final 12%+RI,0.0,5091862.955475361,11012750.0,12144362.95547536,2286012.9759226996,1631426.4230767637,13258700.0,13923762.95547536,15841000.0,15941862.95547536,0.35960591133004927,0.3150684931506849,28.4,7.24
573-A,1,-7.5,106.0,Final 12%+RI,0.0,5091862.955475361,11202625.0,12334237.95547536,2219268.148316114,1678208.2270269294,13974800.0,14075662.95547536,15624000.0,15724862.95547536,0.35351089588377727,0.3194444444444444,29.0,7.24
573-A,1,-7.5,106.5,Final 12%+RI,0.0,5091862.955475361,11256875.0,12388487.95547536,2403081.4513779017,1577595.3857332864,14278600.0,13988862.95547536,15841000.0,15941862.95547536,0.35180722891566263,0.3150684931506849,27.88,7.24
573-A,1,-7.5,107.0,Final 12%+RI,0.0,5091862.955475361,11401541.666666666,12533154.622142026,2229545.9662405956,1012736.8635090485,14039900.0,13489762.95547536,14973000.0,15073862.95547536,0.34734337827121337,0.3333333333333333,27.64,7.24
573-A,1,-7.5,107.5,Final 12%+RI,0.0,5091862.955475361,11528125.0,12659737.95547536,2565434.7595358533,1183919.5519268962,14256900.0,14357762.95547536,15841000.0,14856862.95547536,0.34352941176470586,0.3835616438356164,27.28,7.24
573-A,1,-8.0,107.5,Final 12%+RI,0.0,5091862.955475361,11392500.0,12524112.95547536,2094139.2130128935,1299245.2742298874,13454000.0,14162462.95547536,15190000.0,15290862.95547536,0.3476190476190476,0.38571428571428573,27.56,7.24
573-A,1,-8.0,108.0,Final 12%+RI,0.0,5091862.955475361,11329208.333333334,12460821.288808694,2199033.9376776274,1092482.7121969827,13974800.0,13858662.95547536,14756000.0,15073862.95547536,0.349561053471668,0.39705882352941174,25.8,7.24
573-A,1,-8.0,108.5,Final 12%+RI,0.0,5091862.955475361,11419625.0,12551237.95547536,2220190.4895262048,867557.6318408002,14039900.0,13771862.95547536,14756000.0,13988862.95547536,0.34679334916864607,0.4117647058823529,27.12,7.24
573-A,1,-8.0,109.0,Final 12%+RI,0.0,5091862.955475361,11528125.0,12659737.95547536,2277095.581666145,943307.2399346055,14105000.0,13923762.95547536,14973000.0,14422862.95547536,0.34352941176470586,0.4057971014492754,27.28,7.24
573-A,1,-8.0,109.5,Final 12%+RI,0.0,5091862.955475361,11627583.333333334,12759196.288808694,2458338.7801462626,1021167.2207594715,14973000.0,13988862.95547536,15190000.0,15290862.95547536,0.3405909797822706,0.32857142857142857,27.12,7.24
573-A,1,-8.5,109.5,Final 12%+RI,0.0,5091862.955475361,11320166.666666666,12451779.622142026,1920405.135396688,1142745.2421278318,13605900.0,13641662.95547536,13888000.0,14856862.95547536,0.3498402555910543,0.4375,26.8,7.24
573-A,1,-8.5,110.0,Final 12%+RI,0.0,5091862.955475361,11365375.0,12496987.95547536,1926946.0815204345,1183919.5519268962,13454000.0,13923762.95547536,14322000.0,15290862.95547536,0.34844868735083534,0.3939393939393939,27.24,7.24
573-A,1,-8.5,110.5,Final 12%+RI,0.0,5091862.955475361,11374416.666666666,12506029.622142026,2004134.5289538146,833506.6660314365,13475700.0,13554862.95547536,14756000.0,14205862.95547536,0.3481717011128776,0.38235294117647056,27.2,7.24
573-A,1,-8.5,111.0,Final 12%+RI,0.0,5091862.955475361,11473875.0,12605487.95547536,2157996.420041758,709140.1905001638,14039900.0,13337862.95547536,15407000.0,14205862.95547536,0.34515366430260047,0.4788732394366197,26.84,7.24
573-A,1,-8.5,111.5,Final 12%+RI,0.0,5091862.955475361,11591416.666666666,12723029.622142026,2242307.9708710588,676195.9882258646,14322000.0,13706762.95547536,14973000.0,13988862.95547536,0.3416536661466459,0.4927536231884058,26.8,7.24
573-A,1,-8.5,112.0,Final 12%+RI,0.0,5091862.955475361,11555250.0,12686862.95547536,2328604.886491331,695107.2485282554,14473900.0,13554862.95547536,15190000.0,13988862.95547536,0.3427230046948357,0.4142857142857143,26.8,7.24
573-A,1,-8.5,112.5,Final 12%+RI,0.0,5091862.955475361,11609500.0,12741112.95547536,2231400.88577635,566047.6435624555,14256900.0,13337862.95547536,14973000.0,13988862.95547536,0.3411214953271028,0.4927536231884058,26.36,7.24
573-A,1,-8.5,113.0,Final 12%+RI,0.0,5091862.955475361,11591416.666666666,12723029.622142026,2299110.8851725357,1085314.4471881697,14473900.0,13988862.95547536,15190000.0,14205862.95547536,0.3416536661466459,0.4,24.56,7.24
573-A,1,-8.5,113.5,Final 12%+RI,0.0,5091862.955475361,11645666.666666666,12777279.622142026,2556924.726692402,1298719.9020797252,14690900.0,14357762.95547536,15190000.0,14422862.95547536,0.34006211180124224,0.4,24.8,7.24
573-A,1,-8.5,114.0,Final 12%+RI,0.0,5091862.955475361,11654708.333333334,12786321.288808694,2610658.079275043,1406290.4016740567,14625800.0,14205862.95547536,15841000.0,15073862.95547536,0.3397982932505818,0.3698630136986301,24.44,7.24
573-A,1,-8.5,114.5,Final 12%+RI,0.0,5091862.955475361,11663750.0,12795362.95547536,2776191.7965631173,1342261.5568347778,14973000.0,14140762.95547536,15841000.0,15941862.95547536,0.3395348837209302,0.3150684931506849,28.68,7.24
573-A,1,-8.5,115.5,Final 12%+RI,0.0,5091862.955475361,11763208.333333334,12894821.288808694,2933762.9343064083,1518971.9200303142,15493800.0,14574762.95547536,16492000.0,15290862.95547536,0.3366641045349731,0.3815789473684211,25.0,7.24
573-A,1,-9.0,114.5,Final 12%+RI,0.0,5091862.955475361,11582375.0,12713987.95547536,2419637.7884249357,1036383.0629940213,14408800.0,14227562.95547536,14756000.0,14422862.95547536,0.34192037470725994,0.4117647058823529,25.52,7.24
573-A,1,-9.0,115.0,Final 12%+RI,0.0,5091862.955475361,11627583.333333334,12759196.288808694,2545086.8938213973,1243555.4100927766,14539000.0,14292662.95547536,14756000.0,15290862.95547536,0.3405909797822706,0.5,26.48,7.24
573-A,1,-9.0,115.5,Final 12%+RI,0.0,5091862.955475361,11690875.0,12822487.95547536,2676359.8950894997,1301705.129653109,14756000.0,14574762.95547536,15624000.0,15073862.95547536,0.33874709976798145,0.4722222222222222,26.28,7.24
573-A,1,-9.0,117.0,Final 12%+RI,0.0,5091862.955475361,11690875.0,12822487.95547536,2617576.248837512,1172625.2528816068,14842800.0,14227562.95547536,16709000.0,15507862.95547536,0.33874709976798145,0.37662337662337664,25.76,7.24
573-A,1,-9.0,117.5,Final 12%+RI,0.0,5091862.955475361,11736083.333333334,12867696.288808694,2588161.676232542,1144088.1566317028,15081500.0,14596462.95547536,16492000.0,15290862.95547536,0.337442218798151,0.3815789473684211,27.04,7.24
573-A,1,-9.0,118.0,Final 12%+RI,0.0,5091862.955475361,11528125.0,12659737.95547536,2550226.713067581,1166498.4135921674,14495600.0,13945462.95547536,16275000.0,15724862.95547536,0.34352941176470586,0.38666666666666666,26.64,7.24
573-A,1,-9.0,118.5,Final 12%+RI,0.0,5091862.955475361,11410583.333333334,12542196.288808694,2709510.6716361432,1340226.2841601127,14473900.0,13923762.95547536,15841000.0,16158862.95547536,0.3470681458003169,0.4657534246575342,25.6,7.24
573-A,1,-9.0,119.0,Final 12%+RI,0.0,5091862.955475361,11510041.666666666,12641654.622142026,3034951.8222544813,1921803.8849220406,14907900.0,15008762.95547536,17360000.0,17460862.95547536,0.3440691280439906,0.425,25.24,7.24
573-A,1,-7.0,106.0,Final 12%+RI,0.5,2545931.4777376805,11012750.0,9598431.47773768,2286012.9759226996,1631426.4230767637,13258700.0,11377831.47773768,15841000.0,13395931.47773768,0.35960591133004927,0.3150684931506849,28.4,7.24
573-A,1,-7.5,106.0,Final 12%+RI,0.5,2545931.4777376805,11202625.0,9788306.47773768,2219268.148316114,1678208.2270269294,13974800.0,11529731.47773768,15624000.0,13178931.47773768,0.35351089588377727,0.3194444444444444,29.0,7.24
573-A,1,-7.5,106.5,Final 12%+RI,0.5,2545931.4777376805,11256875.0,9842556.47773768,2403081.4513779017,1577595.3857332864,14278600.0,11442931.47773768,15841000.0,13395931.47773768,0.35180722891566263,0.3150684931506849,27.88,7.24
573-A,1,-7.5,107.0,Final 12%+RI,0.5,2545931.4777376805,11401541.666666666,9987223.144404346,2229545.9662405956,1012736.8635090485,14039900.0,10943831.47773768,14973000.0,12527931.47773768,0.34734337827121337,0.3333333333333333,27.64,7.24
573-A,1,-7.5,107.5,Final 12%+RI,0.5,2545931.4777376805,11528125.0,10113806.47773768,2565434.7595358533,1183919.5519268962,14256900.0,11811831.47773768,15841000.0,12310931.47773768,0.34352941176470586,0.3835616438356164,27.28,7.24
573-A,1,-8.0,107.5,Final 12%+RI,0.5,2545931.4777376805,11392500.0,9978181.47773768,2094139.2130128935,1299245.2742298874,13454000.0,11616531.47773768,15190000.0,12744931.47773768,0.3476190476190476,0.38571428571428573,27.56,7.24
573-A,1,-8.0,108.0,Final 12%+RI,0.5,2545931.4777376805,11329208.333333334,9914889.811071014,2199033.9376776274,1092482.7121969827,13974800.0,11312731.47773768,14756000.0,12527931.47773768,0.349561053471668,0.39705882352941174,25.8,7.24
573-A,1,-8.0,108.5,Final 12%+RI,0.5,2545931.4777376805,11419625.0,10005306.47773768,2220190.4895262048,867557.6318408002,14039900.0,11225931.47773768,14756000.0,11442931.47773768,0.34679334916864607,0.4117647058823529,27.12,7.24
573-A,1,-8.0,109.0,Final 12%+RI,0.5,2545931.4777376805,11528125.0,10113806.47773768,2277095.581666145,943307.2399346055,14105000.0,11377831.47773768,14973000.0,11876931.47773768,0.34352941176470586,0.4057971014492754,27.28,7.24
573-A,1,-8.0,109.5,Final 12%+RI,0.5,2545931.4777376805,11627583.333333334,10213264.811071014,2458338.7801462626,1021167.2207594715,14973000.0,11442931.47773768,15190000.0,12744931.47773768,0.3405909797822706,0.32857142857142857,27.12,7.24
573-A,1,-8.5,109.5,Final 12%+RI,0.5,2545931.4777376805,11320166.666666666,9905848.144404346,1920405.135396688,1142745.2421278318,13605900.0,11095731.47773768,13888000.0,12310931.47773768,0.3498402555910543,0.4375,26.8,7.24
573-A,1,-8.5,110.0,Final 12%+RI,0.5,2545931.4777376805,11365375.0,9951056.47773768,1926946.0815204345,1183919.5519268962,13454000.0,11377831.47773768,14322000.0,12744931.47773768,0.34844868735083534,0.3939393939393939,27.24,7.24
573-A,1,-8.5,110.5,Final 12%+RI,0.5,2545931.4777376805,11374416.666666666,9960098.144404346,2004134.5289538146,833506.6660314365,13475700.0,11008931.47773768,14756000.0,11659931.47773768,0.3481717011128776,0.38235294117647056,27.2,7.24
573-A,1,-8.5,111.0,Final 12%+RI,0.5,2545931.4777376805,11473875.0,10059556.47773768,2157996.420041758,709140.1905001638,14039900.0,10791931.47773768,15407000.0,11659931.47773768,0.34515366430260047,0.4788732394366197,26.84,7.24
573-A,1,-8.5,111.5,Final 12%+RI,0.5,2545931.4777376805,11591416.666666666,10177098.144404346,2242307.9708710588,676195.9882258646,14322000.0,11160831.47773768,14973000.0,11442931.47773768,0.3416536661466459,0.4927536231884058,26.8,7.24
573-A,1,-8.5,112.0,Final 12%+RI,0.5,2545931.4777376805,11555250.0,10140931.47773768,2328604.886491331,695107.2485282554,14473900.0,11008931.47773768,15190000.0,11442931.47773768,0.3427230046948357,0.4142857142857143,26.8,7.24
573-A,1,-8.5,112.5,Final 12%+RI,0.5,2545931.4777376805,11609500.0,10195181.47773768,2231400.88577635,566047.6435624555,14256900.0,10791931.47773768,14973000.0,11442931.47773768,0.3411214953271028,0.4927536231884058,26.36,7.24
573-A,1,-8.5,113.0,Final 12%+RI,0.5,2545931.4777376805,11591416.666666666,10177098.144404346,2299110.8851725357,1085314.4471881697,14473900.0,11442931.47773768,15190000.0,11659931.47773768,0.3416536661466459,0.4,24.56,7.24
573-A,1,-8.5,113.5,Final 12%+RI,0.5,2545931.4777376805,11645666.666666666,10231348.144404346,2556924.726692402,1298719.9020797252,14690900.0,11811831.47773768,15190000.0,11876931.47773768,0.34006211180124224,0.4,24.8,7.24
573-A,1,-8.5,114.0,Final 12%+RI,0.5,2545931.4777376805,11654708.333333334,10240389.811071014,2610658.079275043,1406290.4016740567,14625800.0,11659931.47773768,15841000.0,12527931.47773768,0.3397982932505818,0.3698630136986301,24.44,7.24
573-A,1,-8.5,114.5,Final 12%+RI,0.5,2545931.4777376805,11663750.0,10249431.47773768,2776191.7965631173,1342261.5568347778,14973000.0,11594831.47773768,15841000.0,13395931.47773768,0.3395348837209302,0.3150684931506849,28.68,7.24
573-A,1,-8.5,115.5,Final 12%+RI,0.5,2545931.4777376805,11763208.333333334,10348889.811071014,2933762.9343064083,1518971.9200303142,15493800.0,12028831.47773768,16492000.0,12744931.47773768,0.3366641045349731,0.3815789473684211,25.0,7.24
573-A,1,-9.0,114.5,Final 12%+RI,0.5,2545931.4777376805,11582375.0,10168056.47773768,2419637.7884249357,1036383.0629940213,14408800.0,11681631.47773768,14756000.0,11876931.47773768,0.34192037470725994,0.4117647058823529,25.52,7.24
573-A,1,-9.0,115.0,Final 12%+RI,0.5,2545931.4777376805,11627583.333333334,10213264.811071014,2545086.8938213973,1243555.4100927766,14539000.0,11746731.47773768,14756000.0,12744931.47773768,0.3405909797822706,0.5,26.48,7.24
573-A,1,-9.0,115.5,Final 12%+RI,0.5,2545931.4777376805,11690875.0,10276556.47773768,2676359.8950894997,1301705.129653109,14756000.0,12028831.47773768,15624000.0,12527931.47773768,0.33874709976798145,0.4722222222222222,26.28,7.24
573-A,1,-9.0,117.0,Final 12%+RI,0.5,2545931.4777376805,11690875.0,10276556.47773768,2617576.248837512,1172625.2528816068,14842800.0,11681631.47773768,16709000.0,12961931.47773768,0.33874709976798145,0.37662337662337664,25.76,7.24
573-A,1,-9.0,117.5,Final 12%+RI,0.5,2545931.4777376805,11736083.333333334,10321764.811071014,2588161.676232542,1144088.1566317028,15081500.0,12050531.47773768,16492000.0,12744931.47773768,0.337442218798151,0.3815789473684211,27.04,7.24
573-A,1,-9.0,118.0,Final 12%+RI,0.5,2545931.4777376805,11528125.0,10113806.47773768,2550226.713067581,1166498.4135921674,14495600.0,11399531.47773768,16275000.0,13178931.47773768,0.34352941176470586,0.38666666666666666,26.64,7.24
573-A,1,-9.0,118.5,Final 12%+RI,0.5,2545931.4777376805,11410583.333333334,9996264.811071014,2709510.6716361432,1340226.2841601127,14473900.0,11377831.47773768,15841000.0,13612931.47773768,0.3470681458003169,0.4657534246575342,25.6,7.24
573-A,1,-9.0,119.0,Final 12%+RI,0.5,2545931.4777376805,11510041.666666666,10095723.144404346,3034951.8222544813,1921803.8849220406,14907900.0,12462831.47773768,17360000.0,14914931.47773768,0.3440691280439906,0.425,25.24,7.24
573-A,1,-7.0,106.0,Final 12%+RI,0.7,1527558.8866426086,11012750.0,8580058.886642609,2286012.9759226996,1631426.4230767637,13258700.0,10359458.886642609,15841000.0,12377558.886642609,0.35960591133004927,0.3150684931506849,28.4,7.24
573-A,1,-7.5,106.0,Final 12%+RI,0.7,1527558.8866426086,11202625.0,8769933.886642609,2219268.148316114,1678208.2270269294,13974800.0,10511358.886642609,15624000.0,12160558.886642609,0.35351089588377727,0.3194444444444444,29.0,7.24
573-A,1,-7.5,106.5,Final 12%+RI,0.7,1527558.8866426086,11256875.0,8824183.886642609,2403081.4513779017,1577595.3857332864,14278600.0,10424558.886642609,15841000.0,12377558.886642609,0.35180722891566263,0.3150684931506849,27.88,7.24
573-A,1,-7.5,107.0,Final 12%+RI,0.7,1527558.8866426086,11401541.666666666,8968850.553309275,2229545.9662405956,1012736.8635090485,14039900.0,9925458.886642609,14973000.0,11509558.886642609,0.34734337827121337,0.3333333333333333,27.64,7.24
573-A,1,-7.5,107.5,Final 12%+RI,0.7,1527558.8866426086,11528125.0,9095433.886642609,2565434.7595358533,1183919.5519268962,14256900.0,10793458.886642609,15841000.0,11292558.886642609,0.34352941176470586,0.3835616438356164,27.28,7.24
573-A,1,-8.0,107.5,Final 12%+RI,0.7,1527558.8866426086,11392500.0,8959808.886642609,2094139.2130128935,1299245.2742298874,13454000.0,10598158.886642609,15190000.0,11726558.886642609,0.3476190476190476,0.38571428571428573,27.56,7.24
573-A,1,-8.0,108.0,Final 12%+RI,0.7,1527558.8866426086,11329208.333333334,8896517.219975943,2199033.9376776274,1092482.7121969827,13974800.0,10294358.886642609,14756000.0,11509558.886642609,0.349561053471668,0.39705882352941174,25.8,7.24
573-A,1,-8.0,108.5,Final 12%+RI,0.7,1527558.8866426086,11419625.0,8986933.886642609,2220190.4895262048,867557.6318408002,14039900.0,10207558.886642609,14756000.0,10424558.886642609,0.34679334916864607,0.4117647058823529,27.12,7.24
573-A,1,-8.0,109.0,Final 12%+RI,0.7,1527558.8866426086,11528125.0,9095433.886642609,2277095.581666145,943307.2399346055,14105000.0,10359458.886642609,14973000.0,10858558.886642609,0.34352941176470586,0.4057971014492754,27.28,7.24
573-A,1,-8.0,109.5,Final 12%+RI,0.7,1527558.8866426086,11627583.333333334,9194892.219975943,2458338.7801462626,1021167.2207594715,14973000.0,10424558.886642609,15190000.0,11726558.886642609,0.3405909797822706,0.32857142857142857,27.12,7.24
573-A,1,-8.5,109.5,Final 12%+RI,0.7,1527558.8866426086,11320166.666666666,8887475.553309275,1920405.135396688,1142745.2421278318,13605900.0,10077358.886642609,13888000.0,11292558.886642609,0.3498402555910543,0.4375,26.8,7.24
573-A,1,-8.5,110.0,Final 12%+RI,0.7,1527558.8866426086,11365375.0,8932683.886642609,1926946.0815204345,1183919.5519268962,13454000.0,10359458.886642609,14322000.0,11726558.886642609,0.34844868735083534,0.3939393939393939,27.24,7.24
573-A,1,-8.5,110.5,Final 12%+RI,0.7,1527558.8866426086,11374416.666666666,8941725.553309275,2004134.5289538146,833506.6660314365,13475700.0,9990558.886642609,14756000.0,10641558.886642609,0.3481717011128776,0.38235294117647056,27.2,7.24
573-A,1,-8.5,111.0,Final 12%+RI,0.7,1527558.8866426086,11473875.0,9041183.886642609,2157996.420041758,709140.1905001638,14039900.0,9773558.886642609,15407000.0,10641558.886642609,0.34515366430260047,0.4788732394366197,26.84,7.24
573-A,1,-8.5,111.5,Final 12%+RI,0.7,1527558.8866426086,11591416.666666666,9158725.553309275,2242307.9708710588,676195.9882258646,14322000.0,10142458.886642609,14973000.0,10424558.886642609,0.3416536661466459,0.4927536231884058,26.8,7.24
573-A,1,-8.5,112.0,Final 12%+RI,0.7,1527558.8866426086,11555250.0,9122558.886642609,2328604.886491331,695107.2485282554,14473900.0,9990558.886642609,15190000.0,10424558.886642609,0.3427230046948357,0.4142857142857143,26.8,7.24
573-A,1,-8.5,112.5,Final 12%+RI,0.7,1527558.8866426086,11609500.0,9176808.886642609,2231400.88577635,566047.6435624555,14256900.0,9773558.886642609,14973000.0,10424558.886642609,0.3411214953271028,0.4927536231884058,26.36,7.24
573-A,1,-8.5,113.0,Final 12%+RI,0.7,1527558.8866426086,11591416.666666666,9158725.553309275,2299110.8851725357,1085314.4471881697,14473900.0,10424558.886642609,15190000.0,10641558.886642609,0.3416536661466459,0.4,24.56,7.24
573-A,1,-8.5,113.5,Final 12%+RI,0.7,1527558.8866426086,11645666.666666666,9212975.553309275,2556924.726692402,1298719.9020797252,14690900.0,10793458.886642609,15190000.0,10858558.886642609,0.34006211180124224,0.4,24.8,7.24
573-A,1,-8.5,114.0,Final 12%+RI,0.7,1527558.8866426086,11654708.333333334,9222017.219975943,2610658.079275043,1406290.4016740567,14625800.0,10641558.886642609,15841000.0,11509558.886642609,0.3397982932505818,0.3698630136986301,24.44,7.24
573-A,1,-8.5,114.5,Final 12%+RI,0.7,1527558.8866426086,11663750.0,9231058.886642609,2776191.7965631173,1342261.5568347778,14973000.0,10576458.886642609,15841000.0,12377558.886642609,0.3395348837209302,0.3150684931506849,28.68,7.24
573-A,1,-8.5,115.5,Final 12%+RI,0.7,1527558.8866426086,11763208.333333334,9330517.219975943,2933762.9343064083,1518971.9200303142,15493800.0,11010458.886642609,16492000.0,11726558.886642609,0.3366641045349731,0.3815789473684211,25.0,7.24
573-A,1,-9.0,114.5,Final 12%+RI,0.7,1527558.8866426086,11582375.0,9149683.886642609,2419637.7884249357,1036383.0629940213,14408800.0,10663258.886642609,14756000.0,10858558.886642609,0.34192037470725994,0.4117647058823529,25.52,7.24
573-A,1,-9.0,115.0,Final 12%+RI,0.7,1527558.8866426086,11627583.333333334,9194892.219975943,2545086.8938213973,1243555.4100927766,14539000.0,10728358.886642609,14756000.0,11726558.886642609,0.3405909797822706,0.5,26.48,7.24
573-A,1,-9.0,115.5,Final 12%+RI,0.7,1527558.8866426086,11690875.0,9258183.886642609,2676359.8950894997,1301705.129653109,14756000.0,11010458.886642609,15624000.0,11509558.886642609,0.33874709976798145,0.4722222222222222,26.28,7.24
573-A,1,-9.0,117.0,Final 12%+RI,0.7,1527558.8866426086,11690875.0,9258183.886642609,2617576.248837512,1172625.2528816068,14842800.0,10663258.886642609,16709000.0,11943558.886642609,0.33874709976798145,0.37662337662337664,25.76,7.24
573-A,1,-9.0,117.5,Final 12%+RI,0.7,1527558.8866426086,11736083.333333334,9303392.219975943,2588161.676232542,1144088.1566317028,15081500.0,11032158.886642609,16492000.0,11726558.886642609,0.337442218798151,0.3815789473684211,27.04,7.24
573-A,1,-9.0,118.0,Final 12%+RI,0.7,1527558.8866426086,11528125.0,9095433.886642609,2550226.713067581,1166498.4135921674,14495600.0,10381158.886642609,16275000.0,12160558.886642609,0.34352941176470586,0.38666666666666666,26.64,7.24
573-A,1,-9.0,118.5,Final 12%+RI,0.7,1527558.8866426086,11410583.333333334,8977892.219975943,2709510.6716361432,1340226.2841601127,14473900.0,10359458.886642609,15841000.0,12594558.886642609,0.3470681458003169,0.4657534246575342,25.6,7.24
573-A,1,-9.0,119.0,Final 12%+RI,0.7,1527558.8866426086,11510041.666666666,9077350.553309275,3034951.8222544813,1921803.8849220406,14907900.0,11444458.886642609,17360000.0,13896558.886642609,0.3440691280439906,0.425,25.24,7.24
573-A,1,-7.0,106.0,Final 12%+RI,0.8,1018372.591095072,11012750.0,8070872.591095071,2286012.9759226996,1631426.4230767637,13258700.0,9850272.591095071,15841000.0,11868372.591095071,0.35960591133004927,0.3150684931506849,28.4,7.24
573-A,1,-7.5,106.0,Final 12%+RI,0.8,1018372.591095072,11202625.0,8260747.591095071,2219268.148316114,1678208.2270269294,13974800.0,10002172.591095071,15624000.0,11651372.591095071,0.35351089588377727,0.3194444444444444,29.0,7.24
573-A,1,-7.5,106.5,Final 12%+RI,0.8,1018372.591095072,11256875.0,8314997.591095071,2403081.4513779017,1577595.3857332864,14278600.0,9915372.591095071,15841000.0,11868372.591095071,0.35180722891566263,0.3150684931506849,27.88,7.24
573-A,1,-7.5,107.0,Final 12%+RI,0.8,1018372.591095072,11401541.666666666,8459664.257761737,2229545.9662405956,1012736.8635090485,14039900.0,9416272.591095071,14973000.0,11000372.591095071,0.34734337827121337,0.3333333333333333,27.64,7.24
573-A,1,-7.5,107.5,Final 12%+RI,0.8,1018372.591095072,11528125.0,8586247.591095071,2565434.7595358533,1183919.5519268962,14256900.0,10284272.591095071,15841000.0,10783372.591095071,0.34352941176470586,0.3835616438356164,27.28,7.24
573-A,1,-8.0,107.5,Final 12%+RI,0.8,1018372.591095072,11392500.0,8450622.591095071,2094139.2130128935,1299245.2742298874,13454000.0,10088972.591095071,15190000.0,11217372.591095071,0.3476190476190476,0.38571428571428573,27.56,7.24
573-A,1,-8.0,108.0,Final 12%+RI,0.8,1018372.591095072,11329208.333333334,8387330.924428404,2199033.9376776274,1092482.7121969827,13974800.0,9785172.591095071,14756000.0,11000372.591095071,0.349561053471668,0.39705882352941174,25.8,7.24
573-A,1,-8.0,108.5,Final 12%+RI,0.8,1018372.591095072,11419625.0,8477747.591095071,2220190.4895262048,867557.6318408,14039900.0,9698372.591095071,14756000.0,9915372.591095071,0.34679334916864607,0.4117647058823529,27.12,7.24
573-A,1,-8.0,109.0,Final 12%+RI,0.8,1018372.591095072,11528125.0,8586247.591095071,2277095.581666145,943307.2399346055,14105000.0,9850272.591095071,14973000.0,10349372.591095071,0.34352941176470586,0.4057971014492754,27.28,7.24
573-A,1,-8.0,109.5,Final 12%+RI,0.8,1018372.591095072,11627583.333333334,8685705.924428405,2458338.7801462626,1021167.2207594715,14973000.0,9915372.591095071,15190000.0,11217372.591095071,0.3405909797822706,0.32857142857142857,27.12,7.24
573-A,1,-8.5,109.5,Final 12%+RI,0.8,1018372.591095072,11320166.666666666,8378289.257761738,1920405.135396688,1142745.2421278318,13605900.0,9568172.591095071,13888000.0,10783372.591095071,0.3498402555910543,0.4375,26.8,7.24
573-A,1,-8.5,110.0,Final 12%+RI,0.8,1018372.591095072,11365375.0,8423497.591095071,1926946.0815204345,1183919.5519268962,13454000.0,9850272.591095071,14322000.0,11217372.591095071,0.34844868735083534,0.3939393939393939,27.24,7.24
573-A,1,-8.5,110.5,Final 12%+RI,0.8,1018372.591095072,11374416.666666666,8432539.257761737,2004134.5289538146,833506.6660314365,13475700.0,9481372.591095071,14756000.0,10132372.591095071,0.3481717011128776,0.38235294117647056,27.2,7.24
573-A,1,-8.5,111.0,Final 12%+RI,0.8,1018372.591095072,11473875.0,8531997.591095071,2157996.420041758,709140.1905001638,14039900.0,9264372.591095071,15407000.0,10132372.591095071,0.34515366430260047,0.4788732394366197,26.84,7.24
573-A,1,-8.5,111.5,Final 12%+RI,0.8,1018372.591095072,11591416.666666666,8649539.257761737,2242307.9708710588,676195.9882258646,14322000.0,9633272.591095071,14973000.0,9915372.591095071,0.3416536661466459,0.4927536231884058,26.8,7.24
573-A,1,-8.5,112.0,Final 12%+RI,0.8,1018372.591095072,11555250.0,8613372.591095071,2328604.886491331,695107.2485282554,14473900.0,9481372.591095071,15190000.0,9915372.591095071,0.3427230046948357,0.4142857142857143,26.8,7.24
573-A,1,-8.5,112.5,Final 12%+RI,0.8,1018372.591095072,11609500.0,8667622.591095071,2231400.88577635,566047.6435624555,14256900.0,9264372.591095071,14973000.0,9915372.591095071,0.3411214953271028,0.4927536231884058,26.36,7.24
573-A,1,-8.5,113.0,Final 12%+RI,0.8,1018372.591095072,11591416.666666666,8649539.257761737,2299110.8851725357,1085314.4471881697,14473900.0,9915372.591095071,15190000.0,10132372.591095071,0.3416536661466459,0.4,24.56,7.24
573-A,1,-8.5,113.5,Final 12%+RI,0.8,1018372.591095072,11645666.666666666,8703789.257761737,2556924.726692402,1298719.9020797252,14690900.0,10284272.591095071,15190000.0,10349372.591095071,0.34006211180124224,0.4,24.8,7.24
573-A,1,-8.5,114.0,Final 12%+RI,0.8,1018372.591095072,11654708.333333334,8712830.924428405,2610658.079275043,1406290.4016740567,14625800.0,10132372.591095071,15841000.0,11000372.591095071,0.3397982932505818,0.3698630136986301,24.44,7.24
573-A,1,-8.5,114.5,Final 12%+RI,0.8,1018372.591095072,11663750.0,8721872.591095071,2776191.7965631173,1342261.5568347778,14973000.0,10067272.591095071,15841000.0,11868372.591095071,0.3395348837209302,0.3150684931506849,28.68,7.24
573-A,1,-8.5,115.5,Final 12%+RI,0.8,1018372.591095072,11763208.333333334,8821330.924428405,2933762.9343064083,1518971.9200303142,15493800.0,10501272.591095071,16492000.0,11217372.591095071,0.3366641045349731,0.3815789473684211,25.0,7.24
573-A,1,-9.0,114.5,Final 12%+RI,0.8,1018372.591095072,11582375.0,8640497.591095071,2419637.7884249357,1036383.0629940213,14408800.0,10154072.591095071,14756000.0,10349372.591095071,0.34192037470725994,0.4117647058823529,25.52,7.24
573-A,1,-9.0,115.0,Final 12%+RI,0.8,1018372.591095072,11627583.333333334,8685705.924428405,2545086.8938213973,1243555.4100927766,14539000.0,10219172.591095071,14756000.0,11217372.591095071,0.3405909797822706,0.5,26.48,7.24
573-A,1,-9.0,115.5,Final 12%+RI,0.8,1018372.591095072,11690875.0,8748997.591095071,2676359.8950894997,1301705.129653109,14756000.0,10501272.591095071,15624000.0,11000372.591095071,0.33874709976798145,0.4722222222222222,26.28,7.24
573-A,1,-9.0,117.0,Final 12%+RI,0.8,1018372.591095072,11690875.0,8748997.591095071,2617576.248837512,1172625.2528816068,14842800.0,10154072.591095071,16709000.0,11434372.591095071,0.33874709976798145,0.37662337662337664,25.76,7.24
573-A,1,-9.0,117.5,Final 12%+RI,0.8,1018372.591095072,11736083.333333334,8794205.924428405,2588161.676232542,1144088.1566317026,15081500.0,10522972.591095071,16492000.0,11217372.591095071,0.337442218798151,0.3815789473684211,27.04,7.24
573-A,1,-9.0,118.0,Final 12%+RI,0.8,1018372.591095072,11528125.0,8586247.591095071,2550226.713067581,1166498.4135921674,14495600.0,9871972.591095071,16275000.0,11651372.591095071,0.34352941176470586,0.38666666666666666,26.64,7.24
573-A,1,-9.0,118.5,Final 12%+RI,0.8,1018372.591095072,11410583.333333334,8468705.924428405,2709510.6716361432,1340226.2841601127,14473900.0,9850272.591095071,15841000.0,12085372.591095071,0.3470681458003169,0.4657534246575342,25.6,7.24
573-A,1,-9.0,119.0,Final 12%+RI,0.8,1018372.591095072,11510041.666666666,8568164.257761737,3034951.8222544813,1921803.8849220406,14907900.0,10935272.591095071,17360000.0,13387372.591095071,0.3440691280439906,0.425,25.24,7.24
573-A,2,-7.0,106.0,Lama A 20%,0.0,15804493.631249998,23777375.0,29323868.631249994,6721859.194238891,2965591.983025077,31710600.0,32997793.631249998,35457000.0,34536493.631249994,0.43141852286049237,0.5471698113207547,20.96,4.8
573-A,2,-7.5,106.0,Lama A 20%,0.0,15804493.631249998,24390625.0,29937118.631249994,6431904.301232831,3249466.7631113287,32580300.0,34335793.631249994,33450000.0,35205493.631249994,0.4205714285714286,0.58,22.24,4.8
573-A,2,-7.5,106.5,Lama A 20%,0.0,15804493.631249998,24446375.0,29992868.631249994,6181990.518134459,2991723.4499677527,32178900.0,33867493.631249994,34788000.0,35874493.631249994,0.41961231470923605,0.5769230769230769,20.96,4.8
573-A,2,-7.5,107.0,Lama A 20%,0.0,15804493.631249998,24084000.0,29630493.631249994,6380328.504558912,3328476.5806335616,32379600.0,33466093.631249994,34788000.0,37212493.631249994,0.42592592592592593,0.5576923076923077,20.28,4.8
573-A,2,-7.5,107.5,Lama A 20%,0.0,15804493.631249998,24111875.0,29658368.631249994,6236832.357315761,4260821.33654493,31443000.0,33198493.631249994,35457000.0,41895493.631249994,0.4254335260115607,0.5471698113207547,19.36,4.8
573-A,2,-8.0,107.5,Lama A 20%,0.0,15804493.631249998,24084000.0,29630493.631249994,5467109.943144986,3305008.767994684,30640200.0,33666793.631249994,34788000.0,35205493.631249994,0.42592592592592593,0.5769230769230769,19.32,4.8
573-A,2,-8.0,108.0,Lama A 20%,0.0,15804493.631249998,24362750.0,29909243.631249994,5754673.822585241,2810192.415661867,30573300.0,32529493.631249994,34788000.0,34536493.631249994,0.42105263157894735,0.5769230769230769,18.6,4.8
573-A,2,-8.0,108.5,Lama A 20%,0.0,15804493.631249998,24334875.0,29881368.631249994,5740778.990562018,3618730.8886632086,32580300.0,34536493.631249994,34119000.0,34536493.631249994,0.4215349369988545,0.5882352941176471,19.36,4.8
573-A,2,-8.0,109.0,Lama A 20%,0.0,15804493.631249998,24530000.0,30076493.631249994,5543692.0910166,3392176.023427004,33249300.0,34335793.631249994,33450000.0,35874493.631249994,0.41818181818181815,0.58,19.68,4.8
573-A,2,-8.0,109.5,Lama A 20%,0.0,15804493.631249998,24557875.0,30104368.631249994,5640473.255757272,2760561.353003344,31309200.0,33934393.631249994,36126000.0,35205493.631249994,0.4177071509648127,0.5370370370370371,19.32,4.8
573-A,2,-8.5,109.5,Lama A 20%,0.0,15804493.631249998,23972500.0,29518993.631249994,5661779.386914237,3247594.8424748993,31710600.0,33867493.631249994,32781000.0,34536493.631249994,0.42790697674418604,0.5918367346938775,19.48,4.8
573-A,2,-8.5,110.0,Lama A 20%,0.0,15804493.631249998,24000375.0,29546868.631249994,5489532.147741459,3156308.958984405,31242300.0,33198493.631249994,32112000.0,34536493.631249994,0.4274099883855981,0.6041666666666666,19.96,4.8
573-A,2,-8.5,110.5,Lama A 20%,0.0,15804493.631249998,24000375.0,29546868.631249994,5863195.640103648,3106596.1214738754,31443000.0,33198493.631249998,32112000.0,35874493.631249994,0.4274099883855981,0.625,19.56,4.8
573-A,2,-8.5,111.0,Lama A 20%,0.0,15804493.631249998,24362750.0,29909243.631249994,5624710.978082032,2415472.827059098,31443000.0,32529493.631249994,33450000.0,33867493.631249994,0.42105263157894735,0.58,19.6,4.8
573-A,2,-8.5,111.5,Lama A 20%,0.0,15804493.631249998,24530000.0,30076493.631249994,5757209.355687649,2220283.178178934,31443000.0,32328793.631249994,35457000.0,33867493.631249994,0.41818181818181815,0.5471698113207547,19.24,4.8
573-A,2,-8.5,112.0,Lama A 20%,0.0,15804493.631249998,24418500.0,29964993.631249994,6204050.773486625,2500576.177082255,32178900.0,33198493.631249994,37464000.0,33867493.631249994,0.4200913242009132,0.5178571428571429,19.68,4.8
573-A,2,-8.5,112.5,Lama A 20%,0.0,15804493.631249998,24474250.0,30020743.631249994,5835264.4457791215,2234116.8520683185,30573300.0,32328793.631249994,34788000.0,33867493.631249994,0.4191343963553531,0.5576923076923077,19.0,4.8
573-A,2,-8.5,113.0,Lama A 20%,0.0,15804493.631249998,24641500.0,30187993.631249994,6069818.993075135,2214432.6194506246,31710600.0,32529493.631249998,34119000.0,33198493.631249994,0.416289592760181,0.5686274509803921,17.8,4.8
573-A,2,-8.5,113.5,Lama A 20%,0.0,15804493.631249998,24753000.0,30299493.631249994,6365060.88635109,2380988.4502029824,32580300.0,32997793.631249994,34119000.0,33867493.631249994,0.4144144144144144,0.5882352941176471,17.64,4.8
573-A,2,-8.5,114.0,Lama A 20%,0.0,15804493.631249998,24725125.0,30271618.631249994,6673922.256667624,3055013.3040698,32580300.0,34135093.631249994,35457000.0,37212493.631249994,0.41488162344983087,0.5471698113207547,17.12,4.8
573-A,2,-8.5,114.5,Lama A 20%,0.0,15804493.631249998,24836625.0,30383118.631249994,6372126.706705097,2858678.4087345703,31911300.0,33666793.631249994,34788000.0,36543493.631249994,0.41301907968574636,0.5576923076923077,21.28,4.8
573-A,2,-8.5,115.5,Lama A 20%,0.0,15804493.631249998,24669375.0,30215868.631249994,7111054.479455393,4013899.0023525697,32781000.0,34335793.631249994,38133000.0,40557493.631249994,0.415819209039548,0.3508771929824561,17.4,4.8
573-A,2,-9.0,114.5,Lama A 20%,0.0,15804493.631249998,24279125.0,29825618.631249994,6849471.330360817,3781756.4738060418,32647200.0,35004793.631249994,34788000.0,36543493.631249994,0.4225028702640643,0.40384615384615385,18.04,4.8
573-A,2,-9.0,115.0,Lama A 20%,0.0,15804493.631249998,24418500.0,29964993.631249994,6836734.289054273,3803242.3810080327,33249300.0,35004793.631249994,34788000.0,36543493.631249994,0.4200913242009132,0.40384615384615385,18.48,4.8
573-A,2,-9.0,115.5,Lama A 20%,0.0,15804493.631249998,24279125.0,29825618.631249994,7160594.420993031,3923186.940015011,33717600.0,35740693.631249994,35457000.0,37881493.631249994,0.4225028702640643,0.39622641509433965,18.2,4.8
573-A,2,-9.0,117.0,Lama A 20%,0.0,15804493.631249998,24780875.0,30327368.631249994,6714618.020230838,3918223.7580922125,33918300.0,34804093.631249994,36126000.0,38550493.631249994,0.41394825646794153,0.37037037037037035,18.68,4.8
573-A,2,-9.0,117.5,Lama A 20%,0.0,15804493.631249998,24613625.0,30160118.631249994,7194483.428974078,3994460.139966677,35122500.0,34335793.631249994,37464000.0,39888493.631249994,0.41676104190260477,0.35714285714285715,19.52,4.8
573-A,2,-9.0,118.0,Lama A 20%,0.0,15804493.631249998,24474250.0,30020743.631249994,7188902.747804515,4241462.752707926,34587300.0,35272393.631249994,36126000.0,38550493.631249994,0.4191343963553531,0.37037037037037035,19.32,4.8
573-A,2,-9.0,118.5,Lama A 20%,0.0,15804493.631249998,24474250.0,30020743.631249994,7266977.005904713,4747994.627025274,34788000.0,34335793.631249994,37464000.0,39888493.631249994,0.4191343963553531,0.35714285714285715,18.68,4.8
573-A,2,-9.0,119.0,Lama A 20%,0.0,15804493.631249998,24362750.0,29909243.631249994,7433761.545636994,5083162.377975895,33918300.0,36342793.631249994,36795000.0,39219493.631249994,0.42105263157894735,0.36363636363636365,18.16,4.8
573-A,2,-7.0,106.0,Lama A 20%,0.5,7902246.815624999,23777375.0,21421621.815624997,6721859.194238891,2965591.983025077,31710600.0,25095546.815624997,35457000.0,26634246.815624997,0.43141852286049237,0.5471698113207547,20.96,4.8
573-A,2,-7.5,106.0,Lama A 20%,0.5,7902246.815624999,24390625.0,22034871.815624997,6431904.301232831,3249466.7631113287,32580300.0,26433546.815624997,33450000.0,27303246.815624997,0.4205714285714286,0.58,22.24,4.8
573-A,2,-7.5,106.5,Lama A 20%,0.5,7902246.815624999,24446375.0,22090621.815624997,6181990.518134459,2991723.4499677536,32178900.0,25965246.815624997,34788000.0,27972246.815624997,0.41961231470923605,0.5769230769230769,20.96,4.8
573-A,2,-7.5,107.0,Lama A 20%,0.5,7902246.815624999,24084000.0,21728246.815624997,6380328.504558912,3328476.580633562,32379600.0,25563846.815624997,34788000.0,29310246.815624997,0.42592592592592593,0.5576923076923077,20.28,4.8
573-A,2,-7.5,107.5,Lama A 20%,0.5,7902246.815624999,24111875.0,21756121.815624997,6236832.357315761,4260821.33654493,31443000.0,25296246.815624997,35457000.0,33993246.815625,0.4254335260115607,0.5471698113207547,19.36,4.8
573-A,2,-8.0,107.5,Lama A 20%,0.5,7902246.815624999,24084000.0,21728246.815624997,5467109.943144986,3305008.7679946837,30640200.0,25764546.815624997,34788000.0,27303246.815624997,0.42592592592592593,0.5769230769230769,19.32,4.8
573-A,2,-8.0,108.0,Lama A 20%,0.5,7902246.815624999,24362750.0,22006996.815624997,5754673.822585241,2810192.415661867,30573300.0,24627246.815624997,34788000.0,26634246.815624997,0.42105263157894735,0.5769230769230769,18.6,4.8
573-A,2,-8.0,108.5,Lama A 20%,0.5,7902246.815624999,24334875.0,21979121.815624997,5740778.990562018,3618730.8886632086,32580300.0,26634246.815624997,34119000.0,26634246.815624997,0.4215349369988545,0.5882352941176471,19.36,4.8
573-A,2,-8.0,109.0,Lama A 20%,0.5,7902246.815624999,24530000.0,22174246.815624997,5543692.0910166,3392176.023427004,33249300.0,26433546.815624997,33450000.0,27972246.815624997,0.41818181818181815,0.58,19.68,4.8
573-A,2,-8.0,109.5,Lama A 20%,0.5,7902246.815624999,24557875.0,22202121.815624997,5640473.255757272,2760561.353003344,31309200.0,26032146.815624997,36126000.0,27303246.815624997,0.4177071509648127,0.5370370370370371,19.32,4.8
573-A,2,-8.5,109.5,Lama A 20%,0.5,7902246.815624999,23972500.0,21616746.815624997,5661779.386914237,3247594.8424748993,31710600.0,25965246.815624997,32781000.0,26634246.815624997,0.42790697674418604,0.5918367346938775,19.48,4.8
573-A,2,-8.5,110.0,Lama A 20%,0.5,7902246.815624999,24000375.0,21644621.815624997,5489532.147741459,3156308.958984405,31242300.0,25296246.815624997,32112000.0,26634246.815624997,0.4274099883855981,0.6041666666666666,19.96,4.8
573-A,2,-8.5,110.5,Lama A 20%,0.5,7902246.815624999,24000375.0,21644621.815624997,5863195.640103648,3106596.121473875,31443000.0,25296246.815624997,32112000.0,27972246.815624997,0.4274099883855981,0.625,19.56,4.8
573-A,2,-8.5,111.0,Lama A 20%,0.5,7902246.815624999,24362750.0,22006996.815624997,5624710.978082032,2415472.8270590976,31443000.0,24627246.815624997,33450000.0,25965246.815624997,0.42105263157894735,0.58,19.6,4.8
573-A,2,-8.5,111.5,Lama A 20%,0.5,7902246.815624999,24530000.0,22174246.815624997,5757209.355687649,2220283.178178934,31443000.0,24426546.815624997,35457000.0,25965246.815624997,0.41818181818181815,0.5471698113207547,19.24,4.8
573-A,2,-8.5,112.0,Lama A 20%,0.5,7902246.815624999,24418500.0,22062746.815624997,6204050.773486625,2500576.177082255,32178900.0,25296246.815624997,37464000.0,25965246.815624997,0.4200913242009132,0.5178571428571429,19.68,4.8
573-A,2,-8.5,112.5,Lama A 20%,0.5,7902246.815624999,24474250.0,22118496.815624997,5835264.4457791215,2234116.8520683185,30573300.0,24426546.815624997,34788000.0,25965246.815624997,0.4191343963553531,0.5576923076923077,19.0,4.8
573-A,2,-8.5,113.0,Lama A 20%,0.5,7902246.815624999,24641500.0,22285746.815624997,6069818.993075135,2214432.619450625,31710600.0,24627246.815624997,34119000.0,25296246.815624997,0.416289592760181,0.5686274509803921,17.8,4.8
573-A,2,-8.5,113.5,Lama A 20%,0.5,7902246.815624999,24753000.0,22397246.815624997,6365060.88635109,2380988.4502029824,32580300.0,25095546.815624997,34119000.0,25965246.815624997,0.4144144144144144,0.5882352941176471,17.64,4.8
573-A,2,-8.5,114.0,Lama A 20%,0.5,7902246.815624999,24725125.0,22369371.815624997,6673922.256667624,3055013.3040698003,32580300.0,26232846.815624997,35457000.0,29310246.815624997,0.41488162344983087,0.5471698113207547,17.12,4.8
573-A,2,-8.5,114.5,Lama A 20%,0.5,7902246.815624999,24836625.0,22480871.815624997,6372126.706705097,2858678.4087345707,31911300.0,25764546.815624997,34788000.0,28641246.815624997,0.41301907968574636,0.5576923076923077,21.28,4.8
573-A,2,-8.5,115.5,Lama A 20%,0.5,7902246.815624999,24669375.0,22313621.815624997,7111054.479455393,4013899.00235257,32781000.0,26433546.815624997,38133000.0,32655246.815624997,0.415819209039548,0.3508771929824561,17.4,4.8
573-A,2,-9.0,114.5,Lama A 20%,0.5,7902246.815624999,24279125.0,21923371.815624997,6849471.330360817,3781756.473806042,32647200.0,27102546.815624997,34788000.0,28641246.815624997,0.4225028702640643,0.40384615384615385,18.04,4.8
573-A,2,-9.0,115.0,Lama A 20%,0.5,7902246.815624999,24418500.0,22062746.815624997,6836734.289054273,3803242.381008033,33249300.0,27102546.815624997,34788000.0,28641246.815624997,0.4200913242009132,0.40384615384615385,18.48,4.8
573-A,2,-9.0,115.5,Lama A 20%,0.5,7902246.815624999,24279125.0,21923371.815624997,7160594.420993031,3923186.9400150115,33717600.0,27838446.815624997,35457000.0,29979246.815624997,0.4225028702640643,0.39622641509433965,18.2,4.8
573-A,2,-9.0,117.0,Lama A 20%,0.5,7902246.815624999,24780875.0,22425121.815624997,6714618.020230838,3918223.7580922125,33918300.0,26901846.815624997,36126000.0,30648246.815624997,0.41394825646794153,0.37037037037037035,18.68,4.8
573-A,2,-9.0,117.5,Lama A 20%,0.5,7902246.815624999,24613625.0,22257871.815624997,7194483.428974078,3994460.1399666774,35122500.0,26433546.815624997,37464000.0,31986246.815624997,0.41676104190260477,0.35714285714285715,19.52,4.8
573-A,2,-9.0,118.0,Lama A 20%,0.5,7902246.815624999,24474250.0,22118496.815624997,7188902.747804515,4241462.752707926,34587300.0,27370146.815624997,36126000.0,30648246.815624997,0.4191343963553531,0.37037037037037035,19.32,4.8
573-A,2,-9.0,118.5,Lama A 20%,0.5,7902246.815624999,24474250.0,22118496.815624997,7266977.005904713,4747994.627025274,34788000.0,26433546.815624997,37464000.0,31986246.815624997,0.4191343963553531,0.35714285714285715,18.68,4.8
573-A,2,-9.0,119.0,Lama A 20%,0.5,7902246.815624999,24362750.0,22006996.815624997,7433761.545636994,5083162.377975896,33918300.0,28440546.815624997,36795000.0,31317246.815624997,0.42105263157894735,0.36363636363636365,18.16,4.8
573-A,2,-7.0,106.0,Lama A 20%,0.7,4741348.089375,23777375.0,18260723.089375,6721859.194238891,2965591.9830250773,31710600.0,21934648.089375,35457000.0,23473348.089375004,0.43141852286049237,0.5471698113207547,20.96,4.8
573-A,2,-7.5,106.0,Lama A 20%,0.7,4741348.089375,24390625.0,18873973.089375004,6431904.301232831,3249466.7631113296,32580300.0,23272648.089375,33450000.0,24142348.089375004,0.4205714285714286,0.58,22.24,4.8
573-A,2,-7.5,106.5,Lama A 20%,0.7,4741348.089375,24446375.0,18929723.089375,6181990.518134459,2991723.4499677536,32178900.0,22804348.089375004,34788000.0,24811348.089375,0.41961231470923605,0.5769230769230769,20.96,4.8
573-A,2,-7.5,107.0,Lama A 20%,0.7,4741348.089375,24084000.0,18567348.089375004,6380328.504558912,3328476.5806335625,32379600.0,22402948.089375,34788000.0,26149348.089375004,0.42592592592592593,0.5576923076923077,20.28,4.8
573-A,2,-7.5,107.5,Lama A 20%,0.7,4741348.089375,24111875.0,18595223.089375004,6236832.357315761,4260821.33654493,31443000.0,22135348.089375004,35457000.0,30832348.089375004,0.4254335260115607,0.5471698113207547,19.36,4.8
573-A,2,-8.0,107.5,Lama A 20%,0.7,4741348.089375,24084000.0,18567348.089375,5467109.943144986,3305008.767994684,30640200.0,22603648.089375,34788000.0,24142348.089375,0.42592592592592593,0.5769230769230769,19.32,4.8
573-A,2,-8.0,108.0,Lama A 20%,0.7,4741348.089375,24362750.0,18846098.089375,5754673.822585241,2810192.415661867,30573300.0,21466348.089375004,34788000.0,23473348.089375004,0.42105263157894735,0.5769230769230769,18.6,4.8
573-A,2,-8.0,108.5,Lama A 20%,0.7,4741348.089375,24334875.0,18818223.089375004,5740778.990562018,3618730.8886632095,32580300.0,23473348.089375,34119000.0,23473348.089375004,0.4215349369988545,0.5882352941176471,19.36,4.8
573-A,2,-8.0,109.0,Lama A 20%,0.7,4741348.089375,24530000.0,19013348.089375,5543692.0910166,3392176.023427005,33249300.0,23272648.089375,33450000.0,24811348.089375004,0.41818181818181815,0.58,19.68,4.8
573-A,2,-8.0,109.5,Lama A 20%,0.7,4741348.089375,24557875.0,19041223.089375,5640473.255757272,2760561.3530033445,31309200.0,22871248.089375,36126000.0,24142348.089375,0.4177071509648127,0.5370370370370371,19.32,4.8
573-A,2,-8.5,109.5,Lama A 20%,0.7,4741348.089375,23972500.0,18455848.089375,5661779.386914237,3247594.8424748997,31710600.0,22804348.089375,32781000.0,23473348.089375,0.42790697674418604,0.5918367346938775,19.48,4.8
573-A,2,-8.5,110.0,Lama A 20%,0.7,4741348.089375,24000375.0,18483723.089375,5489532.147741459,3156308.9589844053,31242300.0,22135348.089375004,32112000.0,23473348.089375,0.4274099883855981,0.6041666666666666,19.96,4.8
573-A,2,-8.5,110.5,Lama A 20%,0.7,4741348.089375,24000375.0,18483723.089375004,5863195.640103648,3106596.1214738754,31443000.0,22135348.089375,32112000.0,24811348.089375,0.4274099883855981,0.625,19.56,4.8
573-A,2,-8.5,111.0,Lama A 20%,0.7,4741348.089375,24362750.0,18846098.089375004,5624710.978082032,2415472.827059098,31443000.0,21466348.089375,33450000.0,22804348.089375004,0.42105263157894735,0.58,19.6,4.8
573-A,2,-8.5,111.5,Lama A 20%,0.7,4741348.089375,24530000.0,19013348.089375004,5757209.355687649,2220283.1781789344,31443000.0,21265648.089375004,35457000.0,22804348.089375,0.41818181818181815,0.5471698113207547,19.24,4.8
573-A,2,-8.5,112.0,Lama A 20%,0.7,4741348.089375,24418500.0,18901848.089375004,6204050.773486625,2500576.1770822555,32178900.0,22135348.089375004,37464000.0,22804348.089375004,0.4200913242009132,0.5178571428571429,19.68,4.8
573-A,2,-8.5,112.5,Lama A 20%,0.7,4741348.089375,24474250.0,18957598.089375,5835264.4457791215,2234116.8520683185,30573300.0,21265648.089375004,34788000.0,22804348.089375,0.4191343963553531,0.5576923076923077,19.0,4.8
573-A,2,-8.5,113.0,Lama A 20%,0.7,4741348.089375,24641500.0,19124848.089375,6069818.993075135,2214432.6194506255,31710600.0,21466348.089375,34119000.0,22135348.089375004,0.416289592760181,0.5686274509803921,17.8,4.8
573-A,2,-8.5,113.5,Lama A 20%,0.7,4741348.089375,24753000.0,19236348.089375004,6365060.88635109,2380988.4502029833,32580300.0,21934648.089375004,34119000.0,22804348.089375004,0.4144144144144144,0.5882352941176471,17.64,4.8
573-A,2,-8.5,114.0,Lama A 20%,0.7,4741348.089375,24725125.0,19208473.089375004,6673922.256667624,3055013.3040698012,32580300.0,23071948.089375,35457000.0,26149348.089375004,0.41488162344983087,0.5471698113207547,17.12,4.8
573-A,2,-8.5,114.5,Lama A 20%,0.7,4741348.089375,24836625.0,19319973.089375,6372126.706705097,2858678.408734571,31911300.0,22603648.089375,34788000.0,25480348.089375004,0.41301907968574636,0.5576923076923077,21.28,4.8
573-A,2,-8.5,115.5,Lama A 20%,0.7,4741348.089375,24669375.0,19152723.089375004,7111054.479455393,4013899.002352571,32781000.0,23272648.089375004,38133000.0,29494348.089375004,0.415819209039548,0.3508771929824561,17.4,4.8
573-A,2,-9.0,114.5,Lama A 20%,0.7,4741348.089375,24279125.0,18762473.089375004,6849471.330360817,3781756.473806043,32647200.0,23941648.089375,34788000.0,25480348.089375004,0.4225028702640643,0.40384615384615385,18.04,4.8
573-A,2,-9.0,115.0,Lama A 20%,0.7,4741348.089375,24418500.0,18901848.089375004,6836734.289054273,3803242.3810080336,33249300.0,23941648.089375004,34788000.0,25480348.089375004,0.4200913242009132,0.40384615384615385,18.48,4.8
573-A,2,-9.0,115.5,Lama A 20%,0.7,4741348.089375,24279125.0,18762473.089375,7160594.420993031,3923186.9400150124,33717600.0,24677548.089375004,35457000.0,26818348.089375,0.4225028702640643,0.39622641509433965,18.2,4.8
573-A,2,-9.0,117.0,Lama A 20%,0.7,4741348.089375,24780875.0,19264223.089375,6714618.020230838,3918223.758092213,33918300.0,23740948.089375,36126000.0,27487348.089375004,0.41394825646794153,0.37037037037037035,18.68,4.8
573-A,2,-9.0,117.5,Lama A 20%,0.7,4741348.089375,24613625.0,19096973.089375,7194483.428974078,3994460.139966678,35122500.0,23272648.089375004,37464000.0,28825348.089375004,0.41676104190260477,0.35714285714285715,19.52,4.8
573-A,2,-9.0,118.0,Lama A 20%,0.7,4741348.089375,24474250.0,18957598.089375,7188902.747804515,4241462.752707927,34587300.0,24209248.089375,36126000.0,27487348.089375004,0.4191343963553531,0.37037037037037035,19.32,4.8
573-A,2,-9.0,118.5,Lama A 20%,0.7,4741348.089375,24474250.0,18957598.089375,7266977.005904713,4747994.627025275,34788000.0,23272648.089375,37464000.0,28825348.089375004,0.4191343963553531,0.35714285714285715,18.68,4.8
573-A,2,-9.0,119.0,Lama A 20%,0.7,4741348.089375,24362750.0,18846098.089375004,7433761.545636994,5083162.377975897,33918300.0,25279648.089375004,36795000.0,28156348.089375004,0.42105263157894735,0.36363636363636365,18.16,4.8
573-A,2,-7.0,106.0,Lama A 20%,0.8,3160898.726249999,23777375.0,16680273.72625,6721859.194238891,2965591.9830250773,31710600.0,20354198.72625,35457000.0,21892898.72625,0.43141852286049237,0.5471698113207547,20.96,4.8
573-A,2,-7.5,106.0,Lama A 20%,0.8,3160898.726249999,24390625.0,17293523.72625,6431904.301232831,3249466.7631113287,32580300.0,21692198.72625,33450000.0,22561898.72625,0.4205714285714286,0.58,22.24,4.8
573-A,2,-7.5,106.5,Lama A 20%,0.8,3160898.726249999,24446375.0,17349273.72625,6181990.518134459,2991723.4499677536,32178900.0,21223898.72625,34788000.0,23230898.72625,0.41961231470923605,0.5769230769230769,20.96,4.8
573-A,2,-7.5,107.0,Lama A 20%,0.8,3160898.726249999,24084000.0,16986898.72625,6380328.504558912,3328476.580633562,32379600.0,20822498.72625,34788000.0,24568898.72625,0.42592592592592593,0.5576923076923077,20.28,4.8
573-A,2,-7.5,107.5,Lama A 20%,0.8,3160898.726249999,24111875.0,17014773.72625,6236832.357315761,4260821.33654493,31443000.0,20554898.72625,35457000.0,29251898.72625,0.4254335260115607,0.5471698113207547,19.36,4.8
573-A,2,-8.0,107.5,Lama A 20%,0.8,3160898.726249999,24084000.0,16986898.72625,5467109.943144986,3305008.7679946837,30640200.0,21023198.72625,34788000.0,22561898.72625,0.42592592592592593,0.5769230769230769,19.32,4.8
573-A,2,-8.0,108.0,Lama A 20%,0.8,3160898.726249999,24362750.0,17265648.72625,5754673.822585241,2810192.415661867,30573300.0,19885898.72625,34788000.0,21892898.72625,0.42105263157894735,0.5769230769230769,18.6,4.8
573-A,2,-8.0,108.5,Lama A 20%,0.8,3160898.726249999,24334875.0,17237773.72625,5740778.990562018,3618730.8886632086,32580300.0,21892898.72625,34119000.0,21892898.72625,0.4215349369988545,0.5882352941176471,19.36,4.8
573-A,2,-8.0,109.0,Lama A 20%,0.8,3160898.726249999,24530000.0,17432898.72625,5543692.0910166,3392176.023427004,33249300.0,21692198.72625,33450000.0,23230898.72625,0.41818181818181815,0.58,19.68,4.8
573-A,2,-8.0,109.5,Lama A 20%,0.8,3160898.726249999,24557875.0,17460773.72625,5640473.255757272,2760561.353003344,31309200.0,21290798.72625,36126000.0,22561898.72625,0.4177071509648127,0.5370370370370371,19.32,4.8
573-A,2,-8.5,109.5,Lama A 20%,0.8,3160898.726249999,23972500.0,16875398.72625,5661779.386914237,3247594.8424748993,31710600.0,21223898.72625,32781000.0,21892898.72625,0.42790697674418604,0.5918367346938775,19.48,4.8
573-A,2,-8.5,110.0,Lama A 20%,0.8,3160898.726249999,24000375.0,16903273.72625,5489532.147741459,3156308.958984405,31242300.0,20554898.72625,32112000.0,21892898.72625,0.4274099883855981,0.6041666666666666,19.96,4.8
573-A,2,-8.5,110.5,Lama A 20%,0.8,3160898.726249999,24000375.0,16903273.72625,5863195.640103648,3106596.121473875,31443000.0,20554898.72625,32112000.0,23230898.72625,0.4274099883855981,0.625,19.56,4.8
573-A,2,-8.5,111.0,Lama A 20%,0.8,3160898.726249999,24362750.0,17265648.72625,5624710.978082032,2415472.8270590976,31443000.0,19885898.72625,33450000.0,21223898.72625,0.42105263157894735,0.58,19.6,4.8
573-A,2,-8.5,111.5,Lama A 20%,0.8,3160898.726249999,24530000.0,17432898.72625,5757209.355687649,2220283.178178934,31443000.0,19685198.72625,35457000.0,21223898.72625,0.41818181818181815,0.5471698113207547,19.24,4.8
573-A,2,-8.5,112.0,Lama A 20%,0.8,3160898.726249999,24418500.0,17321398.72625,6204050.773486625,2500576.177082255,32178900.0,20554898.72625,37464000.0,21223898.72625,0.4200913242009132,0.5178571428571429,19.68,4.8
573-A,2,-8.5,112.5,Lama A 20%,0.8,3160898.726249999,24474250.0,17377148.72625,5835264.4457791215,2234116.8520683185,30573300.0,19685198.72625,34788000.0,21223898.72625,0.4191343963553531,0.5576923076923077,19.0,4.8
573-A,2,-8.5,113.0,Lama A 20%,0.8,3160898.726249999,24641500.0,17544398.72625,6069818.993075135,2214432.619450625,31710600.0,19885898.72625,34119000.0,20554898.72625,0.416289592760181,0.5686274509803921,17.8,4.8
573-A,2,-8.5,113.5,Lama A 20%,0.8,3160898.726249999,24753000.0,17655898.72625,6365060.88635109,2380988.4502029824,32580300.0,20354198.72625,34119000.0,21223898.72625,0.4144144144144144,0.5882352941176471,17.64,4.8
573-A,2,-8.5,114.0,Lama A 20%,0.8,3160898.726249999,24725125.0,17628023.72625,6673922.256667624,3055013.3040698003,32580300.0,21491498.72625,35457000.0,24568898.72625,0.41488162344983087,0.5471698113207547,17.12,4.8
573-A,2,-8.5,114.5,Lama A 20%,0.8,3160898.726249999,24836625.0,17739523.72625,6372126.706705097,2858678.4087345707,31911300.0,21023198.72625,34788000.0,23899898.72625,0.41301907968574636,0.5576923076923077,21.28,4.8
573-A,2,-8.5,115.5,Lama A 20%,0.8,3160898.726249999,24669375.0,17572273.72625,7111054.479455393,4013899.00235257,32781000.0,21692198.72625,38133000.0,27913898.72625,0.415819209039548,0.3508771929824561,17.4,4.8
573-A,2,-9.0,114.5,Lama A 20%,0.8,3160898.726249999,24279125.0,17182023.72625,6849471.330360817,3781756.473806042,32647200.0,22361198.72625,34788000.0,23899898.72625,0.4225028702640643,0.40384615384615385,18.04,4.8
573-A,2,-9.0,115.0,Lama A 20%,0.8,3160898.726249999,24418500.0,17321398.72625,6836734.289054273,3803242.381008033,33249300.0,22361198.72625,34788000.0,23899898.72625,0.4200913242009132,0.40384615384615385,18.48,4.8
573-A,2,-9.0,115.5,Lama A 20%,0.8,3160898.726249999,24279125.0,17182023.72625,7160594.420993031,3923186.9400150115,33717600.0,23097098.72625,35457000.0,25237898.72625,0.4225028702640643,0.39622641509433965,18.2,4.8
573-A,2,-9.0,117.0,Lama A 20%,0.8,3160898.726249999,24780875.0,17683773.72625,6714618.020230838,3918223.7580922125,33918300.0,22160498.72625,36126000.0,25906898.72625,0.41394825646794153,0.37037037037037035,18.68,4.8
573-A,2,-9.0,117.5,Lama A 20%,0.8,3160898.726249999,24613625.0,17516523.72625,7194483.428974078,3994460.1399666774,35122500.0,21692198.72625,37464000.0,27244898.72625,0.41676104190260477,0.35714285714285715,19.52,4.8
573-A,2,-9.0,118.0,Lama A 20%,0.8,3160898.726249999,24474250.0,17377148.72625,7188902.747804515,4241462.752707926,34587300.0,22628798.72625,36126000.0,25906898.72625,0.4191343963553531,0.37037037037037035,19.32,4.8
573-A,2,-9.0,118.5,Lama A 20%,0.8,3160898.726249999,24474250.0,17377148.726250004,7266977.005904713,4747994.627025274,34788000.0,21692198.72625,37464000.0,27244898.72625,0.4191343963553531,0.35714285714285715,18.68,4.8
573-A,2,-9.0,119.0,Lama A 20%,0.8,3160898.726249999,24362750.0,17265648.726250004,7433761.545636994,5083162.377975896,33918300.0,23699198.72625,36795000.0,26575898.72625,0.42105263157894735,0.36363636363636365,18.16,4.8
573-A,2,-7.0,106.0,Final 12%+RI,0.0,13300932.16900809,23777375.0,26820307.16900809,6721859.194238891,2965591.983025077,31710600.0,30494232.16900809,35457000.0,32032932.16900809,0.43141852286049237,0.5471698113207547,20.96,4.8
573-A,2,-7.5,106.0,Final 12%+RI,0.0,13300932.16900809,24390625.0,27433557.16900809,6431904.301232831,3249466.7631113287,32580300.0,31832232.16900809,33450000.0,32701932.16900809,0.4205714285714286,0.58,22.24,4.8
573-A,2,-7.5,106.5,Final 12%+RI,0.0,13300932.16900809,24446375.0,27489307.16900809,6181990.518134459,2991723.4499677536,32178900.0,31363932.16900809,34788000.0,33370932.16900809,0.41961231470923605,0.5769230769230769,20.96,4.8
573-A,2,-7.5,107.0,Final 12%+RI,0.0,13300932.16900809,24084000.0,27126932.16900809,6380328.504558912,3328476.580633562,32379600.0,30962532.16900809,34788000.0,34708932.16900809,0.42592592592592593,0.5576923076923077,20.28,4.8
573-A,2,-7.5,107.5,Final 12%+RI,0.0,13300932.16900809,24111875.0,27154807.16900809,6236832.357315761,4260821.33654493,31443000.0,30694932.16900809,35457000.0,39391932.16900809,0.4254335260115607,0.5471698113207547,19.36,4.8
573-A,2,-8.0,107.5,Final 12%+RI,0.0,13300932.16900809,24084000.0,27126932.16900809,5467109.943144986,3305008.7679946837,30640200.0,31163232.16900809,34788000.0,32701932.16900809,0.42592592592592593,0.5769230769230769,19.32,4.8
573-A,2,-8.0,108.0,Final 12%+RI,0.0,13300932.16900809,24362750.0,27405682.16900809,5754673.822585241,2810192.415661867,30573300.0,30025932.16900809,34788000.0,32032932.16900809,0.42105263157894735,0.5769230769230769,18.6,4.8
573-A,2,-8.0,108.5,Final 12%+RI,0.0,13300932.16900809,24334875.0,27377807.16900809,5740778.990562018,3618730.8886632086,32580300.0,32032932.16900809,34119000.0,32032932.16900809,0.4215349369988545,0.5882352941176471,19.36,4.8
573-A,2,-8.0,109.0,Final 12%+RI,0.0,13300932.16900809,24530000.0,27572932.16900809,5543692.0910166,3392176.023427004,33249300.0,31832232.16900809,33450000.0,33370932.16900809,0.41818181818181815,0.58,19.68,4.8
573-A,2,-8.0,109.5,Final 12%+RI,0.0,13300932.16900809,24557875.0,27600807.16900809,5640473.255757272,2760561.353003344,31309200.0,31430832.16900809,36126000.0,32701932.16900809,0.4177071509648127,0.5370370370370371,19.32,4.8
573-A,2,-8.5,109.5,Final 12%+RI,0.0,13300932.16900809,23972500.0,27015432.16900809,5661779.386914237,3247594.8424748993,31710600.0,31363932.16900809,32781000.0,32032932.16900809,0.42790697674418604,0.5918367346938775,19.48,4.8
573-A,2,-8.5,110.0,Final 12%+RI,0.0,13300932.16900809,24000375.0,27043307.16900809,5489532.147741459,3156308.958984405,31242300.0,30694932.16900809,32112000.0,32032932.16900809,0.4274099883855981,0.6041666666666666,19.96,4.8
573-A,2,-8.5,110.5,Final 12%+RI,0.0,13300932.16900809,24000375.0,27043307.16900809,5863195.640103648,3106596.121473875,31443000.0,30694932.16900809,32112000.0,33370932.16900809,0.4274099883855981,0.625,19.56,4.8
573-A,2,-8.5,111.0,Final 12%+RI,0.0,13300932.16900809,24362750.0,27405682.16900809,5624710.978082032,2415472.8270590976,31443000.0,30025932.16900809,33450000.0,31363932.16900809,0.42105263157894735,0.58,19.6,4.8
573-A,2,-8.5,111.5,Final 12%+RI,0.0,13300932.16900809,24530000.0,27572932.16900809,5757209.355687649,2220283.178178934,31443000.0,29825232.16900809,35457000.0,31363932.16900809,0.41818181818181815,0.5471698113207547,19.24,4.8
573-A,2,-8.5,112.0,Final 12%+RI,0.0,13300932.16900809,24418500.0,27461432.16900809,6204050.773486625,2500576.177082255,32178900.0,30694932.16900809,37464000.0,31363932.16900809,0.4200913242009132,0.5178571428571429,19.68,4.8
573-A,2,-8.5,112.5,Final 12%+RI,0.0,13300932.16900809,24474250.0,27517182.16900809,5835264.4457791215,2234116.8520683185,30573300.0,29825232.16900809,34788000.0,31363932.16900809,0.4191343963553531,0.5576923076923077,19.0,4.8
573-A,2,-8.5,113.0,Final 12%+RI,0.0,13300932.16900809,24641500.0,27684432.16900809,6069818.993075135,2214432.619450625,31710600.0,30025932.16900809,34119000.0,30694932.16900809,0.416289592760181,0.5686274509803921,17.8,4.8
573-A,2,-8.5,113.5,Final 12%+RI,0.0,13300932.16900809,24753000.0,27795932.16900809,6365060.88635109,2380988.4502029824,32580300.0,30494232.16900809,34119000.0,31363932.16900809,0.4144144144144144,0.5882352941176471,17.64,4.8
573-A,2,-8.5,114.0,Final 12%+RI,0.0,13300932.16900809,24725125.0,27768057.16900809,6673922.256667624,3055013.3040698003,32580300.0,31631532.16900809,35457000.0,34708932.16900809,0.41488162344983087,0.5471698113207547,17.12,4.8
573-A,2,-8.5,114.5,Final 12%+RI,0.0,13300932.16900809,24836625.0,27879557.16900809,6372126.706705097,2858678.4087345707,31911300.0,31163232.16900809,34788000.0,34039932.16900809,0.41301907968574636,0.5576923076923077,21.28,4.8
573-A,2,-8.5,115.5,Final 12%+RI,0.0,13300932.16900809,24669375.0,27712307.16900809,7111054.479455393,4013899.00235257,32781000.0,31832232.16900809,38133000.0,38053932.16900809,0.415819209039548,0.3508771929824561,17.4,4.8
573-A,2,-9.0,114.5,Final 12%+RI,0.0,13300932.16900809,24279125.0,27322057.16900809,6849471.330360817,3781756.473806042,32647200.0,32501232.16900809,34788000.0,34039932.16900809,0.4225028702640643,0.40384615384615385,18.04,4.8
573-A,2,-9.0,115.0,Final 12%+RI,0.0,13300932.16900809,24418500.0,27461432.16900809,6836734.289054273,3803242.381008033,33249300.0,32501232.16900809,34788000.0,34039932.16900809,0.4200913242009132,0.40384615384615385,18.48,4.8
573-A,2,-9.0,115.5,Final 12%+RI,0.0,13300932.16900809,24279125.0,27322057.16900809,7160594.420993031,3923186.9400150115,33717600.0,33237132.16900809,35457000.0,35377932.16900809,0.4225028702640643,0.39622641509433965,18.2,4.8
573-A,2,-9.0,117.0,Final 12%+RI,0.0,13300932.16900809,24780875.0,27823807.16900809,6714618.020230838,3918223.7580922125,33918300.0,32300532.16900809,36126000.0,36046932.16900809,0.41394825646794153,0.37037037037037035,18.68,4.8
573-A,2,-9.0,117.5,Final 12%+RI,0.0,13300932.16900809,24613625.0,27656557.16900809,7194483.428974078,3994460.1399666774,35122500.0,31832232.16900809,37464000.0,37384932.16900809,0.41676104190260477,0.35714285714285715,19.52,4.8
573-A,2,-9.0,118.0,Final 12%+RI,0.0,13300932.16900809,24474250.0,27517182.16900809,7188902.747804515,4241462.752707926,34587300.0,32768832.16900809,36126000.0,36046932.16900809,0.4191343963553531,0.37037037037037035,19.32,4.8
573-A,2,-9.0,118.5,Final 12%+RI,0.0,13300932.16900809,24474250.0,27517182.16900809,7266977.005904713,4747994.627025274,34788000.0,31832232.16900809,37464000.0,37384932.16900809,0.4191343963553531,0.35714285714285715,18.68,4.8
573-A,2,-9.0,119.0,Final 12%+RI,0.0,13300932.16900809,24362750.0,27405682.16900809,7433761.545636994,5083162.377975896,33918300.0,33839232.16900809,36795000.0,36715932.16900809,0.42105263157894735,0.36363636363636365,18.16,4.8
573-A,2,-7.0,106.0,Final 12%+RI,0.5,6650466.084504045,23777375.0,20169841.08450405,6721859.194238891,2965591.983025077,31710600.0,23843766.084504046,35457000.0,25382466.084504046,0.43141852286049237,0.5471698113207547,20.96,4.8
573-A,2,-7.5,106.0,Final 12%+RI,0.5,6650466.084504045,24390625.0,20783091.08450405,6431904.301232831,3249466.7631113287,32580300.0,25181766.084504046,33450000.0,26051466.084504046,0.4205714285714286,0.58,22.24,4.8
573-A,2,-7.5,106.5,Final 12%+RI,0.5,6650466.084504045,24446375.0,20838841.08450405,6181990.518134459,2991723.4499677536,32178900.0,24713466.084504046,34788000.0,26720466.084504046,0.41961231470923605,0.5769230769230769,20.96,4.8
573-A,2,-7.5,107.0,Final 12%+RI,0.5,6650466.084504045,24084000.0,20476466.084504046,6380328.504558912,3328476.580633562,32379600.0,24312066.084504046,34788000.0,28058466.084504046,0.42592592592592593,0.5576923076923077,20.28,4.8
573-A,2,-7.5,107.5,Final 12%+RI,0.5,6650466.084504045,24111875.0,20504341.08450405,6236832.357315761,4260821.33654493,31443000.0,24044466.084504046,35457000.0,32741466.084504046,0.4254335260115607,0.5471698113207547,19.36,4.8
573-A,2,-8.0,107.5,Final 12%+RI,0.5,6650466.084504045,24084000.0,20476466.08450405,5467109.943144986,3305008.7679946837,30640200.0,24512766.084504046,34788000.0,26051466.084504046,0.42592592592592593,0.5769230769230769,19.32,4.8
573-A,2,-8.0,108.0,Final 12%+RI,0.5,6650466.084504045,24362750.0,20755216.08450405,5754673.822585241,2810192.415661867,30573300.0,23375466.084504046,34788000.0,25382466.084504046,0.42105263157894735,0.5769230769230769,18.6,4.8
573-A,2,-8.0,108.5,Final 12%+RI,0.5,6650466.084504045,24334875.0,20727341.08450405,5740778.990562018,3618730.8886632086,32580300.0,25382466.084504046,34119000.0,25382466.084504046,0.4215349369988545,0.5882352941176471,19.36,4.8
573-A,2,-8.0,109.0,Final 12%+RI,0.5,6650466.084504045,24530000.0,20922466.08450405,5543692.0910166,3392176.0234270045,33249300.0,25181766.084504046,33450000.0,26720466.084504046,0.41818181818181815,0.58,19.68,4.8
573-A,2,-8.0,109.5,Final 12%+RI,0.5,6650466.084504045,24557875.0,20950341.08450405,5640473.255757272,2760561.353003344,31309200.0,24780366.084504046,36126000.0,26051466.084504046,0.4177071509648127,0.5370370370370371,19.32,4.8
573-A,2,-8.5,109.5,Final 12%+RI,0.5,6650466.084504045,23972500.0,20364966.08450405,5661779.386914237,3247594.8424748993,31710600.0,24713466.084504046,32781000.0,25382466.084504046,0.42790697674418604,0.5918367346938775,19.48,4.8
573-A,2,-8.5,110.0,Final 12%+RI,0.5,6650466.084504045,24000375.0,20392841.084504046,5489532.147741459,3156308.958984405,31242300.0,24044466.084504046,32112000.0,25382466.084504046,0.4274099883855981,0.6041666666666666,19.96,4.8
573-A,2,-8.5,110.5,Final 12%+RI,0.5,6650466.084504045,24000375.0,20392841.084504046,5863195.640103648,3106596.121473875,31443000.0,24044466.084504046,32112000.0,26720466.084504046,0.4274099883855981,0.625,19.56,4.8
573-A,2,-8.5,111.0,Final 12%+RI,0.5,6650466.084504045,24362750.0,20755216.084504046,5624710.978082032,2415472.8270590976,31443000.0,23375466.084504046,33450000.0,24713466.084504046,0.42105263157894735,0.58,19.6,4.8
573-A,2,-8.5,111.5,Final 12%+RI,0.5,6650466.084504045,24530000.0,20922466.084504046,5757209.355687649,2220283.178178934,31443000.0,23174766.084504046,35457000.0,24713466.084504046,0.41818181818181815,0.5471698113207547,19.24,4.8
573-A,2,-8.5,112.0,Final 12%+RI,0.5,6650466.084504045,24418500.0,20810966.084504046,6204050.773486625,2500576.177082255,32178900.0,24044466.084504046,37464000.0,24713466.084504046,0.4200913242009132,0.5178571428571429,19.68,4.8
573-A,2,-8.5,112.5,Final 12%+RI,0.5,6650466.084504045,24474250.0,20866716.084504046,5835264.4457791215,2234116.8520683185,30573300.0,23174766.084504046,34788000.0,24713466.084504046,0.4191343963553531,0.5576923076923077,19.0,4.8
573-A,2,-8.5,113.0,Final 12%+RI,0.5,6650466.084504045,24641500.0,21033966.08450405,6069818.993075135,2214432.619450625,31710600.0,23375466.084504046,34119000.0,24044466.084504046,0.416289592760181,0.5686274509803921,17.8,4.8
573-A,2,-8.5,113.5,Final 12%+RI,0.5,6650466.084504045,24753000.0,21145466.08450405,6365060.88635109,2380988.4502029824,32580300.0,23843766.084504046,34119000.0,24713466.084504046,0.4144144144144144,0.5882352941176471,17.64,4.8
573-A,2,-8.5,114.0,Final 12%+RI,0.5,6650466.084504045,24725125.0,21117591.08450405,6673922.256667624,3055013.3040698003,32580300.0,24981066.084504046,35457000.0,28058466.084504046,0.41488162344983087,0.5471698113207547,17.12,4.8
573-A,2,-8.5,114.5,Final 12%+RI,0.5,6650466.084504045,24836625.0,21229091.08450405,6372126.706705097,2858678.4087345707,31911300.0,24512766.084504046,34788000.0,27389466.084504046,0.41301907968574636,0.5576923076923077,21.28,4.8
573-A,2,-8.5,115.5,Final 12%+RI,0.5,6650466.084504045,24669375.0,21061841.08450405,7111054.479455393,4013899.00235257,32781000.0,25181766.084504046,38133000.0,31403466.084504046,0.415819209039548,0.3508771929824561,17.4,4.8
573-A,2,-9.0,114.5,Final 12%+RI,0.5,6650466.084504045,24279125.0,20671591.08450405,6849471.330360817,3781756.473806042,32647200.0,25850766.084504046,34788000.0,27389466.084504046,0.4225028702640643,0.40384615384615385,18.04,4.8
573-A,2,-9.0,115.0,Final 12%+RI,0.5,6650466.084504045,24418500.0,20810966.08450405,6836734.289054273,3803242.381008033,33249300.0,25850766.084504046,34788000.0,27389466.084504046,0.4200913242009132,0.40384615384615385,18.48,4.8
573-A,2,-9.0,115.5,Final 12%+RI,0.5,6650466.084504045,24279125.0,20671591.08450405,7160594.420993031,3923186.9400150115,33717600.0,26586666.084504046,35457000.0,28727466.084504046,0.4225028702640643,0.39622641509433965,18.2,4.8
573-A,2,-9.0,117.0,Final 12%+RI,0.5,6650466.084504045,24780875.0,21173341.08450405,6714618.020230838,3918223.7580922125,33918300.0,25650066.084504046,36126000.0,29396466.084504046,0.41394825646794153,0.37037037037037035,18.68,4.8
573-A,2,-9.0,117.5,Final 12%+RI,0.5,6650466.084504045,24613625.0,21006091.08450405,7194483.428974078,3994460.1399666774,35122500.0,25181766.084504046,37464000.0,30734466.084504046,0.41676104190260477,0.35714285714285715,19.52,4.8
573-A,2,-9.0,118.0,Final 12%+RI,0.5,6650466.084504045,24474250.0,20866716.08450405,7188902.747804515,4241462.752707926,34587300.0,26118366.084504046,36126000.0,29396466.084504046,0.4191343963553531,0.37037037037037035,19.32,4.8
573-A,2,-9.0,118.5,Final 12%+RI,0.5,6650466.084504045,24474250.0,20866716.08450405,7266977.005904713,4747994.627025274,34788000.0,25181766.084504046,37464000.0,30734466.084504046,0.4191343963553531,0.35714285714285715,18.68,4.8
573-A,2,-9.0,119.0,Final 12%+RI,0.5,6650466.084504045,24362750.0,20755216.08450405,7433761.545636994,5083162.377975896,33918300.0,27188766.084504046,36795000.0,30065466.084504046,0.42105263157894735,0.36363636363636365,18.16,4.8
573-A,2,-7.0,106.0,Final 12%+RI,0.7,3990279.650702427,23777375.0,17509654.650702428,6721859.194238891,2965591.983025077,31710600.0,21183579.650702428,35457000.0,22722279.650702424,0.43141852286049237,0.5471698113207547,20.96,4.8
573-A,2,-7.5,106.0,Final 12%+RI,0.7,3990279.650702427,24390625.0,18122904.650702428,6431904.301232831,3249466.7631113282,32580300.0,22521579.650702424,33450000.0,23391279.650702424,0.4205714285714286,0.58,22.24,4.8
573-A,2,-7.5,106.5,Final 12%+RI,0.7,3990279.650702427,24446375.0,18178654.650702428,6181990.518134459,2991723.4499677527,32178900.0,22053279.650702428,34788000.0,24060279.650702428,0.41961231470923605,0.5769230769230769,20.96,4.8
573-A,2,-7.5,107.0,Final 12%+RI,0.7,3990279.650702427,24084000.0,17816279.650702428,6380328.504558912,3328476.580633561,32379600.0,21651879.650702428,34788000.0,25398279.650702424,0.42592592592592593,0.5576923076923077,20.28,4.8
573-A,2,-7.5,107.5,Final 12%+RI,0.7,3990279.650702427,24111875.0,17844154.650702428,6236832.357315761,4260821.336544929,31443000.0,21384279.650702428,35457000.0,30081279.650702424,0.4254335260115607,0.5471698113207547,19.36,4.8
573-A,2,-8.0,107.5,Final 12%+RI,0.7,3990279.650702427,24084000.0,17816279.650702428,5467109.943144986,3305008.7679946837,30640200.0,21852579.650702428,34788000.0,23391279.650702428,0.42592592592592593,0.5769230769230769,19.32,4.8
573-A,2,-8.0,108.0,Final 12%+RI,0.7,3990279.650702427,24362750.0,18095029.650702428,5754673.822585241,2810192.4156618663,30573300.0,20715279.650702428,34788000.0,22722279.650702424,0.42105263157894735,0.5769230769230769,18.6,4.8
573-A,2,-8.0,108.5,Final 12%+RI,0.7,3990279.650702427,24334875.0,18067154.650702428,5740778.990562018,3618730.888663208,32580300.0,22722279.650702428,34119000.0,22722279.650702428,0.4215349369988545,0.5882352941176471,19.36,4.8
573-A,2,-8.0,109.0,Final 12%+RI,0.7,3990279.650702427,24530000.0,18262279.650702428,5543692.0910166,3392176.023427004,33249300.0,22521579.650702428,33450000.0,24060279.650702424,0.41818181818181815,0.58,19.68,4.8
573-A,2,-8.0,109.5,Final 12%+RI,0.7,3990279.650702427,24557875.0,18290154.650702428,5640473.255757272,2760561.3530033436,31309200.0,22120179.650702424,36126000.0,23391279.650702428,0.4177071509648127,0.5370370370370371,19.32,4.8
573-A,2,-8.5,109.5,Final 12%+RI,0.7,3990279.650702427,23972500.0,17704779.650702428,5661779.386914237,3247594.842474899,31710600.0,22053279.650702428,32781000.0,22722279.650702428,0.42790697674418604,0.5918367346938775,19.48,4.8
573-A,2,-8.5,110.0,Final 12%+RI,0.7,3990279.650702427,24000375.0,17732654.650702428,5489532.147741459,3156308.958984405,31242300.0,21384279.650702428,32112000.0,22722279.650702428,0.4274099883855981,0.6041666666666666,19.96,4.8
573-A,2,-8.5,110.5,Final 12%+RI,0.7,3990279.650702427,24000375.0,17732654.650702428,5863195.640103648,3106596.1214738744,31443000.0,21384279.650702428,32112000.0,24060279.650702428,0.4274099883855981,0.625,19.56,4.8
573-A,2,-8.5,111.0,Final 12%+RI,0.7,3990279.650702427,24362750.0,18095029.650702428,5624710.978082032,2415472.8270590976,31443000.0,20715279.650702428,33450000.0,22053279.650702424,0.42105263157894735,0.58,19.6,4.8
573-A,2,-8.5,111.5,Final 12%+RI,0.7,3990279.650702427,24530000.0,18262279.650702428,5757209.355687649,2220283.1781789334,31443000.0,20514579.650702424,35457000.0,22053279.650702428,0.41818181818181815,0.5471698113207547,19.24,4.8
573-A,2,-8.5,112.0,Final 12%+RI,0.7,3990279.650702427,24418500.0,18150779.650702428,6204050.773486625,2500576.177082254,32178900.0,21384279.650702428,37464000.0,22053279.650702424,0.4200913242009132,0.5178571428571429,19.68,4.8
573-A,2,-8.5,112.5,Final 12%+RI,0.7,3990279.650702427,24474250.0,18206529.650702428,5835264.4457791215,2234116.852068318,30573300.0,20514579.650702424,34788000.0,22053279.650702428,0.4191343963553531,0.5576923076923077,19.0,4.8
573-A,2,-8.5,113.0,Final 12%+RI,0.7,3990279.650702427,24641500.0,18373779.650702428,6069818.993075135,2214432.6194506246,31710600.0,20715279.650702428,34119000.0,21384279.650702424,0.416289592760181,0.5686274509803921,17.8,4.8
573-A,2,-8.5,113.5,Final 12%+RI,0.7,3990279.650702427,24753000.0,18485279.650702428,6365060.88635109,2380988.4502029815,32580300.0,21183579.650702424,34119000.0,22053279.650702424,0.4144144144144144,0.5882352941176471,17.64,4.8
573-A,2,-8.5,114.0,Final 12%+RI,0.7,3990279.650702427,24725125.0,18457404.650702428,6673922.256667624,3055013.3040698,32580300.0,22320879.650702428,35457000.0,25398279.650702424,0.41488162344983087,0.5471698113207547,17.12,4.8
573-A,2,-8.5,114.5,Final 12%+RI,0.7,3990279.650702427,24836625.0,18568904.650702428,6372126.706705097,2858678.4087345703,31911300.0,21852579.650702424,34788000.0,24729279.650702424,0.41301907968574636,0.5576923076923077,21.28,4.8
573-A,2,-8.5,115.5,Final 12%+RI,0.7,3990279.650702427,24669375.0,18401654.650702428,7111054.479455393,4013899.0023525693,32781000.0,22521579.650702424,38133000.0,28743279.650702424,0.415819209039548,0.3508771929824561,17.4,4.8
573-A,2,-9.0,114.5,Final 12%+RI,0.7,3990279.650702427,24279125.0,18011404.650702428,6849471.330360817,3781756.4738060418,32647200.0,23190579.650702428,34788000.0,24729279.650702428,0.4225028702640643,0.40384615384615385,18.04,4.8
573-A,2,-9.0,115.0,Final 12%+RI,0.7,3990279.650702427,24418500.0,18150779.650702428,6836734.289054273,3803242.3810080322,33249300.0,23190579.650702424,34788000.0,24729279.650702424,0.4200913242009132,0.40384615384615385,18.48,4.8
573-A,2,-9.0,115.5,Final 12%+RI,0.7,3990279.650702427,24279125.0,18011404.650702428,7160594.420993031,3923186.94001501,33717600.0,23926479.650702424,35457000.0,26067279.650702428,0.4225028702640643,0.39622641509433965,18.2,4.8
573-A,2,-9.0,117.0,Final 12%+RI,0.7,3990279.650702427,24780875.0,18513154.650702428,6714618.020230838,3918223.758092212,33918300.0,22989879.650702424,36126000.0,26736279.650702424,0.41394825646794153,0.37037037037037035,18.68,4.8
573-A,2,-9.0,117.5,Final 12%+RI,0.7,3990279.650702427,24613625.0,18345904.650702428,7194483.428974078,3994460.139966677,35122500.0,22521579.650702424,37464000.0,28074279.650702424,0.41676104190260477,0.35714285714285715,19.52,4.8
573-A,2,-9.0,118.0,Final 12%+RI,0.7,3990279.650702427,24474250.0,18206529.650702428,7188902.747804515,4241462.752707926,34587300.0,23458179.650702424,36126000.0,26736279.650702424,0.4191343963553531,0.37037037037037035,19.32,4.8
573-A,2,-9.0,118.5,Final 12%+RI,0.7,3990279.650702427,24474250.0,18206529.650702428,7266977.005904713,4747994.627025274,34788000.0,22521579.650702428,37464000.0,28074279.650702424,0.4191343963553531,0.35714285714285715,18.68,4.8
573-A,2,-9.0,119.0,Final 12%+RI,0.7,3990279.650702427,24362750.0,18095029.650702428,7433761.545636994,5083162.377975895,33918300.0,24528579.650702424,36795000.0,27405279.650702424,0.42105263157894735,0.36363636363636365,18.16,4.8
573-A,2,-7.0,106.0,Final 12%+RI,0.8,2660186.4338016175,23777375.0,16179561.433801616,6721859.194238891,2965591.9830250773,31710600.0,19853486.433801617,35457000.0,21392186.43380162,0.43141852286049237,0.5471698113207547,20.96,4.8
573-A,2,-7.5,106.0,Final 12%+RI,0.8,2660186.4338016175,24390625.0,16792811.433801617,6431904.301232831,3249466.7631113296,32580300.0,21191486.433801617,33450000.0,22061186.433801617,0.4205714285714286,0.58,22.24,4.8
573-A,2,-7.5,106.5,Final 12%+RI,0.8,2660186.4338016175,24446375.0,16848561.433801617,6181990.518134459,2991723.4499677536,32178900.0,20723186.43380162,34788000.0,22730186.433801617,0.41961231470923605,0.5769230769230769,20.96,4.8
573-A,2,-7.5,107.0,Final 12%+RI,0.8,2660186.4338016175,24084000.0,16486186.433801616,6380328.504558912,3328476.580633562,32379600.0,20321786.433801617,34788000.0,24068186.43380162,0.42592592592592593,0.5576923076923077,20.28,4.8
573-A,2,-7.5,107.5,Final 12%+RI,0.8,2660186.4338016175,24111875.0,16514061.433801616,6236832.357315761,4260821.33654493,31443000.0,20054186.433801617,35457000.0,28751186.43380162,0.4254335260115607,0.5471698113207547,19.36,4.8
573-A,2,-8.0,107.5,Final 12%+RI,0.8,2660186.4338016175,24084000.0,16486186.433801616,5467109.943144986,3305008.7679946837,30640200.0,20522486.433801617,34788000.0,22061186.433801617,0.42592592592592593,0.5769230769230769,19.32,4.8
573-A,2,-8.0,108.0,Final 12%+RI,0.8,2660186.4338016175,24362750.0,16764936.433801616,5754673.822585241,2810192.4156618672,30573300.0,19385186.433801617,34788000.0,21392186.43380162,0.42105263157894735,0.5769230769230769,18.6,4.8
573-A,2,-8.0,108.5,Final 12%+RI,0.8,2660186.4338016175,24334875.0,16737061.433801616,5740778.990562018,3618730.8886632095,32580300.0,21392186.433801617,34119000.0,21392186.43380162,0.4215349369988545,0.5882352941176471,19.36,4.8
573-A,2,-8.0,109.0,Final 12%+RI,0.8,2660186.4338016175,24530000.0,16932186.433801617,5543692.0910166,3392176.023427005,33249300.0,21191486.433801617,33450000.0,22730186.43380162,0.41818181818181815,0.58,19.68,4.8
573-A,2,-8.0,109.5,Final 12%+RI,0.8,2660186.4338016175,24557875.0,16960061.433801617,5640473.255757272,2760561.353003344,31309200.0,20790086.433801617,36126000.0,22061186.433801617,0.4177071509648127,0.5370370370370371,19.32,4.8
573-A,2,-8.5,109.5,Final 12%+RI,0.8,2660186.4338016175,23972500.0,16374686.433801616,5661779.386914237,3247594.8424748997,31710600.0,20723186.433801617,32781000.0,21392186.433801617,0.42790697674418604,0.5918367346938775,19.48,4.8
573-A,2,-8.5,110.0,Final 12%+RI,0.8,2660186.4338016175,24000375.0,16402561.433801616,5489532.147741459,3156308.958984405,31242300.0,20054186.43380162,32112000.0,21392186.433801617,0.4274099883855981,0.6041666666666666,19.96,4.8
573-A,2,-8.5,110.5,Final 12%+RI,0.8,2660186.4338016175,24000375.0,16402561.433801616,5863195.640103648,3106596.121473875,31443000.0,20054186.433801617,32112000.0,22730186.433801617,0.4274099883855981,0.625,19.56,4.8
573-A,2,-8.5,111.0,Final 12%+RI,0.8,2660186.4338016175,24362750.0,16764936.433801616,5624710.978082032,2415472.827059098,31443000.0,19385186.433801617,33450000.0,20723186.43380162,0.42105263157894735,0.58,19.6,4.8
573-A,2,-8.5,111.5,Final 12%+RI,0.8,2660186.4338016175,24530000.0,16932186.433801617,5757209.355687649,2220283.178178934,31443000.0,19184486.43380162,35457000.0,20723186.433801617,0.41818181818181815,0.5471698113207547,19.24,4.8
573-A,2,-8.5,112.0,Final 12%+RI,0.8,2660186.4338016175,24418500.0,16820686.433801617,6204050.773486625,2500576.1770822555,32178900.0,20054186.433801617,37464000.0,20723186.43380162,0.4200913242009132,0.5178571428571429,19.68,4.8
573-A,2,-8.5,112.5,Final 12%+RI,0.8,2660186.4338016175,24474250.0,16876436.433801617,5835264.4457791215,2234116.8520683185,30573300.0,19184486.433801617,34788000.0,20723186.433801617,0.4191343963553531,0.5576923076923077,19.0,4.8
573-A,2,-8.5,113.0,Final 12%+RI,0.8,2660186.4338016175,24641500.0,17043686.433801617,6069818.993075135,2214432.6194506255,31710600.0,19385186.433801617,34119000.0,20054186.43380162,0.416289592760181,0.5686274509803921,17.8,4.8
573-A,2,-8.5,113.5,Final 12%+RI,0.8,2660186.4338016175,24753000.0,17155186.433801617,6365060.88635109,2380988.450202983,32580300.0,19853486.433801617,34119000.0,20723186.43380162,0.4144144144144144,0.5882352941176471,17.64,4.8
573-A,2,-8.5,114.0,Final 12%+RI,0.8,2660186.4338016175,24725125.0,17127311.433801617,6673922.256667624,3055013.3040698012,32580300.0,20990786.433801617,35457000.0,24068186.43380162,0.41488162344983087,0.5471698113207547,17.12,4.8
573-A,2,-8.5,114.5,Final 12%+RI,0.8,2660186.4338016175,24836625.0,17238811.433801617,6372126.706705097,2858678.408734571,31911300.0,20522486.433801617,34788000.0,23399186.43380162,0.41301907968574636,0.5576923076923077,21.28,4.8
573-A,2,-8.5,115.5,Final 12%+RI,0.8,2660186.4338016175,24669375.0,17071561.433801617,7111054.479455393,4013899.002352571,32781000.0,21191486.43380162,38133000.0,27413186.43380162,0.415819209039548,0.3508771929824561,17.4,4.8
573-A,2,-9.0,114.5,Final 12%+RI,0.8,2660186.4338016175,24279125.0,16681311.433801616,6849471.330360817,3781756.473806043,32647200.0,21860486.433801617,34788000.0,23399186.43380162,0.4225028702640643,0.40384615384615385,18.04,4.8
573-A,2,-9.0,115.0,Final 12%+RI,0.8,2660186.4338016175,24418500.0,16820686.433801617,6836734.289054273,3803242.3810080336,33249300.0,21860486.43380162,34788000.0,23399186.43380162,0.4200913242009132,0.40384615384615385,18.48,4.8
573-A,2,-9.0,115.5,Final 12%+RI,0.8,2660186.4338016175,24279125.0,16681311.433801616,7160594.420993031,3923186.940015012,33717600.0,22596386.43380162,35457000.0,24737186.433801617,0.4225028702640643,0.39622641509433965,18.2,4.8
573-A,2,-9.0,117.0,Final 12%+RI,0.8,2660186.4338016175,24780875.0,17183061.433801617,6714618.020230838,3918223.758092213,33918300.0,21659786.433801617,36126000.0,25406186.43380162,0.41394825646794153,0.37037037037037035,18.68,4.8
573-A,2,-9.0,117.5,Final 12%+RI,0.8,2660186.4338016175,24613625.0,17015811.433801617,7194483.428974078,3994460.139966678,35122500.0,21191486.43380162,37464000.0,26744186.43380162,0.41676104190260477,0.35714285714285715,19.52,4.8
573-A,2,-9.0,118.0,Final 12%+RI,0.8,2660186.4338016175,24474250.0,16876436.433801617,7188902.747804515,4241462.752707927,34587300.0,22128086.433801617,36126000.0,25406186.43380162,0.4191343963553531,0.37037037037037035,19.32,4.8
573-A,2,-9.0,118.5,Final 12%+RI,0.8,2660186.4338016175,24474250.0,16876436.433801617,7266977.005904713,4747994.627025275,34788000.0,21191486.433801617,37464000.0,26744186.43380162,0.4191343963553531,0.35714285714285715,18.68,4.8
573-A,2,-9.0,119.0,Final 12%+RI,0.8,2660186.4338016175,24362750.0,16764936.433801616,7433761.545636994,5083162.377975897,33918300.0,23198486.43380162,36795000.0,26075186.43380162,0.42105263157894735,0.36363636363636365,18.16,4.8
573-F,1,-8.0,125.0,Lama A 20%,0.0,5461419.105,10896000.0,12564627.438333333,2308170.3840356176,1752564.7287969675,13937800.0,14632219.105,15209000.0,16811419.105,0.3480902777777778,0.5223880597014925,23.2,5.8
573-F,1,-8.0,125.5,Lama A 20%,0.0,5461419.105,10659541.666666666,12328169.104999999,2448965.939351025,1654955.7001820977,13937800.0,15108919.105,15663000.0,16357419.105,0.35581188997338065,0.30434782608695654,21.36,5.8
573-F,1,-8.0,126.0,Lama A 20%,0.0,5461419.105,10735208.333333334,12403835.771666666,2390636.9167553703,1840407.0891037094,13506500.0,14178219.105,15209000.0,17265419.105,0.3533039647577092,0.22388059701492538,21.4,5.8
573-F,1,-8.0,126.5,Lama A 20%,0.0,5461419.105,11331083.333333334,12999710.771666666,2071766.478293273,1236063.7200110422,13710800.0,14087419.105,15436000.0,16130419.105,0.3347245409015025,0.5147058823529411,27.44,5.8
573-F,1,-8.0,127.0,Lama A 20%,0.0,5461419.105,10981125.0,12649752.438333333,2499970.3183020605,1562220.5118152276,13620000.0,14700319.105,15209000.0,16357419.105,0.3453919035314384,0.5223880597014925,28.48,5.8
573-F,1,-8.0,127.5,Lama A 20%,0.0,5461419.105,10905458.333333334,12574085.771666666,2239674.7042365554,1579336.0373399258,13324900.0,14700319.105,14528000.0,15903419.105,0.34778837814397223,0.546875,23.96,5.8
573-F,1,-8.5,127.5,Lama A 20%,0.0,5461419.105,10763583.333333334,12432210.771666666,2370343.4335035975,1504972.5110638968,13324900.0,13951219.105,13847000.0,16584419.105,0.35237258347978906,0.5737704918032787,26.04,5.8
573-F,1,-9.0,126.0,Lama A 20%,0.0,5461419.105,10413625.0,12082252.438333333,2015189.6407146098,1441384.5899800246,13029800.0,14019319.105,14074000.0,15449419.105,0.3642143505903724,0.3387096774193548,28.04,5.8
573-F,1,-9.0,126.5,Lama A 20%,0.0,5461419.105,10271750.0,11940377.438333333,2229418.782708994,1457325.4979187245,12825500.0,13406419.105,14528000.0,14995419.105,0.3692449355432781,0.453125,27.8,5.8
573-F,1,-9.0,127.0,Lama A 20%,0.0,5461419.105,10442000.0,12110627.438333333,2198809.7768526063,1312542.4044219665,13052500.0,13951219.105,14982000.0,14541419.105,0.3632246376811594,0.5303030303030303,27.36,5.8
573-F,1,-9.0,127.5,Lama A 20%,0.0,5461419.105,10479833.333333334,12148460.771666666,2151082.24867849,1079310.024331836,13347600.0,13111319.105,14982000.0,14995419.105,0.361913357400722,0.5303030303030303,25.8,5.8
573-F,1,-9.5,125.5,Lama A 20%,0.0,5461419.105,10697375.0,12366002.438333333,1893680.6308144305,1278715.0791412403,13506500.0,13792319.105,14301000.0,15676419.105,0.35455349248452694,0.5555555555555556,27.72,5.8
573-F,1,-9.5,126.0,Lama A 20%,0.0,5461419.105,10829791.666666666,12498419.104999999,1912711.5962325106,1345450.1751878601,13438399.999999998,13724219.105,14528000.0,16811419.105,0.3502183406113537,0.453125,27.2,5.8
573-F,1,-10.0,124.5,Lama A 20%,0.0,5461419.105,10375791.666666666,12044419.104999999,2231657.796331583,1549741.7456663123,13551900.0,13633419.105,14528000.0,15676419.105,0.36554238833181407,0.328125,28.24,5.8
573-F,1,-10.0,125.0,Lama A 20%,0.0,5461419.105,10725750.0,12394377.438333333,1780177.9405441468,1062574.1704717008,12485000.0,13338319.105,14755000.0,15449419.105,0.35361552028218696,0.5384615384615384,27.24,5.8
573-F,1,-10.0,125.5,Lama A 20%,0.0,5461419.105,11085166.666666666,12753794.104999999,1654165.82594072,1317369.771222353,12870900.0,13860419.105,14301000.0,16811419.105,0.34215017064846415,0.5555555555555556,25.48,5.8
573-F,1,-10.5,123.5,Lama A 20%,0.0,5461419.105,11274333.333333334,12942960.771666666,2201525.195950707,1196460.0678002504,14074000.0,14405219.105,15209000.0,14768419.105,0.33640939597315433,0.5223880597014925,27.84,5.8
573-F,1,-10.5,124.0,Lama A 20%,0.0,5461419.105,11047333.333333334,12715960.771666666,2119606.4168422497,966514.264910437,13960500.0,13406419.105,14755000.0,15449419.105,0.34332191780821913,0.3230769230769231,28.0,5.8
573-F,1,-10.5,124.5,Lama A 20%,0.0,5461419.105,11227041.666666666,12895669.104999999,1956142.8879783824,1489666.9382638931,13710800.0,14405219.105,15663000.0,17038419.105,0.33782645324347094,0.42028985507246375,25.52,5.8
573-F,1,-8.0,125.0,Lama A 20%,0.5,2730709.5525,10896000.0,9833917.885833332,2308170.3840356176,1752564.7287969678,13937800.0,11901509.5525,15209000.0,14080709.552500002,0.3480902777777778,0.5223880597014925,23.2,5.8
573-F,1,-8.0,125.5,Lama A 20%,0.5,2730709.5525,10659541.666666666,9597459.5525,2448965.939351025,1654955.700182098,13937800.0,12378209.5525,15663000.0,13626709.552500002,0.35581188997338065,0.30434782608695654,21.36,5.8
573-F,1,-8.0,126.0,Lama A 20%,0.5,2730709.5525,10735208.333333334,9673126.219166666,2390636.9167553703,1840407.0891037094,13506500.0,11447509.5525,15209000.0,14534709.552500002,0.3533039647577092,0.22388059701492538,21.4,5.8
573-F,1,-8.0,126.5,Lama A 20%,0.5,2730709.5525,11331083.333333334,10269001.219166666,2071766.478293273,1236063.7200110422,13710800.0,11356709.5525,15436000.0,13399709.5525,0.3347245409015025,0.5147058823529411,27.44,5.8
573-F,1,-8.0,127.0,Lama A 20%,0.5,2730709.5525,10981125.0,9919042.885833332,2499970.3183020605,1562220.5118152276,13620000.0,11969609.5525,15209000.0,13626709.5525,0.3453919035314384,0.5223880597014925,28.48,5.8
573-F,1,-8.0,127.5,Lama A 20%,0.5,2730709.5525,10905458.333333334,9843376.219166666,2239674.7042365554,1579336.0373399258,13324900.0,11969609.5525,14528000.0,13172709.5525,0.34778837814397223,0.546875,23.96,5.8
573-F,1,-8.5,127.5,Lama A 20%,0.5,2730709.5525,10763583.333333334,9701501.219166666,2370343.4335035975,1504972.5110638968,13324900.0,11220509.5525,13847000.0,13853709.5525,0.35237258347978906,0.5737704918032787,26.04,5.8
573-F,1,-9.0,126.0,Lama A 20%,0.5,2730709.5525,10413625.0,9351542.885833332,2015189.6407146098,1441384.5899800248,13029800.0,11288609.5525,14074000.0,12718709.5525,0.3642143505903724,0.3387096774193548,28.04,5.8
573-F,1,-9.0,126.5,Lama A 20%,0.5,2730709.5525,10271750.0,9209667.885833332,2229418.782708994,1457325.4979187245,12825500.0,10675709.552500002,14528000.0,12264709.5525,0.3692449355432781,0.453125,27.8,5.8
573-F,1,-9.0,127.0,Lama A 20%,0.5,2730709.5525,10442000.0,9379917.885833332,2198809.7768526063,1312542.4044219665,13052500.0,11220509.5525,14982000.0,11810709.5525,0.3632246376811594,0.5303030303030303,27.36,5.8
573-F,1,-9.0,127.5,Lama A 20%,0.5,2730709.5525,10479833.333333334,9417751.219166666,2151082.24867849,1079310.0243318363,13347600.0,10380609.5525,14982000.0,12264709.552500002,0.361913357400722,0.5303030303030303,25.8,5.8
573-F,1,-9.5,125.5,Lama A 20%,0.5,2730709.5525,10697375.0,9635292.885833332,1893680.6308144305,1278715.0791412406,13506500.0,11061609.5525,14301000.0,12945709.5525,0.35455349248452694,0.5555555555555556,27.72,5.8
573-F,1,-9.5,126.0,Lama A 20%,0.5,2730709.5525,10829791.666666666,9767709.5525,1912711.5962325106,1345450.1751878601,13438399.999999998,10993509.5525,14528000.0,14080709.5525,0.3502183406113537,0.453125,27.2,5.8
573-F,1,-10.0,124.5,Lama A 20%,0.5,2730709.5525,10375791.666666666,9313709.5525,2231657.796331583,1549741.7456663128,13551900.0,10902709.5525,14528000.0,12945709.5525,0.36554238833181407,0.328125,28.24,5.8
573-F,1,-10.0,125.0,Lama A 20%,0.5,2730709.5525,10725750.0,9663667.885833332,1780177.9405441468,1062574.1704717008,12485000.0,10607609.5525,14755000.0,12718709.5525,0.35361552028218696,0.5384615384615384,27.24,5.8
573-F,1,-10.0,125.5,Lama A 20%,0.5,2730709.5525,11085166.666666666,10023084.5525,1654165.82594072,1317369.771222353,12870900.0,11129709.5525,14301000.0,14080709.5525,0.34215017064846415,0.5555555555555556,25.48,5.8
573-F,1,-10.5,123.5,Lama A 20%,0.5,2730709.5525,11274333.333333334,10212251.219166666,2201525.195950707,1196460.0678002506,14074000.0,11674509.5525,15209000.0,12037709.552500002,0.33640939597315433,0.5223880597014925,27.84,5.8
573-F,1,-10.5,124.0,Lama A 20%,0.5,2730709.5525,11047333.333333334,9985251.219166666,2119606.4168422497,966514.2649104372,13960500.0,10675709.552500002,14755000.0,12718709.552500002,0.34332191780821913,0.3230769230769231,28.0,5.8
573-F,1,-10.5,124.5,Lama A 20%,0.5,2730709.5525,11227041.666666666,10164959.5525,1956142.8879783824,1489666.9382638934,13710800.0,11674509.552500002,15663000.0,14307709.5525,0.33782645324347094,0.42028985507246375,25.52,5.8
573-F,1,-8.0,125.0,Lama A 20%,0.7,1638425.7315000005,10896000.0,8741634.064833334,2308170.3840356176,1752564.7287969675,13937800.0,10809225.7315,15209000.0,12988425.7315,0.3480902777777778,0.5223880597014925,23.2,5.8
573-F,1,-8.0,125.5,Lama A 20%,0.7,1638425.7315000005,10659541.666666666,8505175.7315,2448965.939351025,1654955.7001820977,13937800.0,11285925.7315,15663000.0,12534425.7315,0.35581188997338065,0.30434782608695654,21.36,5.8
573-F,1,-8.0,126.0,Lama A 20%,0.7,1638425.7315000005,10735208.333333334,8580842.398166666,2390636.9167553703,1840407.0891037092,13506500.0,10355225.7315,15209000.0,13442425.7315,0.3533039647577092,0.22388059701492538,21.4,5.8
573-F,1,-8.0,126.5,Lama A 20%,0.7,1638425.7315000005,11331083.333333334,9176717.398166666,2071766.478293273,1236063.7200110422,13710800.0,10264425.7315,15436000.0,12307425.7315,0.3347245409015025,0.5147058823529411,27.44,5.8
573-F,1,-8.0,127.0,Lama A 20%,0.7,1638425.7315000005,10981125.0,8826759.064833334,2499970.3183020605,1562220.5118152276,13620000.0,10877325.7315,15209000.0,12534425.7315,0.3453919035314384,0.5223880597014925,28.48,5.8
573-F,1,-8.0,127.5,Lama A 20%,0.7,1638425.7315000005,10905458.333333334,8751092.398166666,2239674.7042365554,1579336.0373399258,13324900.0,10877325.7315,14528000.0,12080425.7315,0.34778837814397223,0.546875,23.96,5.8
573-F,1,-8.5,127.5,Lama A 20%,0.7,1638425.7315000005,10763583.333333334,8609217.398166666,2370343.4335035975,1504972.5110638968,13324900.0,10128225.7315,13847000.0,12761425.7315,0.35237258347978906,0.5737704918032787,26.04,5.8
573-F,1,-9.0,126.0,Lama A 20%,0.7,1638425.7315000005,10413625.0,8259259.064833333,2015189.6407146098,1441384.5899800248,13029800.0,10196325.7315,14074000.0,11626425.7315,0.3642143505903724,0.3387096774193548,28.04,5.8
573-F,1,-9.0,126.5,Lama A 20%,0.7,1638425.7315000005,10271750.0,8117384.064833333,2229418.782708994,1457325.497918724,12825500.0,9583425.7315,14528000.0,11172425.7315,0.3692449355432781,0.453125,27.8,5.8
573-F,1,-9.0,127.0,Lama A 20%,0.7,1638425.7315000005,10442000.0,8287634.064833333,2198809.7768526063,1312542.4044219665,13052500.0,10128225.7315,14982000.0,10718425.7315,0.3632246376811594,0.5303030303030303,27.36,5.8
573-F,1,-9.0,127.5,Lama A 20%,0.7,1638425.7315000005,10479833.333333334,8325467.398166667,2151082.24867849,1079310.024331836,13347600.0,9288325.7315,14982000.0,11172425.7315,0.361913357400722,0.5303030303030303,25.8,5.8
573-F,1,-9.5,125.5,Lama A 20%,0.7,1638425.7315000005,10697375.0,8543009.064833334,1893680.6308144305,1278715.0791412403,13506500.0,9969325.7315,14301000.0,11853425.7315,0.35455349248452694,0.5555555555555556,27.72,5.8
573-F,1,-9.5,126.0,Lama A 20%,0.7,1638425.7315000005,10829791.666666666,8675425.7315,1912711.5962325106,1345450.1751878601,13438399.999999998,9901225.7315,14528000.0,12988425.7315,0.3502183406113537,0.453125,27.2,5.8
573-F,1,-10.0,124.5,Lama A 20%,0.7,1638425.7315000005,10375791.666666666,8221425.7315,2231657.796331583,1549741.7456663125,13551900.0,9810425.7315,14528000.0,11853425.7315,0.36554238833181407,0.328125,28.24,5.8
573-F,1,-10.0,125.0,Lama A 20%,0.7,1638425.7315000005,10725750.0,8571384.064833334,1780177.9405441468,1062574.1704717008,12485000.0,9515325.7315,14755000.0,11626425.7315,0.35361552028218696,0.5384615384615384,27.24,5.8
573-F,1,-10.0,125.5,Lama A 20%,0.7,1638425.7315000005,11085166.666666666,8930800.7315,1654165.82594072,1317369.771222353,12870900.0,10037425.7315,14301000.0,12988425.7315,0.34215017064846415,0.5555555555555556,25.48,5.8
573-F,1,-10.5,123.5,Lama A 20%,0.7,1638425.7315000005,11274333.333333334,9119967.398166666,2201525.195950707,1196460.0678002504,14074000.0,10582225.7315,15209000.0,10945425.7315,0.33640939597315433,0.5223880597014925,27.84,5.8
573-F,1,-10.5,124.0,Lama A 20%,0.7,1638425.7315000005,11047333.333333334,8892967.398166666,2119606.4168422497,966514.2649104369,13960500.0,9583425.7315,14755000.0,11626425.7315,0.34332191780821913,0.3230769230769231,28.0,5.8
573-F,1,-10.5,124.5,Lama A 20%,0.7,1638425.7315000005,11227041.666666666,9072675.7315,1956142.8879783824,1489666.9382638934,13710800.0,10582225.7315,15663000.0,13215425.7315,0.33782645324347094,0.42028985507246375,25.52,5.8
573-F,1,-8.0,125.0,Lama A 20%,0.8,1092283.8209999998,10896000.0,8195492.1543333335,2308170.3840356176,1752564.7287969678,13937800.0,10263083.821,15209000.0,12442283.821,0.3480902777777778,0.5223880597014925,23.2,5.8
573-F,1,-8.0,125.5,Lama A 20%,0.8,1092283.8209999998,10659541.666666666,7959033.8209999995,2448965.939351025,1654955.700182098,13937800.0,10739783.821,15663000.0,11988283.821,0.35581188997338065,0.30434782608695654,21.36,5.8
573-F,1,-8.0,126.0,Lama A 20%,0.8,1092283.8209999998,10735208.333333334,8034700.4876666665,2390636.9167553703,1840407.0891037094,13506500.0,9809083.821,15209000.0,12896283.821,0.3533039647577092,0.22388059701492538,21.4,5.8
573-F,1,-8.0,126.5,Lama A 20%,0.8,1092283.8209999998,11331083.333333334,8630575.487666667,2071766.478293273,1236063.7200110422,13710800.0,9718283.821,15436000.0,11761283.821,0.3347245409015025,0.5147058823529411,27.44,5.8
573-F,1,-8.0,127.0,Lama A 20%,0.8,1092283.8209999998,10981125.0,8280617.1543333335,2499970.3183020605,1562220.5118152276,13620000.0,10331183.821,15209000.0,11988283.821,0.3453919035314384,0.5223880597014925,28.48,5.8
573-F,1,-8.0,127.5,Lama A 20%,0.8,1092283.8209999998,10905458.333333334,8204950.4876666665,2239674.7042365554,1579336.0373399258,13324900.0,10331183.821,14528000.0,11534283.821,0.34778837814397223,0.546875,23.96,5.8
573-F,1,-8.5,127.5,Lama A 20%,0.8,1092283.8209999998,10763583.333333334,8063075.4876666665,2370343.4335035975,1504972.511063897,13324900.0,9582083.821,13847000.0,12215283.821,0.35237258347978906,0.5737704918032787,26.04,5.8
573-F,1,-9.0,126.0,Lama A 20%,0.8,1092283.8209999998,10413625.0,7713117.1543333335,2015189.6407146098,1441384.5899800248,13029800.0,9650183.821,14074000.0,11080283.821,0.3642143505903724,0.3387096774193548,28.04,5.8
573-F,1,-9.0,126.5,Lama A 20%,0.8,1092283.8209999998,10271750.0,7571242.1543333335,2229418.782708994,1457325.4979187248,12825500.0,9037283.821,14528000.0,10626283.821,0.3692449355432781,0.453125,27.8,5.8
573-F,1,-9.0,127.0,Lama A 20%,0.8,1092283.8209999998,10442000.0,7741492.1543333335,2198809.7768526063,1312542.4044219668,13052500.0,9582083.821,14982000.0,10172283.821,0.3632246376811594,0.5303030303030303,27.36,5.8
573-F,1,-9.0,127.5,Lama A 20%,0.8,1092283.8209999998,10479833.333333334,7779325.4876666665,2151082.24867849,1079310.024331836,13347600.0,8742183.821,14982000.0,10626283.821,0.361913357400722,0.5303030303030303,25.8,5.8
573-F,1,-9.5,125.5,Lama A 20%,0.8,1092283.8209999998,10697375.0,7996867.1543333335,1893680.6308144305,1278715.0791412406,13506500.0,9423183.821,14301000.0,11307283.821,0.35455349248452694,0.5555555555555556,27.72,5.8
573-F,1,-9.5,126.0,Lama A 20%,0.8,1092283.8209999998,10829791.666666666,8129283.8209999995,1912711.5962325106,1345450.1751878601,13438399.999999998,9355083.821,14528000.0,12442283.821,0.3502183406113537,0.453125,27.2,5.8
573-F,1,-10.0,124.5,Lama A 20%,0.8,1092283.8209999998,10375791.666666666,7675283.8209999995,2231657.796331583,1549741.7456663128,13551900.0,9264283.821,14528000.0,11307283.821,0.36554238833181407,0.328125,28.24,5.8
573-F,1,-10.0,125.0,Lama A 20%,0.8,1092283.8209999998,10725750.0,8025242.1543333335,1780177.9405441468,1062574.1704717008,12485000.0,8969183.821,14755000.0,11080283.821,0.35361552028218696,0.5384615384615384,27.24,5.8
573-F,1,-10.0,125.5,Lama A 20%,0.8,1092283.8209999998,11085166.666666666,8384658.8209999995,1654165.82594072,1317369.771222353,12870900.0,9491283.821,14301000.0,12442283.821,0.34215017064846415,0.5555555555555556,25.48,5.8
573-F,1,-10.5,123.5,Lama A 20%,0.8,1092283.8209999998,11274333.333333334,8573825.487666667,2201525.195950707,1196460.0678002504,14074000.0,10036083.821,15209000.0,10399283.821,0.33640939597315433,0.5223880597014925,27.84,5.8
573-F,1,-10.5,124.0,Lama A 20%,0.8,1092283.8209999998,11047333.333333334,8346825.4876666665,2119606.4168422497,966514.264910437,13960500.0,9037283.821,14755000.0,11080283.821,0.34332191780821913,0.3230769230769231,28.0,5.8
573-F,1,-10.5,124.5,Lama A 20%,0.8,1092283.8209999998,11227041.666666666,8526533.821,1956142.8879783824,1489666.9382638934,13710800.0,10036083.821,15663000.0,12669283.821,0.33782645324347094,0.42028985507246375,25.52,5.8
573-F,1,-8.0,125.0,Final 12%+RI,0.0,4950864.8659576215,10896000.0,12054073.199290955,2308170.3840356176,1752564.7287969675,13937800.0,14121664.865957621,15209000.0,16300864.865957621,0.3480902777777778,0.5223880597014925,23.2,5.8
573-F,1,-8.0,125.5,Final 12%+RI,0.0,4950864.8659576215,10659541.666666666,11817614.865957623,2448965.939351025,1654955.7001820977,13937800.0,14598364.865957621,15663000.0,15846864.865957621,0.35581188997338065,0.30434782608695654,21.36,5.8
573-F,1,-8.0,126.0,Final 12%+RI,0.0,4950864.8659576215,10735208.333333334,11893281.53262429,2390636.9167553703,1840407.0891037094,13506500.0,13667664.865957621,15209000.0,16754864.865957621,0.3533039647577092,0.22388059701492538,21.4,5.8
573-F,1,-8.0,126.5,Final 12%+RI,0.0,4950864.8659576215,11331083.333333334,12489156.53262429,2071766.478293273,1236063.7200110422,13710800.0,13576864.865957621,15436000.0,15619864.865957621,0.3347245409015025,0.5147058823529411,27.44,5.8
573-F,1,-8.0,127.0,Final 12%+RI,0.0,4950864.8659576215,10981125.0,12139198.199290955,2499970.3183020605,1562220.5118152276,13620000.0,14189764.865957621,15209000.0,15846864.865957621,0.3453919035314384,0.5223880597014925,28.48,5.8
573-F,1,-8.0,127.5,Final 12%+RI,0.0,4950864.8659576215,10905458.333333334,12063531.53262429,2239674.7042365554,1579336.0373399258,13324900.0,14189764.865957621,14528000.0,15392864.865957621,0.34778837814397223,0.546875,23.96,5.8
573-F,1,-8.5,127.5,Final 12%+RI,0.0,4950864.8659576215,10763583.333333334,11921656.53262429,2370343.4335035975,1504972.5110638968,13324900.0,13440664.865957621,13847000.0,16073864.865957621,0.35237258347978906,0.5737704918032787,26.04,5.8
573-F,1,-9.0,126.0,Final 12%+RI,0.0,4950864.8659576215,10413625.0,11571698.199290955,2015189.6407146098,1441384.5899800246,13029800.0,13508764.865957621,14074000.0,14938864.865957621,0.3642143505903724,0.3387096774193548,28.04,5.8
573-F,1,-9.0,126.5,Final 12%+RI,0.0,4950864.8659576215,10271750.0,11429823.199290955,2229418.782708994,1457325.4979187243,12825500.0,12895864.865957621,14528000.0,14484864.865957621,0.3692449355432781,0.453125,27.8,5.8
573-F,1,-9.0,127.0,Final 12%+RI,0.0,4950864.8659576215,10442000.0,11600073.199290955,2198809.7768526063,1312542.4044219665,13052500.0,13440664.865957621,14982000.0,14030864.865957621,0.3632246376811594,0.5303030303030303,27.36,5.8
573-F,1,-9.0,127.5,Final 12%+RI,0.0,4950864.8659576215,10479833.333333334,11637906.53262429,2151082.24867849,1079310.024331836,13347600.0,12600764.865957621,14982000.0,14484864.865957621,0.361913357400722,0.5303030303030303,25.8,5.8
573-F,1,-9.5,125.5,Final 12%+RI,0.0,4950864.8659576215,10697375.0,11855448.199290955,1893680.6308144305,1278715.0791412403,13506500.0,13281764.865957621,14301000.0,15165864.865957621,0.35455349248452694,0.5555555555555556,27.72,5.8
573-F,1,-9.5,126.0,Final 12%+RI,0.0,4950864.8659576215,10829791.666666666,11987864.865957623,1912711.5962325106,1345450.1751878601,13438399.999999998,13213664.865957621,14528000.0,16300864.865957621,0.3502183406113537,0.453125,27.2,5.8
573-F,1,-10.0,124.5,Final 12%+RI,0.0,4950864.8659576215,10375791.666666666,11533864.865957623,2231657.796331583,1549741.7456663128,13551900.0,13122864.865957621,14528000.0,15165864.865957621,0.36554238833181407,0.328125,28.24,5.8
573-F,1,-10.0,125.0,Final 12%+RI,0.0,4950864.8659576215,10725750.0,11883823.199290955,1780177.9405441468,1062574.1704717008,12485000.0,12827764.865957621,14755000.0,14938864.865957621,0.35361552028218696,0.5384615384615384,27.24,5.8
573-F,1,-10.0,125.5,Final 12%+RI,0.0,4950864.8659576215,11085166.666666666,12243239.865957623,1654165.82594072,1317369.771222353,12870900.0,13349864.865957621,14301000.0,16300864.865957621,0.34215017064846415,0.5555555555555556,25.48,5.8
573-F,1,-10.5,123.5,Final 12%+RI,0.0,4950864.8659576215,11274333.333333334,12432406.53262429,2201525.195950707,1196460.0678002504,14074000.0,13894664.865957621,15209000.0,14257864.865957621,0.33640939597315433,0.5223880597014925,27.84,5.8
573-F,1,-10.5,124.0,Final 12%+RI,0.0,4950864.8659576215,11047333.333333334,12205406.53262429,2119606.4168422497,966514.2649104369,13960500.0,12895864.865957621,14755000.0,14938864.865957621,0.34332191780821913,0.3230769230769231,28.0,5.8
573-F,1,-10.5,124.5,Final 12%+RI,0.0,4950864.8659576215,11227041.666666666,12385114.865957623,1956142.8879783824,1489666.9382638934,13710800.0,13894664.865957621,15663000.0,16527864.865957621,0.33782645324347094,0.42028985507246375,25.52,5.8
573-F,1,-8.0,125.0,Final 12%+RI,0.5,2475432.4329788107,10896000.0,9578640.766312145,2308170.3840356176,1752564.7287969673,13937800.0,11646232.43297881,15209000.0,13825432.432978809,0.3480902777777778,0.5223880597014925,23.2,5.8
573-F,1,-8.0,125.5,Final 12%+RI,0.5,2475432.4329788107,10659541.666666666,9342182.43297881,2448965.939351025,1654955.7001820975,13937800.0,12122932.43297881,15663000.0,13371432.432978809,0.35581188997338065,0.30434782608695654,21.36,5.8
573-F,1,-8.0,126.0,Final 12%+RI,0.5,2475432.4329788107,10735208.333333334,9417849.099645479,2390636.9167553703,1840407.089103709,13506500.0,11192232.43297881,15209000.0,14279432.432978809,0.3533039647577092,0.22388059701492538,21.4,5.8
573-F,1,-8.0,126.5,Final 12%+RI,0.5,2475432.4329788107,11331083.333333334,10013724.099645479,2071766.478293273,1236063.7200110422,13710800.0,11101432.43297881,15436000.0,13144432.43297881,0.3347245409015025,0.5147058823529411,27.44,5.8
573-F,1,-8.0,127.0,Final 12%+RI,0.5,2475432.4329788107,10981125.0,9663765.766312145,2499970.3183020605,1562220.5118152276,13620000.0,11714332.43297881,15209000.0,13371432.43297881,0.3453919035314384,0.5223880597014925,28.48,5.8
573-F,1,-8.0,127.5,Final 12%+RI,0.5,2475432.4329788107,10905458.333333334,9588099.099645479,2239674.7042365554,1579336.0373399258,13324900.0,11714332.43297881,14528000.0,12917432.43297881,0.34778837814397223,0.546875,23.96,5.8
573-F,1,-8.5,127.5,Final 12%+RI,0.5,2475432.4329788107,10763583.333333334,9446224.099645479,2370343.4335035975,1504972.5110638968,13324900.0,10965232.43297881,13847000.0,13598432.43297881,0.35237258347978906,0.5737704918032787,26.04,5.8
573-F,1,-9.0,126.0,Final 12%+RI,0.5,2475432.4329788107,10413625.0,9096265.766312145,2015189.6407146098,1441384.5899800246,13029800.0,11033332.43297881,14074000.0,12463432.43297881,0.3642143505903724,0.3387096774193548,28.04,5.8
573-F,1,-9.0,126.5,Final 12%+RI,0.5,2475432.4329788107,10271750.0,8954390.766312145,2229418.782708994,1457325.4979187243,12825500.0,10420432.43297881,14528000.0,12009432.43297881,0.3692449355432781,0.453125,27.8,5.8
573-F,1,-9.0,127.0,Final 12%+RI,0.5,2475432.4329788107,10442000.0,9124640.766312145,2198809.7768526063,1312542.4044219665,13052500.0,10965232.43297881,14982000.0,11555432.43297881,0.3632246376811594,0.5303030303030303,27.36,5.8
573-F,1,-9.0,127.5,Final 12%+RI,0.5,2475432.4329788107,10479833.333333334,9162474.099645479,2151082.24867849,1079310.024331836,13347600.0,10125332.43297881,14982000.0,12009432.43297881,0.361913357400722,0.5303030303030303,25.8,5.8
573-F,1,-9.5,125.5,Final 12%+RI,0.5,2475432.4329788107,10697375.0,9380015.766312145,1893680.6308144305,1278715.0791412403,13506500.0,10806332.43297881,14301000.0,12690432.43297881,0.35455349248452694,0.5555555555555556,27.72,5.8
573-F,1,-9.5,126.0,Final 12%+RI,0.5,2475432.4329788107,10829791.666666666,9512432.43297881,1912711.5962325106,1345450.1751878601,13438399.999999998,10738232.43297881,14528000.0,13825432.43297881,0.3502183406113537,0.453125,27.2,5.8
573-F,1,-10.0,124.5,Final 12%+RI,0.5,2475432.4329788107,10375791.666666666,9058432.43297881,2231657.796331583,1549741.7456663123,13551900.0,10647432.43297881,14528000.0,12690432.43297881,0.36554238833181407,0.328125,28.24,5.8
573-F,1,-10.0,125.0,Final 12%+RI,0.5,2475432.4329788107,10725750.0,9408390.766312145,1780177.9405441468,1062574.1704717008,12485000.0,10352332.43297881,14755000.0,12463432.43297881,0.35361552028218696,0.5384615384615384,27.24,5.8
573-F,1,-10.0,125.5,Final 12%+RI,0.5,2475432.4329788107,11085166.666666666,9767807.43297881,1654165.82594072,1317369.771222353,12870900.0,10874432.43297881,14301000.0,13825432.43297881,0.34215017064846415,0.5555555555555556,25.48,5.8
573-F,1,-10.5,123.5,Final 12%+RI,0.5,2475432.4329788107,11274333.333333334,9956974.099645479,2201525.195950707,1196460.0678002504,14074000.0,11419232.43297881,15209000.0,11782432.43297881,0.33640939597315433,0.5223880597014925,27.84,5.8
573-F,1,-10.5,124.0,Final 12%+RI,0.5,2475432.4329788107,11047333.333333334,9729974.099645479,2119606.4168422497,966514.2649104366,13960500.0,10420432.43297881,14755000.0,12463432.432978809,0.34332191780821913,0.3230769230769231,28.0,5.8
573-F,1,-10.5,124.5,Final 12%+RI,0.5,2475432.4329788107,11227041.666666666,9909682.43297881,1956142.8879783824,1489666.9382638931,13710800.0,11419232.432978809,15663000.0,14052432.43297881,0.33782645324347094,0.42028985507246375,25.52,5.8
573-F,1,-8.0,125.0,Final 12%+RI,0.7,1485259.4597872866,10896000.0,8588467.79312062,2308170.3840356176,1752564.7287969675,13937800.0,10656059.459787287,15209000.0,12835259.459787287,0.3480902777777778,0.5223880597014925,23.2,5.8
573-F,1,-8.0,125.5,Final 12%+RI,0.7,1485259.4597872866,10659541.666666666,8352009.459787287,2448965.939351025,1654955.7001820977,13937800.0,11132759.459787287,15663000.0,12381259.459787287,0.35581188997338065,0.30434782608695654,21.36,5.8
573-F,1,-8.0,126.0,Final 12%+RI,0.7,1485259.4597872866,10735208.333333334,8427676.126453953,2390636.9167553703,1840407.0891037094,13506500.0,10202059.459787287,15209000.0,13289259.459787287,0.3533039647577092,0.22388059701492538,21.4,5.8
573-F,1,-8.0,126.5,Final 12%+RI,0.7,1485259.4597872866,11331083.333333334,9023551.126453953,2071766.478293273,1236063.7200110422,13710800.0,10111259.459787287,15436000.0,12154259.459787287,0.3347245409015025,0.5147058823529411,27.44,5.8
573-F,1,-8.0,127.0,Final 12%+RI,0.7,1485259.4597872866,10981125.0,8673592.79312062,2499970.3183020605,1562220.5118152276,13620000.0,10724159.459787287,15209000.0,12381259.459787287,0.3453919035314384,0.5223880597014925,28.48,5.8
573-F,1,-8.0,127.5,Final 12%+RI,0.7,1485259.4597872866,10905458.333333334,8597926.126453953,2239674.7042365554,1579336.0373399258,13324900.0,10724159.459787287,14528000.0,11927259.459787287,0.34778837814397223,0.546875,23.96,5.8
573-F,1,-8.5,127.5,Final 12%+RI,0.7,1485259.4597872866,10763583.333333334,8456051.126453953,2370343.4335035975,1504972.5110638968,13324900.0,9975059.459787287,13847000.0,12608259.459787287,0.35237258347978906,0.5737704918032787,26.04,5.8
573-F,1,-9.0,126.0,Final 12%+RI,0.7,1485259.4597872866,10413625.0,8106092.79312062,2015189.6407146098,1441384.5899800248,13029800.0,10043159.459787287,14074000.0,11473259.459787287,0.3642143505903724,0.3387096774193548,28.04,5.8
573-F,1,-9.0,126.5,Final 12%+RI,0.7,1485259.4597872866,10271750.0,7964217.79312062,2229418.782708994,1457325.4979187245,12825500.0,9430259.459787287,14528000.0,11019259.459787287,0.3692449355432781,0.453125,27.8,5.8
573-F,1,-9.0,127.0,Final 12%+RI,0.7,1485259.4597872866,10442000.0,8134467.79312062,2198809.7768526063,1312542.4044219665,13052500.0,9975059.459787287,14982000.0,10565259.459787287,0.3632246376811594,0.5303030303030303,27.36,5.8
573-F,1,-9.0,127.5,Final 12%+RI,0.7,1485259.4597872866,10479833.333333334,8172301.126453954,2151082.24867849,1079310.024331836,13347600.0,9135159.459787287,14982000.0,11019259.459787287,0.361913357400722,0.5303030303030303,25.8,5.8
573-F,1,-9.5,125.5,Final 12%+RI,0.7,1485259.4597872866,10697375.0,8389842.79312062,1893680.6308144305,1278715.0791412403,13506500.0,9816159.459787287,14301000.0,11700259.459787287,0.35455349248452694,0.5555555555555556,27.72,5.8
573-F,1,-9.5,126.0,Final 12%+RI,0.7,1485259.4597872866,10829791.666666666,8522259.459787287,1912711.5962325106,1345450.1751878601,13438399.999999998,9748059.459787287,14528000.0,12835259.459787287,0.3502183406113537,0.453125,27.2,5.8
573-F,1,-10.0,124.5,Final 12%+RI,0.7,1485259.4597872866,10375791.666666666,8068259.459787287,2231657.796331583,1549741.7456663125,13551900.0,9657259.459787287,14528000.0,11700259.459787287,0.36554238833181407,0.328125,28.24,5.8
573-F,1,-10.0,125.0,Final 12%+RI,0.7,1485259.4597872866,10725750.0,8418217.79312062,1780177.9405441468,1062574.1704717008,12485000.0,9362159.459787287,14755000.0,11473259.459787287,0.35361552028218696,0.5384615384615384,27.24,5.8
573-F,1,-10.0,125.5,Final 12%+RI,0.7,1485259.4597872866,11085166.666666666,8777634.459787287,1654165.82594072,1317369.771222353,12870900.0,9884259.459787287,14301000.0,12835259.459787287,0.34215017064846415,0.5555555555555556,25.48,5.8
573-F,1,-10.5,123.5,Final 12%+RI,0.7,1485259.4597872866,11274333.333333334,8966801.126453953,2201525.195950707,1196460.0678002504,14074000.0,10429059.459787287,15209000.0,10792259.459787287,0.33640939597315433,0.5223880597014925,27.84,5.8
573-F,1,-10.5,124.0,Final 12%+RI,0.7,1485259.4597872866,11047333.333333334,8739801.126453953,2119606.4168422497,966514.264910437,13960500.0,9430259.459787287,14755000.0,11473259.459787287,0.34332191780821913,0.3230769230769231,28.0,5.8
573-F,1,-10.5,124.5,Final 12%+RI,0.7,1485259.4597872866,11227041.666666666,8919509.459787287,1956142.8879783824,1489666.9382638934,13710800.0,10429059.459787287,15663000.0,13062259.459787287,0.33782645324347094,0.42028985507246375,25.52,5.8
573-F,1,-8.0,125.0,Final 12%+RI,0.8,990172.973191524,10896000.0,8093381.306524858,2308170.3840356176,1752564.7287969675,13937800.0,10160972.973191524,15209000.0,12340172.973191524,0.3480902777777778,0.5223880597014925,23.2,5.8
573-F,1,-8.0,125.5,Final 12%+RI,0.8,990172.973191524,10659541.666666666,7856922.973191525,2448965.939351025,1654955.7001820977,13937800.0,10637672.973191524,15663000.0,11886172.973191524,0.35581188997338065,0.30434782608695654,21.36,5.8
573-F,1,-8.0,126.0,Final 12%+RI,0.8,990172.973191524,10735208.333333334,7932589.639858191,2390636.9167553703,1840407.0891037094,13506500.0,9706972.973191524,15209000.0,12794172.973191524,0.3533039647577092,0.22388059701492538,21.4,5.8
573-F,1,-8.0,126.5,Final 12%+RI,0.8,990172.973191524,11331083.333333334,8528464.639858192,2071766.478293273,1236063.7200110422,13710800.0,9616172.973191524,15436000.0,11659172.973191524,0.3347245409015025,0.5147058823529411,27.44,5.8
573-F,1,-8.0,127.0,Final 12%+RI,0.8,990172.973191524,10981125.0,8178506.306524858,2499970.3183020605,1562220.5118152276,13620000.0,10229072.973191524,15209000.0,11886172.973191524,0.3453919035314384,0.5223880597014925,28.48,5.8
573-F,1,-8.0,127.5,Final 12%+RI,0.8,990172.973191524,10905458.333333334,8102839.639858191,2239674.7042365554,1579336.0373399258,13324900.0,10229072.973191524,14528000.0,11432172.973191524,0.34778837814397223,0.546875,23.96,5.8
573-F,1,-8.5,127.5,Final 12%+RI,0.8,990172.973191524,10763583.333333334,7960964.639858191,2370343.4335035975,1504972.5110638968,13324900.0,9479972.973191524,13847000.0,12113172.973191524,0.35237258347978906,0.5737704918032787,26.04,5.8
573-F,1,-9.0,126.0,Final 12%+RI,0.8,990172.973191524,10413625.0,7611006.306524858,2015189.6407146098,1441384.5899800246,13029800.0,9548072.973191524,14074000.0,10978172.973191524,0.3642143505903724,0.3387096774193548,28.04,5.8
573-F,1,-9.0,126.5,Final 12%+RI,0.8,990172.973191524,10271750.0,7469131.306524858,2229418.782708994,1457325.4979187243,12825500.0,8935172.973191524,14528000.0,10524172.973191524,0.3692449355432781,0.453125,27.8,5.8
573-F,1,-9.0,127.0,Final 12%+RI,0.8,990172.973191524,10442000.0,7639381.306524858,2198809.7768526063,1312542.4044219665,13052500.0,9479972.973191524,14982000.0,10070172.973191524,0.3632246376811594,0.5303030303030303,27.36,5.8
573-F,1,-9.0,127.5,Final 12%+RI,0.8,990172.973191524,10479833.333333334,7677214.639858191,2151082.24867849,1079310.024331836,13347600.0,8640072.973191524,14982000.0,10524172.973191524,0.361913357400722,0.5303030303030303,25.8,5.8
573-F,1,-9.5,125.5,Final 12%+RI,0.8,990172.973191524,10697375.0,7894756.306524858,1893680.6308144305,1278715.0791412403,13506500.0,9321072.973191524,14301000.0,11205172.973191524,0.35455349248452694,0.5555555555555556,27.72,5.8
573-F,1,-9.5,126.0,Final 12%+RI,0.8,990172.973191524,10829791.666666666,8027172.973191525,1912711.5962325106,1345450.1751878601,13438399.999999998,9252972.973191524,14528000.0,12340172.973191524,0.3502183406113537,0.453125,27.2,5.8
573-F,1,-10.0,124.5,Final 12%+RI,0.8,990172.973191524,10375791.666666666,7573172.973191525,2231657.796331583,1549741.7456663125,13551900.0,9162172.973191524,14528000.0,11205172.973191524,0.36554238833181407,0.328125,28.24,5.8
573-F,1,-10.0,125.0,Final 12%+RI,0.8,990172.973191524,10725750.0,7923131.306524858,1780177.9405441468,1062574.1704717008,12485000.0,8867072.973191524,14755000.0,10978172.973191524,0.35361552028218696,0.5384615384615384,27.24,5.8
573-F,1,-10.0,125.5,Final 12%+RI,0.8,990172.973191524,11085166.666666666,8282547.973191525,1654165.82594072,1317369.771222353,12870900.0,9389172.973191524,14301000.0,12340172.973191524,0.34215017064846415,0.5555555555555556,25.48,5.8
573-F,1,-10.5,123.5,Final 12%+RI,0.8,990172.973191524,11274333.333333334,8471714.639858192,2201525.195950707,1196460.0678002504,14074000.0,9933972.973191524,15209000.0,10297172.973191524,0.33640939597315433,0.5223880597014925,27.84,5.8
573-F,1,-10.5,124.0,Final 12%+RI,0.8,990172.973191524,11047333.333333334,8244714.639858191,2119606.4168422497,966514.2649104369,13960500.0,8935172.973191524,14755000.0,10978172.973191524,0.34332191780821913,0.3230769230769231,28.0,5.8
573-F,1,-10.5,124.5,Final 12%+RI,0.8,990172.973191524,11227041.666666666,8424422.973191524,1956142.8879783824,1489666.9382638934,13710800.0,9933972.973191524,15663000.0,12567172.973191524,0.33782645324347094,0.42028985507246375,25.52,5.8
