zona,tier,lat,lon,skenario,subsidi,premi_dibayar,rata_tanpa,rata_dengan,sd_tanpa,sd_dengan,p90_tanpa,p90_dengan,maks_tanpa,maks_dengan,rasio_tutup,tutup_tahun_buruk,hari_hilang_timur,hari_dibayar_timur
573-A,1,-7.0,106.0,A ketat,0.0,6035771.9975,11012750.0,13088271.997499997,2286012.9759226996,1631426.4230767637,13258700.0,14867671.997499999,15841000.0,16885771.9975,0.35960591133004927,0.3150684931506849,28.4,7.24
573-A,1,-7.5,106.0,A ketat,0.0,6035771.9975,11202625.0,13278146.997499997,2219268.148316114,1678208.2270269294,13974800.0,15019571.997499999,15624000.0,16668771.997499999,0.35351089588377727,0.3194444444444444,29.0,7.24
573-A,1,-7.5,106.5,A ketat,0.0,6035771.9975,11256875.0,13332396.997499997,2403081.4513779017,1577595.3857332864,14278600.0,14932771.997499999,15841000.0,16885771.9975,0.35180722891566263,0.3150684931506849,27.88,7.24
573-A,1,-7.5,107.0,A ketat,0.0,6035771.9975,11401541.666666666,13477063.664166665,2229545.9662405956,1012736.8635090485,14039900.0,14433671.997499999,14973000.0,16017771.997499999,0.34734337827121337,0.3333333333333333,27.64,7.24
573-A,1,-7.5,107.5,A ketat,0.0,6035771.9975,11528125.0,13603646.997499997,2565434.7595358533,1183919.5519268962,14256900.0,15301671.997499999,15841000.0,15800771.997499999,0.34352941176470586,0.3835616438356164,27.28,7.24
573-A,1,-8.0,107.5,A ketat,0.0,6035771.9975,11392500.0,13468021.997499997,2094139.2130128935,1299245.2742298874,13454000.0,15106371.997499999,15190000.0,16234771.997499999,0.3476190476190476,0.38571428571428573,27.56,7.24
573-A,1,-8.0,108.0,A ketat,0.0,6035771.9975,11329208.333333334,13404730.33083333,2199033.9376776274,1092482.7121969827,13974800.0,14802571.997499999,14756000.0,16017771.997499999,0.349561053471668,0.39705882352941174,25.8,7.24
573-A,1,-8.0,108.5,A ketat,0.0,6035771.9975,11419625.0,13495146.997499997,2220190.4895262048,867557.6318408002,14039900.0,14715771.997499999,14756000.0,14932771.997499999,0.34679334916864607,0.4117647058823529,27.12,7.24
573-A,1,-8.0,109.0,A ketat,0.0,6035771.9975,11528125.0,13603646.997499997,2277095.581666145,943307.2399346055,14105000.0,14867671.997499999,14973000.0,15366771.997499999,0.34352941176470586,0.4057971014492754,27.28,7.24
573-A,1,-8.0,109.5,A ketat,0.0,6035771.9975,11627583.333333334,13703105.33083333,2458338.7801462626,1021167.2207594715,14973000.0,14932771.997499999,15190000.0,16234771.997499999,0.3405909797822706,0.32857142857142857,27.12,7.24
573-A,1,-8.5,109.5,A ketat,0.0,6035771.9975,11320166.666666666,13395688.664166665,1920405.135396688,1142745.2421278318,13605900.0,14585571.997499999,13888000.0,15800771.997499999,0.3498402555910543,0.4375,26.8,7.24
573-A,1,-8.5,110.0,A ketat,0.0,6035771.9975,11365375.0,13440896.997499997,1926946.0815204345,1183919.5519268962,13454000.0,14867671.997499999,14322000.0,16234771.997499999,0.34844868735083534,0.3939393939393939,27.24,7.24
573-A,1,-8.5,110.5,A ketat,0.0,6035771.9975,11374416.666666666,13449938.664166665,2004134.5289538146,833506.6660314365,13475700.0,14498771.997499999,14756000.0,15149771.997499999,0.3481717011128776,0.38235294117647056,27.2,7.24
573-A,1,-8.5,111.0,A ketat,0.0,6035771.9975,11473875.0,13549396.997499997,2157996.420041758,709140.1905001638,14039900.0,14281771.997499999,15407000.0,15149771.997499999,0.34515366430260047,0.4788732394366197,26.84,7.24
573-A,1,-8.5,111.5,A ketat,0.0,6035771.9975,11591416.666666666,13666938.664166665,2242307.9708710588,676195.9882258646,14322000.0,14650671.997499999,14973000.0,14932771.997499999,0.3416536661466459,0.4927536231884058,26.8,7.24
573-A,1,-8.5,112.0,A ketat,0.0,6035771.9975,11555250.0,13630771.997499997,2328604.886491331,695107.2485282554,14473900.0,14498771.997499999,15190000.0,14932771.997499999,0.3427230046948357,0.4142857142857143,26.8,7.24
573-A,1,-8.5,112.5,A ketat,0.0,6035771.9975,11609500.0,13685021.997499997,2231400.88577635,566047.6435624555,14256900.0,14281771.997499999,14973000.0,14932771.997499999,0.3411214953271028,0.4927536231884058,26.36,7.24
573-A,1,-8.5,113.0,A ketat,0.0,6035771.9975,11591416.666666666,13666938.664166665,2299110.8851725357,1085314.4471881697,14473900.0,14932771.997499999,15190000.0,15149771.997499999,0.3416536661466459,0.4,24.56,7.24
573-A,1,-8.5,113.5,A ketat,0.0,6035771.9975,11645666.666666666,13721188.664166665,2556924.726692402,1298719.9020797252,14690900.0,15301671.997499999,15190000.0,15366771.997499999,0.34006211180124224,0.4,24.8,7.24
573-A,1,-8.5,114.0,A ketat,0.0,6035771.9975,11654708.333333334,13730230.33083333,2610658.079275043,1406290.4016740567,14625800.0,15149771.997499999,15841000.0,16017771.997499999,0.3397982932505818,0.3698630136986301,24.44,7.24
573-A,1,-8.5,114.5,A ketat,0.0,6035771.9975,11663750.0,13739271.997499997,2776191.7965631173,1342261.5568347778,14973000.0,15084671.997499999,15841000.0,16885771.9975,0.3395348837209302,0.3150684931506849,28.68,7.24
573-A,1,-8.5,115.5,A ketat,0.0,6035771.9975,11763208.333333334,13838730.33083333,2933762.9343064083,1518971.9200303142,15493800.0,15518671.997499999,16492000.0,16234771.997499999,0.3366641045349731,0.3815789473684211,25.0,7.24
573-A,1,-9.0,114.5,A ketat,0.0,6035771.9975,11582375.0,13657896.997499997,2419637.7884249357,1036383.0629940213,14408800.0,15171471.997499999,14756000.0,15366771.997499999,0.34192037470725994,0.4117647058823529,25.52,7.24
573-A,1,-9.0,115.0,A ketat,0.0,6035771.9975,11627583.333333334,13703105.33083333,2545086.8938213973,1243555.4100927769,14539000.0,15236571.997499999,14756000.0,16234771.997499999,0.3405909797822706,0.5,26.48,7.24
573-A,1,-9.0,115.5,A ketat,0.0,6035771.9975,11690875.0,13766396.997499997,2676359.8950894997,1301705.129653109,14756000.0,15518671.997499999,15624000.0,16017771.997499999,0.33874709976798145,0.4722222222222222,26.28,7.24
573-A,1,-9.0,117.0,A ketat,0.0,6035771.9975,11690875.0,13766396.997499997,2617576.248837512,1172625.2528816068,14842800.0,15171471.997499999,16709000.0,16451771.997499999,0.33874709976798145,0.37662337662337664,25.76,7.24
573-A,1,-9.0,117.5,A ketat,0.0,6035771.9975,11736083.333333334,13811605.33083333,2588161.676232542,1144088.1566317028,15081500.0,15540371.997499999,16492000.0,16234771.997499999,0.337442218798151,0.3815789473684211,27.04,7.24
573-A,1,-9.0,118.0,A ketat,0.0,6035771.9975,11528125.0,13603646.997499997,2550226.713067581,1166498.4135921674,14495600.0,14889371.997499999,16275000.0,16668771.997499999,0.34352941176470586,0.38666666666666666,26.64,7.24
573-A,1,-9.0,118.5,A ketat,0.0,6035771.9975,11410583.333333334,13486105.33083333,2709510.6716361432,1340226.2841601127,14473900.0,14867671.997499999,15841000.0,17102771.9975,0.3470681458003169,0.4657534246575342,25.6,7.24
573-A,1,-9.0,119.0,A ketat,0.0,6035771.9975,11510041.666666666,13585563.664166665,3034951.8222544813,1921803.8849220406,14907900.0,15952671.997499999,17360000.0,18404771.9975,0.3440691280439906,0.425,25.24,7.24
573-A,1,-7.0,106.0,A ketat,0.5,3017885.99875,11012750.0,10070385.99875,2286012.9759226996,1631426.423076764,13258700.0,11849785.99875,15841000.0,13867885.998750001,0.35960591133004927,0.3150684931506849,28.4,7.24
573-A,1,-7.5,106.0,A ketat,0.5,3017885.99875,11202625.0,10260260.99875,2219268.148316114,1678208.2270269298,13974800.0,12001685.998750001,15624000.0,13650885.998750001,0.35351089588377727,0.3194444444444444,29.0,7.24
573-A,1,-7.5,106.5,A ketat,0.5,3017885.99875,11256875.0,10314510.99875,2403081.4513779017,1577595.3857332869,14278600.0,11914885.998750001,15841000.0,13867885.998750001,0.35180722891566263,0.3150684931506849,27.88,7.24
573-A,1,-7.5,107.0,A ketat,0.5,3017885.99875,11401541.666666666,10459177.665416665,2229545.9662405956,1012736.8635090488,14039900.0,11415785.99875,14973000.0,12999885.998750001,0.34734337827121337,0.3333333333333333,27.64,7.24
573-A,1,-7.5,107.5,A ketat,0.5,3017885.99875,11528125.0,10585760.99875,2565434.7595358533,1183919.5519268967,14256900.0,12283785.998750001,15841000.0,12782885.998750001,0.34352941176470586,0.3835616438356164,27.28,7.24
573-A,1,-8.0,107.5,A ketat,0.5,3017885.99875,11392500.0,10450135.99875,2094139.2130128935,1299245.2742298879,13454000.0,12088485.99875,15190000.0,13216885.99875,0.3476190476190476,0.38571428571428573,27.56,7.24
573-A,1,-8.0,108.0,A ketat,0.5,3017885.99875,11329208.333333334,10386844.332083331,2199033.9376776274,1092482.712196983,13974800.0,11784685.998750001,14756000.0,12999885.99875,0.349561053471668,0.39705882352941174,25.8,7.24
573-A,1,-8.0,108.5,A ketat,0.5,3017885.99875,11419625.0,10477260.99875,2220190.4895262048,867557.6318408004,14039900.0,11697885.99875,14756000.0,11914885.99875,0.34679334916864607,0.4117647058823529,27.12,7.24
573-A,1,-8.0,109.0,A ketat,0.5,3017885.99875,11528125.0,10585760.998750001,2277095.581666145,943307.2399346059,14105000.0,11849785.998750001,14973000.0,12348885.99875,0.34352941176470586,0.4057971014492754,27.28,7.24
573-A,1,-8.0,109.5,A ketat,0.5,3017885.99875,11627583.333333334,10685219.332083335,2458338.7801462626,1021167.220759472,14973000.0,11914885.99875,15190000.0,13216885.998750001,0.3405909797822706,0.32857142857142857,27.12,7.24
573-A,1,-8.5,109.5,A ketat,0.5,3017885.99875,11320166.666666666,10377802.665416665,1920405.135396688,1142745.2421278318,13605900.0,11567685.99875,13888000.0,12782885.99875,0.3498402555910543,0.4375,26.8,7.24
573-A,1,-8.5,110.0,A ketat,0.5,3017885.99875,11365375.0,10423010.99875,1926946.0815204345,1183919.5519268962,13454000.0,11849785.99875,14322000.0,13216885.99875,0.34844868735083534,0.3939393939393939,27.24,7.24
573-A,1,-8.5,110.5,A ketat,0.5,3017885.99875,11374416.666666666,10432052.665416665,2004134.5289538146,833506.6660314366,13475700.0,11480885.99875,14756000.0,12131885.998750001,0.3481717011128776,0.38235294117647056,27.2,7.24
573-A,1,-8.5,111.0,A ketat,0.5,3017885.99875,11473875.0,10531510.99875,2157996.420041758,709140.1905001642,14039900.0,11263885.998750001,15407000.0,12131885.99875,0.34515366430260047,0.4788732394366197,26.84,7.24
573-A,1,-8.5,111.5,A ketat,0.5,3017885.99875,11591416.666666666,10649052.665416667,2242307.9708710588,676195.988225865,14322000.0,11632785.998750001,14973000.0,11914885.99875,0.3416536661466459,0.4927536231884058,26.8,7.24
573-A,1,-8.5,112.0,A ketat,0.5,3017885.99875,11555250.0,10612885.998750001,2328604.886491331,695107.2485282558,14473900.0,11480885.998750001,15190000.0,11914885.998750001,0.3427230046948357,0.4142857142857143,26.8,7.24
573-A,1,-8.5,112.5,A ketat,0.5,3017885.99875,11609500.0,10667135.99875,2231400.88577635,566047.6435624558,14256900.0,11263885.998750001,14973000.0,11914885.99875,0.3411214953271028,0.4927536231884058,26.36,7.24
573-A,1,-8.5,113.0,A ketat,0.5,3017885.99875,11591416.666666666,10649052.665416667,2299110.8851725357,1085314.44718817,14473900.0,11914885.998750001,15190000.0,12131885.998750001,0.3416536661466459,0.4,24.56,7.24
573-A,1,-8.5,113.5,A ketat,0.5,3017885.99875,11645666.666666666,10703302.665416667,2556924.726692402,1298719.9020797256,14690900.0,12283785.99875,15190000.0,12348885.998750001,0.34006211180124224,0.4,24.8,7.24
573-A,1,-8.5,114.0,A ketat,0.5,3017885.99875,11654708.333333334,10712344.332083333,2610658.079275043,1406290.4016740571,14625800.0,12131885.998750001,15841000.0,12999885.998750001,0.3397982932505818,0.3698630136986301,24.44,7.24
573-A,1,-8.5,114.5,A ketat,0.5,3017885.99875,11663750.0,10721385.998750001,2776191.7965631173,1342261.5568347785,14973000.0,12066785.998750001,15841000.0,13867885.998750001,0.3395348837209302,0.3150684931506849,28.68,7.24
573-A,1,-8.5,115.5,A ketat,0.5,3017885.99875,11763208.333333334,10820844.332083335,2933762.9343064083,1518971.9200303147,15493800.0,12500785.998750001,16492000.0,13216885.998750001,0.3366641045349731,0.3815789473684211,25.0,7.24
573-A,1,-9.0,114.5,A ketat,0.5,3017885.99875,11582375.0,10640010.99875,2419637.7884249357,1036383.0629940215,14408800.0,12153585.99875,14756000.0,12348885.99875,0.34192037470725994,0.4117647058823529,25.52,7.24
573-A,1,-9.0,115.0,A ketat,0.5,3017885.99875,11627583.333333334,10685219.332083333,2545086.8938213973,1243555.4100927773,14539000.0,12218685.99875,14756000.0,13216885.99875,0.3405909797822706,0.5,26.48,7.24
573-A,1,-9.0,115.5,A ketat,0.5,3017885.99875,11690875.0,10748510.99875,2676359.8950894997,1301705.1296531095,14756000.0,12500785.99875,15624000.0,12999885.99875,0.33874709976798145,0.4722222222222222,26.28,7.24
573-A,1,-9.0,117.0,A ketat,0.5,3017885.99875,11690875.0,10748510.99875,2617576.248837512,1172625.252881607,14842800.0,12153585.998750001,16709000.0,13433885.998750001,0.33874709976798145,0.37662337662337664,25.76,7.24
573-A,1,-9.0,117.5,A ketat,0.5,3017885.99875,11736083.333333334,10793719.332083333,2588161.676232542,1144088.156631703,15081500.0,12522485.99875,16492000.0,13216885.998750001,0.337442218798151,0.3815789473684211,27.04,7.24
573-A,1,-9.0,118.0,A ketat,0.5,3017885.99875,11528125.0,10585760.99875,2550226.713067581,1166498.413592168,14495600.0,11871485.998750001,16275000.0,13650885.99875,0.34352941176470586,0.38666666666666666,26.64,7.24
573-A,1,-9.0,118.5,A ketat,0.5,3017885.99875,11410583.333333334,10468219.332083333,2709510.6716361432,1340226.2841601132,14473900.0,11849785.998750001,15841000.0,14084885.99875,0.3470681458003169,0.4657534246575342,25.6,7.24
573-A,1,-9.0,119.0,A ketat,0.5,3017885.99875,11510041.666666666,10567677.665416667,3034951.8222544813,1921803.8849220416,14907900.0,12934785.99875,17360000.0,15386885.998750001,0.3440691280439906,0.425,25.24,7.24
573-A,1,-7.0,106.0,A ketat,0.8,1207154.3994999996,11012750.0,8259654.3995,2286012.9759226996,1631426.4230767637,13258700.0,10039054.3995,15841000.0,12057154.399500001,0.35960591133004927,0.3150684931506849,28.4,7.24
573-A,1,-7.5,106.0,A ketat,0.8,1207154.3994999996,11202625.0,8449529.3995,2219268.148316114,1678208.2270269294,13974800.0,10190954.3995,15624000.0,11840154.399500001,0.35351089588377727,0.3194444444444444,29.0,7.24
573-A,1,-7.5,106.5,A ketat,0.8,1207154.3994999996,11256875.0,8503779.3995,2403081.4513779017,1577595.3857332866,14278600.0,10104154.3995,15841000.0,12057154.399500001,0.35180722891566263,0.3150684931506849,27.88,7.24
573-A,1,-7.5,107.0,A ketat,0.8,1207154.3994999996,11401541.666666666,8648446.066166667,2229545.9662405956,1012736.8635090485,14039900.0,9605054.3995,14973000.0,11189154.3995,0.34734337827121337,0.3333333333333333,27.64,7.24
573-A,1,-7.5,107.5,A ketat,0.8,1207154.3994999996,11528125.0,8775029.3995,2565434.7595358533,1183919.5519268964,14256900.0,10473054.3995,15841000.0,10972154.399500001,0.34352941176470586,0.3835616438356164,27.28,7.24
573-A,1,-8.0,107.5,A ketat,0.8,1207154.3994999996,11392500.0,8639404.3995,2094139.2130128935,1299245.2742298874,13454000.0,10277754.3995,15190000.0,11406154.3995,0.3476190476190476,0.38571428571428573,27.56,7.24
573-A,1,-8.0,108.0,A ketat,0.8,1207154.3994999996,11329208.333333334,8576112.732833333,2199033.9376776274,1092482.7121969827,13974800.0,9973954.3995,14756000.0,11189154.3995,0.349561053471668,0.39705882352941174,25.8,7.24
573-A,1,-8.0,108.5,A ketat,0.8,1207154.3994999996,11419625.0,8666529.3995,2220190.4895262048,867557.6318408002,14039900.0,9887154.3995,14756000.0,10104154.3995,0.34679334916864607,0.4117647058823529,27.12,7.24
573-A,1,-8.0,109.0,A ketat,0.8,1207154.3994999996,11528125.0,8775029.3995,2277095.581666145,943307.2399346055,14105000.0,10039054.3995,14973000.0,10538154.3995,0.34352941176470586,0.4057971014492754,27.28,7.24
573-A,1,-8.0,109.5,A ketat,0.8,1207154.3994999996,11627583.333333334,8874487.732833333,2458338.7801462626,1021167.2207594715,14973000.0,10104154.3995,15190000.0,11406154.3995,0.3405909797822706,0.32857142857142857,27.12,7.24
573-A,1,-8.5,109.5,A ketat,0.8,1207154.3994999996,11320166.666666666,8567071.066166667,1920405.135396688,1142745.2421278318,13605900.0,9756954.3995,13888000.0,10972154.3995,0.3498402555910543,0.4375,26.8,7.24
573-A,1,-8.5,110.0,A ketat,0.8,1207154.3994999996,11365375.0,8612279.3995,1926946.0815204345,1183919.5519268962,13454000.0,10039054.3995,14322000.0,11406154.3995,0.34844868735083534,0.3939393939393939,27.24,7.24
573-A,1,-8.5,110.5,A ketat,0.8,1207154.3994999996,11374416.666666666,8621321.066166667,2004134.5289538146,833506.6660314365,13475700.0,9670154.3995,14756000.0,10321154.3995,0.3481717011128776,0.38235294117647056,27.2,7.24
573-A,1,-8.5,111.0,A ketat,0.8,1207154.3994999996,11473875.0,8720779.3995,2157996.420041758,709140.1905001638,14039900.0,9453154.3995,15407000.0,10321154.3995,0.34515366430260047,0.4788732394366197,26.84,7.24
573-A,1,-8.5,111.5,A ketat,0.8,1207154.3994999996,11591416.666666666,8838321.066166667,2242307.9708710588,676195.9882258646,14322000.0,9822054.3995,14973000.0,10104154.3995,0.3416536661466459,0.4927536231884058,26.8,7.24
573-A,1,-8.5,112.0,A ketat,0.8,1207154.3994999996,11555250.0,8802154.3995,2328604.886491331,695107.2485282554,14473900.0,9670154.3995,15190000.0,10104154.3995,0.3427230046948357,0.4142857142857143,26.8,7.24
573-A,1,-8.5,112.5,A ketat,0.8,1207154.3994999996,11609500.0,8856404.3995,2231400.88577635,566047.6435624555,14256900.0,9453154.3995,14973000.0,10104154.3995,0.3411214953271028,0.4927536231884058,26.36,7.24
573-A,1,-8.5,113.0,A ketat,0.8,1207154.3994999996,11591416.666666666,8838321.066166667,2299110.8851725357,1085314.4471881695,14473900.0,10104154.3995,15190000.0,10321154.3995,0.3416536661466459,0.4,24.56,7.24
573-A,1,-8.5,113.5,A ketat,0.8,1207154.3994999996,11645666.666666666,8892571.066166667,2556924.726692402,1298719.9020797252,14690900.0,10473054.3995,15190000.0,10538154.3995,0.34006211180124224,0.4,24.8,7.24
573-A,1,-8.5,114.0,A ketat,0.8,1207154.3994999996,11654708.333333334,8901612.732833333,2610658.079275043,1406290.401674057,14625800.0,10321154.3995,15841000.0,11189154.399500001,0.3397982932505818,0.3698630136986301,24.44,7.24
573-A,1,-8.5,114.5,A ketat,0.8,1207154.3994999996,11663750.0,8910654.3995,2776191.7965631173,1342261.5568347783,14973000.0,10256054.3995,15841000.0,12057154.399500001,0.3395348837209302,0.3150684931506849,28.68,7.24
573-A,1,-8.5,115.5,A ketat,0.8,1207154.3994999996,11763208.333333334,9010112.732833333,2933762.9343064083,1518971.9200303147,15493800.0,10690054.3995,16492000.0,11406154.399500001,0.3366641045349731,0.3815789473684211,25.0,7.24
573-A,1,-9.0,114.5,A ketat,0.8,1207154.3994999996,11582375.0,8829279.3995,2419637.7884249357,1036383.0629940213,14408800.0,10342854.3995,14756000.0,10538154.3995,0.34192037470725994,0.4117647058823529,25.52,7.24
573-A,1,-9.0,115.0,A ketat,0.8,1207154.3994999996,11627583.333333334,8874487.732833333,2545086.8938213973,1243555.4100927766,14539000.0,10407954.3995,14756000.0,11406154.3995,0.3405909797822706,0.5,26.48,7.24
573-A,1,-9.0,115.5,A ketat,0.8,1207154.3994999996,11690875.0,8937779.3995,2676359.8950894997,1301705.129653109,14756000.0,10690054.3995,15624000.0,11189154.3995,0.33874709976798145,0.4722222222222222,26.28,7.24
573-A,1,-9.0,117.0,A ketat,0.8,1207154.3994999996,11690875.0,8937779.3995,2617576.248837512,1172625.252881607,14842800.0,10342854.3995,16709000.0,11623154.399500001,0.33874709976798145,0.37662337662337664,25.76,7.24
573-A,1,-9.0,117.5,A ketat,0.8,1207154.3994999996,11736083.333333334,8982987.732833333,2588161.676232542,1144088.156631703,15081500.0,10711754.3995,16492000.0,11406154.399500001,0.337442218798151,0.3815789473684211,27.04,7.24
573-A,1,-9.0,118.0,A ketat,0.8,1207154.3994999996,11528125.0,8775029.3995,2550226.713067581,1166498.4135921677,14495600.0,10060754.3995,16275000.0,11840154.3995,0.34352941176470586,0.38666666666666666,26.64,7.24
573-A,1,-9.0,118.5,A ketat,0.8,1207154.3994999996,11410583.333333334,8657487.732833333,2709510.6716361432,1340226.2841601127,14473900.0,10039054.3995,15841000.0,12274154.3995,0.3470681458003169,0.4657534246575342,25.6,7.24
573-A,1,-9.0,119.0,A ketat,0.8,1207154.3994999996,11510041.666666666,8756946.066166667,3034951.8222544813,1921803.884922041,14907900.0,11124054.3995,17360000.0,13576154.3995,0.3440691280439906,0.425,25.24,7.24
573-A,1,-7.0,106.0,B ramah,0.0,5358644.055058824,11012750.0,12411144.055058822,2286012.9759226996,1631426.4230767635,13258700.0,14190544.055058824,15841000.0,16208644.055058822,0.35960591133004927,0.3150684931506849,28.4,7.24
573-A,1,-7.5,106.0,B ramah,0.0,5358644.055058824,11202625.0,12601019.055058822,2219268.148316114,1678208.227026929,13974800.0,14342444.055058822,15624000.0,15991644.055058822,0.35351089588377727,0.3194444444444444,29.0,7.24
573-A,1,-7.5,106.5,B ramah,0.0,5358644.055058824,11256875.0,12655269.055058822,2403081.4513779017,1577595.3857332862,14278600.0,14255644.055058822,15841000.0,16208644.055058822,0.35180722891566263,0.3150684931506849,27.88,7.24
573-A,1,-7.5,107.0,B ramah,0.0,5358644.055058824,11401541.666666666,12799935.721725488,2229545.9662405956,1012736.8635090482,14039900.0,13756544.055058822,14973000.0,15340644.055058822,0.34734337827121337,0.3333333333333333,27.64,7.24
573-A,1,-7.5,107.5,B ramah,0.0,5358644.055058824,11528125.0,12926519.055058822,2565434.7595358533,1183919.5519268955,14256900.0,14624544.055058822,15841000.0,15123644.055058822,0.34352941176470586,0.3835616438356164,27.28,7.24
573-A,1,-8.0,107.5,B ramah,0.0,5358644.055058824,11392500.0,12790894.055058822,2094139.2130128935,1299245.2742298874,13454000.0,14429244.055058822,15190000.0,15557644.055058822,0.3476190476190476,0.38571428571428573,27.56,7.24
573-A,1,-8.0,108.0,B ramah,0.0,5358644.055058824,11329208.333333334,12727602.388392156,2199033.9376776274,1092482.7121969825,13974800.0,14125444.055058822,14756000.0,15340644.055058822,0.349561053471668,0.39705882352941174,25.8,7.24
573-A,1,-8.0,108.5,B ramah,0.0,5358644.055058824,11419625.0,12818019.055058822,2220190.4895262048,867557.6318407999,14039900.0,14038644.055058822,14756000.0,14255644.055058824,0.34679334916864607,0.4117647058823529,27.12,7.24
573-A,1,-8.0,109.0,B ramah,0.0,5358644.055058824,11528125.0,12926519.055058822,2277095.581666145,943307.2399346053,14105000.0,14190544.055058822,14973000.0,14689644.055058824,0.34352941176470586,0.4057971014492754,27.28,7.24
573-A,1,-8.0,109.5,B ramah,0.0,5358644.055058824,11627583.333333334,13025977.388392156,2458338.7801462626,1021167.2207594713,14973000.0,14255644.055058822,15190000.0,15557644.055058822,0.3405909797822706,0.32857142857142857,27.12,7.24
573-A,1,-8.5,109.5,B ramah,0.0,5358644.055058824,11320166.666666666,12718560.721725488,1920405.135396688,1142745.2421278316,13605900.0,13908444.055058822,13888000.0,15123644.055058822,0.3498402555910543,0.4375,26.8,7.24
573-A,1,-8.5,110.0,B ramah,0.0,5358644.055058824,11365375.0,12763769.055058822,1926946.0815204345,1183919.551926896,13454000.0,14190544.055058822,14322000.0,15557644.055058822,0.34844868735083534,0.3939393939393939,27.24,7.24
573-A,1,-8.5,110.5,B ramah,0.0,5358644.055058824,11374416.666666666,12772810.721725488,2004134.5289538146,833506.6660314361,13475700.0,13821644.055058824,14756000.0,14472644.055058822,0.3481717011128776,0.38235294117647056,27.2,7.24
573-A,1,-8.5,111.0,B ramah,0.0,5358644.055058824,11473875.0,12872269.055058822,2157996.420041758,709140.1905001635,14039900.0,13604644.055058822,15407000.0,14472644.055058822,0.34515366430260047,0.4788732394366197,26.84,7.24
573-A,1,-8.5,111.5,B ramah,0.0,5358644.055058824,11591416.666666666,12989810.721725488,2242307.9708710588,676195.9882258641,14322000.0,13973544.055058822,14973000.0,14255644.055058822,0.3416536661466459,0.4927536231884058,26.8,7.24
573-A,1,-8.5,112.0,B ramah,0.0,5358644.055058824,11555250.0,12953644.055058822,2328604.886491331,695107.2485282548,14473900.0,13821644.055058822,15190000.0,14255644.055058822,0.3427230046948357,0.4142857142857143,26.8,7.24
573-A,1,-8.5,112.5,B ramah,0.0,5358644.055058824,11609500.0,13007894.055058822,2231400.88577635,566047.643562455,14256900.0,13604644.055058822,14973000.0,14255644.055058822,0.3411214953271028,0.4927536231884058,26.36,7.24
573-A,1,-8.5,113.0,B ramah,0.0,5358644.055058824,11591416.666666666,12989810.721725488,2299110.8851725357,1085314.4471881692,14473900.0,14255644.055058822,15190000.0,14472644.055058824,0.3416536661466459,0.4,24.56,7.24
573-A,1,-8.5,113.5,B ramah,0.0,5358644.055058824,11645666.666666666,13044060.721725488,2556924.726692402,1298719.9020797247,14690900.0,14624544.055058822,15190000.0,14689644.055058824,0.34006211180124224,0.4,24.8,7.24
573-A,1,-8.5,114.0,B ramah,0.0,5358644.055058824,11654708.333333334,13053102.388392156,2610658.079275043,1406290.4016740562,14625800.0,14472644.055058824,15841000.0,15340644.055058822,0.3397982932505818,0.3698630136986301,24.44,7.24
573-A,1,-8.5,114.5,B ramah,0.0,5358644.055058824,11663750.0,13062144.055058822,2776191.7965631173,1342261.5568347771,14973000.0,14407544.055058822,15841000.0,16208644.055058822,0.3395348837209302,0.3150684931506849,28.68,7.24
573-A,1,-8.5,115.5,B ramah,0.0,5358644.055058824,11763208.333333334,13161602.388392156,2933762.9343064083,1518971.9200303138,15493800.0,14841544.055058822,16492000.0,15557644.055058822,0.3366641045349731,0.3815789473684211,25.0,7.24
573-A,1,-9.0,114.5,B ramah,0.0,5358644.055058824,11582375.0,12980769.055058822,2419637.7884249357,1036383.0629940208,14408800.0,14494344.055058822,14756000.0,14689644.055058822,0.34192037470725994,0.4117647058823529,25.52,7.24
573-A,1,-9.0,115.0,B ramah,0.0,5358644.055058824,11627583.333333334,13025977.388392156,2545086.8938213973,1243555.4100927764,14539000.0,14559444.055058822,14756000.0,15557644.055058822,0.3405909797822706,0.5,26.48,7.24
573-A,1,-9.0,115.5,B ramah,0.0,5358644.055058824,11690875.0,13089269.055058822,2676359.8950894997,1301705.1296531085,14756000.0,14841544.055058822,15624000.0,15340644.055058822,0.33874709976798145,0.4722222222222222,26.28,7.24
573-A,1,-9.0,117.0,B ramah,0.0,5358644.055058824,11690875.0,13089269.055058822,2617576.248837512,1172625.2528816063,14842800.0,14494344.055058822,16709000.0,15774644.055058822,0.33874709976798145,0.37662337662337664,25.76,7.24
573-A,1,-9.0,117.5,B ramah,0.0,5358644.055058824,11736083.333333334,13134477.388392156,2588161.676232542,1144088.156631702,15081500.0,14863244.055058822,16492000.0,15557644.055058822,0.337442218798151,0.3815789473684211,27.04,7.24
573-A,1,-9.0,118.0,B ramah,0.0,5358644.055058824,11528125.0,12926519.055058822,2550226.713067581,1166498.413592167,14495600.0,14212244.055058822,16275000.0,15991644.055058822,0.34352941176470586,0.38666666666666666,26.64,7.24
573-A,1,-9.0,118.5,B ramah,0.0,5358644.055058824,11410583.333333334,12808977.388392156,2709510.6716361432,1340226.2841601123,14473900.0,14190544.055058822,15841000.0,16425644.055058822,0.3470681458003169,0.4657534246575342,25.6,7.24
573-A,1,-9.0,119.0,B ramah,0.0,5358644.055058824,11510041.666666666,12908435.721725488,3034951.8222544813,1921803.8849220402,14907900.0,15275544.055058822,17360000.0,17727644.055058822,0.3440691280439906,0.425,25.24,7.24
573-A,1,-7.0,106.0,B ramah,0.5,2679322.027529412,11012750.0,9731822.027529411,2286012.9759226996,1631426.4230767637,13258700.0,11511222.027529411,15841000.0,13529322.027529411,0.35960591133004927,0.3150684931506849,28.4,7.24
573-A,1,-7.5,106.0,B ramah,0.5,2679322.027529412,11202625.0,9921697.027529411,2219268.148316114,1678208.2270269294,13974800.0,11663122.027529411,15624000.0,13312322.027529411,0.35351089588377727,0.3194444444444444,29.0,7.24
573-A,1,-7.5,106.5,B ramah,0.5,2679322.027529412,11256875.0,9975947.027529411,2403081.4513779017,1577595.3857332864,14278600.0,11576322.027529411,15841000.0,13529322.027529411,0.35180722891566263,0.3150684931506849,27.88,7.24
573-A,1,-7.5,107.0,B ramah,0.5,2679322.027529412,11401541.666666666,10120613.694196077,2229545.9662405956,1012736.8635090485,14039900.0,11077222.027529411,14973000.0,12661322.027529411,0.34734337827121337,0.3333333333333333,27.64,7.24
573-A,1,-7.5,107.5,B ramah,0.5,2679322.027529412,11528125.0,10247197.027529411,2565434.7595358533,1183919.5519268962,14256900.0,11945222.027529411,15841000.0,12444322.027529411,0.34352941176470586,0.3835616438356164,27.28,7.24
573-A,1,-8.0,107.5,B ramah,0.5,2679322.027529412,11392500.0,10111572.027529411,2094139.2130128935,1299245.2742298874,13454000.0,11749922.027529411,15190000.0,12878322.027529411,0.3476190476190476,0.38571428571428573,27.56,7.24
573-A,1,-8.0,108.0,B ramah,0.5,2679322.027529412,11329208.333333334,10048280.360862745,2199033.9376776274,1092482.7121969827,13974800.0,11446122.027529411,14756000.0,12661322.027529411,0.349561053471668,0.39705882352941174,25.8,7.24
573-A,1,-8.0,108.5,B ramah,0.5,2679322.027529412,11419625.0,10138697.027529411,2220190.4895262048,867557.6318408002,14039900.0,11359322.027529411,14756000.0,11576322.027529411,0.34679334916864607,0.4117647058823529,27.12,7.24
573-A,1,-8.0,109.0,B ramah,0.5,2679322.027529412,11528125.0,10247197.027529411,2277095.581666145,943307.2399346055,14105000.0,11511222.027529411,14973000.0,12010322.027529411,0.34352941176470586,0.4057971014492754,27.28,7.24
573-A,1,-8.0,109.5,B ramah,0.5,2679322.027529412,11627583.333333334,10346655.360862745,2458338.7801462626,1021167.2207594715,14973000.0,11576322.027529411,15190000.0,12878322.027529411,0.3405909797822706,0.32857142857142857,27.12,7.24
573-A,1,-8.5,109.5,B ramah,0.5,2679322.027529412,11320166.666666666,10039238.694196077,1920405.135396688,1142745.2421278318,13605900.0,11229122.027529411,13888000.0,12444322.027529411,0.3498402555910543,0.4375,26.8,7.24
573-A,1,-8.5,110.0,B ramah,0.5,2679322.027529412,11365375.0,10084447.027529411,1926946.0815204345,1183919.5519268962,13454000.0,11511222.027529411,14322000.0,12878322.027529411,0.34844868735083534,0.3939393939393939,27.24,7.24
573-A,1,-8.5,110.5,B ramah,0.5,2679322.027529412,11374416.666666666,10093488.694196077,2004134.5289538146,833506.6660314365,13475700.0,11142322.027529411,14756000.0,11793322.027529411,0.3481717011128776,0.38235294117647056,27.2,7.24
573-A,1,-8.5,111.0,B ramah,0.5,2679322.027529412,11473875.0,10192947.027529411,2157996.420041758,709140.1905001638,14039900.0,10925322.027529411,15407000.0,11793322.027529411,0.34515366430260047,0.4788732394366197,26.84,7.24
573-A,1,-8.5,111.5,B ramah,0.5,2679322.027529412,11591416.666666666,10310488.694196077,2242307.9708710588,676195.9882258646,14322000.0,11294222.027529411,14973000.0,11576322.027529411,0.3416536661466459,0.4927536231884058,26.8,7.24
573-A,1,-8.5,112.0,B ramah,0.5,2679322.027529412,11555250.0,10274322.027529411,2328604.886491331,695107.2485282554,14473900.0,11142322.027529411,15190000.0,11576322.027529411,0.3427230046948357,0.4142857142857143,26.8,7.24
573-A,1,-8.5,112.5,B ramah,0.5,2679322.027529412,11609500.0,10328572.027529411,2231400.88577635,566047.6435624555,14256900.0,10925322.027529411,14973000.0,11576322.027529411,0.3411214953271028,0.4927536231884058,26.36,7.24
573-A,1,-8.5,113.0,B ramah,0.5,2679322.027529412,11591416.666666666,10310488.694196077,2299110.8851725357,1085314.4471881697,14473900.0,11576322.027529411,15190000.0,11793322.027529411,0.3416536661466459,0.4,24.56,7.24
573-A,1,-8.5,113.5,B ramah,0.5,2679322.027529412,11645666.666666666,10364738.694196077,2556924.726692402,1298719.9020797252,14690900.0,11945222.027529411,15190000.0,12010322.027529411,0.34006211180124224,0.4,24.8,7.24
573-A,1,-8.5,114.0,B ramah,0.5,2679322.027529412,11654708.333333334,10373780.360862745,2610658.079275043,1406290.4016740567,14625800.0,11793322.027529411,15841000.0,12661322.027529411,0.3397982932505818,0.3698630136986301,24.44,7.24
573-A,1,-8.5,114.5,B ramah,0.5,2679322.027529412,11663750.0,10382822.027529411,2776191.7965631173,1342261.5568347778,14973000.0,11728222.027529411,15841000.0,13529322.027529411,0.3395348837209302,0.3150684931506849,28.68,7.24
573-A,1,-8.5,115.5,B ramah,0.5,2679322.027529412,11763208.333333334,10482280.360862745,2933762.9343064083,1518971.9200303142,15493800.0,12162222.027529411,16492000.0,12878322.027529411,0.3366641045349731,0.3815789473684211,25.0,7.24
573-A,1,-9.0,114.5,B ramah,0.5,2679322.027529412,11582375.0,10301447.027529411,2419637.7884249357,1036383.0629940213,14408800.0,11815022.027529411,14756000.0,12010322.027529411,0.34192037470725994,0.4117647058823529,25.52,7.24
573-A,1,-9.0,115.0,B ramah,0.5,2679322.027529412,11627583.333333334,10346655.360862745,2545086.8938213973,1243555.4100927766,14539000.0,11880122.027529411,14756000.0,12878322.027529411,0.3405909797822706,0.5,26.48,7.24
573-A,1,-9.0,115.5,B ramah,0.5,2679322.027529412,11690875.0,10409947.027529411,2676359.8950894997,1301705.129653109,14756000.0,12162222.027529411,15624000.0,12661322.027529411,0.33874709976798145,0.4722222222222222,26.28,7.24
573-A,1,-9.0,117.0,B ramah,0.5,2679322.027529412,11690875.0,10409947.027529411,2617576.248837512,1172625.2528816068,14842800.0,11815022.027529411,16709000.0,13095322.027529411,0.33874709976798145,0.37662337662337664,25.76,7.24
573-A,1,-9.0,117.5,B ramah,0.5,2679322.027529412,11736083.333333334,10455155.360862745,2588161.676232542,1144088.1566317028,15081500.0,12183922.027529411,16492000.0,12878322.027529411,0.337442218798151,0.3815789473684211,27.04,7.24
573-A,1,-9.0,118.0,B ramah,0.5,2679322.027529412,11528125.0,10247197.027529411,2550226.713067581,1166498.4135921674,14495600.0,11532922.027529411,16275000.0,13312322.027529411,0.34352941176470586,0.38666666666666666,26.64,7.24
573-A,1,-9.0,118.5,B ramah,0.5,2679322.027529412,11410583.333333334,10129655.360862745,2709510.6716361432,1340226.2841601127,14473900.0,11511222.027529411,15841000.0,13746322.027529411,0.3470681458003169,0.4657534246575342,25.6,7.24
573-A,1,-9.0,119.0,B ramah,0.5,2679322.027529412,11510041.666666666,10229113.694196077,3034951.8222544813,1921803.8849220406,14907900.0,12596222.027529411,17360000.0,15048322.027529411,0.3440691280439906,0.425,25.24,7.24
573-A,1,-7.0,106.0,B ramah,0.8,1071728.8110117645,11012750.0,8124228.811011765,2286012.9759226996,1631426.4230767637,13258700.0,9903628.811011765,15841000.0,11921728.811011765,0.35960591133004927,0.3150684931506849,28.4,7.24
573-A,1,-7.5,106.0,B ramah,0.8,1071728.8110117645,11202625.0,8314103.811011765,2219268.148316114,1678208.2270269294,13974800.0,10055528.811011765,15624000.0,11704728.811011765,0.35351089588377727,0.3194444444444444,29.0,7.24
573-A,1,-7.5,106.5,B ramah,0.8,1071728.8110117645,11256875.0,8368353.811011765,2403081.4513779017,1577595.3857332864,14278600.0,9968728.811011765,15841000.0,11921728.811011765,0.35180722891566263,0.3150684931506849,27.88,7.24
573-A,1,-7.5,107.0,B ramah,0.8,1071728.8110117645,11401541.666666666,8513020.477678431,2229545.9662405956,1012736.8635090485,14039900.0,9469628.811011765,14973000.0,11053728.811011765,0.34734337827121337,0.3333333333333333,27.64,7.24
573-A,1,-7.5,107.5,B ramah,0.8,1071728.8110117645,11528125.0,8639603.811011765,2565434.7595358533,1183919.5519268962,14256900.0,10337628.811011765,15841000.0,10836728.811011765,0.34352941176470586,0.3835616438356164,27.28,7.24
573-A,1,-8.0,107.5,B ramah,0.8,1071728.8110117645,11392500.0,8503978.811011765,2094139.2130128935,1299245.2742298874,13454000.0,10142328.811011765,15190000.0,11270728.811011765,0.3476190476190476,0.38571428571428573,27.56,7.24
573-A,1,-8.0,108.0,B ramah,0.8,1071728.8110117645,11329208.333333334,8440687.1443451,2199033.9376776274,1092482.7121969827,13974800.0,9838528.811011765,14756000.0,11053728.811011765,0.349561053471668,0.39705882352941174,25.8,7.24
573-A,1,-8.0,108.5,B ramah,0.8,1071728.8110117645,11419625.0,8531103.811011765,2220190.4895262048,867557.6318408003,14039900.0,9751728.811011765,14756000.0,9968728.811011765,0.34679334916864607,0.4117647058823529,27.12,7.24
573-A,1,-8.0,109.0,B ramah,0.8,1071728.8110117645,11528125.0,8639603.811011765,2277095.581666145,943307.2399346055,14105000.0,9903628.811011765,14973000.0,10402728.811011765,0.34352941176470586,0.4057971014492754,27.28,7.24
573-A,1,-8.0,109.5,B ramah,0.8,1071728.8110117645,11627583.333333334,8739062.1443451,2458338.7801462626,1021167.2207594715,14973000.0,9968728.811011765,15190000.0,11270728.811011765,0.3405909797822706,0.32857142857142857,27.12,7.24
573-A,1,-8.5,109.5,B ramah,0.8,1071728.8110117645,11320166.666666666,8431645.477678431,1920405.135396688,1142745.2421278318,13605900.0,9621528.811011765,13888000.0,10836728.811011765,0.3498402555910543,0.4375,26.8,7.24
573-A,1,-8.5,110.0,B ramah,0.8,1071728.8110117645,11365375.0,8476853.811011765,1926946.0815204345,1183919.5519268962,13454000.0,9903628.811011765,14322000.0,11270728.811011765,0.34844868735083534,0.3939393939393939,27.24,7.24
573-A,1,-8.5,110.5,B ramah,0.8,1071728.8110117645,11374416.666666666,8485895.477678431,2004134.5289538146,833506.6660314365,13475700.0,9534728.811011765,14756000.0,10185728.811011765,0.3481717011128776,0.38235294117647056,27.2,7.24
573-A,1,-8.5,111.0,B ramah,0.8,1071728.8110117645,11473875.0,8585353.811011765,2157996.420041758,709140.1905001638,14039900.0,9317728.811011765,15407000.0,10185728.811011765,0.34515366430260047,0.4788732394366197,26.84,7.24
573-A,1,-8.5,111.5,B ramah,0.8,1071728.8110117645,11591416.666666666,8702895.477678431,2242307.9708710588,676195.9882258646,14322000.0,9686628.811011765,14973000.0,9968728.811011765,0.3416536661466459,0.4927536231884058,26.8,7.24
573-A,1,-8.5,112.0,B ramah,0.8,1071728.8110117645,11555250.0,8666728.811011765,2328604.886491331,695107.2485282554,14473900.0,9534728.811011765,15190000.0,9968728.811011765,0.3427230046948357,0.4142857142857143,26.8,7.24
573-A,1,-8.5,112.5,B ramah,0.8,1071728.8110117645,11609500.0,8720978.811011765,2231400.88577635,566047.6435624555,14256900.0,9317728.811011765,14973000.0,9968728.811011765,0.3411214953271028,0.4927536231884058,26.36,7.24
573-A,1,-8.5,113.0,B ramah,0.8,1071728.8110117645,11591416.666666666,8702895.477678431,2299110.8851725357,1085314.4471881697,14473900.0,9968728.811011765,15190000.0,10185728.811011765,0.3416536661466459,0.4,24.56,7.24
573-A,1,-8.5,113.5,B ramah,0.8,1071728.8110117645,11645666.666666666,8757145.477678431,2556924.726692402,1298719.9020797252,14690900.0,10337628.811011765,15190000.0,10402728.811011765,0.34006211180124224,0.4,24.8,7.24
573-A,1,-8.5,114.0,B ramah,0.8,1071728.8110117645,11654708.333333334,8766187.1443451,2610658.079275043,1406290.401674057,14625800.0,10185728.811011765,15841000.0,11053728.811011765,0.3397982932505818,0.3698630136986301,24.44,7.24
573-A,1,-8.5,114.5,B ramah,0.8,1071728.8110117645,11663750.0,8775228.811011765,2776191.7965631173,1342261.5568347778,14973000.0,10120628.811011765,15841000.0,11921728.811011765,0.3395348837209302,0.3150684931506849,28.68,7.24
573-A,1,-8.5,115.5,B ramah,0.8,1071728.8110117645,11763208.333333334,8874687.1443451,2933762.9343064083,1518971.9200303145,15493800.0,10554628.811011765,16492000.0,11270728.811011765,0.3366641045349731,0.3815789473684211,25.0,7.24
573-A,1,-9.0,114.5,B ramah,0.8,1071728.8110117645,11582375.0,8693853.811011765,2419637.7884249357,1036383.0629940213,14408800.0,10207428.811011765,14756000.0,10402728.811011765,0.34192037470725994,0.4117647058823529,25.52,7.24
573-A,1,-9.0,115.0,B ramah,0.8,1071728.8110117645,11627583.333333334,8739062.1443451,2545086.8938213973,1243555.4100927769,14539000.0,10272528.811011765,14756000.0,11270728.811011765,0.3405909797822706,0.5,26.48,7.24
573-A,1,-9.0,115.5,B ramah,0.8,1071728.8110117645,11690875.0,8802353.811011765,2676359.8950894997,1301705.129653109,14756000.0,10554628.811011765,15624000.0,11053728.811011765,0.33874709976798145,0.4722222222222222,26.28,7.24
573-A,1,-9.0,117.0,B ramah,0.8,1071728.8110117645,11690875.0,8802353.811011765,2617576.248837512,1172625.2528816068,14842800.0,10207428.811011765,16709000.0,11487728.811011765,0.33874709976798145,0.37662337662337664,25.76,7.24
573-A,1,-9.0,117.5,B ramah,0.8,1071728.8110117645,11736083.333333334,8847562.1443451,2588161.676232542,1144088.1566317028,15081500.0,10576328.811011765,16492000.0,11270728.811011765,0.337442218798151,0.3815789473684211,27.04,7.24
573-A,1,-9.0,118.0,B ramah,0.8,1071728.8110117645,11528125.0,8639603.811011765,2550226.713067581,1166498.4135921674,14495600.0,9925328.811011765,16275000.0,11704728.811011765,0.34352941176470586,0.38666666666666666,26.64,7.24
573-A,1,-9.0,118.5,B ramah,0.8,1071728.8110117645,11410583.333333334,8522062.1443451,2709510.6716361432,1340226.2841601127,14473900.0,9903628.811011765,15841000.0,12138728.811011765,0.3470681458003169,0.4657534246575342,25.6,7.24
573-A,1,-9.0,119.0,B ramah,0.8,1071728.8110117645,11510041.666666666,8621520.477678431,3034951.8222544813,1921803.884922041,14907900.0,10988628.811011765,17360000.0,13440728.811011765,0.3440691280439906,0.425,25.24,7.24
573-A,2,-7.0,106.0,A ketat,0.0,15804493.631249998,23777375.0,29323868.631249994,6721859.194238891,2965591.983025077,31710600.0,32997793.631249998,35457000.0,34536493.631249994,0.43141852286049237,0.5471698113207547,20.96,4.8
573-A,2,-7.5,106.0,A ketat,0.0,15804493.631249998,24390625.0,29937118.631249994,6431904.301232831,3249466.7631113287,32580300.0,34335793.631249994,33450000.0,35205493.631249994,0.4205714285714286,0.58,22.24,4.8
573-A,2,-7.5,106.5,A ketat,0.0,15804493.631249998,24446375.0,29992868.631249994,6181990.518134459,2991723.4499677527,32178900.0,33867493.631249994,34788000.0,35874493.631249994,0.41961231470923605,0.5769230769230769,20.96,4.8
573-A,2,-7.5,107.0,A ketat,0.0,15804493.631249998,24084000.0,29630493.631249994,6380328.504558912,3328476.5806335616,32379600.0,33466093.631249994,34788000.0,37212493.631249994,0.42592592592592593,0.5576923076923077,20.28,4.8
573-A,2,-7.5,107.5,A ketat,0.0,15804493.631249998,24111875.0,29658368.631249994,6236832.357315761,4260821.33654493,31443000.0,33198493.631249994,35457000.0,41895493.631249994,0.4254335260115607,0.5471698113207547,19.36,4.8
573-A,2,-8.0,107.5,A ketat,0.0,15804493.631249998,24084000.0,29630493.631249994,5467109.943144986,3305008.767994684,30640200.0,33666793.631249994,34788000.0,35205493.631249994,0.42592592592592593,0.5769230769230769,19.32,4.8
573-A,2,-8.0,108.0,A ketat,0.0,15804493.631249998,24362750.0,29909243.631249994,5754673.822585241,2810192.415661867,30573300.0,32529493.631249994,34788000.0,34536493.631249994,0.42105263157894735,0.5769230769230769,18.6,4.8
573-A,2,-8.0,108.5,A ketat,0.0,15804493.631249998,24334875.0,29881368.631249994,5740778.990562018,3618730.8886632086,32580300.0,34536493.631249994,34119000.0,34536493.631249994,0.4215349369988545,0.5882352941176471,19.36,4.8
573-A,2,-8.0,109.0,A ketat,0.0,15804493.631249998,24530000.0,30076493.631249994,5543692.0910166,3392176.023427004,33249300.0,34335793.631249994,33450000.0,35874493.631249994,0.41818181818181815,0.58,19.68,4.8
573-A,2,-8.0,109.5,A ketat,0.0,15804493.631249998,24557875.0,30104368.631249994,5640473.255757272,2760561.353003344,31309200.0,33934393.631249994,36126000.0,35205493.631249994,0.4177071509648127,0.5370370370370371,19.32,4.8
573-A,2,-8.5,109.5,A ketat,0.0,15804493.631249998,23972500.0,29518993.631249994,5661779.386914237,3247594.8424748993,31710600.0,33867493.631249994,32781000.0,34536493.631249994,0.42790697674418604,0.5918367346938775,19.48,4.8
573-A,2,-8.5,110.0,A ketat,0.0,15804493.631249998,24000375.0,29546868.631249994,5489532.147741459,3156308.958984405,31242300.0,33198493.631249994,32112000.0,34536493.631249994,0.4274099883855981,0.6041666666666666,19.96,4.8
573-A,2,-8.5,110.5,A ketat,0.0,15804493.631249998,24000375.0,29546868.631249994,5863195.640103648,3106596.1214738754,31443000.0,33198493.631249998,32112000.0,35874493.631249994,0.4274099883855981,0.625,19.56,4.8
573-A,2,-8.5,111.0,A ketat,0.0,15804493.631249998,24362750.0,29909243.631249994,5624710.978082032,2415472.827059098,31443000.0,32529493.631249994,33450000.0,33867493.631249994,0.42105263157894735,0.58,19.6,4.8
573-A,2,-8.5,111.5,A ketat,0.0,15804493.631249998,24530000.0,30076493.631249994,5757209.355687649,2220283.178178934,31443000.0,32328793.631249994,35457000.0,33867493.631249994,0.41818181818181815,0.5471698113207547,19.24,4.8
573-A,2,-8.5,112.0,A ketat,0.0,15804493.631249998,24418500.0,29964993.631249994,6204050.773486625,2500576.177082255,32178900.0,33198493.631249994,37464000.0,33867493.631249994,0.4200913242009132,0.5178571428571429,19.68,4.8
573-A,2,-8.5,112.5,A ketat,0.0,15804493.631249998,24474250.0,30020743.631249994,5835264.4457791215,2234116.8520683185,30573300.0,32328793.631249994,34788000.0,33867493.631249994,0.4191343963553531,0.5576923076923077,19.0,4.8
573-A,2,-8.5,113.0,A ketat,0.0,15804493.631249998,24641500.0,30187993.631249994,6069818.993075135,2214432.6194506246,31710600.0,32529493.631249998,34119000.0,33198493.631249994,0.416289592760181,0.5686274509803921,17.8,4.8
573-A,2,-8.5,113.5,A ketat,0.0,15804493.631249998,24753000.0,30299493.631249994,6365060.88635109,2380988.4502029824,32580300.0,32997793.631249994,34119000.0,33867493.631249994,0.4144144144144144,0.5882352941176471,17.64,4.8
573-A,2,-8.5,114.0,A ketat,0.0,15804493.631249998,24725125.0,30271618.631249994,6673922.256667624,3055013.3040698,32580300.0,34135093.631249994,35457000.0,37212493.631249994,0.41488162344983087,0.5471698113207547,17.12,4.8
573-A,2,-8.5,114.5,A ketat,0.0,15804493.631249998,24836625.0,30383118.631249994,6372126.706705097,2858678.4087345703,31911300.0,33666793.631249994,34788000.0,36543493.631249994,0.41301907968574636,0.5576923076923077,21.28,4.8
573-A,2,-8.5,115.5,A ketat,0.0,15804493.631249998,24669375.0,30215868.631249994,7111054.479455393,4013899.0023525697,32781000.0,34335793.631249994,38133000.0,40557493.631249994,0.415819209039548,0.3508771929824561,17.4,4.8
573-A,2,-9.0,114.5,A ketat,0.0,15804493.631249998,24279125.0,29825618.631249994,6849471.330360817,3781756.4738060418,32647200.0,35004793.631249994,34788000.0,36543493.631249994,0.4225028702640643,0.40384615384615385,18.04,4.8
573-A,2,-9.0,115.0,A ketat,0.0,15804493.631249998,24418500.0,29964993.631249994,6836734.289054273,3803242.3810080327,33249300.0,35004793.631249994,34788000.0,36543493.631249994,0.4200913242009132,0.40384615384615385,18.48,4.8
573-A,2,-9.0,115.5,A ketat,0.0,15804493.631249998,24279125.0,29825618.631249994,7160594.420993031,3923186.940015011,33717600.0,35740693.631249994,35457000.0,37881493.631249994,0.4225028702640643,0.39622641509433965,18.2,4.8
573-A,2,-9.0,117.0,A ketat,0.0,15804493.631249998,24780875.0,30327368.631249994,6714618.020230838,3918223.7580922125,33918300.0,34804093.631249994,36126000.0,38550493.631249994,0.41394825646794153,0.37037037037037035,18.68,4.8
573-A,2,-9.0,117.5,A ketat,0.0,15804493.631249998,24613625.0,30160118.631249994,7194483.428974078,3994460.139966677,35122500.0,34335793.631249994,37464000.0,39888493.631249994,0.41676104190260477,0.35714285714285715,19.52,4.8
573-A,2,-9.0,118.0,A ketat,0.0,15804493.631249998,24474250.0,30020743.631249994,7188902.747804515,4241462.752707926,34587300.0,35272393.631249994,36126000.0,38550493.631249994,0.4191343963553531,0.37037037037037035,19.32,4.8
573-A,2,-9.0,118.5,A ketat,0.0,15804493.631249998,24474250.0,30020743.631249994,7266977.005904713,4747994.627025274,34788000.0,34335793.631249994,37464000.0,39888493.631249994,0.4191343963553531,0.35714285714285715,18.68,4.8
573-A,2,-9.0,119.0,A ketat,0.0,15804493.631249998,24362750.0,29909243.631249994,7433761.545636994,5083162.377975895,33918300.0,36342793.631249994,36795000.0,39219493.631249994,0.42105263157894735,0.36363636363636365,18.16,4.8
573-A,2,-7.0,106.0,A ketat,0.5,7902246.815624999,23777375.0,21421621.815624997,6721859.194238891,2965591.983025077,31710600.0,25095546.815624997,35457000.0,26634246.815624997,0.43141852286049237,0.5471698113207547,20.96,4.8
573-A,2,-7.5,106.0,A ketat,0.5,7902246.815624999,24390625.0,22034871.815624997,6431904.301232831,3249466.7631113287,32580300.0,26433546.815624997,33450000.0,27303246.815624997,0.4205714285714286,0.58,22.24,4.8
573-A,2,-7.5,106.5,A ketat,0.5,7902246.815624999,24446375.0,22090621.815624997,6181990.518134459,2991723.4499677536,32178900.0,25965246.815624997,34788000.0,27972246.815624997,0.41961231470923605,0.5769230769230769,20.96,4.8
573-A,2,-7.5,107.0,A ketat,0.5,7902246.815624999,24084000.0,21728246.815624997,6380328.504558912,3328476.580633562,32379600.0,25563846.815624997,34788000.0,29310246.815624997,0.42592592592592593,0.5576923076923077,20.28,4.8
573-A,2,-7.5,107.5,A ketat,0.5,7902246.815624999,24111875.0,21756121.815624997,6236832.357315761,4260821.33654493,31443000.0,25296246.815624997,35457000.0,33993246.815625,0.4254335260115607,0.5471698113207547,19.36,4.8
573-A,2,-8.0,107.5,A ketat,0.5,7902246.815624999,24084000.0,21728246.815624997,5467109.943144986,3305008.7679946837,30640200.0,25764546.815624997,34788000.0,27303246.815624997,0.42592592592592593,0.5769230769230769,19.32,4.8
573-A,2,-8.0,108.0,A ketat,0.5,7902246.815624999,24362750.0,22006996.815624997,5754673.822585241,2810192.415661867,30573300.0,24627246.815624997,34788000.0,26634246.815624997,0.42105263157894735,0.5769230769230769,18.6,4.8
573-A,2,-8.0,108.5,A ketat,0.5,7902246.815624999,24334875.0,21979121.815624997,5740778.990562018,3618730.8886632086,32580300.0,26634246.815624997,34119000.0,26634246.815624997,0.4215349369988545,0.5882352941176471,19.36,4.8
573-A,2,-8.0,109.0,A ketat,0.5,7902246.815624999,24530000.0,22174246.815624997,5543692.0910166,3392176.023427004,33249300.0,26433546.815624997,33450000.0,27972246.815624997,0.41818181818181815,0.58,19.68,4.8
573-A,2,-8.0,109.5,A ketat,0.5,7902246.815624999,24557875.0,22202121.815624997,5640473.255757272,2760561.353003344,31309200.0,26032146.815624997,36126000.0,27303246.815624997,0.4177071509648127,0.5370370370370371,19.32,4.8
573-A,2,-8.5,109.5,A ketat,0.5,7902246.815624999,23972500.0,21616746.815624997,5661779.386914237,3247594.8424748993,31710600.0,25965246.815624997,32781000.0,26634246.815624997,0.42790697674418604,0.5918367346938775,19.48,4.8
573-A,2,-8.5,110.0,A ketat,0.5,7902246.815624999,24000375.0,21644621.815624997,5489532.147741459,3156308.958984405,31242300.0,25296246.815624997,32112000.0,26634246.815624997,0.4274099883855981,0.6041666666666666,19.96,4.8
573-A,2,-8.5,110.5,A ketat,0.5,7902246.815624999,24000375.0,21644621.815624997,5863195.640103648,3106596.121473875,31443000.0,25296246.815624997,32112000.0,27972246.815624997,0.4274099883855981,0.625,19.56,4.8
573-A,2,-8.5,111.0,A ketat,0.5,7902246.815624999,24362750.0,22006996.815624997,5624710.978082032,2415472.8270590976,31443000.0,24627246.815624997,33450000.0,25965246.815624997,0.42105263157894735,0.58,19.6,4.8
573-A,2,-8.5,111.5,A ketat,0.5,7902246.815624999,24530000.0,22174246.815624997,5757209.355687649,2220283.178178934,31443000.0,24426546.815624997,35457000.0,25965246.815624997,0.41818181818181815,0.5471698113207547,19.24,4.8
573-A,2,-8.5,112.0,A ketat,0.5,7902246.815624999,24418500.0,22062746.815624997,6204050.773486625,2500576.177082255,32178900.0,25296246.815624997,37464000.0,25965246.815624997,0.4200913242009132,0.5178571428571429,19.68,4.8
573-A,2,-8.5,112.5,A ketat,0.5,7902246.815624999,24474250.0,22118496.815624997,5835264.4457791215,2234116.8520683185,30573300.0,24426546.815624997,34788000.0,25965246.815624997,0.4191343963553531,0.5576923076923077,19.0,4.8
573-A,2,-8.5,113.0,A ketat,0.5,7902246.815624999,24641500.0,22285746.815624997,6069818.993075135,2214432.619450625,31710600.0,24627246.815624997,34119000.0,25296246.815624997,0.416289592760181,0.5686274509803921,17.8,4.8
573-A,2,-8.5,113.5,A ketat,0.5,7902246.815624999,24753000.0,22397246.815624997,6365060.88635109,2380988.4502029824,32580300.0,25095546.815624997,34119000.0,25965246.815624997,0.4144144144144144,0.5882352941176471,17.64,4.8
573-A,2,-8.5,114.0,A ketat,0.5,7902246.815624999,24725125.0,22369371.815624997,6673922.256667624,3055013.3040698003,32580300.0,26232846.815624997,35457000.0,29310246.815624997,0.41488162344983087,0.5471698113207547,17.12,4.8
573-A,2,-8.5,114.5,A ketat,0.5,7902246.815624999,24836625.0,22480871.815624997,6372126.706705097,2858678.4087345707,31911300.0,25764546.815624997,34788000.0,28641246.815624997,0.41301907968574636,0.5576923076923077,21.28,4.8
573-A,2,-8.5,115.5,A ketat,0.5,7902246.815624999,24669375.0,22313621.815624997,7111054.479455393,4013899.00235257,32781000.0,26433546.815624997,38133000.0,32655246.815624997,0.415819209039548,0.3508771929824561,17.4,4.8
573-A,2,-9.0,114.5,A ketat,0.5,7902246.815624999,24279125.0,21923371.815624997,6849471.330360817,3781756.473806042,32647200.0,27102546.815624997,34788000.0,28641246.815624997,0.4225028702640643,0.40384615384615385,18.04,4.8
573-A,2,-9.0,115.0,A ketat,0.5,7902246.815624999,24418500.0,22062746.815624997,6836734.289054273,3803242.381008033,33249300.0,27102546.815624997,34788000.0,28641246.815624997,0.4200913242009132,0.40384615384615385,18.48,4.8
573-A,2,-9.0,115.5,A ketat,0.5,7902246.815624999,24279125.0,21923371.815624997,7160594.420993031,3923186.9400150115,33717600.0,27838446.815624997,35457000.0,29979246.815624997,0.4225028702640643,0.39622641509433965,18.2,4.8
573-A,2,-9.0,117.0,A ketat,0.5,7902246.815624999,24780875.0,22425121.815624997,6714618.020230838,3918223.7580922125,33918300.0,26901846.815624997,36126000.0,30648246.815624997,0.41394825646794153,0.37037037037037035,18.68,4.8
573-A,2,-9.0,117.5,A ketat,0.5,7902246.815624999,24613625.0,22257871.815624997,7194483.428974078,3994460.1399666774,35122500.0,26433546.815624997,37464000.0,31986246.815624997,0.41676104190260477,0.35714285714285715,19.52,4.8
573-A,2,-9.0,118.0,A ketat,0.5,7902246.815624999,24474250.0,22118496.815624997,7188902.747804515,4241462.752707926,34587300.0,27370146.815624997,36126000.0,30648246.815624997,0.4191343963553531,0.37037037037037035,19.32,4.8
573-A,2,-9.0,118.5,A ketat,0.5,7902246.815624999,24474250.0,22118496.815624997,7266977.005904713,4747994.627025274,34788000.0,26433546.815624997,37464000.0,31986246.815624997,0.4191343963553531,0.35714285714285715,18.68,4.8
573-A,2,-9.0,119.0,A ketat,0.5,7902246.815624999,24362750.0,22006996.815624997,7433761.545636994,5083162.377975896,33918300.0,28440546.815624997,36795000.0,31317246.815624997,0.42105263157894735,0.36363636363636365,18.16,4.8
573-A,2,-7.0,106.0,A ketat,0.8,3160898.726249999,23777375.0,16680273.72625,6721859.194238891,2965591.9830250773,31710600.0,20354198.72625,35457000.0,21892898.72625,0.43141852286049237,0.5471698113207547,20.96,4.8
573-A,2,-7.5,106.0,A ketat,0.8,3160898.726249999,24390625.0,17293523.72625,6431904.301232831,3249466.7631113287,32580300.0,21692198.72625,33450000.0,22561898.72625,0.4205714285714286,0.58,22.24,4.8
573-A,2,-7.5,106.5,A ketat,0.8,3160898.726249999,24446375.0,17349273.72625,6181990.518134459,2991723.4499677536,32178900.0,21223898.72625,34788000.0,23230898.72625,0.41961231470923605,0.5769230769230769,20.96,4.8
573-A,2,-7.5,107.0,A ketat,0.8,3160898.726249999,24084000.0,16986898.72625,6380328.504558912,3328476.580633562,32379600.0,20822498.72625,34788000.0,24568898.72625,0.42592592592592593,0.5576923076923077,20.28,4.8
573-A,2,-7.5,107.5,A ketat,0.8,3160898.726249999,24111875.0,17014773.72625,6236832.357315761,4260821.33654493,31443000.0,20554898.72625,35457000.0,29251898.72625,0.4254335260115607,0.5471698113207547,19.36,4.8
573-A,2,-8.0,107.5,A ketat,0.8,3160898.726249999,24084000.0,16986898.72625,5467109.943144986,3305008.7679946837,30640200.0,21023198.72625,34788000.0,22561898.72625,0.42592592592592593,0.5769230769230769,19.32,4.8
573-A,2,-8.0,108.0,A ketat,0.8,3160898.726249999,24362750.0,17265648.72625,5754673.822585241,2810192.415661867,30573300.0,19885898.72625,34788000.0,21892898.72625,0.42105263157894735,0.5769230769230769,18.6,4.8
573-A,2,-8.0,108.5,A ketat,0.8,3160898.726249999,24334875.0,17237773.72625,5740778.990562018,3618730.8886632086,32580300.0,21892898.72625,34119000.0,21892898.72625,0.4215349369988545,0.5882352941176471,19.36,4.8
573-A,2,-8.0,109.0,A ketat,0.8,3160898.726249999,24530000.0,17432898.72625,5543692.0910166,3392176.023427004,33249300.0,21692198.72625,33450000.0,23230898.72625,0.41818181818181815,0.58,19.68,4.8
573-A,2,-8.0,109.5,A ketat,0.8,3160898.726249999,24557875.0,17460773.72625,5640473.255757272,2760561.353003344,31309200.0,21290798.72625,36126000.0,22561898.72625,0.4177071509648127,0.5370370370370371,19.32,4.8
573-A,2,-8.5,109.5,A ketat,0.8,3160898.726249999,23972500.0,16875398.72625,5661779.386914237,3247594.8424748993,31710600.0,21223898.72625,32781000.0,21892898.72625,0.42790697674418604,0.5918367346938775,19.48,4.8
573-A,2,-8.5,110.0,A ketat,0.8,3160898.726249999,24000375.0,16903273.72625,5489532.147741459,3156308.958984405,31242300.0,20554898.72625,32112000.0,21892898.72625,0.4274099883855981,0.6041666666666666,19.96,4.8
573-A,2,-8.5,110.5,A ketat,0.8,3160898.726249999,24000375.0,16903273.72625,5863195.640103648,3106596.121473875,31443000.0,20554898.72625,32112000.0,23230898.72625,0.4274099883855981,0.625,19.56,4.8
573-A,2,-8.5,111.0,A ketat,0.8,3160898.726249999,24362750.0,17265648.72625,5624710.978082032,2415472.8270590976,31443000.0,19885898.72625,33450000.0,21223898.72625,0.42105263157894735,0.58,19.6,4.8
573-A,2,-8.5,111.5,A ketat,0.8,3160898.726249999,24530000.0,17432898.72625,5757209.355687649,2220283.178178934,31443000.0,19685198.72625,35457000.0,21223898.72625,0.41818181818181815,0.5471698113207547,19.24,4.8
573-A,2,-8.5,112.0,A ketat,0.8,3160898.726249999,24418500.0,17321398.72625,6204050.773486625,2500576.177082255,32178900.0,20554898.72625,37464000.0,21223898.72625,0.4200913242009132,0.5178571428571429,19.68,4.8
573-A,2,-8.5,112.5,A ketat,0.8,3160898.726249999,24474250.0,17377148.72625,5835264.4457791215,2234116.8520683185,30573300.0,19685198.72625,34788000.0,21223898.72625,0.4191343963553531,0.5576923076923077,19.0,4.8
573-A,2,-8.5,113.0,A ketat,0.8,3160898.726249999,24641500.0,17544398.72625,6069818.993075135,2214432.619450625,31710600.0,19885898.72625,34119000.0,20554898.72625,0.416289592760181,0.5686274509803921,17.8,4.8
573-A,2,-8.5,113.5,A ketat,0.8,3160898.726249999,24753000.0,17655898.72625,6365060.88635109,2380988.4502029824,32580300.0,20354198.72625,34119000.0,21223898.72625,0.4144144144144144,0.5882352941176471,17.64,4.8
573-A,2,-8.5,114.0,A ketat,0.8,3160898.726249999,24725125.0,17628023.72625,6673922.256667624,3055013.3040698003,32580300.0,21491498.72625,35457000.0,24568898.72625,0.41488162344983087,0.5471698113207547,17.12,4.8
573-A,2,-8.5,114.5,A ketat,0.8,3160898.726249999,24836625.0,17739523.72625,6372126.706705097,2858678.4087345707,31911300.0,21023198.72625,34788000.0,23899898.72625,0.41301907968574636,0.5576923076923077,21.28,4.8
573-A,2,-8.5,115.5,A ketat,0.8,3160898.726249999,24669375.0,17572273.72625,7111054.479455393,4013899.00235257,32781000.0,21692198.72625,38133000.0,27913898.72625,0.415819209039548,0.3508771929824561,17.4,4.8
573-A,2,-9.0,114.5,A ketat,0.8,3160898.726249999,24279125.0,17182023.72625,6849471.330360817,3781756.473806042,32647200.0,22361198.72625,34788000.0,23899898.72625,0.4225028702640643,0.40384615384615385,18.04,4.8
573-A,2,-9.0,115.0,A ketat,0.8,3160898.726249999,24418500.0,17321398.72625,6836734.289054273,3803242.381008033,33249300.0,22361198.72625,34788000.0,23899898.72625,0.4200913242009132,0.40384615384615385,18.48,4.8
573-A,2,-9.0,115.5,A ketat,0.8,3160898.726249999,24279125.0,17182023.72625,7160594.420993031,3923186.9400150115,33717600.0,23097098.72625,35457000.0,25237898.72625,0.4225028702640643,0.39622641509433965,18.2,4.8
573-A,2,-9.0,117.0,A ketat,0.8,3160898.726249999,24780875.0,17683773.72625,6714618.020230838,3918223.7580922125,33918300.0,22160498.72625,36126000.0,25906898.72625,0.41394825646794153,0.37037037037037035,18.68,4.8
573-A,2,-9.0,117.5,A ketat,0.8,3160898.726249999,24613625.0,17516523.72625,7194483.428974078,3994460.1399666774,35122500.0,21692198.72625,37464000.0,27244898.72625,0.41676104190260477,0.35714285714285715,19.52,4.8
573-A,2,-9.0,118.0,A ketat,0.8,3160898.726249999,24474250.0,17377148.72625,7188902.747804515,4241462.752707926,34587300.0,22628798.72625,36126000.0,25906898.72625,0.4191343963553531,0.37037037037037035,19.32,4.8
573-A,2,-9.0,118.5,A ketat,0.8,3160898.726249999,24474250.0,17377148.726250004,7266977.005904713,4747994.627025274,34788000.0,21692198.72625,37464000.0,27244898.72625,0.4191343963553531,0.35714285714285715,18.68,4.8
573-A,2,-9.0,119.0,A ketat,0.8,3160898.726249999,24362750.0,17265648.726250004,7433761.545636994,5083162.377975896,33918300.0,23699198.72625,36795000.0,26575898.72625,0.42105263157894735,0.36363636363636365,18.16,4.8
573-A,2,-7.0,106.0,B ramah,0.0,14021269.556470588,23777375.0,27540644.556470588,6721859.194238891,2965591.983025077,31710600.0,31214569.556470588,35457000.0,32753269.556470588,0.43141852286049237,0.5471698113207547,20.96,4.8
573-A,2,-7.5,106.0,B ramah,0.0,14021269.556470588,24390625.0,28153894.556470588,6431904.301232831,3249466.7631113287,32580300.0,32552569.556470588,33450000.0,33422269.556470588,0.4205714285714286,0.58,22.24,4.8
573-A,2,-7.5,106.5,B ramah,0.0,14021269.556470588,24446375.0,28209644.556470588,6181990.518134459,2991723.4499677536,32178900.0,32084269.556470588,34788000.0,34091269.55647059,0.41961231470923605,0.5769230769230769,20.96,4.8
573-A,2,-7.5,107.0,B ramah,0.0,14021269.556470588,24084000.0,27847269.556470588,6380328.504558912,3328476.580633562,32379600.0,31682869.556470588,34788000.0,35429269.55647059,0.42592592592592593,0.5576923076923077,20.28,4.8
573-A,2,-7.5,107.5,B ramah,0.0,14021269.556470588,24111875.0,27875144.556470588,6236832.357315761,4260821.33654493,31443000.0,31415269.556470588,35457000.0,40112269.55647059,0.4254335260115607,0.5471698113207547,19.36,4.8
573-A,2,-8.0,107.5,B ramah,0.0,14021269.556470588,24084000.0,27847269.556470588,5467109.943144986,3305008.7679946837,30640200.0,31883569.556470588,34788000.0,33422269.556470588,0.42592592592592593,0.5769230769230769,19.32,4.8
573-A,2,-8.0,108.0,B ramah,0.0,14021269.556470588,24362750.0,28126019.556470588,5754673.822585241,2810192.415661867,30573300.0,30746269.556470588,34788000.0,32753269.556470588,0.42105263157894735,0.5769230769230769,18.6,4.8
573-A,2,-8.0,108.5,B ramah,0.0,14021269.556470588,24334875.0,28098144.556470588,5740778.990562018,3618730.8886632086,32580300.0,32753269.556470588,34119000.0,32753269.556470588,0.4215349369988545,0.5882352941176471,19.36,4.8
573-A,2,-8.0,109.0,B ramah,0.0,14021269.556470588,24530000.0,28293269.556470588,5543692.0910166,3392176.023427004,33249300.0,32552569.556470588,33450000.0,34091269.55647059,0.41818181818181815,0.58,19.68,4.8
573-A,2,-8.0,109.5,B ramah,0.0,14021269.556470588,24557875.0,28321144.556470588,5640473.255757272,2760561.353003344,31309200.0,32151169.556470588,36126000.0,33422269.556470588,0.4177071509648127,0.5370370370370371,19.32,4.8
573-A,2,-8.5,109.5,B ramah,0.0,14021269.556470588,23972500.0,27735769.556470588,5661779.386914237,3247594.8424748993,31710600.0,32084269.556470588,32781000.0,32753269.556470588,0.42790697674418604,0.5918367346938775,19.48,4.8
573-A,2,-8.5,110.0,B ramah,0.0,14021269.556470588,24000375.0,27763644.556470588,5489532.147741459,3156308.958984405,31242300.0,31415269.556470588,32112000.0,32753269.556470588,0.4274099883855981,0.6041666666666666,19.96,4.8
573-A,2,-8.5,110.5,B ramah,0.0,14021269.556470588,24000375.0,27763644.556470588,5863195.640103648,3106596.121473875,31443000.0,31415269.556470588,32112000.0,34091269.55647059,0.4274099883855981,0.625,19.56,4.8
573-A,2,-8.5,111.0,B ramah,0.0,14021269.556470588,24362750.0,28126019.556470588,5624710.978082032,2415472.8270590976,31443000.0,30746269.556470588,33450000.0,32084269.556470588,0.42105263157894735,0.58,19.6,4.8
573-A,2,-8.5,111.5,B ramah,0.0,14021269.556470588,24530000.0,28293269.556470588,5757209.355687649,2220283.178178934,31443000.0,30545569.556470588,35457000.0,32084269.556470588,0.41818181818181815,0.5471698113207547,19.24,4.8
573-A,2,-8.5,112.0,B ramah,0.0,14021269.556470588,24418500.0,28181769.556470588,6204050.773486625,2500576.177082255,32178900.0,31415269.556470588,37464000.0,32084269.556470588,0.4200913242009132,0.5178571428571429,19.68,4.8
573-A,2,-8.5,112.5,B ramah,0.0,14021269.556470588,24474250.0,28237519.556470588,5835264.4457791215,2234116.8520683185,30573300.0,30545569.556470588,34788000.0,32084269.556470588,0.4191343963553531,0.5576923076923077,19.0,4.8
573-A,2,-8.5,113.0,B ramah,0.0,14021269.556470588,24641500.0,28404769.556470588,6069818.993075135,2214432.619450625,31710600.0,30746269.556470588,34119000.0,31415269.556470588,0.416289592760181,0.5686274509803921,17.8,4.8
573-A,2,-8.5,113.5,B ramah,0.0,14021269.556470588,24753000.0,28516269.556470588,6365060.88635109,2380988.4502029824,32580300.0,31214569.556470588,34119000.0,32084269.556470588,0.4144144144144144,0.5882352941176471,17.64,4.8
573-A,2,-8.5,114.0,B ramah,0.0,14021269.556470588,24725125.0,28488394.556470588,6673922.256667624,3055013.3040698003,32580300.0,32351869.556470588,35457000.0,35429269.55647059,0.41488162344983087,0.5471698113207547,17.12,4.8
573-A,2,-8.5,114.5,B ramah,0.0,14021269.556470588,24836625.0,28599894.556470588,6372126.706705097,2858678.4087345707,31911300.0,31883569.556470588,34788000.0,34760269.55647059,0.41301907968574636,0.5576923076923077,21.28,4.8
573-A,2,-8.5,115.5,B ramah,0.0,14021269.556470588,24669375.0,28432644.556470588,7111054.479455393,4013899.00235257,32781000.0,32552569.556470588,38133000.0,38774269.55647059,0.415819209039548,0.3508771929824561,17.4,4.8
573-A,2,-9.0,114.5,B ramah,0.0,14021269.556470588,24279125.0,28042394.556470588,6849471.330360817,3781756.473806042,32647200.0,33221569.556470588,34788000.0,34760269.55647059,0.4225028702640643,0.40384615384615385,18.04,4.8
573-A,2,-9.0,115.0,B ramah,0.0,14021269.556470588,24418500.0,28181769.556470588,6836734.289054273,3803242.381008033,33249300.0,33221569.556470588,34788000.0,34760269.55647059,0.4200913242009132,0.40384615384615385,18.48,4.8
573-A,2,-9.0,115.5,B ramah,0.0,14021269.556470588,24279125.0,28042394.556470588,7160594.420993031,3923186.9400150115,33717600.0,33957469.55647059,35457000.0,36098269.55647059,0.4225028702640643,0.39622641509433965,18.2,4.8
573-A,2,-9.0,117.0,B ramah,0.0,14021269.556470588,24780875.0,28544144.556470588,6714618.020230838,3918223.7580922125,33918300.0,33020869.556470588,36126000.0,36767269.55647059,0.41394825646794153,0.37037037037037035,18.68,4.8
573-A,2,-9.0,117.5,B ramah,0.0,14021269.556470588,24613625.0,28376894.556470588,7194483.428974078,3994460.1399666774,35122500.0,32552569.556470588,37464000.0,38105269.55647059,0.41676104190260477,0.35714285714285715,19.52,4.8
573-A,2,-9.0,118.0,B ramah,0.0,14021269.556470588,24474250.0,28237519.556470588,7188902.747804515,4241462.752707926,34587300.0,33489169.556470588,36126000.0,36767269.55647059,0.4191343963553531,0.37037037037037035,19.32,4.8
573-A,2,-9.0,118.5,B ramah,0.0,14021269.556470588,24474250.0,28237519.556470588,7266977.005904713,4747994.627025274,34788000.0,32552569.556470588,37464000.0,38105269.55647059,0.4191343963553531,0.35714285714285715,18.68,4.8
573-A,2,-9.0,119.0,B ramah,0.0,14021269.556470588,24362750.0,28126019.556470588,7433761.545636994,5083162.377975896,33918300.0,34559569.55647059,36795000.0,37436269.55647059,0.42105263157894735,0.36363636363636365,18.16,4.8
573-A,2,-7.0,106.0,B ramah,0.5,7010634.778235294,23777375.0,20530009.778235298,6721859.194238891,2965591.983025077,31710600.0,24203934.778235294,35457000.0,25742634.778235294,0.43141852286049237,0.5471698113207547,20.96,4.8
573-A,2,-7.5,106.0,B ramah,0.5,7010634.778235294,24390625.0,21143259.778235298,6431904.301232831,3249466.7631113287,32580300.0,25541934.778235294,33450000.0,26411634.778235294,0.4205714285714286,0.58,22.24,4.8
573-A,2,-7.5,106.5,B ramah,0.5,7010634.778235294,24446375.0,21199009.778235298,6181990.518134459,2991723.4499677536,32178900.0,25073634.778235294,34788000.0,27080634.778235294,0.41961231470923605,0.5769230769230769,20.96,4.8
573-A,2,-7.5,107.0,B ramah,0.5,7010634.778235294,24084000.0,20836634.778235298,6380328.504558912,3328476.580633562,32379600.0,24672234.778235294,34788000.0,28418634.778235294,0.42592592592592593,0.5576923076923077,20.28,4.8
573-A,2,-7.5,107.5,B ramah,0.5,7010634.778235294,24111875.0,20864509.778235298,6236832.357315761,4260821.33654493,31443000.0,24404634.778235294,35457000.0,33101634.778235294,0.4254335260115607,0.5471698113207547,19.36,4.8
573-A,2,-8.0,107.5,B ramah,0.5,7010634.778235294,24084000.0,20836634.778235298,5467109.943144986,3305008.7679946837,30640200.0,24872934.778235294,34788000.0,26411634.778235294,0.42592592592592593,0.5769230769230769,19.32,4.8
573-A,2,-8.0,108.0,B ramah,0.5,7010634.778235294,24362750.0,21115384.778235298,5754673.822585241,2810192.415661867,30573300.0,23735634.778235294,34788000.0,25742634.778235294,0.42105263157894735,0.5769230769230769,18.6,4.8
573-A,2,-8.0,108.5,B ramah,0.5,7010634.778235294,24334875.0,21087509.778235298,5740778.990562018,3618730.8886632086,32580300.0,25742634.778235294,34119000.0,25742634.778235294,0.4215349369988545,0.5882352941176471,19.36,4.8
573-A,2,-8.0,109.0,B ramah,0.5,7010634.778235294,24530000.0,21282634.778235298,5543692.0910166,3392176.0234270045,33249300.0,25541934.778235294,33450000.0,27080634.778235294,0.41818181818181815,0.58,19.68,4.8
573-A,2,-8.0,109.5,B ramah,0.5,7010634.778235294,24557875.0,21310509.778235298,5640473.255757272,2760561.353003344,31309200.0,25140534.778235294,36126000.0,26411634.778235294,0.4177071509648127,0.5370370370370371,19.32,4.8
573-A,2,-8.5,109.5,B ramah,0.5,7010634.778235294,23972500.0,20725134.778235298,5661779.386914237,3247594.8424748993,31710600.0,25073634.778235294,32781000.0,25742634.778235294,0.42790697674418604,0.5918367346938775,19.48,4.8
573-A,2,-8.5,110.0,B ramah,0.5,7010634.778235294,24000375.0,20753009.778235294,5489532.147741459,3156308.958984405,31242300.0,24404634.778235294,32112000.0,25742634.778235294,0.4274099883855981,0.6041666666666666,19.96,4.8
573-A,2,-8.5,110.5,B ramah,0.5,7010634.778235294,24000375.0,20753009.778235294,5863195.640103648,3106596.121473875,31443000.0,24404634.778235294,32112000.0,27080634.778235294,0.4274099883855981,0.625,19.56,4.8
573-A,2,-8.5,111.0,B ramah,0.5,7010634.778235294,24362750.0,21115384.778235294,5624710.978082032,2415472.8270590976,31443000.0,23735634.778235294,33450000.0,25073634.778235294,0.42105263157894735,0.58,19.6,4.8
573-A,2,-8.5,111.5,B ramah,0.5,7010634.778235294,24530000.0,21282634.778235298,5757209.355687649,2220283.178178934,31443000.0,23534934.778235294,35457000.0,25073634.778235294,0.41818181818181815,0.5471698113207547,19.24,4.8
573-A,2,-8.5,112.0,B ramah,0.5,7010634.778235294,24418500.0,21171134.778235298,6204050.773486625,2500576.177082255,32178900.0,24404634.778235294,37464000.0,25073634.778235294,0.4200913242009132,0.5178571428571429,19.68,4.8
573-A,2,-8.5,112.5,B ramah,0.5,7010634.778235294,24474250.0,21226884.778235298,5835264.4457791215,2234116.8520683185,30573300.0,23534934.778235294,34788000.0,25073634.778235294,0.4191343963553531,0.5576923076923077,19.0,4.8
573-A,2,-8.5,113.0,B ramah,0.5,7010634.778235294,24641500.0,21394134.778235298,6069818.993075135,2214432.619450625,31710600.0,23735634.778235294,34119000.0,24404634.778235294,0.416289592760181,0.5686274509803921,17.8,4.8
573-A,2,-8.5,113.5,B ramah,0.5,7010634.778235294,24753000.0,21505634.778235298,6365060.88635109,2380988.4502029824,32580300.0,24203934.778235294,34119000.0,25073634.778235294,0.4144144144144144,0.5882352941176471,17.64,4.8
573-A,2,-8.5,114.0,B ramah,0.5,7010634.778235294,24725125.0,21477759.778235298,6673922.256667624,3055013.3040698003,32580300.0,25341234.778235294,35457000.0,28418634.778235294,0.41488162344983087,0.5471698113207547,17.12,4.8
573-A,2,-8.5,114.5,B ramah,0.5,7010634.778235294,24836625.0,21589259.778235298,6372126.706705097,2858678.4087345707,31911300.0,24872934.778235294,34788000.0,27749634.778235294,0.41301907968574636,0.5576923076923077,21.28,4.8
573-A,2,-8.5,115.5,B ramah,0.5,7010634.778235294,24669375.0,21422009.778235298,7111054.479455393,4013899.00235257,32781000.0,25541934.778235294,38133000.0,31763634.778235294,0.415819209039548,0.3508771929824561,17.4,4.8
573-A,2,-9.0,114.5,B ramah,0.5,7010634.778235294,24279125.0,21031759.778235298,6849471.330360817,3781756.473806042,32647200.0,26210934.778235294,34788000.0,27749634.778235294,0.4225028702640643,0.40384615384615385,18.04,4.8
573-A,2,-9.0,115.0,B ramah,0.5,7010634.778235294,24418500.0,21171134.778235298,6836734.289054273,3803242.381008033,33249300.0,26210934.778235294,34788000.0,27749634.778235294,0.4200913242009132,0.40384615384615385,18.48,4.8
573-A,2,-9.0,115.5,B ramah,0.5,7010634.778235294,24279125.0,21031759.778235298,7160594.420993031,3923186.9400150115,33717600.0,26946834.778235294,35457000.0,29087634.778235294,0.4225028702640643,0.39622641509433965,18.2,4.8
573-A,2,-9.0,117.0,B ramah,0.5,7010634.778235294,24780875.0,21533509.778235298,6714618.020230838,3918223.7580922125,33918300.0,26010234.778235294,36126000.0,29756634.778235294,0.41394825646794153,0.37037037037037035,18.68,4.8
573-A,2,-9.0,117.5,B ramah,0.5,7010634.778235294,24613625.0,21366259.778235298,7194483.428974078,3994460.1399666774,35122500.0,25541934.778235294,37464000.0,31094634.778235294,0.41676104190260477,0.35714285714285715,19.52,4.8
573-A,2,-9.0,118.0,B ramah,0.5,7010634.778235294,24474250.0,21226884.778235298,7188902.747804515,4241462.752707926,34587300.0,26478534.778235294,36126000.0,29756634.778235294,0.4191343963553531,0.37037037037037035,19.32,4.8
573-A,2,-9.0,118.5,B ramah,0.5,7010634.778235294,24474250.0,21226884.778235298,7266977.005904713,4747994.627025274,34788000.0,25541934.778235294,37464000.0,31094634.778235294,0.4191343963553531,0.35714285714285715,18.68,4.8
573-A,2,-9.0,119.0,B ramah,0.5,7010634.778235294,24362750.0,21115384.778235298,7433761.545636994,5083162.377975896,33918300.0,27548934.778235294,36795000.0,30425634.778235294,0.42105263157894735,0.36363636363636365,18.16,4.8
573-A,2,-7.0,106.0,B ramah,0.8,2804253.911294117,23777375.0,16323628.911294118,6721859.194238891,2965591.983025077,31710600.0,19997553.911294118,35457000.0,21536253.911294118,0.43141852286049237,0.5471698113207547,20.96,4.8
573-A,2,-7.5,106.0,B ramah,0.8,2804253.911294117,24390625.0,16936878.911294118,6431904.301232831,3249466.7631113287,32580300.0,21335553.911294118,33450000.0,22205253.911294118,0.4205714285714286,0.58,22.24,4.8
573-A,2,-7.5,106.5,B ramah,0.8,2804253.911294117,24446375.0,16992628.911294118,6181990.518134459,2991723.4499677536,32178900.0,20867253.911294118,34788000.0,22874253.911294118,0.41961231470923605,0.5769230769230769,20.96,4.8
573-A,2,-7.5,107.0,B ramah,0.8,2804253.911294117,24084000.0,16630253.911294118,6380328.504558912,3328476.580633562,32379600.0,20465853.911294118,34788000.0,24212253.911294118,0.42592592592592593,0.5576923076923077,20.28,4.8
573-A,2,-7.5,107.5,B ramah,0.8,2804253.911294117,24111875.0,16658128.911294118,6236832.357315761,4260821.33654493,31443000.0,20198253.911294118,35457000.0,28895253.911294118,0.4254335260115607,0.5471698113207547,19.36,4.8
573-A,2,-8.0,107.5,B ramah,0.8,2804253.911294117,24084000.0,16630253.911294118,5467109.943144986,3305008.7679946837,30640200.0,20666553.911294118,34788000.0,22205253.911294118,0.42592592592592593,0.5769230769230769,19.32,4.8
573-A,2,-8.0,108.0,B ramah,0.8,2804253.911294117,24362750.0,16909003.911294118,5754673.822585241,2810192.415661867,30573300.0,19529253.911294118,34788000.0,21536253.911294118,0.42105263157894735,0.5769230769230769,18.6,4.8
573-A,2,-8.0,108.5,B ramah,0.8,2804253.911294117,24334875.0,16881128.911294118,5740778.990562018,3618730.8886632086,32580300.0,21536253.911294118,34119000.0,21536253.911294118,0.4215349369988545,0.5882352941176471,19.36,4.8
573-A,2,-8.0,109.0,B ramah,0.8,2804253.911294117,24530000.0,17076253.911294118,5543692.0910166,3392176.023427004,33249300.0,21335553.911294118,33450000.0,22874253.911294118,0.41818181818181815,0.58,19.68,4.8
573-A,2,-8.0,109.5,B ramah,0.8,2804253.911294117,24557875.0,17104128.911294118,5640473.255757272,2760561.353003344,31309200.0,20934153.911294118,36126000.0,22205253.911294118,0.4177071509648127,0.5370370370370371,19.32,4.8
573-A,2,-8.5,109.5,B ramah,0.8,2804253.911294117,23972500.0,16518753.911294118,5661779.386914237,3247594.8424748993,31710600.0,20867253.911294118,32781000.0,21536253.911294118,0.42790697674418604,0.5918367346938775,19.48,4.8
573-A,2,-8.5,110.0,B ramah,0.8,2804253.911294117,24000375.0,16546628.911294118,5489532.147741459,3156308.958984405,31242300.0,20198253.911294118,32112000.0,21536253.911294118,0.4274099883855981,0.6041666666666666,19.96,4.8
573-A,2,-8.5,110.5,B ramah,0.8,2804253.911294117,24000375.0,16546628.911294118,5863195.640103648,3106596.121473875,31443000.0,20198253.911294118,32112000.0,22874253.911294118,0.4274099883855981,0.625,19.56,4.8
573-A,2,-8.5,111.0,B ramah,0.8,2804253.911294117,24362750.0,16909003.911294118,5624710.978082032,2415472.8270590976,31443000.0,19529253.911294118,33450000.0,20867253.911294118,0.42105263157894735,0.58,19.6,4.8
573-A,2,-8.5,111.5,B ramah,0.8,2804253.911294117,24530000.0,17076253.911294118,5757209.355687649,2220283.178178934,31443000.0,19328553.911294118,35457000.0,20867253.911294118,0.41818181818181815,0.5471698113207547,19.24,4.8
573-A,2,-8.5,112.0,B ramah,0.8,2804253.911294117,24418500.0,16964753.911294118,6204050.773486625,2500576.177082255,32178900.0,20198253.911294118,37464000.0,20867253.911294118,0.4200913242009132,0.5178571428571429,19.68,4.8
573-A,2,-8.5,112.5,B ramah,0.8,2804253.911294117,24474250.0,17020503.911294118,5835264.4457791215,2234116.8520683185,30573300.0,19328553.911294118,34788000.0,20867253.911294118,0.4191343963553531,0.5576923076923077,19.0,4.8
573-A,2,-8.5,113.0,B ramah,0.8,2804253.911294117,24641500.0,17187753.911294118,6069818.993075135,2214432.619450625,31710600.0,19529253.911294118,34119000.0,20198253.911294118,0.416289592760181,0.5686274509803921,17.8,4.8
573-A,2,-8.5,113.5,B ramah,0.8,2804253.911294117,24753000.0,17299253.911294118,6365060.88635109,2380988.4502029824,32580300.0,19997553.911294118,34119000.0,20867253.911294118,0.4144144144144144,0.5882352941176471,17.64,4.8
573-A,2,-8.5,114.0,B ramah,0.8,2804253.911294117,24725125.0,17271378.911294118,6673922.256667624,3055013.3040698003,32580300.0,21134853.911294118,35457000.0,24212253.911294118,0.41488162344983087,0.5471698113207547,17.12,4.8
573-A,2,-8.5,114.5,B ramah,0.8,2804253.911294117,24836625.0,17382878.911294118,6372126.706705097,2858678.4087345707,31911300.0,20666553.911294118,34788000.0,23543253.911294118,0.41301907968574636,0.5576923076923077,21.28,4.8
573-A,2,-8.5,115.5,B ramah,0.8,2804253.911294117,24669375.0,17215628.911294118,7111054.479455393,4013899.00235257,32781000.0,21335553.911294118,38133000.0,27557253.911294118,0.415819209039548,0.3508771929824561,17.4,4.8
573-A,2,-9.0,114.5,B ramah,0.8,2804253.911294117,24279125.0,16825378.911294118,6849471.330360817,3781756.473806042,32647200.0,22004553.911294118,34788000.0,23543253.911294118,0.4225028702640643,0.40384615384615385,18.04,4.8
573-A,2,-9.0,115.0,B ramah,0.8,2804253.911294117,24418500.0,16964753.911294118,6836734.289054273,3803242.381008033,33249300.0,22004553.911294118,34788000.0,23543253.911294118,0.4200913242009132,0.40384615384615385,18.48,4.8
573-A,2,-9.0,115.5,B ramah,0.8,2804253.911294117,24279125.0,16825378.911294118,7160594.420993031,3923186.9400150115,33717600.0,22740453.911294118,35457000.0,24881253.911294118,0.4225028702640643,0.39622641509433965,18.2,4.8
573-A,2,-9.0,117.0,B ramah,0.8,2804253.911294117,24780875.0,17327128.911294118,6714618.020230838,3918223.7580922125,33918300.0,21803853.911294118,36126000.0,25550253.911294118,0.41394825646794153,0.37037037037037035,18.68,4.8
573-A,2,-9.0,117.5,B ramah,0.8,2804253.911294117,24613625.0,17159878.911294118,7194483.428974078,3994460.1399666774,35122500.0,21335553.911294118,37464000.0,26888253.911294118,0.41676104190260477,0.35714285714285715,19.52,4.8
573-A,2,-9.0,118.0,B ramah,0.8,2804253.911294117,24474250.0,17020503.911294118,7188902.747804515,4241462.752707926,34587300.0,22272153.911294118,36126000.0,25550253.911294118,0.4191343963553531,0.37037037037037035,19.32,4.8
573-A,2,-9.0,118.5,B ramah,0.8,2804253.911294117,24474250.0,17020503.911294118,7266977.005904713,4747994.627025274,34788000.0,21335553.911294118,37464000.0,26888253.911294118,0.4191343963553531,0.35714285714285715,18.68,4.8
573-A,2,-9.0,119.0,B ramah,0.8,2804253.911294117,24362750.0,16909003.911294118,7433761.545636994,5083162.377975896,33918300.0,23342553.911294118,36795000.0,26219253.911294118,0.42105263157894735,0.36363636363636365,18.16,4.8
573-F,1,-8.0,125.0,A ketat,0.0,5461419.105,10896000.0,12564627.438333333,2308170.3840356176,1752564.7287969675,13937800.0,14632219.105,15209000.0,16811419.105,0.3480902777777778,0.5223880597014925,23.2,5.8
573-F,1,-8.0,125.5,A ketat,0.0,5461419.105,10659541.666666666,12328169.104999999,2448965.939351025,1654955.7001820977,13937800.0,15108919.105,15663000.0,16357419.105,0.35581188997338065,0.30434782608695654,21.36,5.8
573-F,1,-8.0,126.0,A ketat,0.0,5461419.105,10735208.333333334,12403835.771666666,2390636.9167553703,1840407.0891037094,13506500.0,14178219.105,15209000.0,17265419.105,0.3533039647577092,0.22388059701492538,21.4,5.8
573-F,1,-8.0,126.5,A ketat,0.0,5461419.105,11331083.333333334,12999710.771666666,2071766.478293273,1236063.7200110422,13710800.0,14087419.105,15436000.0,16130419.105,0.3347245409015025,0.5147058823529411,27.44,5.8
573-F,1,-8.0,127.0,A ketat,0.0,5461419.105,10981125.0,12649752.438333333,2499970.3183020605,1562220.5118152276,13620000.0,14700319.105,15209000.0,16357419.105,0.3453919035314384,0.5223880597014925,28.48,5.8
573-F,1,-8.0,127.5,A ketat,0.0,5461419.105,10905458.333333334,12574085.771666666,2239674.7042365554,1579336.0373399258,13324900.0,14700319.105,14528000.0,15903419.105,0.34778837814397223,0.546875,23.96,5.8
573-F,1,-8.5,127.5,A ketat,0.0,5461419.105,10763583.333333334,12432210.771666666,2370343.4335035975,1504972.5110638968,13324900.0,13951219.105,13847000.0,16584419.105,0.35237258347978906,0.5737704918032787,26.04,5.8
573-F,1,-9.0,126.0,A ketat,0.0,5461419.105,10413625.0,12082252.438333333,2015189.6407146098,1441384.5899800246,13029800.0,14019319.105,14074000.0,15449419.105,0.3642143505903724,0.3387096774193548,28.04,5.8
573-F,1,-9.0,126.5,A ketat,0.0,5461419.105,10271750.0,11940377.438333333,2229418.782708994,1457325.4979187245,12825500.0,13406419.105,14528000.0,14995419.105,0.3692449355432781,0.453125,27.8,5.8
573-F,1,-9.0,127.0,A ketat,0.0,5461419.105,10442000.0,12110627.438333333,2198809.7768526063,1312542.4044219665,13052500.0,13951219.105,14982000.0,14541419.105,0.3632246376811594,0.5303030303030303,27.36,5.8
573-F,1,-9.0,127.5,A ketat,0.0,5461419.105,10479833.333333334,12148460.771666666,2151082.24867849,1079310.024331836,13347600.0,13111319.105,14982000.0,14995419.105,0.361913357400722,0.5303030303030303,25.8,5.8
573-F,1,-9.5,125.5,A ketat,0.0,5461419.105,10697375.0,12366002.438333333,1893680.6308144305,1278715.0791412403,13506500.0,13792319.105,14301000.0,15676419.105,0.35455349248452694,0.5555555555555556,27.72,5.8
573-F,1,-9.5,126.0,A ketat,0.0,5461419.105,10829791.666666666,12498419.104999999,1912711.5962325106,1345450.1751878601,13438399.999999998,13724219.105,14528000.0,16811419.105,0.3502183406113537,0.453125,27.2,5.8
573-F,1,-10.0,124.5,A ketat,0.0,5461419.105,10375791.666666666,12044419.104999999,2231657.796331583,1549741.7456663123,13551900.0,13633419.105,14528000.0,15676419.105,0.36554238833181407,0.328125,28.24,5.8
573-F,1,-10.0,125.0,A ketat,0.0,5461419.105,10725750.0,12394377.438333333,1780177.9405441468,1062574.1704717008,12485000.0,13338319.105,14755000.0,15449419.105,0.35361552028218696,0.5384615384615384,27.24,5.8
573-F,1,-10.0,125.5,A ketat,0.0,5461419.105,11085166.666666666,12753794.104999999,1654165.82594072,1317369.771222353,12870900.0,13860419.105,14301000.0,16811419.105,0.34215017064846415,0.5555555555555556,25.48,5.8
573-F,1,-10.5,123.5,A ketat,0.0,5461419.105,11274333.333333334,12942960.771666666,2201525.195950707,1196460.0678002504,14074000.0,14405219.105,15209000.0,14768419.105,0.33640939597315433,0.5223880597014925,27.84,5.8
573-F,1,-10.5,124.0,A ketat,0.0,5461419.105,11047333.333333334,12715960.771666666,2119606.4168422497,966514.264910437,13960500.0,13406419.105,14755000.0,15449419.105,0.34332191780821913,0.3230769230769231,28.0,5.8
573-F,1,-10.5,124.5,A ketat,0.0,5461419.105,11227041.666666666,12895669.104999999,1956142.8879783824,1489666.9382638931,13710800.0,14405219.105,15663000.0,17038419.105,0.33782645324347094,0.42028985507246375,25.52,5.8
573-F,1,-8.0,125.0,A ketat,0.5,2730709.5525,10896000.0,9833917.885833332,2308170.3840356176,1752564.7287969678,13937800.0,11901509.5525,15209000.0,14080709.552500002,0.3480902777777778,0.5223880597014925,23.2,5.8
573-F,1,-8.0,125.5,A ketat,0.5,2730709.5525,10659541.666666666,9597459.5525,2448965.939351025,1654955.700182098,13937800.0,12378209.5525,15663000.0,13626709.552500002,0.35581188997338065,0.30434782608695654,21.36,5.8
573-F,1,-8.0,126.0,A ketat,0.5,2730709.5525,10735208.333333334,9673126.219166666,2390636.9167553703,1840407.0891037094,13506500.0,11447509.5525,15209000.0,14534709.552500002,0.3533039647577092,0.22388059701492538,21.4,5.8
573-F,1,-8.0,126.5,A ketat,0.5,2730709.5525,11331083.333333334,10269001.219166666,2071766.478293273,1236063.7200110422,13710800.0,11356709.5525,15436000.0,13399709.5525,0.3347245409015025,0.5147058823529411,27.44,5.8
573-F,1,-8.0,127.0,A ketat,0.5,2730709.5525,10981125.0,9919042.885833332,2499970.3183020605,1562220.5118152276,13620000.0,11969609.5525,15209000.0,13626709.5525,0.3453919035314384,0.5223880597014925,28.48,5.8
573-F,1,-8.0,127.5,A ketat,0.5,2730709.5525,10905458.333333334,9843376.219166666,2239674.7042365554,1579336.0373399258,13324900.0,11969609.5525,14528000.0,13172709.5525,0.34778837814397223,0.546875,23.96,5.8
573-F,1,-8.5,127.5,A ketat,0.5,2730709.5525,10763583.333333334,9701501.219166666,2370343.4335035975,1504972.5110638968,13324900.0,11220509.5525,13847000.0,13853709.5525,0.35237258347978906,0.5737704918032787,26.04,5.8
573-F,1,-9.0,126.0,A ketat,0.5,2730709.5525,10413625.0,9351542.885833332,2015189.6407146098,1441384.5899800248,13029800.0,11288609.5525,14074000.0,12718709.5525,0.3642143505903724,0.3387096774193548,28.04,5.8
573-F,1,-9.0,126.5,A ketat,0.5,2730709.5525,10271750.0,9209667.885833332,2229418.782708994,1457325.4979187245,12825500.0,10675709.552500002,14528000.0,12264709.5525,0.3692449355432781,0.453125,27.8,5.8
573-F,1,-9.0,127.0,A ketat,0.5,2730709.5525,10442000.0,9379917.885833332,2198809.7768526063,1312542.4044219665,13052500.0,11220509.5525,14982000.0,11810709.5525,0.3632246376811594,0.5303030303030303,27.36,5.8
573-F,1,-9.0,127.5,A ketat,0.5,2730709.5525,10479833.333333334,9417751.219166666,2151082.24867849,1079310.0243318363,13347600.0,10380609.5525,14982000.0,12264709.552500002,0.361913357400722,0.5303030303030303,25.8,5.8
573-F,1,-9.5,125.5,A ketat,0.5,2730709.5525,10697375.0,9635292.885833332,1893680.6308144305,1278715.0791412406,13506500.0,11061609.5525,14301000.0,12945709.5525,0.35455349248452694,0.5555555555555556,27.72,5.8
573-F,1,-9.5,126.0,A ketat,0.5,2730709.5525,10829791.666666666,9767709.5525,1912711.5962325106,1345450.1751878601,13438399.999999998,10993509.5525,14528000.0,14080709.5525,0.3502183406113537,0.453125,27.2,5.8
573-F,1,-10.0,124.5,A ketat,0.5,2730709.5525,10375791.666666666,9313709.5525,2231657.796331583,1549741.7456663128,13551900.0,10902709.5525,14528000.0,12945709.5525,0.36554238833181407,0.328125,28.24,5.8
573-F,1,-10.0,125.0,A ketat,0.5,2730709.5525,10725750.0,9663667.885833332,1780177.9405441468,1062574.1704717008,12485000.0,10607609.5525,14755000.0,12718709.5525,0.35361552028218696,0.5384615384615384,27.24,5.8
573-F,1,-10.0,125.5,A ketat,0.5,2730709.5525,11085166.666666666,10023084.5525,1654165.82594072,1317369.771222353,12870900.0,11129709.5525,14301000.0,14080709.5525,0.34215017064846415,0.5555555555555556,25.48,5.8
573-F,1,-10.5,123.5,A ketat,0.5,2730709.5525,11274333.333333334,10212251.219166666,2201525.195950707,1196460.0678002506,14074000.0,11674509.5525,15209000.0,12037709.552500002,0.33640939597315433,0.5223880597014925,27.84,5.8
573-F,1,-10.5,124.0,A ketat,0.5,2730709.5525,11047333.333333334,9985251.219166666,2119606.4168422497,966514.2649104372,13960500.0,10675709.552500002,14755000.0,12718709.552500002,0.34332191780821913,0.3230769230769231,28.0,5.8
573-F,1,-10.5,124.5,A ketat,0.5,2730709.5525,11227041.666666666,10164959.5525,1956142.8879783824,1489666.9382638934,13710800.0,11674509.552500002,15663000.0,14307709.5525,0.33782645324347094,0.42028985507246375,25.52,5.8
573-F,1,-8.0,125.0,A ketat,0.8,1092283.8209999998,10896000.0,8195492.1543333335,2308170.3840356176,1752564.7287969678,13937800.0,10263083.821,15209000.0,12442283.821,0.3480902777777778,0.5223880597014925,23.2,5.8
573-F,1,-8.0,125.5,A ketat,0.8,1092283.8209999998,10659541.666666666,7959033.8209999995,2448965.939351025,1654955.700182098,13937800.0,10739783.821,15663000.0,11988283.821,0.35581188997338065,0.30434782608695654,21.36,5.8
573-F,1,-8.0,126.0,A ketat,0.8,1092283.8209999998,10735208.333333334,8034700.4876666665,2390636.9167553703,1840407.0891037094,13506500.0,9809083.821,15209000.0,12896283.821,0.3533039647577092,0.22388059701492538,21.4,5.8
573-F,1,-8.0,126.5,A ketat,0.8,1092283.8209999998,11331083.333333334,8630575.487666667,2071766.478293273,1236063.7200110422,13710800.0,9718283.821,15436000.0,11761283.821,0.3347245409015025,0.5147058823529411,27.44,5.8
573-F,1,-8.0,127.0,A ketat,0.8,1092283.8209999998,10981125.0,8280617.1543333335,2499970.3183020605,1562220.5118152276,13620000.0,10331183.821,15209000.0,11988283.821,0.3453919035314384,0.5223880597014925,28.48,5.8
573-F,1,-8.0,127.5,A ketat,0.8,1092283.8209999998,10905458.333333334,8204950.4876666665,2239674.7042365554,1579336.0373399258,13324900.0,10331183.821,14528000.0,11534283.821,0.34778837814397223,0.546875,23.96,5.8
573-F,1,-8.5,127.5,A ketat,0.8,1092283.8209999998,10763583.333333334,8063075.4876666665,2370343.4335035975,1504972.511063897,13324900.0,9582083.821,13847000.0,12215283.821,0.35237258347978906,0.5737704918032787,26.04,5.8
573-F,1,-9.0,126.0,A ketat,0.8,1092283.8209999998,10413625.0,7713117.1543333335,2015189.6407146098,1441384.5899800248,13029800.0,9650183.821,14074000.0,11080283.821,0.3642143505903724,0.3387096774193548,28.04,5.8
573-F,1,-9.0,126.5,A ketat,0.8,1092283.8209999998,10271750.0,7571242.1543333335,2229418.782708994,1457325.4979187248,12825500.0,9037283.821,14528000.0,10626283.821,0.3692449355432781,0.453125,27.8,5.8
573-F,1,-9.0,127.0,A ketat,0.8,1092283.8209999998,10442000.0,7741492.1543333335,2198809.7768526063,1312542.4044219668,13052500.0,9582083.821,14982000.0,10172283.821,0.3632246376811594,0.5303030303030303,27.36,5.8
573-F,1,-9.0,127.5,A ketat,0.8,1092283.8209999998,10479833.333333334,7779325.4876666665,2151082.24867849,1079310.024331836,13347600.0,8742183.821,14982000.0,10626283.821,0.361913357400722,0.5303030303030303,25.8,5.8
573-F,1,-9.5,125.5,A ketat,0.8,1092283.8209999998,10697375.0,7996867.1543333335,1893680.6308144305,1278715.0791412406,13506500.0,9423183.821,14301000.0,11307283.821,0.35455349248452694,0.5555555555555556,27.72,5.8
573-F,1,-9.5,126.0,A ketat,0.8,1092283.8209999998,10829791.666666666,8129283.8209999995,1912711.5962325106,1345450.1751878601,13438399.999999998,9355083.821,14528000.0,12442283.821,0.3502183406113537,0.453125,27.2,5.8
573-F,1,-10.0,124.5,A ketat,0.8,1092283.8209999998,10375791.666666666,7675283.8209999995,2231657.796331583,1549741.7456663128,13551900.0,9264283.821,14528000.0,11307283.821,0.36554238833181407,0.328125,28.24,5.8
573-F,1,-10.0,125.0,A ketat,0.8,1092283.8209999998,10725750.0,8025242.1543333335,1780177.9405441468,1062574.1704717008,12485000.0,8969183.821,14755000.0,11080283.821,0.35361552028218696,0.5384615384615384,27.24,5.8
573-F,1,-10.0,125.5,A ketat,0.8,1092283.8209999998,11085166.666666666,8384658.8209999995,1654165.82594072,1317369.771222353,12870900.0,9491283.821,14301000.0,12442283.821,0.34215017064846415,0.5555555555555556,25.48,5.8
573-F,1,-10.5,123.5,A ketat,0.8,1092283.8209999998,11274333.333333334,8573825.487666667,2201525.195950707,1196460.0678002504,14074000.0,10036083.821,15209000.0,10399283.821,0.33640939597315433,0.5223880597014925,27.84,5.8
573-F,1,-10.5,124.0,A ketat,0.8,1092283.8209999998,11047333.333333334,8346825.4876666665,2119606.4168422497,966514.264910437,13960500.0,9037283.821,14755000.0,11080283.821,0.34332191780821913,0.3230769230769231,28.0,5.8
573-F,1,-10.5,124.5,A ketat,0.8,1092283.8209999998,11227041.666666666,8526533.821,1956142.8879783824,1489666.9382638934,13710800.0,10036083.821,15663000.0,12669283.821,0.33782645324347094,0.42028985507246375,25.52,5.8
573-F,1,-8.0,125.0,B ramah,0.0,5117789.028705882,10896000.0,12220997.362039214,2308170.3840356176,1752564.7287969668,13937800.0,14288589.02870588,15209000.0,16467789.02870588,0.3480902777777778,0.5223880597014925,23.2,5.8
573-F,1,-8.0,125.5,B ramah,0.0,5117789.028705882,10659541.666666666,11984539.02870588,2448965.939351025,1654955.700182097,13937800.0,14765289.02870588,15663000.0,16013789.02870588,0.35581188997338065,0.30434782608695654,21.36,5.8
573-F,1,-8.0,126.0,B ramah,0.0,5117789.028705882,10735208.333333334,12060205.695372546,2390636.9167553703,1840407.089103709,13506500.0,13834589.028705882,15209000.0,16921789.02870588,0.3533039647577092,0.22388059701492538,21.4,5.8
573-F,1,-8.0,126.5,B ramah,0.0,5117789.028705882,11331083.333333334,12656080.695372546,2071766.478293273,1236063.7200110417,13710800.0,13743789.028705882,15436000.0,15786789.02870588,0.3347245409015025,0.5147058823529411,27.44,5.8
573-F,1,-8.0,127.0,B ramah,0.0,5117789.028705882,10981125.0,12306122.362039214,2499970.3183020605,1562220.5118152269,13620000.0,14356689.02870588,15209000.0,16013789.02870588,0.3453919035314384,0.5223880597014925,28.48,5.8
573-F,1,-8.0,127.5,B ramah,0.0,5117789.028705882,10905458.333333334,12230455.695372546,2239674.7042365554,1579336.0373399253,13324900.0,14356689.02870588,14528000.0,15559789.02870588,0.34778837814397223,0.546875,23.96,5.8
573-F,1,-8.5,127.5,B ramah,0.0,5117789.028705882,10763583.333333334,12088580.695372546,2370343.4335035975,1504972.5110638961,13324900.0,13607589.02870588,13847000.0,16240789.02870588,0.35237258347978906,0.5737704918032787,26.04,5.8
573-F,1,-9.0,126.0,B ramah,0.0,5117789.028705882,10413625.0,11738622.362039214,2015189.6407146098,1441384.5899800246,13029800.0,13675689.028705882,14074000.0,15105789.028705882,0.3642143505903724,0.3387096774193548,28.04,5.8
573-F,1,-9.0,126.5,B ramah,0.0,5117789.028705882,10271750.0,11596747.362039214,2229418.782708994,1457325.497918724,12825500.0,13062789.028705882,14528000.0,14651789.028705882,0.3692449355432781,0.453125,27.8,5.8
573-F,1,-9.0,127.0,B ramah,0.0,5117789.028705882,10442000.0,11766997.362039214,2198809.7768526063,1312542.4044219663,13052500.0,13607589.02870588,14982000.0,14197789.028705882,0.3632246376811594,0.5303030303030303,27.36,5.8
573-F,1,-9.0,127.5,B ramah,0.0,5117789.028705882,10479833.333333334,11804830.695372546,2151082.24867849,1079310.0243318358,13347600.0,12767689.028705882,14982000.0,14651789.02870588,0.361913357400722,0.5303030303030303,25.8,5.8
573-F,1,-9.5,125.5,B ramah,0.0,5117789.028705882,10697375.0,12022372.362039214,1893680.6308144305,1278715.07914124,13506500.0,13448689.028705882,14301000.0,15332789.028705882,0.35455349248452694,0.5555555555555556,27.72,5.8
573-F,1,-9.5,126.0,B ramah,0.0,5117789.028705882,10829791.666666666,12154789.02870588,1912711.5962325106,1345450.1751878597,13438399.999999998,13380589.028705882,14528000.0,16467789.02870588,0.3502183406113537,0.453125,27.2,5.8
573-F,1,-10.0,124.5,B ramah,0.0,5117789.028705882,10375791.666666666,11700789.02870588,2231657.796331583,1549741.7456663123,13551900.0,13289789.028705882,14528000.0,15332789.028705882,0.36554238833181407,0.328125,28.24,5.8
573-F,1,-10.0,125.0,B ramah,0.0,5117789.028705882,10725750.0,12050747.362039214,1780177.9405441468,1062574.1704717008,12485000.0,12994689.028705882,14755000.0,15105789.028705882,0.35361552028218696,0.5384615384615384,27.24,5.8
573-F,1,-10.0,125.5,B ramah,0.0,5117789.028705882,11085166.666666666,12410164.02870588,1654165.82594072,1317369.7712223527,12870900.0,13516789.028705882,14301000.0,16467789.02870588,0.34215017064846415,0.5555555555555556,25.48,5.8
573-F,1,-10.5,123.5,B ramah,0.0,5117789.028705882,11274333.333333334,12599330.695372546,2201525.195950707,1196460.06780025,14074000.0,14061589.02870588,15209000.0,14424789.02870588,0.33640939597315433,0.5223880597014925,27.84,5.8
573-F,1,-10.5,124.0,B ramah,0.0,5117789.028705882,11047333.333333334,12372330.695372546,2119606.4168422497,966514.2649104366,13960500.0,13062789.028705882,14755000.0,15105789.02870588,0.34332191780821913,0.3230769230769231,28.0,5.8
573-F,1,-10.5,124.5,B ramah,0.0,5117789.028705882,11227041.666666666,12552039.02870588,1956142.8879783824,1489666.9382638927,13710800.0,14061589.02870588,15663000.0,16694789.02870588,0.33782645324347094,0.42028985507246375,25.52,5.8
573-F,1,-8.0,125.0,B ramah,0.5,2558894.514352941,10896000.0,9662102.847686274,2308170.3840356176,1752564.7287969675,13937800.0,11729694.51435294,15209000.0,13908894.51435294,0.3480902777777778,0.5223880597014925,23.2,5.8
573-F,1,-8.0,125.5,B ramah,0.5,2558894.514352941,10659541.666666666,9425644.51435294,2448965.939351025,1654955.7001820977,13937800.0,12206394.51435294,15663000.0,13454894.51435294,0.35581188997338065,0.30434782608695654,21.36,5.8
573-F,1,-8.0,126.0,B ramah,0.5,2558894.514352941,10735208.333333334,9501311.181019606,2390636.9167553703,1840407.0891037092,13506500.0,11275694.51435294,15209000.0,14362894.51435294,0.3533039647577092,0.22388059701492538,21.4,5.8
573-F,1,-8.0,126.5,B ramah,0.5,2558894.514352941,11331083.333333334,10097186.181019606,2071766.478293273,1236063.7200110422,13710800.0,11184894.51435294,15436000.0,13227894.51435294,0.3347245409015025,0.5147058823529411,27.44,5.8
573-F,1,-8.0,127.0,B ramah,0.5,2558894.514352941,10981125.0,9747227.847686274,2499970.3183020605,1562220.5118152276,13620000.0,11797794.51435294,15209000.0,13454894.51435294,0.3453919035314384,0.5223880597014925,28.48,5.8
573-F,1,-8.0,127.5,B ramah,0.5,2558894.514352941,10905458.333333334,9671561.181019606,2239674.7042365554,1579336.0373399258,13324900.0,11797794.51435294,14528000.0,13000894.51435294,0.34778837814397223,0.546875,23.96,5.8
573-F,1,-8.5,127.5,B ramah,0.5,2558894.514352941,10763583.333333334,9529686.181019606,2370343.4335035975,1504972.5110638968,13324900.0,11048694.51435294,13847000.0,13681894.51435294,0.35237258347978906,0.5737704918032787,26.04,5.8
573-F,1,-9.0,126.0,B ramah,0.5,2558894.514352941,10413625.0,9179727.847686274,2015189.6407146098,1441384.5899800246,13029800.0,11116794.51435294,14074000.0,12546894.51435294,0.3642143505903724,0.3387096774193548,28.04,5.8
573-F,1,-9.0,126.5,B ramah,0.5,2558894.514352941,10271750.0,9037852.847686274,2229418.782708994,1457325.4979187243,12825500.0,10503894.51435294,14528000.0,12092894.51435294,0.3692449355432781,0.453125,27.8,5.8
573-F,1,-9.0,127.0,B ramah,0.5,2558894.514352941,10442000.0,9208102.847686274,2198809.7768526063,1312542.4044219665,13052500.0,11048694.51435294,14982000.0,11638894.51435294,0.3632246376811594,0.5303030303030303,27.36,5.8
573-F,1,-9.0,127.5,B ramah,0.5,2558894.514352941,10479833.333333334,9245936.181019606,2151082.24867849,1079310.024331836,13347600.0,10208794.51435294,14982000.0,12092894.51435294,0.361913357400722,0.5303030303030303,25.8,5.8
573-F,1,-9.5,125.5,B ramah,0.5,2558894.514352941,10697375.0,9463477.847686274,1893680.6308144305,1278715.0791412403,13506500.0,10889794.51435294,14301000.0,12773894.51435294,0.35455349248452694,0.5555555555555556,27.72,5.8
573-F,1,-9.5,126.0,B ramah,0.5,2558894.514352941,10829791.666666666,9595894.51435294,1912711.5962325106,1345450.1751878601,13438399.999999998,10821694.51435294,14528000.0,13908894.51435294,0.3502183406113537,0.453125,27.2,5.8
573-F,1,-10.0,124.5,B ramah,0.5,2558894.514352941,10375791.666666666,9141894.51435294,2231657.796331583,1549741.7456663125,13551900.0,10730894.51435294,14528000.0,12773894.51435294,0.36554238833181407,0.328125,28.24,5.8
573-F,1,-10.0,125.0,B ramah,0.5,2558894.514352941,10725750.0,9491852.847686274,1780177.9405441468,1062574.1704717008,12485000.0,10435794.51435294,14755000.0,12546894.51435294,0.35361552028218696,0.5384615384615384,27.24,5.8
573-F,1,-10.0,125.5,B ramah,0.5,2558894.514352941,11085166.666666666,9851269.51435294,1654165.82594072,1317369.771222353,12870900.0,10957894.51435294,14301000.0,13908894.51435294,0.34215017064846415,0.5555555555555556,25.48,5.8
573-F,1,-10.5,123.5,B ramah,0.5,2558894.514352941,11274333.333333334,10040436.181019606,2201525.195950707,1196460.0678002504,14074000.0,11502694.51435294,15209000.0,11865894.51435294,0.33640939597315433,0.5223880597014925,27.84,5.8
573-F,1,-10.5,124.0,B ramah,0.5,2558894.514352941,11047333.333333334,9813436.181019606,2119606.4168422497,966514.264910437,13960500.0,10503894.51435294,14755000.0,12546894.51435294,0.34332191780821913,0.3230769230769231,28.0,5.8
573-F,1,-10.5,124.5,B ramah,0.5,2558894.514352941,11227041.666666666,9993144.51435294,1956142.8879783824,1489666.9382638934,13710800.0,11502694.51435294,15663000.0,14135894.51435294,0.33782645324347094,0.42028985507246375,25.52,5.8
573-F,1,-8.0,125.0,B ramah,0.8,1023557.8057411761,10896000.0,8126766.139074509,2308170.3840356176,1752564.7287969678,13937800.0,10194357.805741176,15209000.0,12373557.805741176,0.3480902777777778,0.5223880597014925,23.2,5.8
573-F,1,-8.0,125.5,B ramah,0.8,1023557.8057411761,10659541.666666666,7890307.805741176,2448965.939351025,1654955.7001820977,13937800.0,10671057.805741176,15663000.0,11919557.805741176,0.35581188997338065,0.30434782608695654,21.36,5.8
573-F,1,-8.0,126.0,B ramah,0.8,1023557.8057411761,10735208.333333334,7965974.472407843,2390636.9167553703,1840407.0891037094,13506500.0,9740357.805741176,15209000.0,12827557.805741176,0.3533039647577092,0.22388059701492538,21.4,5.8
573-F,1,-8.0,126.5,B ramah,0.8,1023557.8057411761,11331083.333333334,8561849.472407842,2071766.478293273,1236063.7200110422,13710800.0,9649557.805741176,15436000.0,11692557.805741176,0.3347245409015025,0.5147058823529411,27.44,5.8
573-F,1,-8.0,127.0,B ramah,0.8,1023557.8057411761,10981125.0,8211891.139074509,2499970.3183020605,1562220.5118152276,13620000.0,10262457.805741176,15209000.0,11919557.805741176,0.3453919035314384,0.5223880597014925,28.48,5.8
573-F,1,-8.0,127.5,B ramah,0.8,1023557.8057411761,10905458.333333334,8136224.472407843,2239674.7042365554,1579336.0373399258,13324900.0,10262457.805741176,14528000.0,11465557.805741176,0.34778837814397223,0.546875,23.96,5.8
573-F,1,-8.5,127.5,B ramah,0.8,1023557.8057411761,10763583.333333334,7994349.472407843,2370343.4335035975,1504972.5110638968,13324900.0,9513357.805741176,13847000.0,12146557.805741176,0.35237258347978906,0.5737704918032787,26.04,5.8
573-F,1,-9.0,126.0,B ramah,0.8,1023557.8057411761,10413625.0,7644391.139074509,2015189.6407146098,1441384.5899800248,13029800.0,9581457.805741176,14074000.0,11011557.805741176,0.3642143505903724,0.3387096774193548,28.04,5.8
573-F,1,-9.0,126.5,B ramah,0.8,1023557.8057411761,10271750.0,7502516.139074509,2229418.782708994,1457325.4979187245,12825500.0,8968557.805741176,14528000.0,10557557.805741176,0.3692449355432781,0.453125,27.8,5.8
573-F,1,-9.0,127.0,B ramah,0.8,1023557.8057411761,10442000.0,7672766.139074509,2198809.7768526063,1312542.4044219665,13052500.0,9513357.805741176,14982000.0,10103557.805741176,0.3632246376811594,0.5303030303030303,27.36,5.8
573-F,1,-9.0,127.5,B ramah,0.8,1023557.8057411761,10479833.333333334,7710599.472407843,2151082.24867849,1079310.024331836,13347600.0,8673457.805741176,14982000.0,10557557.805741176,0.361913357400722,0.5303030303030303,25.8,5.8
573-F,1,-9.5,125.5,B ramah,0.8,1023557.8057411761,10697375.0,7928141.139074509,1893680.6308144305,1278715.0791412403,13506500.0,9354457.805741176,14301000.0,11238557.805741176,0.35455349248452694,0.5555555555555556,27.72,5.8
573-F,1,-9.5,126.0,B ramah,0.8,1023557.8057411761,10829791.666666666,8060557.805741176,1912711.5962325106,1345450.1751878601,13438399.999999998,9286357.805741176,14528000.0,12373557.805741176,0.3502183406113537,0.453125,27.2,5.8
573-F,1,-10.0,124.5,B ramah,0.8,1023557.8057411761,10375791.666666666,7606557.805741176,2231657.796331583,1549741.7456663125,13551900.0,9195557.805741176,14528000.0,11238557.805741176,0.36554238833181407,0.328125,28.24,5.8
573-F,1,-10.0,125.0,B ramah,0.8,1023557.8057411761,10725750.0,7956516.139074509,1780177.9405441468,1062574.1704717008,12485000.0,8900457.805741176,14755000.0,11011557.805741176,0.35361552028218696,0.5384615384615384,27.24,5.8
573-F,1,-10.0,125.5,B ramah,0.8,1023557.8057411761,11085166.666666666,8315932.805741176,1654165.82594072,1317369.771222353,12870900.0,9422557.805741176,14301000.0,12373557.805741176,0.34215017064846415,0.5555555555555556,25.48,5.8
573-F,1,-10.5,123.5,B ramah,0.8,1023557.8057411761,11274333.333333334,8505099.472407842,2201525.195950707,1196460.0678002504,14074000.0,9967357.805741176,15209000.0,10330557.805741176,0.33640939597315433,0.5223880597014925,27.84,5.8
573-F,1,-10.5,124.0,B ramah,0.8,1023557.8057411761,11047333.333333334,8278099.472407843,2119606.4168422497,966514.2649104369,13960500.0,8968557.805741176,14755000.0,11011557.805741176,0.34332191780821913,0.3230769230769231,28.0,5.8
573-F,1,-10.5,124.5,B ramah,0.8,1023557.8057411761,11227041.666666666,8457807.805741176,1956142.8879783824,1489666.9382638934,13710800.0,9967357.805741176,15663000.0,12600557.805741176,0.33782645324347094,0.42028985507246375,25.52,5.8
