zona,tier,P_rugi,p,q,u_z,HE_rata,HE_p10,HE_min,FN_buruk_rata,FN_buruk_p90,p_bayar,hari_bayar_thn,premi_murni_thn
573-A,1,85,70,0.0,2.0399,0.14531586957823947,0.04422464917234624,-0.12252519133595352,0.0,0.0,0.98989898989899,66.50999999999999,14432669.999999998
573-A,1,85,70,0.25,2.0399,-0.19435469736641378,-0.49696182938071787,-0.6310161859874115,0.13956819330221187,0.15946088794926006,0.6868686868686869,18.871666666666666,4095151.6666666665
573-A,1,85,70,0.5,2.0399,-0.0724217891552656,-0.2579761190727327,-0.3522846513402653,0.35444990070997656,0.3868577075098814,0.47474747474747475,10.858333333333333,2356258.333333333
573-A,1,85,71,0.0,2.0541,0.12968782592885672,0.011157800769974871,-0.16893616471144446,0.0,0.0,0.98989898989899,65.33500000000001,14177695.000000002
573-A,1,85,71,0.25,2.0541,-0.10247548665146855,-0.38990284789015656,-0.5076534381371713,0.16302846160253515,0.1826839826839827,0.6868686868686869,18.813333333333333,4082493.333333333
573-A,1,85,71,0.5,2.0541,0.01756340698844752,-0.18301355876371353,-0.24706716704589105,0.37467416005524823,0.40090909090909094,0.45454545454545453,10.673333333333334,2316113.3333333335
573-A,1,85,72,0.0,2.0696,0.12472337327504947,0.002710909795088515,-0.16215167991489632,0.0,0.0,0.98989898989899,64.72333333333333,14044963.333333332
573-A,1,85,72,0.25,2.0696,-0.05061564879089863,-0.30437367540779586,-0.42110069885641654,0.12052971708638505,0.13668076109936575,0.7171717171717171,20.628333333333334,4476348.333333333
573-A,1,85,72,0.5,2.0696,0.1122902042252331,-0.07083129097186122,-0.11290945155284993,0.3293040110515009,0.3563636363636364,0.47474747474747475,10.585,2296945.0
573-A,1,85,73,0.0,2.0845,0.14695525506786536,0.0209316977258384,-0.13324074347684767,0.0,0.0,0.98989898989899,63.34,13744780.0
573-A,1,85,73,0.25,2.0845,0.011383097896439114,-0.19653854663346013,-0.30775907922342705,0.14322365498092937,0.1590909090909091,0.6767676767676768,19.09,4142530.0
573-A,1,85,73,0.5,2.0845,0.14215485494661806,-0.0032482469353551672,-0.06543006264590279,0.35196517406345357,0.3833172147001934,0.45454545454545453,9.671666666666667,2098751.6666666665
573-A,1,85,74,0.0,2.0976,0.1895131931002785,0.052683298557015125,-0.072349369108478,0.0,0.0,0.98989898989899,61.910000000000004,13434470.0
573-A,1,85,74,0.25,2.0976,0.2109557785921729,0.06739839962287016,-0.06601459767737361,0.09576783520722376,0.11446784922394679,0.7272727272727273,17.766666666666666,3855366.6666666665
573-A,1,85,74,0.5,2.0976,0.2459517162369659,0.14902629066130738,0.04548316321663637,0.3451120267196804,0.38636363636363635,0.43434343434343436,9.066666666666666,1967466.6666666665
573-A,1,85,75,0.0,2.1137,0.2431211604281379,0.10568087091321207,-0.02356239472828814,0.0,0.0,0.98989898989899,60.57666666666667,13145136.666666666
573-A,1,85,75,0.25,2.1137,0.2746128815993715,0.1428387440261504,0.038030791052273916,0.09712039877070314,0.11560606060606063,0.6868686868686869,15.993333333333332,3470553.333333333
573-A,1,85,75,0.5,2.1137,0.29703721653458665,0.1961285962436214,0.12000839454354661,0.2970071563373691,0.3409090909090909,0.4444444444444444,9.256666666666666,2008696.6666666665
573-A,1,85,76,0.0,2.1311,0.24682972278894083,0.1130960655597191,-0.021925142578528956,0.0,0.0,0.98989898989899,59.08166666666666,12820721.666666666
573-A,1,85,76,0.25,2.1311,0.3962282598039432,0.27363987345201946,0.18366650767909953,0.0713072763111874,0.09459049544994946,0.7070707070707071,17.703333333333333,3841623.3333333335
573-A,1,85,76,0.5,2.1311,0.3935935817387423,0.2980184966311782,0.24037088619669955,0.26584931085020347,0.3118181818181818,0.46464646464646464,9.49,2059330.0
573-A,1,85,77,0.0,2.1489,0.2650847724333127,0.11706594729118759,0.02568260394196409,0.0,0.0,0.98989898989899,57.776666666666664,12537536.666666666
573-A,1,85,77,0.25,2.1489,0.41285220020042535,0.3076836219181322,0.253228274348946,0.07889460858323262,0.10893719806763286,0.6666666666666666,15.760000000000002,3419920.0000000005
573-A,1,85,77,0.5,2.1489,0.3701822961246447,0.2978966435123851,0.23860131415477992,0.27432208183549545,0.3181818181818182,0.4444444444444444,8.469999999999999,1837989.9999999998
573-A,1,85,78,0.0,2.1646,0.2874013957882147,0.1316220772402694,0.03520969386247441,0.0,0.0,0.98989898989899,56.44166666666666,12247841.666666666
573-A,1,85,78,0.25,2.1646,0.48247456546367407,0.37985848482430745,0.24893712508495613,0.054132060898427876,0.07148634984833167,0.6868686868686869,19.218333333333334,4170378.3333333335
573-A,1,85,78,0.5,2.1646,0.4281085847243019,0.3320523172977968,0.2850646480863416,0.28045241862626774,0.3409090909090909,0.43434343434343436,8.523333333333333,1849563.3333333333
573-A,1,85,79,0.0,2.1806,0.3372950757679439,0.15182898200361142,0.032612068201294586,0.0022229541794759186,0.0021739130434782917,0.9797979797979798,54.910000000000004,11915470.0
573-A,1,85,79,0.25,2.1806,0.5657003568174581,0.45726922629543215,0.3127899589255637,0.02749884780242653,0.047575757575757605,0.6868686868686869,17.843333333333334,3872003.3333333335
573-A,1,85,79,0.5,2.1806,0.4766592378794598,0.374660686356037,0.30798467978780975,0.21761343097769198,0.2672727272727273,0.45454545454545453,8.52,1848840.0
573-A,1,85,80,0.0,2.1963,0.40345525189237413,0.25397131660664096,0.10283384060754741,0.0022229541794759186,0.0021739130434782917,0.9797979797979798,53.653333333333336,11642773.333333334
573-A,1,85,80,0.25,2.1963,0.6411774472263223,0.5083273153799537,0.29620966431252027,0.030665243011278383,0.06681818181818182,0.6767676767676768,18.308333333333334,3972908.3333333335
573-A,1,85,80,0.5,2.1963,0.5503400810767475,0.42573912095500505,0.3595489840694459,0.16759237532102633,0.22272727272727272,0.47474747474747475,9.23,2002910.0
573-A,1,85,81,0.0,2.2133,0.43515452439551844,0.3015670962685117,0.16835439998818014,0.0022229541794759186,0.0021739130434782917,0.9797979797979798,51.995,11282915.0
573-A,1,85,81,0.25,2.2133,0.666305828306433,0.5275343657906738,0.35343592092432274,0.01873504124584115,0.04556025369978858,0.696969696969697,19.803333333333335,4297323.333333334
573-A,1,85,81,0.5,2.2133,0.5645265834589769,0.4336390998842639,0.38267326480139996,0.1587295095420837,0.20454545454545456,0.47474747474747475,9.256666666666666,2008696.6666666665
573-A,1,85,82,0.0,2.2319,0.45441774053323447,0.32301671409963234,0.19067200289589548,0.0022229541794759186,0.0021739130434782917,0.9797979797979798,50.545,10968265.0
573-A,1,85,82,0.25,2.2319,0.6905216029007656,0.5395115346508098,0.2894861262965044,0.018735041245841154,0.04556025369978858,0.696969696969697,19.673333333333332,4269113.333333333
573-A,1,85,82,0.5,2.2319,0.5639937728760649,0.4147325385879865,0.38256567643633943,0.17384109524057753,0.23563829787234045,0.4444444444444444,8.57,1859690.0
573-A,1,85,83,0.0,2.2506,0.47324701659501617,0.32931120577528195,0.2362371088324814,0.0022229541794759186,0.0021739130434782917,0.9595959595959596,49.006666666666675,10634446.666666668
573-A,1,85,83,0.25,2.2506,0.6971320605076265,0.5617348144738596,0.31077040424337354,0.01797966570613586,0.046511627906976744,0.696969696969697,20.01833333333333,4343978.333333333
573-A,1,85,83,0.5,2.2506,0.6183982681720572,0.4780593260623581,0.40162820247628617,0.12258009414894398,0.17137330754352031,0.48484848484848486,10.62,2304540.0
573-A,1,85,84,0.0,2.2687,0.4857091510550287,0.340692893668343,0.26593481280104025,0.0022229541794759186,0.0021739130434782917,0.9494949494949495,47.06666666666667,10213466.666666668
573-A,1,85,84,0.25,2.2687,0.708047632636056,0.5750648733504959,0.2918796725865076,0.01644689615011049,0.045454545454545456,0.696969696969697,19.72,4279240.0
573-A,1,85,84,0.5,2.2687,0.5755856152178033,0.42974858430711793,0.3580863449661654,0.21448716409398075,0.2956963249516441,0.41414141414141414,8.406666666666666,1824246.6666666665
573-A,1,85,85,0.0,2.2909,0.4962284786756818,0.36331744814148026,0.2983400313229514,0.0022229541794759186,0.0021739130434782917,0.9494949494949495,45.81,9940770.0
573-A,1,85,85,0.25,2.2909,0.7172972240859375,0.5955258641221476,0.297539412251411,0.01580994368129502,0.04673851389676688,0.6767676767676768,18.785,4076345.0
573-A,1,85,85,0.5,2.2909,0.5988157656826136,0.45857569285089833,0.38406167814189884,0.12429913887906267,0.1709692671394799,0.48484848484848486,9.055,1964935.0
573-A,1,85,86,0.0,2.3153,0.5266975830521645,0.37071460685855134,0.2966085886941874,0.0022229541794759186,0.0021739130434782917,0.9494949494949495,43.785,9501345.0
573-A,1,85,86,0.25,2.3153,0.7077603941420644,0.5809664261327456,0.21332943027688311,0.02507379891260662,0.06426499032882012,0.6767676767676768,18.351666666666667,3982311.6666666665
573-A,1,85,86,0.5,2.3153,0.6323657532269675,0.4995610809017584,0.2809397254809255,0.12436904450530663,0.18700707785642065,0.47474747474747475,10.818333333333333,2347578.3333333335
573-A,1,85,87,0.0,2.3405,0.5438836828337692,0.3971343423635171,0.32976363730386204,0.0022229541794759186,0.0021739130434782917,0.9494949494949495,41.574999999999996,9021775.0
573-A,1,85,87,0.25,2.3405,0.6988106969133114,0.5690515632676677,0.29302565674773207,0.03473090367956337,0.06426499032882012,0.6464646464646465,16.021666666666665,3476701.666666666
573-A,1,85,87,0.5,2.3405,0.6007177835978995,0.46161842387180874,0.3063185189562957,0.15320636388150122,0.21978319783197833,0.46464646464646464,9.89,2146130.0
573-A,1,85,88,0.0,2.3669,0.5693596048006508,0.4344037843023523,0.3439466918826277,0.0022229541794759186,0.0021739130434782917,0.9393939393939394,39.026666666666664,8468786.666666666
573-A,1,85,88,0.25,2.3669,0.6734681292902496,0.5478556768803481,0.30456491386188345,0.060271330676238084,0.09090909090909091,0.6161616161616161,15.435,3349395.0
573-A,1,85,88,0.5,2.3669,0.6089791827396147,0.46140739324339697,0.32880234035637246,0.14954331808670834,0.2176033934252386,0.46464646464646464,10.133333333333335,2198933.3333333335
573-A,1,85,89,0.0,2.3975,0.5850041133738145,0.4540978912723226,0.3267938669070063,0.020254865880272206,0.02733224222585927,0.9090909090909091,36.615,7945455.0
573-A,1,85,89,0.25,2.3975,0.6567948271346754,0.5345193449264575,0.2454576179781922,0.04282750520433731,0.08529139685476411,0.7171717171717171,16.575,3596775.0
573-A,1,85,89,0.5,2.3975,0.5800788482765901,0.4490741770751755,0.2876327901066753,0.16608671342364698,0.20454545454545456,0.47474747474747475,9.685,2101645.0
573-A,1,85,90,0.0,2.4281,0.5795688201680299,0.47428972466202773,0.2953222422505246,0.029339097456802306,0.05028541774779452,0.8787878787878788,34.126666666666665,7405486.666666666
573-A,1,85,90,0.25,2.4281,0.5946931185106804,0.47202229144744057,0.2188174108330132,0.07841662425149022,0.11282051282051284,0.6363636363636364,15.846666666666668,3438726.666666667
573-A,1,85,90,0.5,2.4281,0.5355794285218572,0.41429512788222367,0.2391930276883072,0.21266229887436477,0.25,0.4444444444444444,9.841666666666667,2135641.6666666665
573-A,1,85,91,0.0,2.4609,0.570303886227349,0.4713413098829681,0.2476323099199198,0.031562051636278225,0.0653623188405797,0.8686868686868687,31.31,6794270.0
573-A,1,85,91,0.25,2.4609,0.5814125302556881,0.4870904720746042,0.19151694689873233,0.08674186287661294,0.12871794871794873,0.6262626262626263,14.790000000000001,3209430.0
573-A,1,85,91,0.5,2.4609,0.516173414053654,0.43456240279785713,0.21615883839130046,0.22183904175502142,0.25053191489361704,0.4444444444444444,9.985,2166745.0
573-A,1,85,92,0.0,2.4913,0.5206697821470556,0.44239128601018257,0.2005121376436868,0.031562051636278225,0.0653623188405797,0.8484848484848485,28.695,6226815.0
573-A,1,85,92,0.25,2.4913,0.5046697100865704,0.42962719503335867,0.15432555923288338,0.0865839682294531,0.1111111111111111,0.6464646464646465,14.655000000000001,3180135.0000000005
573-A,1,85,92,0.5,2.4913,0.4771599427789152,0.4092805492429474,0.226981509116161,0.22105300035403452,0.25,0.46464646464646464,9.151666666666667,1985911.6666666667
573-A,1,85,93,0.0,2.5304,0.4810725679534607,0.40484784563148785,0.1605753745456695,0.03380110887533547,0.0653623188405797,0.8282828282828283,25.665,5569305.0
573-A,1,85,93,0.25,2.5304,0.5035870800735806,0.455695101803757,0.2544555790313525,0.10835639062728183,0.1348936170212766,0.6161616161616161,12.145,2635465.0
573-A,1,85,93,0.5,2.5304,0.43840381762046626,0.38711018924778323,0.23898894831713013,0.28133644350964165,0.3118181818181818,0.43434343434343436,8.643333333333334,1875603.3333333335
573-A,1,85,94,0.0,2.572,0.4443158494824509,0.3837243449356574,0.12337475251913377,0.03380110887533547,0.0653623188405797,0.8181818181818182,22.21666666666667,4821016.666666667
573-A,1,85,94,0.25,2.572,0.45686915427319996,0.40456244616171355,0.2150387104399989,0.1076471707691258,0.1348936170212766,0.6363636363636364,11.296666666666667,2451376.6666666665
573-A,1,85,94,0.5,2.572,0.41234923516417843,0.3575311405791346,0.22650870984899973,0.27970476193690635,0.3118181818181818,0.43434343434343436,7.635,1656795.0
573-A,1,85,95,0.0,2.616,0.3856966144864471,0.3294904162781443,0.15692595520226948,0.09562105258664401,0.11531620553359685,0.7474747474747475,18.361666666666668,3984481.666666667
573-A,1,85,95,0.25,2.616,0.38369761189504564,0.3334527223502389,0.2278458452764398,0.16708830093045043,0.20173913043478264,0.5959595959595959,9.561666666666667,2074881.6666666667
573-A,1,85,95,0.5,2.616,0.32870671492838366,0.2626195310037269,0.21827166011642685,0.29468738134812356,0.3333333333333333,0.43434343434343436,6.401666666666667,1389161.6666666667
573-A,1,85,96,0.0,2.6778,0.3547465391859495,0.30961251766820125,0.16603472858367074,0.10448780846082734,0.13333333333333333,0.696969696969697,14.911666666666667,3235831.666666667
573-A,1,85,96,0.25,2.6778,0.3553185534362689,0.3084858530556663,0.22848855678023705,0.14661244270756052,0.17777777777777778,0.5858585858585859,8.751666666666665,1899111.6666666663
573-A,1,85,96,0.5,2.6778,0.2864570646945772,0.22352306204177802,0.18990598539116954,0.38448509674353776,0.4231818181818182,0.37373737373737376,5.151666666666666,1117911.6666666665
573-A,1,85,97,0.0,2.7487,0.2793785772236003,0.22844319963770468,0.1149428577760706,0.24193275780793222,0.2727272727272727,0.5757575757575758,11.218333333333334,2434378.3333333335
573-A,1,85,97,0.25,2.7487,0.28487788339614073,0.23806508440674803,0.16423218137761908,0.25248158478232363,0.29614164904862583,0.5151515151515151,7.658333333333333,1661858.3333333333
573-A,1,85,97,0.5,2.7487,0.25082017219947045,0.19724481856704235,0.1566723104184028,0.3642697769962013,0.3917087967644085,0.3838383838383838,5.098333333333334,1106338.3333333335
573-A,2,90,70,0.0,2.0399,-0.06845879086654331,-0.19286243982146373,-0.3316144048707903,0.0,0.0,0.98989898989899,66.50999999999999,44495189.99999999
573-A,2,90,70,0.25,2.0399,-0.6161013251742719,-0.8331775011735904,-0.9603625448787079,0.15721909919308077,0.19608695652173916,0.6868686868686869,18.871666666666666,12625145.0
573-A,2,90,70,0.5,2.0399,-0.3771650116710998,-0.5238690733690763,-0.6131685733007519,0.4082358289323569,0.43675889328063244,0.47474747474747475,10.858333333333333,7264224.999999999
573-A,2,90,71,0.0,2.0541,-0.11099360462154648,-0.24354197801305105,-0.38526664436951363,0.0,0.0,0.98989898989899,65.33500000000001,43709115.00000001
573-A,2,90,71,0.25,2.0541,-0.49235195978770113,-0.7020123520820727,-0.7980424009938156,0.19186077232967705,0.21739130434782608,0.6868686868686869,18.813333333333333,12586120.0
573-A,2,90,71,0.5,2.0541,-0.25400523806640407,-0.3939400868663342,-0.484785606050264,0.4224472047505029,0.4773715415019763,0.45454545454545453,10.673333333333334,7140460.0
573-A,2,90,72,0.0,2.0696,-0.11775542257032043,-0.25769695572261525,-0.3849091504784785,0.0,0.0,0.98989898989899,64.72333333333333,43299910.0
573-A,2,90,72,0.25,2.0696,-0.43114229452896213,-0.6277051672620347,-0.7080384079832907,0.14280261808389452,0.16353290450272145,0.7171717171717171,20.628333333333334,13800355.0
573-A,2,90,72,0.5,2.0696,-0.13482469350767226,-0.27953323443367467,-0.3459918023835198,0.37723594963898266,0.43211462450592886,0.47474747474747475,10.585,7081365.000000001
573-A,2,90,73,0.0,2.0845,-0.10273724274777463,-0.2690240619904703,-0.3768173317133765,0.0,0.0,0.98989898989899,63.34,42374460.0
573-A,2,90,73,0.25,2.0845,-0.32687097436290674,-0.5220440200744846,-0.581679248631455,0.18044395417970888,0.20502114164904864,0.6767676767676768,19.09,12771210.0
573-A,2,90,73,0.5,2.0845,-0.0721612134815403,-0.22279463289988938,-0.2650542325449756,0.41342378822880754,0.45474308300395255,0.45454545454545453,9.671666666666667,6470345.0
573-A,2,90,74,0.0,2.0976,-0.06625178840657611,-0.21896859839917843,-0.35336095450015703,0.0,0.0,0.98989898989899,61.910000000000004,41417790.0
573-A,2,90,74,0.25,2.0976,-0.09904241301554907,-0.2854607081842043,-0.3744829563294334,0.12020760390831303,0.14925994449583718,0.7272727272727273,17.766666666666666,11885900.0
573-A,2,90,74,0.5,2.0976,0.05388465909232846,-0.07570021187167277,-0.12313848766382729,0.4112893334107477,0.45474308300395255,0.43434343434343436,9.066666666666666,6065600.0
573-A,2,90,75,0.0,2.1137,0.011519881996423302,-0.15794321849268672,-0.3013084788336309,0.0,0.0,0.98989898989899,60.57666666666667,40525790.0
573-A,2,90,75,0.25,2.1137,-0.025135450637072728,-0.2058688109635323,-0.2910324491829688,0.15045334656374332,0.17402173913043478,0.6868686868686869,15.993333333333332,10699540.0
573-A,2,90,75,0.5,2.1137,0.09862567657543453,-0.022254489383454857,-0.09378866523539875,0.35171763429451525,0.39308300395256923,0.4444444444444444,9.256666666666666,6192709.999999999
573-A,2,90,76,0.0,2.1311,0.004490163478497785,-0.16104834092065803,-0.3102799544045973,0.0,0.0,0.98989898989899,59.08166666666666,39525635.0
573-A,2,90,76,0.25,2.1311,0.09917470730056736,-0.07443255044979402,-0.14351021878421966,0.11732682494229857,0.13668076109936575,0.7070707070707071,17.703333333333333,11843530.0
573-A,2,90,76,0.5,2.1311,0.20371494276515,0.08381875754566355,0.030167113275754276,0.3208997612641234,0.3642292490118577,0.46464646464646464,9.49,6348810.0
573-A,2,90,77,0.0,2.1489,0.041858559427294065,-0.11039741814548798,-0.26162409730659486,0.0,0.0,0.98989898989899,57.776666666666664,38652590.0
573-A,2,90,77,0.25,2.1489,0.15579308278133858,0.0057059813359977936,-0.06491105529653707,0.12034259096109798,0.13794466403162056,0.6666666666666666,15.760000000000002,10543440.000000002
573-A,2,90,77,0.5,2.1489,0.20738400299926502,0.10617057987176715,0.052597206530153984,0.32911200673875524,0.37124505928853757,0.4444444444444444,8.469999999999999,5666429.999999999
573-A,2,90,78,0.0,2.1646,0.07246595328084902,-0.08283988436971619,-0.2569579061608396,0.0,0.0,0.98989898989899,56.44166666666666,37759475.0
573-A,2,90,78,0.25,2.1646,0.2109944129102834,0.08271095303262009,-0.004477694392249987,0.0932404989290958,0.11390063424947146,0.6868686868686869,19.218333333333334,12857065.0
573-A,2,90,78,0.5,2.1646,0.2875909896862139,0.19267046149362804,0.16068849293249599,0.3405106021158809,0.38636363636363635,0.43434343434343436,8.523333333333333,5702110.0
573-A,2,90,79,0.0,2.1806,0.12993693554933647,-0.023028803517509754,-0.20793346347589803,0.0014338575393154488,0.0,0.9797979797979798,54.910000000000004,36734790.0
573-A,2,90,79,0.25,2.1806,0.34972248715952947,0.22682465056442064,0.14474833795202935,0.06546061013406143,0.07619565217391305,0.6868686868686869,17.843333333333334,11937190.0
573-A,2,90,79,0.5,2.1806,0.3580404039111103,0.2699702822624079,0.2434326585412533,0.27725441856957944,0.31979218208807525,0.45454545454545453,8.52,5699880.0
573-A,2,90,80,0.0,2.1963,0.19714911616510009,0.03790782184148217,-0.15969311837057854,0.0014338575393154488,0.0,0.9797979797979798,53.653333333333336,35894080.0
573-A,2,90,80,0.25,2.1963,0.4207677532788007,0.3012011737524986,0.20922570016474462,0.06854781379748678,0.08735177865612649,0.6767676767676768,18.308333333333334,12248275.0
573-A,2,90,80,0.5,2.1963,0.44052933585148624,0.358143779001462,0.3266983947045605,0.2230295305718277,0.2608695652173913,0.47474747474747475,9.23,6174870.0
573-A,2,90,81,0.0,2.2133,0.24027306797991124,0.10112149368068557,-0.10041141659727204,0.0014338575393154488,0.0,0.9797979797979798,51.995,34784655.0
573-A,2,90,81,0.25,2.2133,0.4429643055350068,0.3241924832305496,0.25668986612321865,0.05858229293563769,0.07619565217391305,0.696969696969697,19.803333333333335,13248430.0
573-A,2,90,81,0.5,2.2133,0.4561558963378039,0.36536790950751274,0.34041003636436606,0.20937688923144007,0.24608695652173915,0.47474747474747475,9.256666666666666,6192709.999999999
573-A,2,90,82,0.0,2.2319,0.27103508695166334,0.13856036393274526,-0.0581674129387193,0.0014338575393154488,0.0,0.9797979797979798,50.545,33814605.0
573-A,2,90,82,0.25,2.2319,0.4814993847536541,0.3732664635510991,0.2579962595388585,0.05947334076470588,0.07178571428571429,0.696969696969697,19.673333333333332,13161460.0
573-A,2,90,82,0.5,2.2319,0.47638718119617146,0.3878583105916615,0.36990583749987704,0.23193633601393607,0.26205533596837943,0.4444444444444444,8.57,5733330.0
573-A,2,90,83,0.0,2.2506,0.3027475774387023,0.16034325197151317,-0.022606582665556374,0.0014338575393154488,0.0,0.9595959595959596,49.006666666666675,32785460.000000004
573-A,2,90,83,0.25,2.2506,0.5077817448502299,0.4121536325467109,0.288309864442412,0.05336526326380734,0.06976744186046512,0.696969696969697,20.01833333333333,13392264.999999998
573-A,2,90,83,0.5,2.2506,0.5288468711920242,0.4476014401364918,0.4287871025450284,0.19143008978933,0.21956521739130438,0.48484848484848486,10.62,7104779.999999999
573-A,2,90,84,0.0,2.2687,0.34536365330492996,0.2229075196213655,0.04640083000013684,0.0014338575393154488,0.0,0.9494949494949495,47.06666666666667,31487600.000000004
573-A,2,90,84,0.25,2.2687,0.5648745498857176,0.4586292027760094,0.3465114056762181,0.0527065995229415,0.06976744186046512,0.696969696969697,19.72,13192680.0
573-A,2,90,84,0.5,2.2687,0.5488876493395516,0.46533041995455615,0.444759941572359,0.26880123940953937,0.3025278058645096,0.41414141414141414,8.406666666666666,5624060.0
573-A,2,90,85,0.0,2.2909,0.37401727352211206,0.2536089584531568,0.08976082890803105,0.0014338575393154488,0.0,0.9494949494949495,45.81,30646890.0
573-A,2,90,85,0.25,2.2909,0.6240605639352392,0.5125103283334801,0.388312594706019,0.05338490323048146,0.06976744186046512,0.6767676767676768,18.785,12567165.0
573-A,2,90,85,0.5,2.2909,0.5922528208785206,0.5045561301910547,0.4714900754917888,0.15471932113490422,0.18700707785642065,0.48484848484848486,9.055,6057795.0
573-A,2,90,86,0.0,2.3153,0.4282850504109504,0.30309174661223187,0.14041831051288012,0.0014338575393154488,0.0,0.9494949494949495,43.785,29292164.999999996
573-A,2,90,86,0.25,2.3153,0.656101840795895,0.547549808713891,0.4136016613654049,0.04655077085459187,0.0653623188405797,0.6767676767676768,18.351666666666667,12277265.0
573-A,2,90,86,0.5,2.3153,0.6385388325960842,0.5412757807536925,0.4841516729690253,0.1432070592392226,0.17470355731225298,0.47474747474747475,10.818333333333333,7237465.0
573-A,2,90,87,0.0,2.3405,0.49205721888760673,0.38312897269503743,0.23895352408775083,0.0014338575393154488,0.0,0.9494949494949495,41.574999999999996,27813674.999999996
573-A,2,90,87,0.25,2.3405,0.713269306133584,0.6133333530013584,0.545882933122193,0.026897789706752648,0.06426499032882012,0.6464646464646465,16.021666666666665,10718494.999999998
573-A,2,90,87,0.5,2.3405,0.660537000458419,0.5597516585720226,0.5242440879962176,0.16877615740093527,0.20127659574468088,0.46464646464646464,9.89,6616410.0
573-A,2,90,88,0.0,2.3669,0.5680609947248061,0.455016456305445,0.3180893615278557,0.0029336890189244815,0.0021276595744681155,0.9393939393939394,39.026666666666664,26108839.999999996
573-A,2,90,88,0.25,2.3669,0.7441628368411936,0.6369258418208833,0.5870416569969832,0.04329018101653312,0.08529139685476411,0.6161616161616161,15.435,10326015.0
573-A,2,90,88,0.5,2.3669,0.6952945537259716,0.5956353683392271,0.5256508076649007,0.1408941325742105,0.17567067530064756,0.46464646464646464,10.133333333333335,6779200.000000001
573-A,2,90,89,0.0,2.3975,0.6407525399242798,0.5129510507821603,0.4082571703547979,0.011980889287861729,0.023255813953488372,0.9090909090909091,36.615,24495435.0
573-A,2,90,89,0.25,2.3975,0.7647992036909256,0.6622895649194769,0.5840724953244236,0.01718515642842816,0.043675889328063246,0.7171717171717171,16.575,11088675.0
573-A,2,90,89,0.5,2.3975,0.6932281711955973,0.6022232352728268,0.5349660216947161,0.12893702703359053,0.17567067530064756,0.47474747474747475,9.685,6479265.0
573-A,2,90,90,0.0,2.4281,0.6960227870069198,0.554516805900996,0.46576932002784877,0.025338479344137323,0.044444444444444446,0.8787878787878788,34.126666666666665,22830740.0
573-A,2,90,90,0.25,2.4281,0.7643401654597869,0.6453977944660416,0.583016442265778,0.04264173674173029,0.07148634984833167,0.6363636363636364,15.846666666666668,10601420.0
573-A,2,90,90,0.5,2.4281,0.7061591727544986,0.6088606955436332,0.5167499857053182,0.15595693506864416,0.1970171890798787,0.4444444444444444,9.841666666666667,6584075.0
573-A,2,90,91,0.0,2.4609,0.7361765158268673,0.6203111585248223,0.5232174791476117,0.025338479344137323,0.044444444444444446,0.8686868686868687,31.31,20946390.0
573-A,2,90,91,0.25,2.4609,0.7727830579473322,0.678925491282831,0.6019038671879564,0.04265783980131161,0.07148634984833167,0.6262626262626263,14.790000000000001,9894510.0
573-A,2,90,91,0.5,2.4609,0.7150704611367348,0.6376705263918406,0.5535583306024856,0.15220506002184386,0.21739130434782608,0.4444444444444444,9.985,6679965.0
573-A,2,90,92,0.0,2.4913,0.7335416814508678,0.6321812194432915,0.5309745775998338,0.025338479344137323,0.044444444444444446,0.8484848484848485,28.695,19196955.0
573-A,2,90,92,0.25,2.4913,0.7342199297503735,0.6362969744968213,0.5562660200346883,0.04496653511304028,0.07148634984833167,0.6464646464646465,14.655000000000001,9804195.0
573-A,2,90,92,0.5,2.4913,0.6732911582981086,0.5952845406163609,0.5045100490077032,0.1343044148605335,0.19327065809005445,0.46464646464646464,9.151666666666667,6122465.0
573-A,2,90,93,0.0,2.5304,0.7243512578302946,0.6446479622922016,0.5290713349623908,0.026096055101713082,0.04454545454545455,0.8282828282828283,25.665,17169885.0
573-A,2,90,93,0.25,2.5304,0.7116036696685213,0.6385651451326737,0.5645956695413837,0.05554839795130895,0.09112050739957717,0.6161616161616161,12.145,8125005.0
573-A,2,90,93,0.5,2.5304,0.6484505710883226,0.6028315734228454,0.49819026252413956,0.1844929210405207,0.23321536905965623,0.43434343434343436,8.643333333333334,5782390.000000001
573-A,2,90,94,0.0,2.572,0.6975819808868746,0.6398119817428973,0.5279477939770512,0.026096055101713082,0.04454545454545455,0.8181818181818182,22.21666666666667,14862950.000000002
573-A,2,90,94,0.25,2.572,0.6784939963722698,0.6173356213282948,0.5323155109903048,0.0540324634121186,0.0890909090909091,0.6363636363636364,11.296666666666667,7557470.0
573-A,2,90,94,0.5,2.572,0.6011226244008568,0.5519804691559458,0.4788275778537565,0.18627751252578822,0.2345513413506013,0.43434343434343436,7.635,5107815.0
573-A,2,90,95,0.0,2.616,0.6114789436451917,0.5410192716803228,0.4811589943675879,0.0831300110002224,0.10893719806763286,0.7474747474747475,18.361666666666668,12283955.000000002
573-A,2,90,95,0.25,2.616,0.5759253345679388,0.5194440452301504,0.4664031936471359,0.1260112283503644,0.15217391304347827,0.5959595959595959,9.561666666666667,6396755.000000001
573-A,2,90,95,0.5,2.616,0.49964195294846553,0.4493808557833825,0.3995889279849294,0.2142511620782841,0.24074930619796486,0.43434343434343436,6.401666666666667,4282715.0
573-A,2,90,96,0.0,2.6778,0.5449259132601326,0.4751166997896731,0.43462657679564265,0.10043248537377651,0.11769464105156725,0.696969696969697,14.911666666666667,9975905.0
573-A,2,90,96,0.25,2.6778,0.5143989982927107,0.4619049966614645,0.4164769419094868,0.13485661400566956,0.17391304347826086,0.5858585858585859,8.751666666666665,5854864.999999999
573-A,2,90,96,0.5,2.6778,0.43076114015509165,0.3819485839663421,0.34057310300348176,0.3143931637717892,0.3479271991911021,0.37373737373737376,5.151666666666666,3446465.0
573-A,2,90,97,0.0,2.7487,0.4589668603066721,0.38109426303797755,0.3221480265038774,0.2363312632164489,0.2733615221987315,0.5757575757575758,11.218333333333334,7505065.0
573-A,2,90,97,0.25,2.7487,0.4366305502134699,0.3683791304795358,0.324449931416268,0.24004350730774585,0.2794236602628918,0.5151515151515151,7.658333333333333,5123425.0
573-A,2,90,97,0.5,2.7487,0.3788194125476234,0.32539815345461653,0.28325173580476604,0.3329108142306765,0.38636363636363635,0.3838383838383838,5.098333333333334,3410785.0
573-A,3,95,70,0.0,2.0399,-0.4557739939759195,-0.7104124723253533,-0.7460709647597457,0.0,0.0,0.98989898989899,66.50999999999999,44561699.99999999
573-A,3,95,70,0.25,2.0399,-1.5836229023922996,-1.9501478391197884,-2.235337898662551,0.18417247860557354,0.2287912087912088,0.6868686868686869,18.871666666666666,12644016.666666666
573-A,3,95,70,0.5,2.0399,-1.027800606136,-1.2447529456725954,-1.4553996270576128,0.43875477653682804,0.4872420262664165,0.47474747474747475,10.858333333333333,7275083.333333333
573-A,3,95,71,0.0,2.0541,-0.5651579412939243,-0.8378297727645548,-0.8734550747287091,0.0,0.0,0.98989898989899,65.33500000000001,43774450.00000001
573-A,3,95,71,0.25,2.0541,-1.3936092718612096,-1.7350132709323827,-1.9765946502057608,0.22963845120533224,0.275,0.6868686868686869,18.813333333333333,12604933.333333332
573-A,3,95,71,0.5,2.0541,-0.8303995624863781,-1.0405686063126918,-1.2157921810699586,0.4411225014045529,0.4872420262664165,0.45454545454545453,10.673333333333334,7151133.333333334
573-A,3,95,72,0.0,2.0696,-0.5552903755471166,-0.8334125097989896,-0.8682034465020574,0.0,0.0,0.98989898989899,64.72333333333333,43364633.33333333
573-A,3,95,72,0.25,2.0696,-1.3155063667251303,-1.6068731831559342,-1.848570923353909,0.1592083154065246,0.18363636363636368,0.7171717171717171,20.628333333333334,13820983.333333334
573-A,3,95,72,0.5,2.0696,-0.6676645402172189,-0.8245203887812659,-0.9673466435185185,0.3948424354907009,0.4362101313320826,0.47474747474747475,10.585,7091950.000000001
573-A,3,95,73,0.0,2.0845,-0.5414641482930814,-0.8169847459075424,-0.863001034535889,0.0,0.0,0.98989898989899,63.34,42437800.0
573-A,3,95,73,0.25,2.0845,-1.098671708441897,-1.3641749281474438,-1.5508680555555556,0.20780067381559597,0.23269230769230773,0.6767676767676768,19.09,12790300.0
573-A,3,95,73,0.5,2.0845,-0.5281601277814102,-0.6708549945330049,-0.7712175282921809,0.4267377094164276,0.4620512820512821,0.45454545454545453,9.671666666666667,6480016.666666667
573-A,3,95,74,0.0,2.0976,-0.5137821647422245,-0.7998187711229132,-0.8428110761374388,0.0,0.0,0.98989898989899,61.910000000000004,41479700.0
573-A,3,95,74,0.25,2.0976,-0.7638307696363152,-0.9998063433856035,-1.1046810699588478,0.13751226075284462,0.17270676691729325,0.7272727272727273,17.766666666666666,11903666.666666666
573-A,3,95,74,0.5,2.0976,-0.3354314407742487,-0.4696735738571557,-0.5225051440329218,0.40526469714546093,0.4504545454545455,0.43434343434343436,9.066666666666666,6074666.666666666
573-A,3,95,75,0.0,2.1137,-0.399950000222179,-0.65818918031213,-0.6980640972023506,0.0,0.0,0.98989898989899,60.57666666666667,40586366.666666664
573-A,3,95,75,0.25,2.1137,-0.6490599564136394,-0.8869720271780869,-0.961085390946502,0.17521521526641876,0.20734265734265736,0.6868686868686869,15.993333333333332,10715533.333333332
573-A,3,95,75,0.5,2.1137,-0.29052802038262127,-0.47119240625003456,-0.5052889351760632,0.33674836360078453,0.38636363636363635,0.4444444444444444,9.256666666666666,6201966.666666666
573-A,3,95,76,0.0,2.1311,-0.43394325799581085,-0.7040957241253708,-0.7524143756465846,0.0,0.0,0.98989898989899,59.08166666666666,39584716.666666664
573-A,3,95,76,0.25,2.1311,-0.5227148669473447,-0.7532200901750877,-0.8128793724279832,0.12752037504305552,0.1543706293706294,0.7070707070707071,17.703333333333333,11861233.333333334
573-A,3,95,76,0.5,2.1311,-0.17519113205330053,-0.3408624795112964,-0.3837134132561084,0.3209954456594925,0.38636363636363635,0.46464646464646464,9.49,6358300.0
573-A,3,95,77,0.0,2.1489,-0.3547959047407987,-0.5971229719796626,-0.6645440392576065,0.0,0.0,0.98989898989899,57.776666666666664,38710366.666666664
573-A,3,95,77,0.25,2.1489,-0.3739622131669848,-0.6016316480643918,-0.6362654320987648,0.14168952444935953,0.1724675324675325,0.6666666666666666,15.760000000000002,10559200.000000002
573-A,3,95,77,0.5,2.1489,-0.102184082172395,-0.2604576663211143,-0.3180961490957446,0.3143226163581442,0.36363636363636365,0.4444444444444444,8.469999999999999,5674899.999999999
573-A,3,95,78,0.0,2.1646,-0.3353839112838328,-0.5779016649363431,-0.6577213082999134,0.0,0.0,0.98989898989899,56.44166666666666,37815916.666666664
573-A,3,95,78,0.25,2.1646,-0.45872071675247067,-0.6407599229827189,-0.7483008616255138,0.12083436109437627,0.15750000000000003,0.6868686868686869,19.218333333333334,12876283.333333334
573-A,3,95,78,0.5,2.1646,-0.00482126162695153,-0.14696352449537925,-0.18233456244546398,0.333353675878094,0.37750000000000006,0.43434343434343436,8.523333333333333,5710633.333333333
573-A,3,95,79,0.0,2.1806,-0.2924165689219867,-0.5419929618215356,-0.6111445113245855,0.005669160274423432,0.025,0.9797979797979798,54.910000000000004,36789700.0
573-A,3,95,79,0.25,2.1806,-0.2240840603644599,-0.4068082040075381,-0.4503022119341562,0.09211581779627459,0.13363636363636364,0.6868686868686869,17.843333333333334,11955033.333333334
573-A,3,95,79,0.5,2.1806,0.06412142524429676,-0.05563924456471401,-0.09722768651861813,0.2809783977563896,0.3265909090909091,0.45454545454545453,8.52,5708400.0
573-A,3,95,80,0.0,2.1963,-0.2473674551822997,-0.5399715368170844,-0.5882442408545989,0.005669160274423432,0.025,0.9797979797979798,53.653333333333336,35947733.333333336
573-A,3,95,80,0.25,2.1963,-0.2699210042546685,-0.43667584542809074,-0.5142345036008229,0.0990930106085081,0.13363636363636364,0.6767676767676768,18.308333333333334,12266583.333333334
573-A,3,95,80,0.5,2.1963,0.0686273846863744,-0.04045966117509667,-0.05716534428112574,0.2505096118388191,0.3110714285714286,0.47474747474747475,9.23,6184100.0
573-A,3,95,81,0.0,2.2133,-0.20379597619916515,-0.4976296251470692,-0.5210543307482047,0.005669160274423432,0.025,0.9797979797979798,51.995,34836650.0
573-A,3,95,81,0.25,2.2133,-0.2842758989567025,-0.44933589252077416,-0.5381108539094648,0.09873281863246249,0.137012987012987,0.696969696969697,19.803333333333335,13268233.333333334
573-A,3,95,81,0.5,2.2133,0.11236554228525661,0.003899183436859789,-0.03186062836357473,0.2415154817118263,0.28714285714285714,0.47474747474747475,9.256666666666666,6201966.666666666
573-A,3,95,82,0.0,2.2319,-0.17289362408323938,-0.4710775796269553,-0.4875648374669086,0.005669160274423432,0.025,0.9797979797979798,50.545,33865150.0
573-A,3,95,82,0.25,2.2319,-0.2781696868698301,-0.4566612967940531,-0.5455761316872423,0.09058456322154176,0.11964285714285715,0.696969696969697,19.673333333333332,13181133.333333332
573-A,3,95,82,0.5,2.2319,0.1140149189569082,0.004003459907644514,-0.046973989183620946,0.266634876573823,0.29590909090909095,0.4444444444444444,8.57,5741900.0
573-A,3,95,83,0.0,2.2506,-0.15828256599464438,-0.456983364045535,-0.49511647427665406,0.005669160274423432,0.025,0.9595959595959596,49.006666666666675,32834466.66666667
573-A,3,95,83,0.25,2.2506,-0.29361866325009367,-0.4863276966588089,-0.5637329603909462,0.09193351149248727,0.12613636363636366,0.696969696969697,20.01833333333333,13412283.333333332
573-A,3,95,83,0.5,2.2506,0.05222141716427944,-0.07489615838652401,-0.0978078174354986,0.2195657014727525,0.2623809523809524,0.48484848484848486,10.62,7115399.999999999
573-A,3,95,84,0.0,2.2687,-0.08455705763754562,-0.3566115800625965,-0.3858378640135589,0.006409901015164173,0.025,0.9494949494949495,47.06666666666667,31534666.666666668
573-A,3,95,84,0.25,2.2687,-0.1951724712567066,-0.3671749087342937,-0.45545129827567776,0.08613374093005138,0.12077922077922079,0.696969696969697,19.72,13212400.0
573-A,3,95,84,0.5,2.2687,0.21536430510875182,0.11448915070839508,0.07757519696006121,0.30864742590308547,0.3428947368421053,0.41414141414141414,8.406666666666666,5632466.666666666
573-A,3,95,85,0.0,2.2909,-0.03906036452376648,-0.30533759861134,-0.3490733199797491,0.006409901015164173,0.025,0.9494949494949495,45.81,30692700.0
573-A,3,95,85,0.25,2.2909,-0.03663638443430125,-0.21063968017841647,-0.2635135409078804,0.09374683922414674,0.13363636363636364,0.6767676767676768,18.785,12585950.0
573-A,3,95,85,0.5,2.2909,0.28598075264858525,0.1702971717725235,0.1413539920217377,0.18392239481696068,0.2225,0.48484848484848486,9.055,6066850.0
573-A,3,95,86,0.0,2.3153,0.029609642552123765,-0.25391401635578403,-0.27297324286397573,0.006409901015164173,0.025,0.9494949494949495,43.785,29335949.999999996
573-A,3,95,86,0.25,2.3153,-0.09177966122744646,-0.27739337818267273,-0.3775446887860081,0.10097034999416914,0.13333333333333333,0.6767676767676768,18.351666666666667,12295616.666666666
573-A,3,95,86,0.5,2.3153,0.15595329394235735,0.031498523508053954,-0.06449280552691206,0.18683304897761482,0.22272727272727272,0.47474747474747475,10.818333333333333,7248283.333333333
573-A,3,95,87,0.0,2.3405,0.19773874267766053,-0.04603247154648011,-0.08443397961811572,0.006409901015164173,0.025,0.9494949494949495,41.574999999999996,27855249.999999996
573-A,3,95,87,0.25,2.3405,0.1538057234797883,0.007555721039125666,-0.12168099434686175,0.06840687143808871,0.11136363636363636,0.6464646464646465,16.021666666666665,10734516.666666666
573-A,3,95,87,0.5,2.3405,0.2824536565583502,0.17707535625854937,0.03872730737367602,0.2072496942111531,0.24444444444444444,0.46464646464646464,9.89,6626300.0
573-A,3,95,88,0.0,2.3669,0.2919733075205331,0.0417273117183497,-0.01776030525524641,0.008000810106073264,0.025131578947368425,0.9393939393939394,39.026666666666664,26147866.666666664
573-A,3,95,88,0.25,2.3669,0.24191680017757794,0.09383208729591408,-0.02980364703767724,0.06051747541680124,0.10480769230769234,0.6161616161616161,15.435,10341450.0
573-A,3,95,88,0.5,2.3669,0.3622342985863828,0.2595500108317697,0.12442039454390408,0.20008546483866632,0.245,0.46464646464646464,10.133333333333335,6789333.333333334
573-A,3,95,89,0.0,2.3975,0.39426039221470793,0.17182864002849674,0.11022300241239946,0.012020494125757284,0.025708502024291497,0.9090909090909091,36.615,24532050.0
573-A,3,95,89,0.25,2.3975,0.27194239136977316,0.14757769773406124,-0.051080961641639666,0.03905266728755301,0.075,0.7171717171717171,16.575,11105250.0
573-A,3,95,89,0.5,2.3975,0.3710801859820913,0.29035841203243423,0.08146438306734449,0.16447275878247797,0.21059431524547806,0.47474747474747475,9.685,6488950.0
573-A,3,95,90,0.0,2.4281,0.4627129165839516,0.2617631557705132,0.22677185218666385,0.018157609141391272,0.04454545454545455,0.8787878787878788,34.126666666666665,22864866.666666664
573-A,3,95,90,0.25,2.4281,0.3748537328267977,0.21996321555813356,0.10860295995772651,0.06771882733205194,0.1,0.6363636363636364,15.846666666666668,10617266.666666668
573-A,3,95,90,0.5,2.4281,0.47090768894978186,0.3713986347734598,0.22822703910976938,0.1837375814856748,0.2337467700258398,0.4444444444444444,9.841666666666667,6593916.666666667
573-A,3,95,91,0.0,2.4609,0.5193395623470878,0.3816889551517438,0.34786463281631164,0.019792377881423167,0.04476190476190477,0.8686868686868687,31.31,20977700.0
573-A,3,95,91,0.25,2.4609,0.42546643162150605,0.2918484306723705,0.1403459455660775,0.06122448457938754,0.09000000000000002,0.6262626262626263,14.790000000000001,9909300.0
573-A,3,95,91,0.5,2.4609,0.4851799929757596,0.3937642148302895,0.2303407154334861,0.1553349621990892,0.20222222222222228,0.4444444444444444,9.985,6689950.0
573-A,3,95,92,0.0,2.4913,0.5464597880244183,0.4435646259919635,0.32503449590035993,0.019792377881423167,0.04476190476190477,0.8484848484848485,28.695,19225650.0
573-A,3,95,92,0.25,2.4913,0.5050692522506831,0.36976286405304715,0.2301298883832944,0.04603674220327106,0.08666666666666668,0.6464646464646465,14.655000000000001,9818850.0
573-A,3,95,92,0.5,2.4913,0.5511573490796892,0.4471011648298867,0.3274292749576657,0.140245298914805,0.17842105263157895,0.46464646464646464,9.151666666666667,6131616.666666667
573-A,3,95,93,0.0,2.5304,0.6410126703084699,0.5365628374249047,0.4220041720463261,0.020517015562582588,0.04476190476190477,0.8282828282828283,25.665,17195550.0
573-A,3,95,93,0.25,2.5304,0.6342725863438882,0.5430733993202969,0.4212527181147737,0.05000572812877872,0.0970779220779221,0.6161616161616161,12.145,8137150.0
573-A,3,95,93,0.5,2.5304,0.6406929852817247,0.532791233479357,0.4512671922026428,0.15708663978580756,0.21428571428571427,0.43434343434343436,8.643333333333334,5791033.333333334
573-A,3,95,94,0.0,2.572,0.7063371882885401,0.6063663443441109,0.46285727414138667,0.020517015562582588,0.04476190476190477,0.8181818181818182,22.21666666666667,14885166.666666668
573-A,3,95,94,0.25,2.572,0.6976504365138877,0.6258339409532231,0.5177371770528272,0.032750060295627326,0.07607142857142858,0.6363636363636364,11.296666666666667,7568766.666666667
573-A,3,95,94,0.5,2.572,0.6564807683207583,0.5902256529721562,0.5252228887900825,0.15080559124209367,0.2,0.43434343434343436,7.635,5115450.0
573-A,3,95,95,0.0,2.616,0.774890756021406,0.6756160857929041,0.5484952209353864,0.06358266945153539,0.09134199134199135,0.7474747474747475,18.361666666666668,12302316.666666668
573-A,3,95,95,0.25,2.616,0.7359866179977061,0.6274992992260411,0.5732962538299964,0.0783539460907405,0.12047619047619049,0.5959595959595959,9.561666666666667,6406316.666666667
573-A,3,95,95,0.5,2.616,0.6614340179118151,0.5898538642540293,0.5216129824831865,0.14382330531291795,0.2,0.43434343434343436,6.401666666666667,4289116.666666667
573-A,3,95,96,0.0,2.6778,0.7611121287125733,0.6450611914992075,0.5713595764361281,0.07607401936859408,0.10610047846889953,0.696969696969697,14.911666666666667,9990816.666666666
573-A,3,95,96,0.25,2.6778,0.7148096473303113,0.6133108442123832,0.5654628273562909,0.09406570149087,0.13363636363636364,0.5858585858585859,8.751666666666665,5863616.666666666
573-A,3,95,96,0.5,2.6778,0.6176167113495322,0.5400822063804704,0.47493038560114087,0.22617126203726265,0.2687361419068736,0.37373737373737376,5.151666666666666,3451616.6666666665
573-A,3,95,97,0.0,2.7487,0.7022802615912019,0.6253574688054218,0.5021402212244426,0.19258545621707768,0.25,0.5757575757575758,11.218333333333334,7516283.333333334
573-A,3,95,97,0.25,2.7487,0.6655341153000571,0.5889260872512304,0.5010418071801592,0.1965323326095462,0.25,0.5151515151515151,7.658333333333333,5131083.333333333
573-A,3,95,97,0.5,2.7487,0.584824547978383,0.5172749189193373,0.44091809107201363,0.25018516369364624,0.3018181818181818,0.3838383838383838,5.098333333333334,3415883.3333333335
573-D,1,85,70,0.0,1.0408,0.11621203015421779,-0.07936898980829243,-0.13221645574700802,0.0,0.0,1.0,64.55833333333334,14654741.666666668
573-D,1,85,70,0.25,1.0408,0.0016384450272309324,-0.23890018160890358,-0.3537017033651846,0.14482324315607997,0.19145299145299144,0.696969696969697,17.513333333333332,3975526.6666666665
573-D,1,85,70,0.5,1.0408,0.07182929998102568,-0.10109666446450072,-0.16871042791857094,0.4103377876515519,0.44562647754137114,0.41414141414141414,9.951666666666666,2259028.333333333
573-D,1,85,71,0.0,1.0506,0.13806991940773586,-0.07326717238600444,-0.13331850331056416,0.0,0.0,1.0,63.748333333333335,14470871.666666668
573-D,1,85,71,0.25,1.0506,0.06507190376614537,-0.14241172333232888,-0.1647021188201081,0.13192968782206904,0.17425474254742548,0.696969696969697,16.981666666666666,3854838.333333333
573-D,1,85,71,0.5,1.0506,0.15408566845804073,0.0037572773169806117,-0.013881051977072012,0.40250897643287264,0.4382621951219512,0.42424242424242425,9.503333333333334,2157256.666666667
573-D,1,85,72,0.0,1.0582,0.15095355819979211,-0.08629729906333872,-0.14382673091195786,0.0,0.0,1.0,62.49666666666666,14186743.333333332
573-D,1,85,72,0.25,1.0582,0.13852387095458674,-0.05735785604558319,-0.08974206783956262,0.15115097657962187,0.1975609756097561,0.6767676767676768,16.445,3733015.0
573-D,1,85,72,0.5,1.0582,0.21604804541707676,0.08864480818554005,0.034126867501949376,0.40206985627269864,0.43968023255813954,0.41414141414141414,8.368333333333334,1899611.6666666667
573-D,1,85,73,0.0,1.067,0.15249216770239646,-0.11339331248954077,-0.15804722613947964,0.0,0.0,1.0,61.20666666666666,13893913.333333332
573-D,1,85,73,0.25,1.067,0.07027098717507532,-0.20037442546819517,-0.24626944113391191,0.14414665586452116,0.19538706256627786,0.6868686868686869,17.64,4004280.0
573-D,1,85,73,0.5,1.067,0.20239108448549062,0.01689057295178531,-0.05495942731247583,0.34958176484178255,0.39767441860465114,0.4444444444444444,8.963333333333335,2034676.666666667
573-D,1,85,74,0.0,1.0769,0.16622439019599225,-0.11327927215129463,-0.16085336576890596,0.0,0.0,1.0,59.91833333333334,13601461.666666668
573-D,1,85,74,0.25,1.0769,0.13583044787424678,-0.15222502346933753,-0.2558205085430909,0.1070925588638393,0.15831842576028624,0.7171717171717171,19.123333333333335,4340996.666666667
573-D,1,85,74,0.5,1.0769,0.25899802273724093,0.0799398367046747,-0.020495260288027728,0.32659414965572026,0.3811684628474192,0.45454545454545453,9.71,2204170.0
573-D,1,85,75,0.0,1.0855,0.16799851846147854,-0.11512128128702626,-0.1687411691636207,0.0,0.0,1.0,58.42666666666667,13262853.333333334
573-D,1,85,75,0.25,1.0855,0.18898677303123224,-0.13590149500740134,-0.16726291111974545,0.0977289708791159,0.15094850948509486,0.7070707070707071,19.273333333333333,4375046.666666667
573-D,1,85,75,0.5,1.0855,0.2659038324454344,0.09560812533504504,-0.023444670066157913,0.3553411342345324,0.4138388123011665,0.42424242424242425,9.263333333333332,2102776.6666666665
573-D,1,85,76,0.0,1.0951,0.18375860275983932,-0.12051681624701494,-0.1704228121124547,0.0,0.0,1.0,56.56666666666666,12840633.333333332
573-D,1,85,76,0.25,1.0951,0.25740149431064846,-0.03691824536029986,-0.05138248353899888,0.07986426804508748,0.1276422764227642,0.7171717171717171,18.61,4224470.0
573-D,1,85,76,0.5,1.0951,0.2939663893385679,0.14643548948617857,0.01813573246552347,0.3060381734578398,0.3695652173913043,0.45454545454545453,9.673333333333334,2195846.666666667
573-D,1,85,77,0.0,1.1043,0.1967550107310222,-0.10627814075436448,-0.15119004129957214,0.0,0.0,1.0,55.60666666666667,12622713.333333334
573-D,1,85,77,0.25,1.1043,0.29803299305100095,0.04762322412308706,-0.03800485478338733,0.07980042044695905,0.12532299741602065,0.7070707070707071,17.766666666666666,4033033.333333333
573-D,1,85,77,0.5,1.1043,0.3220151422640456,0.11854235108902855,0.04148811095036398,0.28922811205904303,0.34782608695652173,0.45454545454545453,10.191666666666666,2313508.3333333335
573-D,1,85,78,0.0,1.1158,0.20881959122452606,-0.09085210029162005,-0.1307001199327067,0.0,0.0,1.0,53.98666666666667,12254973.333333334
573-D,1,85,78,0.25,1.1158,0.3415632624137466,0.07585492842470987,0.051294871873365344,0.10116968861417243,0.14293817356778218,0.696969696969697,17.738333333333333,4026601.6666666665
573-D,1,85,78,0.5,1.1158,0.34355478144976276,0.16000673280589583,0.11117967501060277,0.29558463893581655,0.3785790031813362,0.4444444444444444,9.701666666666666,2202278.333333333
573-D,1,85,79,0.0,1.1249,0.2165607844369576,-0.06080076597746453,-0.09304955734915299,0.0,0.0,1.0,52.94,12017380.0
573-D,1,85,79,0.25,1.1249,0.3966313017404843,0.1359462822989544,0.12026750655411433,0.08239911413733655,0.13643410852713178,0.696969696969697,18.365,4168854.9999999995
573-D,1,85,79,0.5,1.1249,0.33782585878136917,0.16660757494282308,0.12237488148759024,0.29398159985284444,0.3785790031813362,0.43434343434343436,9.461666666666666,2147798.333333333
573-D,1,85,80,0.0,1.1355,0.22678992835363618,-0.0652556137186111,-0.09754134255214875,0.0,0.0,1.0,51.52166666666666,11695418.333333332
573-D,1,85,80,0.25,1.1355,0.4062027804063422,0.16021059324946707,0.11908005066269589,0.08400014634082019,0.13643410852713178,0.696969696969697,18.461666666666666,4190798.333333333
573-D,1,85,80,0.5,1.1355,0.3806763437469627,0.2307137047503317,0.15260139784550386,0.25210596300179594,0.35683987274655354,0.46464646464646464,10.778333333333332,2446681.6666666665
573-D,1,85,81,0.0,1.1474,0.23842886535997085,-0.039797035330922936,-0.07008818421337248,0.00518769831060801,0.022222222222222223,0.98989898989899,50.30500000000001,11419235.000000002
573-D,1,85,81,0.25,1.1474,0.41033409390789494,0.13486038409403417,0.09452778962592301,0.0850530492278286,0.14293817356778218,0.6868686868686869,18.371666666666666,4170368.333333333
573-D,1,85,81,0.5,1.1474,0.38375733939854084,0.16790761215726574,0.146801976064461,0.26046480167580327,0.3446447507953341,0.4444444444444444,11.435,2595745.0
573-D,1,85,82,0.0,1.1581,0.25844370752152873,-0.0020485658635878146,-0.04266692789275539,0.00518769831060801,0.022222222222222223,0.98989898989899,48.44333333333333,10996636.666666666
573-D,1,85,82,0.25,1.1581,0.4147538131966017,0.10261783718052114,0.06466778258277928,0.0907807706168726,0.13643410852713178,0.6868686868686869,19.10333333333333,4336456.666666666
573-D,1,85,82,0.5,1.1581,0.3986605654017913,0.17225584956883988,0.13017132732660275,0.25217691242300944,0.322365165759525,0.46464646464646464,11.221666666666666,2547318.333333333
573-D,1,85,83,0.0,1.1706,0.27167904343741084,-0.02649578009590381,-0.05037660773171426,0.00518769831060801,0.022222222222222223,0.9797979797979798,46.74666666666666,10611493.333333332
573-D,1,85,83,0.25,1.1706,0.41510964284649615,0.10821905816453281,0.042315257006655504,0.08496227663222673,0.1591731266149871,0.696969696969697,18.731666666666666,4252088.333333333
573-D,1,85,83,0.5,1.1706,0.3942583286171226,0.17173701944750497,0.07578020786744355,0.23923373391925848,0.32628726287262877,0.46464646464646464,11.095,2518565.0
573-D,1,85,84,0.0,1.184,0.28601053287487904,0.0033331763421027283,-0.025334323018702642,0.00518769831060801,0.022222222222222223,0.9696969696969697,45.58,10346660.0
573-D,1,85,84,0.25,1.184,0.4210918569038371,0.09499050803594511,0.01426607373786648,0.11514899382458207,0.17232237539766704,0.6464646464646465,18.138333333333332,4117401.6666666665
573-D,1,85,84,0.5,1.184,0.4123359299842641,0.18100299010609078,0.11603336346957227,0.24949945696053893,0.345150311968236,0.4444444444444444,11.05,2508350.0
573-D,1,85,85,0.0,1.1974,0.310185456333385,0.04108611844446863,0.02600504958419747,0.00518769831060801,0.022222222222222223,0.9696969696969697,44.00333333333333,9988756.666666666
573-D,1,85,85,0.25,1.1974,0.4465840046241238,0.13622805263352306,0.041898895979635586,0.078254980858379,0.13226744186046513,0.7070707070707071,18.388333333333335,4174151.666666667
573-D,1,85,85,0.5,1.1974,0.42966468366313904,0.2149780831042043,0.15059071790235468,0.247866526247703,0.3446447507953341,0.46464646464646464,10.295,2336965.0
573-D,1,85,86,0.0,1.2133,0.3256303217748334,0.051996128425733645,0.023566613064051167,0.00518769831060801,0.022222222222222223,0.9696969696969697,42.30500000000001,9603235.000000002
573-D,1,85,86,0.25,1.2133,0.44842704008435147,0.13912057933842847,0.04102882262544505,0.11111240152485244,0.15094850948509486,0.6565656565656566,16.65,3779549.9999999995
573-D,1,85,86,0.5,1.2133,0.43125422365344357,0.19689694080134607,0.11042788697345796,0.25868934093289775,0.36585365853658536,0.4444444444444444,10.623333333333335,2411496.666666667
573-D,1,85,87,0.0,1.2263,0.3497923011646356,0.09551584564008003,0.046313129612063686,0.00518769831060801,0.022222222222222223,0.9696969696969697,40.644999999999996,9226415.0
573-D,1,85,87,0.25,1.2263,0.4508220743030217,0.166456601557402,0.08458283077923634,0.0956067555100654,0.13953488372093023,0.6868686868686869,17.026666666666667,3865053.3333333335
573-D,1,85,87,0.5,1.2263,0.4264550710747098,0.23079133978354066,0.15994655749593045,0.29854239832652807,0.4146341463414634,0.40404040404040403,9.493333333333332,2154986.6666666665
573-D,1,85,88,0.0,1.2437,0.37777070474268143,0.14258103025742241,0.0762313784436025,0.01229547225726824,0.024390243902439025,0.9494949494949495,38.54833333333333,8750471.666666666
573-D,1,85,88,0.25,1.2437,0.45673263576390266,0.15128197679408062,0.005286426923702514,0.1038107730241982,0.15456608054452636,0.6666666666666666,16.371666666666666,3716368.333333333
573-D,1,85,88,0.5,1.2437,0.4244959960585507,0.20946598318002324,0.09283798336180316,0.28234773719666667,0.39332659251769464,0.42424242424242425,9.468333333333334,2149311.666666667
573-D,1,85,89,0.0,1.2604,0.3650932952693982,0.11740964944308085,0.060772480919951466,0.01163590963671398,0.025015634771732333,0.9393939393939394,36.44833333333333,8273771.666666666
573-D,1,85,89,0.25,1.2604,0.4214705854036472,0.10326549286835413,0.023510348022539262,0.08971585681666633,0.1591731266149871,0.7070707070707071,15.91,3611570.0
573-D,1,85,89,0.5,1.2604,0.38329046218536905,0.1847667577997376,0.12271095537319643,0.30307208243744477,0.4138388123011665,0.42424242424242425,8.920000000000002,2024840.0000000005
573-D,1,85,90,0.0,1.274,0.3721348196883164,0.11716612444663588,0.06008200050204415,0.023931381893982227,0.05824972129319955,0.898989898989899,33.47,7597690.0
573-D,1,85,90,0.25,1.274,0.427553923134801,0.14685412127468866,0.05731123523885551,0.08273761451675349,0.15386473429951691,0.7070707070707071,16.008333333333333,3633891.6666666665
573-D,1,85,90,0.5,1.274,0.391009967709394,0.1950176815589697,0.14171515335808182,0.29125819796877606,0.3907741251325557,0.43434343434343436,8.75,1986250.0
573-D,1,85,91,0.0,1.2943,0.37596908840788107,0.12108267829286462,0.07137894490314323,0.03163845905773657,0.06976744186046512,0.8686868686868687,30.64333333333333,6956036.666666666
573-D,1,85,91,0.25,1.2943,0.4155647983305276,0.15256402998012147,0.09153797540257069,0.09279109783502665,0.15386473429951691,0.7070707070707071,15.026666666666666,3411053.333333333
573-D,1,85,91,0.5,1.2943,0.3676646146361483,0.1951975679979936,0.12472933507756201,0.3181988589238643,0.3927963698241633,0.41414141414141414,7.9350000000000005,1801245.0
573-D,1,85,92,0.0,1.3212,0.37862940842103765,0.16635543988959067,0.022257748423840318,0.03514324054717859,0.07317073170731707,0.8585858585858586,27.663333333333334,6279576.666666667
573-D,1,85,92,0.25,1.3212,0.40271025881302464,0.19009897295578793,0.08081592945446736,0.10209050602184504,0.17232237539766704,0.7171717171717171,14.363333333333332,3260476.666666666
573-D,1,85,92,0.5,1.3212,0.3615520949900687,0.21460499109219894,0.13406580667497447,0.33419086051751035,0.3998020781791192,0.40404040404040403,7.444999999999999,1690014.9999999998
573-D,1,85,93,0.0,1.3466,0.30374137618784763,0.05969866973079441,-0.08777808843727586,0.04387062715068553,0.0975609756097561,0.8484848484848485,24.814999999999998,5633004.999999999
573-D,1,85,93,0.25,1.3466,0.3320404007475588,0.07695269414774375,-0.060118055144554816,0.14113075538041003,0.23306233062330622,0.6767676767676768,12.398333333333333,2814421.6666666665
573-D,1,85,93,0.5,1.3466,0.329568064814345,0.13786019097519125,0.019545017622557004,0.3293957387756308,0.40443840579710144,0.45454545454545453,7.985,1812595.0
573-D,1,85,94,0.0,1.368,0.274787908878123,0.06501163801955534,-0.050877182241251484,0.06985050338376969,0.14634146341463414,0.8080808080808081,21.47833333333333,4875581.666666666
573-D,1,85,94,0.25,1.368,0.28806313110915155,0.06656031138197549,-0.04126896015009596,0.13780679058432665,0.21845174973488865,0.696969696969697,12.421666666666669,2819718.333333334
573-D,1,85,94,0.5,1.368,0.29378712904307885,0.15453935084626597,0.08366241698078447,0.34310513289527067,0.4247083775185578,0.43434343434343436,6.6883333333333335,1518251.6666666667
573-D,1,85,95,0.0,1.402,0.26223462038383255,0.03474741854466351,-0.004299346050417929,0.10250278178238707,0.17232237539766704,0.7676767676767676,18.133333333333333,4116266.6666666665
573-D,1,85,95,0.25,1.402,0.2749001621145931,0.068013556289783,0.028081804582477332,0.1999963994214222,0.2863202545068929,0.6464646464646465,10.28,2333560.0
573-D,1,85,95,0.5,1.402,0.26651055088137404,0.14084879574553266,0.1065460369472373,0.3968221503313751,0.4504830917874396,0.3939393939393939,5.991666666666666,1360108.3333333333
573-D,1,85,96,0.0,1.4421,0.1907447964045965,0.024120049005440014,-0.000656466604217032,0.18848971670946008,0.2249747219413549,0.6767676767676768,14.338333333333335,3254801.666666667
573-D,1,85,96,0.25,1.4421,0.1986829303542013,0.0504615869051106,0.012257413287614316,0.25360878880508825,0.29851537645811244,0.5757575757575758,9.030000000000001,2049810.0000000002
573-D,1,85,96,0.5,1.4421,0.18902132027779867,0.08609531556727396,0.039229809379850544,0.3833787970668446,0.4634146341463415,0.40404040404040403,5.3533333333333335,1215206.6666666667
573-D,1,85,97,0.0,1.4919,0.20313304830372328,0.08725624596764153,0.06029941747299039,0.23794258444185135,0.263768115942029,0.6161616161616161,10.918333333333333,2478461.6666666665
573-D,1,85,97,0.25,1.4919,0.20367219506208017,0.09610178271593861,0.06027513572323184,0.2978934626875898,0.3333333333333333,0.5353535353535354,8.446666666666665,1917393.333333333
573-D,1,85,97,0.5,1.4919,0.18485221228829296,0.1041684471788154,0.06336991366804312,0.47914763405897504,0.5270833333333333,0.3434343434343434,4.725,1072575.0
573-D,2,90,70,0.0,1.0408,-0.008845914086889903,-0.223676873748632,-0.26865718664850124,0.0,0.0,1.0,64.55833333333334,27114500.0
573-D,2,90,70,0.25,1.0408,-0.3144449193099337,-0.6088039684923588,-0.657556927374586,0.17147182481786732,0.21980676328502413,0.696969696969697,17.513333333333332,7355599.999999999
573-D,2,90,70,0.5,1.0408,-0.16339522143666524,-0.41412726870886174,-0.4531281382059531,0.43938865382271863,0.48303287380699894,0.41414141414141414,9.951666666666666,4179700.0
573-D,2,90,71,0.0,1.0506,0.004356034293853591,-0.23515629515714787,-0.2847977943265452,0.0,0.0,1.0,63.748333333333335,26774300.0
573-D,2,90,71,0.25,1.0506,-0.19808340609598618,-0.45107438317504456,-0.4852185083422118,0.1561410224276227,0.2,0.696969696969697,16.981666666666666,7132300.0
573-D,2,90,71,0.5,1.0506,-0.019766340096434964,-0.17228572110639928,-0.24768837459831783,0.42619807983942953,0.45903010033444813,0.42424242424242425,9.503333333333334,3991400.0
573-D,2,90,72,0.0,1.0582,0.01749020469612021,-0.24454955920764332,-0.29198948563716054,0.0,0.0,1.0,62.49666666666666,26248600.0
573-D,2,90,72,0.25,1.0582,-0.0946198000767596,-0.3689827769431714,-0.3839711261161136,0.177914967578217,0.21845174973488865,0.6767676767676768,16.445,6906900.0
573-D,2,90,72,0.5,1.0582,0.07631536916310917,-0.0760819194745701,-0.14961403336576207,0.41693489740284345,0.46940559440559443,0.41414141414141414,8.368333333333334,3514700.0000000005
573-D,2,90,73,0.0,1.067,0.012603414791195349,-0.26923278523891325,-0.32434029541268505,0.0,0.0,1.0,61.20666666666666,25706800.0
573-D,2,90,73,0.25,1.067,-0.20324032687342578,-0.5396757238242889,-0.6679618825472067,0.16651508746937618,0.20483682983682983,0.6868686868686869,17.64,7408800.0
573-D,2,90,73,0.5,1.067,0.03543846668125701,-0.19649622551099133,-0.3253580367375575,0.36341122723379926,0.4252657911194496,0.4444444444444444,8.963333333333335,3764600.0000000005
573-D,2,90,74,0.0,1.0769,0.023360735131942072,-0.2610861952820318,-0.32678880973881075,0.0,0.0,1.0,59.91833333333334,25165700.0
573-D,2,90,74,0.25,1.0769,-0.14718534187689414,-0.5712073799243067,-0.6655052063636864,0.1346907990966343,0.17445652173913043,0.7171717171717171,19.123333333333335,8031800.000000001
573-D,2,90,74,0.5,1.0769,0.0973166688688517,-0.15448845235838127,-0.28339535165688545,0.3467017468972737,0.40217391304347827,0.45454545454545453,9.71,4078200.0000000005
573-D,2,90,75,0.0,1.0855,0.022084568389957274,-0.2667074985343125,-0.34466969532999014,0.0,0.0,1.0,58.42666666666667,24539200.0
573-D,2,90,75,0.25,1.0855,-0.09298644359801442,-0.45971225200026233,-0.5740250517460879,0.12552717208623737,0.1573232323232323,0.7070707070707071,19.273333333333333,8094800.0
573-D,2,90,75,0.5,1.0855,0.10966125322316558,-0.12285261417774318,-0.2731875878673107,0.37253784506723187,0.4338578088578089,0.42424242424242425,9.263333333333332,3890599.9999999995
573-D,2,90,76,0.0,1.0951,0.05057486171102289,-0.24885124414467175,-0.3336133550240876,0.0,0.0,1.0,56.56666666666666,23758000.0
573-D,2,90,76,0.25,1.0951,0.02504619078090026,-0.33787402802844824,-0.44495873498121563,0.09988713413119842,0.13636363636363635,0.7171717171717171,18.61,7816200.0
573-D,2,90,76,0.5,1.0951,0.14968227996258093,-0.09391623798680315,-0.2324229293626212,0.3277659598164624,0.39055023923444976,0.45454545454545453,9.673333333333334,4062800.0
573-D,2,90,77,0.0,1.1043,0.06594915043607617,-0.2501450282818469,-0.31871771628179,0.0,0.0,1.0,55.60666666666667,23354800.0
573-D,2,90,77,0.25,1.1043,0.07432074271157872,-0.2753921354492628,-0.36665969995565084,0.0948368454057158,0.13484848484848483,0.7070707070707071,17.766666666666666,7462000.0
573-D,2,90,77,0.5,1.1043,0.17210818711408848,-0.08571147146574443,-0.1940997912835627,0.30773003940951627,0.3811965811965812,0.45454545454545453,10.191666666666666,4280500.0
573-D,2,90,78,0.0,1.1158,0.08639855535039145,-0.2094405210381315,-0.2609604015528528,0.0,0.0,1.0,53.98666666666667,22674400.000000004
573-D,2,90,78,0.25,1.1158,0.1429680330333355,-0.14358925823327917,-0.2733716220702478,0.11442682795824789,0.15849282296650719,0.696969696969697,17.738333333333333,7450100.0
573-D,2,90,78,0.5,1.1158,0.2159442617145548,0.0210732749790975,-0.14250093099655636,0.3077902174230139,0.3854895104895105,0.4444444444444444,9.701666666666666,4074700.0
573-D,2,90,79,0.0,1.1249,0.0981086679951712,-0.20946419385062132,-0.22710604138784696,0.0,0.0,1.0,52.94,22234800.0
573-D,2,90,79,0.25,1.1249,0.20232389876339424,-0.0549906166646954,-0.16697531487891304,0.09558309590757015,0.14135254988913526,0.696969696969697,18.365,7713299.999999999
573-D,2,90,79,0.5,1.1249,0.2140993610788244,0.051467005504623686,-0.08593098212197936,0.3090778541247502,0.4002501563477173,0.43434343434343436,9.461666666666666,3973899.9999999995
573-D,2,90,80,0.0,1.1355,0.11806573909517613,-0.1985234614968684,-0.22833423225832417,0.0,0.0,1.0,51.52166666666666,21639099.999999996
573-D,2,90,80,0.25,1.1355,0.23451065986305106,-0.008926768991489864,-0.10536499395213084,0.08951149827638792,0.1389602053915276,0.696969696969697,18.461666666666666,7753900.0
573-D,2,90,80,0.5,1.1355,0.26831553817270176,0.10690616247278395,-0.037322858058388864,0.26312608115652103,0.33014354066985646,0.46464646464646464,10.778333333333332,4526900.0
573-D,2,90,81,0.0,1.1474,0.13641557677675806,-0.15924176944116242,-0.21261688574503146,0.004558056360115857,0.022727272727272728,0.98989898989899,50.30500000000001,21128100.000000004
573-D,2,90,81,0.25,1.1474,0.26100390403939244,-0.014957423989510332,-0.06334575446931501,0.09043664150922348,0.1389602053915276,0.6868686868686869,18.371666666666666,7716100.0
573-D,2,90,81,0.5,1.1474,0.28497444255122756,0.07719188916094871,-0.02128950961741083,0.26031116695310025,0.3415071770334928,0.4444444444444444,11.435,4802700.0
573-D,2,90,82,0.0,1.1581,0.16052266933257026,-0.11129112637415661,-0.17146768371943422,0.004558056360115857,0.022727272727272728,0.98989898989899,48.44333333333333,20346199.999999996
573-D,2,90,82,0.25,1.1581,0.26323148561457904,-0.052249047765707046,-0.1416751703320771,0.09777688781944242,0.15211810012836968,0.6868686868686869,19.10333333333333,8023399.999999999
573-D,2,90,82,0.5,1.1581,0.3091396182346272,0.07493505879549178,-0.03590832065542182,0.25915709214879706,0.3221343873517787,0.46464646464646464,11.221666666666666,4713100.0
573-D,2,90,83,0.0,1.1706,0.1848822204999691,-0.09684107425046062,-0.16986622772319682,0.004558056360115857,0.022727272727272728,0.9797979797979798,46.74666666666666,19633600.0
573-D,2,90,83,0.25,1.1706,0.2799233946171801,-0.05326835611640768,-0.14677736957804366,0.0921270551959256,0.13484848484848483,0.696969696969697,18.731666666666666,7867300.0
573-D,2,90,83,0.5,1.1706,0.3200819574291592,0.06132168351719125,-0.027404110241768587,0.23800824225721967,0.3060200668896321,0.46464646464646464,11.095,4659900.0
573-D,2,90,84,0.0,1.184,0.20034946303056306,-0.08194316634536492,-0.14352262624796897,0.004558056360115857,0.022727272727272728,0.9696969696969697,45.58,19143600.0
573-D,2,90,84,0.25,1.184,0.2942464353895414,-0.0647731533607997,-0.18037018723460663,0.12685498313676555,0.18065268065268064,0.6464646464646465,18.138333333333332,7618099.999999999
573-D,2,90,84,0.5,1.184,0.35814882398379955,0.08117550655876515,0.01925666892659994,0.25350677032770275,0.3371212121212121,0.4444444444444444,11.05,4641000.0
573-D,2,90,85,0.0,1.1974,0.2408791129092553,-0.010597972933620303,-0.09502515855809568,0.004558056360115857,0.022727272727272728,0.9696969696969697,44.00333333333333,18481400.0
573-D,2,90,85,0.25,1.1974,0.3547255855759236,0.0018268845042933024,-0.1239337108950862,0.08331517408098896,0.12931995540691194,0.7070707070707071,18.388333333333335,7723100.000000001
573-D,2,90,85,0.5,1.1974,0.41359344182685687,0.16936542239027236,0.10160203577913562,0.2503974027955803,0.3181818181818182,0.46464646464646464,10.295,4323900.0
573-D,2,90,86,0.0,1.2133,0.2663432907661156,0.026817942546489726,-0.07248998998276579,0.004558056360115857,0.022727272727272728,0.9696969696969697,42.30500000000001,17768100.000000004
573-D,2,90,86,0.25,1.2133,0.3960370774440608,0.046658176628600556,-0.06975954651808869,0.10492991273480881,0.1564102564102564,0.6565656565656566,16.65,6992999.999999999
573-D,2,90,86,0.5,1.2133,0.4295167223010253,0.1453278293562817,0.10052454236355024,0.25295522564627004,0.31762749445676275,0.4444444444444444,10.623333333333335,4461800.000000001
573-D,2,90,87,0.0,1.2263,0.3091851604660638,0.060820945188087616,0.0027691734771345677,0.004558056360115857,0.022727272727272728,0.9696969696969697,40.644999999999996,17070900.0
573-D,2,90,87,0.25,1.2263,0.42743320094130977,0.09868657963951832,-0.004942626585988874,0.094870483897715,0.14358974358974358,0.6868686868686869,17.026666666666667,7151200.0
573-D,2,90,87,0.5,1.2263,0.4535792790374418,0.21475676844759323,0.140460677303603,0.2964764267671931,0.38636363636363635,0.40404040404040403,9.493333333333332,3987199.9999999995
573-D,2,90,88,0.0,1.2437,0.3465800361993858,0.09736076365894392,0.050355366437357274,0.013009069458359132,0.025978407557354925,0.9494949494949495,38.54833333333333,16190300.0
573-D,2,90,88,0.25,1.2437,0.44594067412134586,0.142980459940946,0.091099092118611,0.10653769229997523,0.15211810012836968,0.6666666666666666,16.371666666666666,6876100.0
573-D,2,90,88,0.5,1.2437,0.4659986246298109,0.24104702728182553,0.2230805474671731,0.27649279350090245,0.35494223363286265,0.42424242424242425,9.468333333333334,3976700.0
573-D,2,90,89,0.0,1.2604,0.3788145786438656,0.13992756111174537,0.09510393292067254,0.010291907246829731,0.02631578947368421,0.9393939393939394,36.44833333333333,15308299.999999998
573-D,2,90,89,0.25,1.2604,0.4631872615145253,0.19190809142542198,0.08700980267215874,0.07971456033056251,0.15587044534412955,0.7070707070707071,15.91,6682200.0
573-D,2,90,89,0.5,1.2604,0.4486246583116867,0.2476438789253525,0.1692727263458923,0.27672197839607926,0.35526315789473684,0.42424242424242425,8.920000000000002,3746400.000000001
573-D,2,90,90,0.0,1.274,0.4130488962463033,0.18835801234326233,0.14486533171206295,0.022385225789437947,0.06203007518796992,0.898989898989899,33.47,14057400.0
573-D,2,90,90,0.25,1.274,0.4744507495636669,0.21176820293744492,0.09500996579514809,0.0677749317474153,0.1298920377867746,0.7070707070707071,16.008333333333333,6723500.0
573-D,2,90,90,0.5,1.274,0.4515228670324913,0.24675219995766873,0.14778942861075295,0.27263863875480293,0.34210526315789475,0.43434343434343436,8.75,3675000.0
573-D,2,90,91,0.0,1.2943,0.4332601639225695,0.22974012360318918,0.14776568645192079,0.027857071729833312,0.07793522267206478,0.8686868686868687,30.64333333333333,12870199.999999998
573-D,2,90,91,0.25,1.2943,0.4713465425908299,0.23523102158446973,0.12970829126115857,0.0792890780003249,0.13157894736842105,0.7070707070707071,15.026666666666666,6311199.999999999
573-D,2,90,91,0.5,1.2943,0.4410331127532331,0.270347400451521,0.18620082641707802,0.2995747054595459,0.35555555555555557,0.41414141414141414,7.9350000000000005,3332700.0
573-D,2,90,92,0.0,1.3212,0.45713922423353487,0.2598873546344374,0.09757674981877251,0.030482224354985932,0.08391812865497075,0.8585858585858586,27.663333333333334,11618600.0
573-D,2,90,92,0.25,1.3212,0.47800340531670205,0.2683688641120649,0.1195488649346671,0.07046927211338037,0.1298920377867746,0.7171717171717171,14.363333333333332,6032599.999999999
573-D,2,90,92,0.5,1.3212,0.43640647059207444,0.3081592667792248,0.1725164389326176,0.3143723826089854,0.4,0.40404040404040403,7.444999999999999,3126899.9999999995
573-D,2,90,93,0.0,1.3466,0.40716756512470165,0.198686198598301,0.09237656244673087,0.03413935781981171,0.09639953542392567,0.8484848484848485,24.814999999999998,10422299.999999998
573-D,2,90,93,0.25,1.3466,0.4286688344513305,0.2351307496703306,0.11760473933069249,0.09928526368818151,0.1678362573099415,0.6767676767676768,12.398333333333333,5207300.0
573-D,2,90,93,0.5,1.3466,0.41630839866203717,0.26665678143204385,0.17051572652516378,0.28648604436177644,0.3717105263157895,0.45454545454545453,7.985,3353700.0
573-D,2,90,94,0.0,1.368,0.39689216831095514,0.22755209933211373,0.17739709202864773,0.0555632431055207,0.12362637362637362,0.8080808080808081,21.47833333333333,9020900.0
573-D,2,90,94,0.25,1.368,0.40692472740463476,0.2275296610680863,0.17430956878699289,0.10011808329948249,0.18966623876765082,0.696969696969697,12.421666666666669,5217100.000000001
573-D,2,90,94,0.5,1.368,0.3900877575664782,0.2484224538123896,0.21447057329180164,0.29822243800292536,0.39055023923444976,0.43434343434343436,6.6883333333333335,2809100.0
573-D,2,90,95,0.0,1.402,0.39135620179494207,0.20822252306916905,0.19053829726415006,0.08593453635900226,0.1547008547008547,0.7676767676767676,18.133333333333333,7616000.0
573-D,2,90,95,0.25,1.402,0.3951276755402974,0.23520784937431222,0.193355526870032,0.15005255958240815,0.2264957264957265,0.6464646464646465,10.28,4317600.0
573-D,2,90,95,0.5,1.402,0.3635996030834225,0.24860875194850285,0.2009824320039857,0.35053985396879594,0.40967365967365965,0.3939393939393939,5.991666666666666,2516500.0
573-D,2,90,96,0.0,1.4421,0.3036506996785225,0.11267086439459723,0.08193912544068405,0.16867566050166038,0.19782608695652176,0.6767676767676768,14.338333333333335,6022100.000000001
573-D,2,90,96,0.25,1.4421,0.302670428082217,0.13829692969027252,0.10332538141664149,0.21344532467557398,0.26747967479674795,0.5757575757575758,9.030000000000001,3792600.0000000005
573-D,2,90,96,0.5,1.4421,0.2710974154323556,0.135392234940239,0.10705394264110035,0.3422529281162578,0.40454545454545454,0.40404040404040403,5.3533333333333335,2248400.0
573-D,2,90,97,0.0,1.4919,0.2879681287561742,0.1697764117899791,0.09578577553915824,0.21898580047151128,0.24444444444444444,0.6161616161616161,10.918333333333333,4585700.0
573-D,2,90,97,0.25,1.4919,0.28819754219855304,0.18473507095125058,0.1147663508919462,0.279701812076428,0.31409214092140925,0.5353535353535354,8.446666666666665,3547599.9999999995
573-D,2,90,97,0.5,1.4919,0.26153982026254724,0.17297868312875014,0.13111571306314285,0.43140702974953354,0.4743421052631579,0.3434343434343434,4.725,1984499.9999999998
573-D,3,95,70,0.0,1.0408,-0.41978997066923157,-0.6356866463549494,-0.706797252168323,0.0,0.0,1.0,64.55833333333334,
573-D,3,95,70,0.25,1.0408,-1.176490830323698,-1.5609334503082717,-1.5841257475425614,0.19883823827973224,0.2608695652173913,0.696969696969697,17.513333333333332,
573-D,3,95,70,0.5,1.0408,-0.779200899549257,-1.0799204992547096,-1.1300652452856133,0.4554835219776182,0.5,0.41414141414141414,9.951666666666666,
573-D,3,95,71,0.0,1.0506,-0.43655431506760023,-0.6627015494229007,-0.7440501348318622,0.0,0.0,1.0,63.748333333333335,
573-D,3,95,71,0.25,1.0506,-0.9354131590956746,-1.2503738149007175,-1.302649453896906,0.17599542051717373,0.21845174973488865,0.696969696969697,16.981666666666666,
573-D,3,95,71,0.5,1.0506,-0.4970024362435561,-0.7105051037496877,-0.7427187542018334,0.4175979638159809,0.47015366430260047,0.42424242424242425,9.503333333333334,
573-D,3,95,72,0.0,1.0582,-0.43569105679927334,-0.6788989439145683,-0.7611839011352071,0.0,0.0,1.0,62.49666666666666,
573-D,3,95,72,0.25,1.0582,-0.7639937231126339,-1.061220204432583,-1.1167626680926501,0.20824597185640226,0.2391304347826087,0.6767676767676768,16.445,
573-D,3,95,72,0.5,1.0582,-0.3262983754969604,-0.540145078187224,-0.6058800657415777,0.42069688576491937,0.47015366430260047,0.41414141414141414,8.368333333333334,
573-D,3,95,73,0.0,1.067,-0.46556096282495124,-0.7256320295041889,-0.8109198926107377,0.0,0.0,1.0,61.20666666666666,
573-D,3,95,73,0.25,1.067,-0.932107939693193,-1.3797870369428404,-1.417954713703503,0.17805606568893834,0.21052631578947367,0.6868686868686869,17.64,
573-D,3,95,73,0.5,1.067,-0.3897353671811411,-0.6890761086569563,-0.7924452337355776,0.3621734810199795,0.41582406471183014,0.4444444444444444,8.963333333333335,
573-D,3,95,74,0.0,1.0769,-0.4582232203508314,-0.6996334738453162,-0.7951821442053599,0.0,0.0,1.0,59.91833333333334,
573-D,3,95,74,0.25,1.0769,-0.9245929535730135,-1.37617409335624,-1.4953065366542382,0.15016073490515444,0.18993135011441648,0.7171717171717171,19.123333333333335,
573-D,3,95,74,0.5,1.0769,-0.354978725854267,-0.6422972168056078,-0.770913763815658,0.3496434221670339,0.4138388123011665,0.45454545454545453,9.71,
573-D,3,95,75,0.0,1.0855,-0.4720797904841885,-0.7308464933220735,-0.8121342722948803,0.0,0.0,1.0,58.42666666666667,
573-D,3,95,75,0.25,1.0855,-0.8730535120624731,-1.3048718176273357,-1.423150742350371,0.12101071039118702,0.15849282296650719,0.7070707070707071,19.273333333333333,
573-D,3,95,75,0.5,1.0855,-0.3191161139051126,-0.607614179485346,-0.720769264709126,0.3698990992405546,0.4138388123011665,0.42424242424242425,9.263333333333332,
573-D,3,95,76,0.0,1.0951,-0.431511478656729,-0.6744200838055304,-0.764702030514266,0.0,0.0,1.0,56.56666666666666,
573-D,3,95,76,0.25,1.0951,-0.7136075427320365,-1.1268418468020007,-1.2625195790774115,0.10314104715362421,0.1471291866028708,0.7171717171717171,18.61,
573-D,3,95,76,0.5,1.0951,-0.2989484754790413,-0.5779417444108466,-0.7323347084647791,0.3390086337288966,0.39777983348751156,0.45454545454545453,9.673333333333334,
573-D,3,95,77,0.0,1.1043,-0.436565578767272,-0.6708010837120889,-0.7543440861495239,0.0,0.0,1.0,55.60666666666667,
573-D,3,95,77,0.25,1.1043,-0.6912792813523526,-1.0812416690299693,-1.1499922786736967,0.09560926672871643,0.13397129186602869,0.7070707070707071,17.766666666666666,
573-D,3,95,77,0.5,1.1043,-0.34107769948481576,-0.6223145410741433,-0.7428563943612254,0.32357855003323094,0.3579343971631206,0.45454545454545453,10.191666666666666,
573-D,3,95,78,0.0,1.1158,-0.38067875051390615,-0.6051502063371104,-0.6744165389825238,0.0,0.0,1.0,53.98666666666667,
573-D,3,95,78,0.25,1.1158,-0.5719322556388109,-0.8686239862814399,-1.0317224592814078,0.1089398867365493,0.1471291866028708,0.696969696969697,17.738333333333333,
573-D,3,95,78,0.5,1.1158,-0.25837286756880345,-0.47071450342719146,-0.636831553751461,0.3113929855306772,0.34578804347826086,0.4444444444444444,9.701666666666666,
573-D,3,95,79,0.0,1.1249,-0.3952831167877981,-0.6241730909737417,-0.689339055998381,0.0,0.0,1.0,52.94,
573-D,3,95,79,0.25,1.1249,-0.5329945208755599,-0.7990423455500901,-0.8698969611102689,0.1083541186996432,0.13397129186602869,0.696969696969697,18.365,
573-D,3,95,79,0.5,1.1249,-0.26543340531164217,-0.43385452762209364,-0.5631701008184604,0.31470048040979826,0.34672830725462306,0.43434343434343436,9.461666666666666,
573-D,3,95,80,0.0,1.1355,-0.36974635185791677,-0.6146134714557366,-0.7066662896533662,0.0,0.0,1.0,51.52166666666666,
573-D,3,95,80,0.25,1.1355,-0.4949761715762533,-0.7556850632545761,-0.8335428296486953,0.09185716561887604,0.13397129186602869,0.696969696969697,18.461666666666666,
573-D,3,95,80,0.5,1.1355,-0.23726737490249247,-0.44327414252503905,-0.5015741358901318,0.28918108957837924,0.33325624421831634,0.46464646464646464,10.778333333333332,
573-D,3,95,81,0.0,1.1474,-0.34356870218409463,-0.5640764850924963,-0.6579839511390768,0.003641053308966464,0.021980676328502417,0.98989898989899,50.30500000000001,
573-D,3,95,81,0.25,1.1474,-0.5007971880189913,-0.7803130983357468,-0.9666193288237517,0.09372401222256475,0.13397129186602869,0.6868686868686869,18.371666666666666,
573-D,3,95,81,0.5,1.1474,-0.27669566587146177,-0.4732235052570868,-0.6555481006314858,0.28622295922598884,0.33409610983981697,0.4444444444444444,11.435,
573-D,3,95,82,0.0,1.1581,-0.29950286977890445,-0.5015241176567479,-0.6234131850055442,0.003641053308966464,0.021980676328502417,0.98989898989899,48.44333333333333,
573-D,3,95,82,0.25,1.1581,-0.5087403572351165,-0.7763152523045003,-1.0933410139399684,0.1037977581734476,0.1471291866028708,0.6868686868686869,19.10333333333333,
573-D,3,95,82,0.5,1.1581,-0.21222965274484418,-0.39409384323316987,-0.645265854986373,0.2682329746616549,0.3078947368421052,0.46464646464646464,11.221666666666666,
573-D,3,95,83,0.0,1.1706,-0.26919394402694974,-0.49619604578454335,-0.6073946567623858,0.003641053308966464,0.021980676328502417,0.9797979797979798,46.74666666666666,
573-D,3,95,83,0.25,1.1706,-0.47232731737278544,-0.7527450157179351,-1.0850516193371478,0.10406492913268192,0.13484848484848483,0.696969696969697,18.731666666666666,
573-D,3,95,83,0.5,1.1706,-0.21267819637260565,-0.440942746259693,-0.7301077005295953,0.2457983573146036,0.29179566563467496,0.46464646464646464,11.095,
573-D,3,95,84,0.0,1.184,-0.2600455932674065,-0.49513057256268844,-0.5812827098374003,0.003641053308966464,0.021980676328502417,0.9696969696969697,45.58,
573-D,3,95,84,0.25,1.184,-0.48279907554398044,-0.8014511568339272,-1.1324937941919297,0.14209028409156682,0.20050215208034433,0.6464646464646465,18.138333333333332,
573-D,3,95,84,0.5,1.184,-0.17065775057150062,-0.4323931275811279,-0.6884176562939628,0.2784097806045929,0.3335526315789474,0.4444444444444444,11.05,
573-D,3,95,85,0.0,1.1974,-0.19535251873794246,-0.44224571165357085,-0.5012446276415086,0.003641053308966464,0.021980676328502417,0.9696969696969697,44.00333333333333,
573-D,3,95,85,0.25,1.1974,-0.32125268959575565,-0.6330846804295018,-0.9325294224394693,0.09264365355642339,0.13157894736842105,0.7070707070707071,18.388333333333335,
573-D,3,95,85,0.5,1.1974,0.025024643175359573,-0.20916674542657132,-0.4027007543532224,0.2817902609069069,0.33771929824561403,0.46464646464646464,10.295,
573-D,3,95,86,0.0,1.2133,-0.14696772425678378,-0.3760716625249366,-0.45181754505945393,0.003641053308966464,0.021980676328502417,0.9696969696969697,42.30500000000001,
573-D,3,95,86,0.25,1.2133,-0.18814676315283527,-0.5188927825618856,-0.7962214079151315,0.11245868276158233,0.1471291866028708,0.6565656565656566,16.65,
573-D,3,95,86,0.5,1.2133,0.06579043296818578,-0.2025391119070563,-0.38218787407578847,0.2760750317361528,0.33771929824561403,0.4444444444444444,10.623333333333335,
573-D,3,95,87,0.0,1.2263,-0.07464352322139862,-0.3027576483362324,-0.36429079617904603,0.003641053308966464,0.021980676328502417,0.9696969696969697,40.644999999999996,
573-D,3,95,87,0.25,1.2263,-0.0879559480815406,-0.41127967938730947,-0.6818514035698171,0.10577686679646861,0.13484848484848483,0.6868686868686869,17.026666666666667,
573-D,3,95,87,0.5,1.2263,0.16544321926616296,-0.09735447774728134,-0.2727458890163439,0.31391355730518034,0.3848684210526316,0.40404040404040403,9.493333333333332,
573-D,3,95,88,0.0,1.2437,6.324257602771452e-05,-0.2362900973105434,-0.26937363497981437,0.01101167485334962,0.02821939586645469,0.9494949494949495,38.54833333333333,
573-D,3,95,88,0.25,1.2437,0.005507712668307156,-0.34116286915736116,-0.5494691557603717,0.1146390534005698,0.15849282296650719,0.6666666666666666,16.371666666666666,
573-D,3,95,88,0.5,1.2437,0.23724002324502508,-0.011413929340530538,-0.14585771676209136,0.2867341151452271,0.34292763157894735,0.42424242424242425,9.468333333333334,
573-D,3,95,89,0.0,1.2604,0.08509560572042937,-0.18833611586117793,-0.21940239423288754,0.008382767293371009,0.030330882352941176,0.9393939393939394,36.44833333333333,
573-D,3,95,89,0.25,1.2604,0.07950928079925669,-0.2842732315817569,-0.5387790166270705,0.0781840885354135,0.13076923076923075,0.7070707070707071,15.91,
573-D,3,95,89,0.5,1.2604,0.2463732269803113,-0.02230850207652557,-0.15143670075768312,0.284963502645027,0.33771929824561403,0.42424242424242425,8.920000000000002,
573-D,3,95,90,0.0,1.274,0.16608466649200304,-0.10093000428416143,-0.14370754879841918,0.014286264041251499,0.04194078947368421,0.898989898989899,33.47,
573-D,3,95,90,0.25,1.274,0.13488995932441772,-0.2130395206879292,-0.4796577690390529,0.06353386408698775,0.11437908496732026,0.7070707070707071,16.008333333333333,
573-D,3,95,90,0.5,1.274,0.2677075879376218,0.008963184444961803,-0.16302420556499908,0.26849659455508484,0.3164313222079589,0.43434343434343436,8.75,
573-D,3,95,91,0.0,1.2943,0.22317576652274812,-0.011785259711964091,-0.15047773484259475,0.01701713750383228,0.05263157894736842,0.8686868686868687,30.64333333333333,
573-D,3,95,91,0.25,1.2943,0.21513488799065877,-0.11205782171481238,-0.3373428985743707,0.07126272200261824,0.11979913916786226,0.7070707070707071,15.026666666666666,
573-D,3,95,91,0.5,1.2943,0.32718656949166797,0.08701294524443215,-0.04836284872812113,0.2879286404514837,0.3539794608472401,0.41414141414141414,7.9350000000000005,
573-D,3,95,92,0.0,1.3212,0.28206284967193873,0.09204031313955979,-0.16466243900327493,0.018148359223289293,0.05572755417956656,0.8585858585858586,27.663333333333334,
573-D,3,95,92,0.25,1.3212,0.3022508667619639,0.038286761501191646,-0.20521870582888124,0.050945027597098194,0.10263157894736842,0.7171717171717171,14.363333333333332,
573-D,3,95,92,0.5,1.3212,0.3662339776998524,0.14598170799094662,0.019863580439093198,0.31281900983789424,0.40731707317073174,0.40404040404040403,7.444999999999999,
573-D,3,95,93,0.0,1.3466,0.3027245842969558,-0.039214984556357635,-0.09774959335516531,0.02103649672681141,0.05572755417956656,0.8484848484848485,24.814999999999998,
573-D,3,95,93,0.25,1.3466,0.3478727883235829,0.07760475527500699,-0.03591627028853872,0.06807537993805243,0.1282894736842105,0.6767676767676768,12.398333333333333,
573-D,3,95,93,0.5,1.3466,0.38705496980341575,0.1578127802680096,0.03871744054360149,0.24667494495165299,0.32291666666666663,0.45454545454545453,7.985,
573-D,3,95,94,0.0,1.368,0.35344444122772095,0.09433401066391667,-0.08610215317815628,0.03392149093777222,0.062020460358056265,0.8080808080808081,21.47833333333333,
573-D,3,95,94,0.25,1.368,0.38192995028542204,0.11535861008894038,-0.021538441047736834,0.06152385128818415,0.1039136302294197,0.696969696969697,12.421666666666669,
573-D,3,95,94,0.5,1.368,0.41978850057797246,0.19448037619510838,0.11198593253836087,0.26936642472435895,0.36198830409356725,0.43434343434343436,6.6883333333333335,
573-D,3,95,95,0.0,1.402,0.38946260210909595,0.09397158951940504,-0.06781055369824784,0.06609351301465852,0.11437908496732026,0.7676767676767676,18.133333333333333,
573-D,3,95,95,0.25,1.402,0.4160708819418381,0.15710321873655997,0.04595594753646359,0.11097648781190543,0.18184885290148448,0.6464646464646465,10.28,
573-D,3,95,95,0.5,1.402,0.4153249564491604,0.24758342054153304,0.08553866053782777,0.320247182804829,0.3875,0.3939393939393939,5.991666666666666,
573-D,3,95,96,0.0,1.4421,0.3820606186658134,0.06747380286872906,-0.14405912998583004,0.13400920892888263,0.20256410256410257,0.6767676767676768,14.338333333333335,
573-D,3,95,96,0.25,1.4421,0.3874029702648813,0.10742995915650616,-0.08952899408955428,0.1719584028829903,0.21980676328502413,0.5757575757575758,9.030000000000001,
573-D,3,95,96,0.5,1.4421,0.3559229151469482,0.1256300457783593,-0.013514452719981973,0.30379042226926634,0.36198830409356725,0.40404040404040403,5.3533333333333335,
573-D,3,95,97,0.0,1.4919,0.36542913693710616,0.1288842810331302,-0.2137079215855371,0.1765802928709966,0.22996794871794873,0.6161616161616161,10.918333333333333,
573-D,3,95,97,0.25,1.4919,0.37745418569787625,0.157456473729577,-0.14909017152631932,0.22631667659224244,0.2796022201665125,0.5353535353535354,8.446666666666665,
573-D,3,95,97,0.5,1.4919,0.3562038063617121,0.170238484537862,-0.05275998088005651,0.3895187540937656,0.43125,0.3434343434343434,4.725,
573-F,1,85,70,0.0,0.9945,-0.05749302566382706,-0.1491543029371798,-0.15339025189697586,0.0,0.0,0.9696969696969697,56.54,12834580.0
573-F,1,85,70,0.25,0.9945,-0.35990192598418896,-0.4821212943448411,-0.4891408113628517,0.1378642433852626,0.17777777777777778,0.7171717171717171,19.861666666666668,4508598.333333334
573-F,1,85,70,0.5,0.9945,-0.0733740959182118,-0.15053975426529864,-0.191431726489812,0.44419486428077176,0.48038647342995167,0.41414141414141414,7.578333333333333,1720281.6666666665
573-F,1,85,71,0.0,1.0083,-0.054809487247995954,-0.15890549024808892,-0.17039350052369429,0.0,0.0,0.9595959595959596,55.805,12667735.0
573-F,1,85,71,0.25,1.0083,-0.26455450649476436,-0.38266774846434576,-0.4158713115246697,0.12490536226888263,0.17468599033816423,0.696969696969697,18.915,4293705.0
573-F,1,85,71,0.5,1.0083,-0.016697978130597025,-0.08681182298149852,-0.11739417856928225,0.4322307777205422,0.47844202898550725,0.4444444444444444,7.205,1635535.0
573-F,1,85,72,0.0,1.019,-0.028902646464977737,-0.1499411570475339,-0.16683687652925738,0.0,0.0,0.9595959595959596,54.98833333333333,12482351.666666666
573-F,1,85,72,0.25,1.019,-0.18548959828772157,-0.2959857817873794,-0.314051350392063,0.14140500596825284,0.17172576832151298,0.7070707070707071,18.529999999999998,4206309.999999999
573-F,1,85,72,0.5,1.019,0.010371366004156236,-0.0641902845168751,-0.0754157735531562,0.34205418887934086,0.38464384828862164,0.48484848484848486,8.461666666666666,1920798.3333333333
573-F,1,85,73,0.0,1.0325,0.0079221333985217,-0.11823205371339726,-0.13199082010508345,0.0,0.0,0.9595959595959596,54.17166666666667,12296968.333333334
573-F,1,85,73,0.25,1.0325,-0.06835729359980607,-0.1796993619797714,-0.2092488946475557,0.17306773576348933,0.19666975023126732,0.6767676767676768,17.311666666666667,3929748.3333333335
573-F,1,85,73,0.5,1.0325,0.10470494428271773,0.041428348257287986,0.022657146527827687,0.5002081105253149,0.535,0.3939393939393939,6.885,1562895.0
573-F,1,85,74,0.0,1.0439,0.024153879876222008,-0.09054289952350363,-0.10653961506822585,0.0,0.0,0.9595959595959596,52.83666666666667,11993923.333333334
573-F,1,85,74,0.25,1.0439,0.009714514623370182,-0.0733452423214322,-0.11850453396975147,0.15308250834337303,0.19232192414431082,0.6868686868686869,16.778333333333332,3808681.6666666665
573-F,1,85,74,0.5,1.0439,0.16716913042906575,0.08552585145509498,0.0727558678222816,0.3347697750154442,0.4,0.47474747474747475,7.933333333333333,1800866.6666666665
573-F,1,85,75,0.0,1.0558,0.09614983554628789,-6.601579810214807e-05,-0.0011582259097364656,0.0,0.0,0.9494949494949495,51.89666666666666,11780543.333333332
573-F,1,85,75,0.25,1.0558,0.04602146224257938,-0.0387793093431994,-0.07489306538163665,0.152855550365916,0.2025531914893617,0.6767676767676768,15.921666666666667,3614218.3333333335
573-F,1,85,75,0.5,1.0558,0.17430793979363474,0.09865684948912894,0.08704645574540781,0.3383451342190895,0.39666666666666667,0.45454545454545453,7.861666666666667,1784598.3333333335
573-F,1,85,76,0.0,1.0698,0.12783576909765235,0.024880046569251357,0.005400599835477027,0.0,0.0,0.9393939393939394,50.888333333333335,11551651.666666668
573-F,1,85,76,0.25,1.0698,0.04067383223919527,-0.053346522665986607,-0.10066524324610482,0.1443702538712535,0.2,0.6565656565656566,15.586666666666666,3538173.333333333
573-F,1,85,76,0.5,1.0698,0.15439920764420031,0.08647483281465743,0.07170863404563177,0.351148020871768,0.4033333333333333,0.4444444444444444,8.29,1881829.9999999998
573-F,1,85,77,0.0,1.0849,0.16992085000980314,0.0656486532892769,0.04275028087280197,0.0,0.0,0.9393939393939394,50.4,11440800.0
573-F,1,85,77,0.25,1.0849,0.21140034733747445,0.09660515186295034,0.02392758200843481,0.09671051219721048,0.12666666666666665,0.7070707070707071,14.9,3382300.0
573-F,1,85,77,0.5,1.0849,0.24823215545052624,0.17600197428808814,0.13365213248398677,0.29398982370778076,0.3480283114256825,0.4444444444444444,7.963333333333334,1807676.6666666667
573-F,1,85,78,0.0,1.097,0.20106398840345413,0.12741255390395254,0.11307959361578757,0.0,0.0,0.9393939393939394,49.318333333333335,11195261.666666668
573-F,1,85,78,0.25,1.097,0.30989462427520165,0.20112545260422143,0.16499179474510794,0.12477810098590895,0.159830866807611,0.6363636363636364,14.421666666666667,3273718.3333333335
573-F,1,85,78,0.5,1.097,0.32725452950304135,0.22273053600820863,0.19640042804431945,0.24506162928566697,0.28566142460684546,0.46464646464646464,8.885,2016895.0
573-F,1,85,79,0.0,1.1146,0.2112144824514716,0.12966899500397108,0.12726256493272392,0.0,0.0,0.9494949494949495,47.65166666666667,10816928.333333334
573-F,1,85,79,0.25,1.1146,0.3468350685006615,0.20548994976164953,0.19584725320553553,0.07904205715200609,0.11388888888888887,0.7070707070707071,14.961666666666668,3396298.3333333335
573-F,1,85,79,0.5,1.1146,0.33132436600863124,0.2110001792242176,0.19107040216564974,0.23446650841991473,0.2826086956521739,0.47474747474747475,9.67,2195090.0
573-F,1,85,80,0.0,1.1318,0.29630965147336286,0.22817897979657206,0.18796186247730406,0.00814401008969878,0.022727272727272728,0.9292929292929293,46.15333333333333,10476806.666666666
573-F,1,85,80,0.25,1.1318,0.4652940535933042,0.34500704991561804,0.22646980119516646,0.08626915625220934,0.11644100580270791,0.6666666666666666,15.986666666666668,3628973.3333333335
573-F,1,85,80,0.5,1.1318,0.41559507176961236,0.3217346008839095,0.23688743248688993,0.2695536437097133,0.30193423597678914,0.41414141414141414,8.26,1875020.0
573-F,1,85,81,0.0,1.1489,0.33694221548915987,0.24592851462388507,0.22127630476776583,0.00814401008969878,0.022727272727272728,0.9292929292929293,45.10333333333333,10238456.666666666
573-F,1,85,81,0.25,1.1489,0.4999673780351109,0.36870135620537103,0.2632201797539545,0.06761955273690223,0.09090909090909091,0.6868686868686869,16.220000000000002,3681940.0000000005
573-F,1,85,81,0.5,1.1489,0.45739431496814587,0.36449844440429047,0.28788413897753684,0.17619134138295442,0.21369102682701202,0.46464646464646464,9.514999999999999,2159904.9999999995
573-F,1,85,82,0.0,1.1657,0.35172436673116225,0.24977311398437635,0.1853383785567596,0.00814401008969878,0.022727272727272728,0.9292929292929293,43.93,9972110.0
573-F,1,85,82,0.25,1.1657,0.5527483923651757,0.4241445781517812,0.35969694860222234,0.04221015865209215,0.0723232323232323,0.7070707070707071,17.186666666666667,3901373.3333333335
573-F,1,85,82,0.5,1.1657,0.47693791409762265,0.3838463159988065,0.330431528279028,0.16782362532073034,0.2193675889328063,0.47474747474747475,9.57,2172390.0
573-F,1,85,83,0.0,1.1825,0.3602959422415775,0.2659128107251536,0.20243921836199696,0.010537590941051968,0.022832980972515855,0.9090909090909091,42.666666666666664,9685333.333333332
573-F,1,85,83,0.25,1.1825,0.5649946692949278,0.4139301426504074,0.3402642747921265,0.03982128818270101,0.06818181818181818,0.696969696969697,17.64666666666667,4005793.3333333335
573-F,1,85,83,0.5,1.1825,0.500253904940849,0.3962954370656369,0.34224546509280707,0.17604189054761332,0.2193675889328063,0.46464646464646464,10.076666666666666,2287403.333333333
573-F,1,85,84,0.0,1.1968,0.36178937607937456,0.2457141894686366,0.1874730105074135,0.010537590941051968,0.022832980972515855,0.898989898989899,41.123333333333335,9334996.666666668
573-F,1,85,84,0.25,1.1968,0.5623191051239682,0.39154535129611134,0.31116554225088233,0.05620581114738855,0.09090909090909091,0.6666666666666666,15.863333333333333,3600976.6666666665
573-F,1,85,84,0.5,1.1968,0.49092118753713904,0.35669551880196476,0.3064931061413675,0.220563431004222,0.25217391304347825,0.43434343434343436,9.338333333333333,2119801.6666666665
573-F,1,85,85,0.0,1.2131,0.40002231823571427,0.2775030939691039,0.23538628142208706,0.015141913537974009,0.022832980972515855,0.8787878787878788,39.37666666666667,8938503.333333334
573-F,1,85,85,0.25,1.2131,0.5751001222303636,0.4039665722503881,0.3296772891228653,0.05963938737905622,0.09090909090909091,0.6363636363636364,14.353333333333333,3258206.6666666665
573-F,1,85,85,0.5,1.2131,0.5011562630803793,0.3413606960004193,0.29250417423639996,0.17981398468398085,0.2193675889328063,0.46464646464646464,8.959999999999999,2033919.9999999998
573-F,1,85,86,0.0,1.234,0.4299284467927131,0.3184211600886709,0.26636174909695265,0.03028158940147703,0.045454545454545456,0.8686868686868687,38.33,8700910.0
573-F,1,85,86,0.25,1.234,0.6226873889085467,0.4801968618286413,0.356211824842656,0.06302644580104819,0.0892929292929293,0.6565656565656566,15.750000000000002,3575250.0000000005
573-F,1,85,86,0.5,1.234,0.5199915308989236,0.3898933157050121,0.311696955274242,0.16908133417190815,0.21363636363636362,0.46464646464646464,8.4,1906800.0
573-F,1,85,87,0.0,1.2531,0.43933771272215266,0.32732521038671564,0.27207314926063286,0.026845762485603084,0.04999999999999998,0.8585858585858586,36.67,8324090.0
573-F,1,85,87,0.25,1.2531,0.5646162849319993,0.44020800125710957,0.32650428903193185,0.06096152646134982,0.13162055335968378,0.6363636363636364,14.003333333333334,3178756.666666667
573-F,1,85,87,0.5,1.2531,0.456890017737003,0.35786335971350214,0.3019715810117871,0.17619095194868029,0.23181818181818178,0.46464646464646464,7.966666666666667,1808433.3333333333
573-F,1,85,88,0.0,1.2776,0.44307760941721613,0.30444019548515255,0.2779657900588607,0.03737778311548631,0.07272727272727271,0.8484848484848485,35.211666666666666,7993048.333333333
573-F,1,85,88,0.25,1.2776,0.5095549822773208,0.40131297619860407,0.2812155170023145,0.08429512362067784,0.1626482213438735,0.6363636363636364,13.386666666666667,3038773.3333333335
573-F,1,85,88,0.5,1.2776,0.3907232906950777,0.29687501745396744,0.24941006060301196,0.21021946311323675,0.2727272727272727,0.45454545454545453,7.191666666666666,1632508.3333333333
573-F,1,85,89,0.0,1.2987,0.44649211965322416,0.2964949032654652,0.2630310583017923,0.03737778311548631,0.07272727272727271,0.8484848484848485,33.720000000000006,7654440.000000001
573-F,1,85,89,0.25,1.2987,0.44853529119012836,0.3172135704305144,0.23298011135166563,0.09827290819124603,0.1800395256916996,0.6060606060606061,13.368333333333332,3034611.6666666665
573-F,1,85,89,0.5,1.2987,0.37587237082627084,0.2852588698965689,0.20373949669253444,0.24441173837788002,0.3409090909090909,0.4444444444444444,7.664999999999999,1739954.9999999998
573-F,1,85,90,0.0,1.3239,0.44392172312581574,0.3120510209694708,0.25693286010288596,0.03854737375876117,0.07272727272727271,0.8282828282828283,31.37833333333333,7122881.666666666
573-F,1,85,90,0.25,1.3239,0.3786072996121967,0.22176215350306,0.1745349974815923,0.08178884559734363,0.14071146245059285,0.6464646464646465,14.261666666666667,3237398.3333333335
573-F,1,85,90,0.5,1.3239,0.32585774857659283,0.2291643952791944,0.1537537816421306,0.2573948090240639,0.36363636363636365,0.4444444444444444,7.876666666666667,1788003.3333333335
573-F,1,85,91,0.0,1.3531,0.420256646621901,0.28742852581289047,0.2163952820485422,0.057221462596645026,0.10968379446640315,0.7676767676767676,28.87333333333333,6554246.666666666
573-F,1,85,91,0.25,1.3531,0.3131360251922494,0.15192036292162375,0.10617425832735172,0.0863422426576787,0.14071146245059285,0.6363636363636364,15.353333333333333,3485206.6666666665
573-F,1,85,91,0.5,1.3531,0.29363961506099134,0.1803746303215751,0.11552300005868743,0.2608174653874364,0.3409090909090909,0.45454545454545453,8.806666666666667,1999113.3333333333
573-F,1,85,92,0.0,1.3845,0.41264061381610917,0.28360845979759197,0.19216906804665168,0.08401746827737597,0.11818181818181817,0.7474747474747475,26.496666666666666,6014743.333333333
573-F,1,85,92,0.25,1.3845,0.32915516288657665,0.17164799472851344,0.12224369063175011,0.11784319251703804,0.16005802707930364,0.6060606060606061,15.016666666666666,3408783.333333333
573-F,1,85,92,0.5,1.3845,0.3096766587269411,0.21535735443342763,0.15338230846075318,0.2876134710681673,0.36363636363636365,0.42424242424242425,7.4766666666666675,1697203.3333333335
573-F,1,85,93,0.0,1.4198,0.3365300013185364,0.2255251646995738,0.08548320815041777,0.11448502714453408,0.1636363636363636,0.7272727272727273,23.59,5354930.0
573-F,1,85,93,0.25,1.4198,0.24810896594325543,0.11657243602929863,-0.020875780150565015,0.1589071086036939,0.2235460992907801,0.5858585858585859,13.790000000000001,3130330.0
573-F,1,85,93,0.5,1.4198,0.22412846984296794,0.13189558769525336,0.06796650509047542,0.3929500415392793,0.45454545454545453,0.35353535353535354,6.435,1460745.0
573-F,1,85,94,0.0,1.4573,0.29893389108390633,0.19574541279759783,0.07053118991475427,0.11448502714453408,0.1636363636363636,0.7272727272727273,20.768333333333334,4714411.666666667
573-F,1,85,94,0.25,1.4573,0.28838696465245356,0.18056450703770688,0.07649031053587318,0.17293929273906555,0.23612293144208038,0.5858585858585859,12.088333333333333,2744051.6666666665
573-F,1,85,94,0.5,1.4573,0.23957099802007528,0.16423360298924963,0.1246898603526384,0.37432925730397215,0.4483558994197292,0.42424242424242425,6.358333333333333,1443341.6666666667
573-F,1,85,95,0.0,1.5069,0.2791875409872418,0.1623082314700634,0.10781105250296452,0.2058359627769267,0.24555555555555555,0.6767676767676768,17.66,4008820.0
573-F,1,85,95,0.25,1.5069,0.2678185800998133,0.14769495490661635,0.12410434432779593,0.27133774723308673,0.30496453900709214,0.5151515151515151,9.02,2047540.0
573-F,1,85,95,0.5,1.5069,0.21208772570126797,0.13120428358888714,0.09812384903288918,0.4045567006509071,0.45696969696969697,0.3939393939393939,5.515,1251905.0
573-F,1,85,96,0.0,1.5524,0.2011856689673565,0.06848042188845069,0.022874725675371188,0.28038472460979635,0.30570048309178743,0.6060606060606061,14.553333333333333,3303606.6666666665
573-F,1,85,96,0.25,1.5524,0.18287983335059807,0.06468953429566342,0.023251885208353196,0.3353932262636428,0.3620889748549323,0.5050505050505051,8.473333333333333,1923446.6666666665
573-F,1,85,96,0.5,1.5524,0.16187175464155118,0.07137920813187892,0.023440464974844533,0.44671365380942984,0.49148936170212765,0.3838383838383838,5.473333333333333,1242446.6666666665
573-F,1,85,97,0.0,1.6171,0.22182562340506257,0.12784465168476314,0.11424162254031112,0.3645185404493081,0.3975177304964539,0.5151515151515151,11.01,2499270.0
573-F,1,85,97,0.25,1.6171,0.19870017835975184,0.11536333576827922,0.10548128820813063,0.3880381070743172,0.416798418972332,0.45454545454545453,7.45,1691150.0
573-F,1,85,97,0.5,1.6171,0.16032787941906387,0.08711969610412533,0.0831440742346441,0.47231800835625337,0.5045454545454545,0.3434343434343434,4.85,1100950.0
573-F,2,90,70,0.0,0.9945,-0.3684965526007,-0.5534057627628761,-0.5722198915170167,0.0,0.0,0.9696969696969697,56.54,23746800.0
573-F,2,90,70,0.25,0.9945,-0.7722210008509262,-0.9686439394244886,-1.0734051479296531,0.19411916855970895,0.23387259858442871,0.7171717171717171,19.861666666666668,8341900.000000001
573-F,2,90,70,0.5,0.9945,-0.25120156593795334,-0.3656263817001433,-0.42936075975214494,0.46797347368741826,0.5204134366925065,0.41414141414141414,7.578333333333333,3182900.0
573-F,2,90,71,0.0,1.0083,-0.34601446910634776,-0.5742651230869593,-0.5845195322769305,0.0,0.0,0.9595959595959596,55.805,23438100.0
573-F,2,90,71,0.25,1.0083,-0.6603925079970547,-0.9072813783256786,-1.0002515305307944,0.17458249052733177,0.2109201213346815,0.696969696969697,18.915,7944300.0
573-F,2,90,71,0.5,1.0083,-0.19367896911416446,-0.30778848654952573,-0.3738346989615777,0.4542791159144863,0.5111111111111111,0.4444444444444444,7.205,3026100.0
573-F,2,90,72,0.0,1.019,-0.3251662398211602,-0.5621102374975199,-0.5930235880867021,0.0,0.0,0.9595959595959596,54.98833333333333,23095100.0
573-F,2,90,72,0.25,1.019,-0.5805783776257503,-0.8080762171071144,-0.9038503662507285,0.18578512534194483,0.2242894056847545,0.7070707070707071,18.529999999999998,7782599.999999999
573-F,2,90,72,0.5,1.019,-0.2114920386766724,-0.32606309076097917,-0.39163303644686676,0.38081397769663167,0.42558265582655824,0.48484848484848486,8.461666666666666,3553899.9999999995
573-F,2,90,73,0.0,1.0325,-0.2892817637095724,-0.5386289574465134,-0.5569423118687209,0.0,0.0,0.9595959595959596,54.17166666666667,22752100.0
573-F,2,90,73,0.25,1.0325,-0.4707816867517342,-0.7008114092015529,-0.795425856967303,0.22494202359550458,0.26046511627906976,0.6767676767676768,17.311666666666667,7270900.0
573-F,2,90,73,0.5,1.0325,-0.11550473179178603,-0.22337725856821072,-0.28807299768703354,0.5239731451777695,0.5777777777777777,0.3939393939393939,6.885,2891700.0
573-F,2,90,74,0.0,1.0439,-0.28212577487832474,-0.5191171083296402,-0.5504356804578172,0.0,0.0,0.9595959595959596,52.83666666666667,22191400.000000004
573-F,2,90,74,0.25,1.0439,-0.418583345243221,-0.6489720967963084,-0.7479933246952859,0.2150230858283883,0.24671834625322997,0.6868686868686869,16.778333333333332,7046900.0
573-F,2,90,74,0.5,1.0439,-0.0794264908329395,-0.194050545775665,-0.2685714922164759,0.3893149363492586,0.43619817997977756,0.47474747474747475,7.933333333333333,3331999.9999999995
573-F,2,90,75,0.0,1.0558,-0.18535820861022215,-0.39856288677068397,-0.4319159758085176,0.0,0.0,0.9494949494949495,51.89666666666666,21796599.999999996
573-F,2,90,75,0.25,1.0558,-0.3904358716906001,-0.6459702275768534,-0.735058529576649,0.19908096000984266,0.24019323671497583,0.6767676767676768,15.921666666666667,6687100.0
573-F,2,90,75,0.5,1.0558,-0.105174149294841,-0.25347963315415656,-0.32730062260767556,0.3867290141794932,0.43619817997977756,0.45454545454545453,7.861666666666667,3301900.0000000005
573-F,2,90,76,0.0,1.0698,-0.13041117504343877,-0.3285283868496261,-0.37061956332072277,0.002536829879576991,0.004761904761904745,0.9393939393939394,50.888333333333335,21373100.0
573-F,2,90,76,0.25,1.0698,-0.4307820828660835,-0.6992427711454224,-0.7621430772486457,0.21291310279681727,0.24444444444444444,0.6565656565656566,15.586666666666666,6546400.0
573-F,2,90,76,0.5,1.0698,-0.16729693446063842,-0.33759405391651554,-0.40233375781044045,0.41201177437764486,0.46898550724637683,0.4444444444444444,8.29,3481799.9999999995
573-F,2,90,77,0.0,1.0849,-0.07550235259999621,-0.26329018214772615,-0.3080293000582883,0.0,0.0,0.9393939393939394,50.4,21168000.0
573-F,2,90,77,0.25,1.0849,-0.19000149169205546,-0.4381528191475089,-0.5002691655126579,0.164968578891435,0.18796764408493427,0.7070707070707071,14.9,6258000.0
573-F,2,90,77,0.5,1.0849,-0.004298690298743185,-0.14063785168275275,-0.22935500517911578,0.3537767513412315,0.3953488372093023,0.4444444444444444,7.963333333333334,3344600.0
573-F,2,90,78,0.0,1.097,-0.035157862479052907,-0.20783077149082022,-0.2689529647188982,0.0,0.0,0.9393939393939394,49.318333333333335,20713700.0
573-F,2,90,78,0.25,1.097,-0.07061255528386386,-0.2659567557552087,-0.32280091776158293,0.1906229698690023,0.2222222222222222,0.6363636363636364,14.421666666666667,6057100.0
573-F,2,90,78,0.5,1.097,0.03705311742798598,-0.09400968133474592,-0.13428110532353688,0.3027266359473916,0.3488372093023256,0.46464646464646464,8.885,3731700.0
573-F,2,90,79,0.0,1.1146,-0.015547555336890369,-0.19967601286534528,-0.25272135614866875,0.0,0.0,0.9494949494949495,47.65166666666667,20013700.0
573-F,2,90,79,0.25,1.1146,-0.05458097839168246,-0.24216598943860443,-0.27724574511454936,0.1379340960331341,0.16501516683518705,0.7070707070707071,14.961666666666668,6283900.000000001
573-F,2,90,79,0.5,1.1146,0.016721091680509476,-0.1305488682448248,-0.17877416456593798,0.28888049832988444,0.3271317829457364,0.47474747474747475,9.67,4061400.0
573-F,2,90,80,0.0,1.1318,0.03850043314341998,-0.11399328263782683,-0.19060630923961663,0.0,0.0,0.9292929292929293,46.15333333333333,19384399.999999996
573-F,2,90,80,0.25,1.1318,0.03586453512665957,-0.11323513405209518,-0.19176798253468164,0.13435966242823702,0.15700258397932818,0.6666666666666666,15.986666666666668,6714400.000000001
573-F,2,90,80,0.5,1.1318,0.1467027997921205,0.025580337373930243,-0.032644601334283596,0.3393787471820417,0.3972314507198228,0.41414141414141414,8.26,3469200.0
573-F,2,90,81,0.0,1.1489,0.09013363665360516,-0.02357588217898132,-0.14096476344992204,0.0,0.0,0.9292929292929293,45.10333333333333,18943400.0
573-F,2,90,81,0.25,1.1489,0.0643927997611576,-0.05590463553210392,-0.16902953940174448,0.10604760630084117,0.13333333333333333,0.6868686868686869,16.220000000000002,6812400.000000001
573-F,2,90,81,0.5,1.1489,0.1625945562189655,0.03664497481516724,-0.044351965800893955,0.24418030483544462,0.2926829268292683,0.46464646464646464,9.514999999999999,3996299.9999999995
573-F,2,90,82,0.0,1.1657,0.1310196898642488,0.02792385046188,-0.05812861285088977,0.0,0.0,0.9292929292929293,43.93,18450600.0
573-F,2,90,82,0.25,1.1657,0.20977660390907807,0.1047423150255942,0.01827305182063732,0.06617240468902719,0.0957026713124274,0.7070707070707071,17.186666666666667,7218400.0
573-F,2,90,82,0.5,1.1657,0.2322423041445456,0.12256900542944496,0.05135581015228796,0.23288499192804704,0.271869918699187,0.47474747474747475,9.57,4019400.0
573-F,2,90,83,0.0,1.1825,0.16124400830685465,0.031944754507457505,-0.027131883675946877,0.0011695906432748538,0.0,0.9090909090909091,42.666666666666664,17920000.0
573-F,2,90,83,0.25,1.1825,0.249353614305708,0.08219873163566145,0.05222174457679851,0.047685903621087954,0.09346622369878184,0.696969696969697,17.64666666666667,7411600.000000001
573-F,2,90,83,0.5,1.1825,0.26827201782430127,0.1621645040810755,0.09939305730712511,0.24038279675397087,0.29198606271777,0.46464646464646464,10.076666666666666,4232200.0
573-F,2,90,84,0.0,1.1968,0.20320147679738437,0.05734447264578846,0.023272978715965675,0.0011695906432748538,0.0,0.898989898989899,41.123333333333335,17271800.0
573-F,2,90,84,0.25,1.1968,0.26271572358100587,0.0868552334586784,0.0742316457041956,0.06401960988523574,0.12613240418118465,0.6666666666666666,15.863333333333333,6662600.0
573-F,2,90,84,0.5,1.1968,0.28334177765937524,0.18398130667812154,0.11038984542583141,0.2627443932565352,0.3398373983739837,0.43434343434343436,9.338333333333333,3922100.0
573-F,2,90,85,0.0,1.2131,0.2675253303699088,0.13573689610832773,0.07257704245541408,0.003706420522851845,0.02253968253968254,0.8787878787878788,39.37666666666667,16538200.000000002
573-F,2,90,85,0.25,1.2131,0.36967400755892554,0.21378703552197983,0.1648006138514091,0.05333026434409946,0.12195121951219512,0.6363636363636364,14.353333333333333,6028400.0
573-F,2,90,85,0.5,1.2131,0.34893765782971736,0.22241946487689424,0.20534395750332002,0.21109957260670303,0.27317073170731704,0.46464646464646464,8.959999999999999,3763199.9999999995
573-F,2,90,86,0.0,1.234,0.321912728932278,0.15890464396395443,0.08475932608974357,0.013554668745594344,0.024640400250156347,0.8686868686868687,38.33,16098600.0
573-F,2,90,86,0.25,1.234,0.48707541544513083,0.2545554170261844,0.1773217034376604,0.052117536246290154,0.12613240418118465,0.6565656565656566,15.750000000000002,6615000.000000001
573-F,2,90,86,0.5,1.234,0.4447411328913001,0.29987948773645057,0.25169386934394633,0.18336352471777967,0.27293844367015097,0.46464646464646464,8.4,3528000.0
573-F,2,90,87,0.0,1.2531,0.3706463000298297,0.15441985832733474,0.10373198976004494,0.006159708213623489,0.02793650793650792,0.8585858585858586,36.67,15401400.0
573-F,2,90,87,0.25,1.2531,0.5201644806186616,0.302384230606075,0.20613574066626905,0.044961403071993124,0.1435540069686411,0.6363636363636364,14.003333333333334,5881400.0
573-F,2,90,87,0.5,1.2531,0.43817328465462957,0.29714934901518536,0.2338034288778259,0.18843346773648123,0.29198606271777,0.46464646464646464,7.966666666666667,3346000.0
573-F,2,90,88,0.0,1.2776,0.44217353308417984,0.22474195534948965,0.18399773912975936,0.01112068315997026,0.032845528455284524,0.8484848484848485,35.211666666666666,14788900.0
573-F,2,90,88,0.25,1.2776,0.5642936157597958,0.28311557572384344,0.20369586245207305,0.04286345618106672,0.1317073170731707,0.6363636363636364,13.386666666666667,5622400.0
573-F,2,90,88,0.5,1.2776,0.43158319485216157,0.23696073560245798,0.20334290164972557,0.17491954161065348,0.3159117305458769,0.45454545454545453,7.191666666666666,3020500.0
573-F,2,90,89,0.0,1.2987,0.47614130255651427,0.23171675791621804,0.19723179358487808,0.01112068315997026,0.032845528455284524,0.8484848484848485,33.720000000000006,14162400.000000002
573-F,2,90,89,0.25,1.2987,0.5701099302216671,0.2815503107914958,0.1854583700757121,0.04525703703241991,0.1317073170731707,0.6060606060606061,13.368333333333332,5614700.0
573-F,2,90,89,0.5,1.2987,0.47739121218065533,0.2288693639381143,0.14466462357688614,0.17890857450675265,0.33495934959349594,0.4444444444444444,7.664999999999999,3219299.9999999995
573-F,2,90,90,0.0,1.3239,0.5203088932883203,0.26148165112536537,0.23098840246095254,0.01240438020746705,0.05235772357723576,0.8282828282828283,31.37833333333333,13178899.999999998
573-F,2,90,90,0.25,1.3239,0.5746446613656001,0.23379954576892364,0.13230993949311043,0.04014750578323436,0.10545876887340298,0.6464646464646465,14.261666666666667,5989900.0
573-F,2,90,90,0.5,1.3239,0.4831945958972054,0.21631209157646875,0.11705332834116833,0.18425724421550135,0.32195121951219513,0.4444444444444444,7.876666666666667,3308200.0
573-F,2,90,91,0.0,1.3531,0.5366652036773528,0.2133300646720377,0.15490503330421235,0.026225091941424743,0.07665505226480834,0.7676767676767676,28.87333333333333,12126800.0
573-F,2,90,91,0.25,1.3531,0.5562289853631952,0.12474045710909282,0.014769412819695127,0.04384861903147123,0.12450638792102205,0.6363636363636364,15.353333333333333,6448400.0
573-F,2,90,91,0.5,1.3531,0.5053944796859448,0.14806349099672855,0.05634860103818551,0.17915159864951608,0.3170731707317073,0.45454545454545453,8.806666666666667,3698800.0
573-F,2,90,92,0.0,1.3845,0.5620462340216834,0.23934350357661946,0.14161478050651988,0.05189605230387598,0.10545876887340298,0.7474747474747475,26.496666666666666,11128600.0
573-F,2,90,92,0.25,1.3845,0.5765617763133347,0.1735991844648906,0.06316013293950695,0.07080327644141925,0.1533101045296167,0.6060606060606061,15.016666666666666,6307000.0
573-F,2,90,92,0.5,1.3845,0.4994194265334276,0.2078230520715783,0.12397579724413987,0.21463040250043885,0.3637630662020906,0.42424242424242425,7.4766666666666675,3140200.0000000005
573-F,2,90,93,0.0,1.4198,0.5613287066490957,0.2367670075202778,0.17403796818881478,0.08030308167309404,0.1533101045296167,0.7272727272727273,23.59,9907800.0
573-F,2,90,93,0.25,1.4198,0.5296432303349605,0.21714698679994163,0.14319748173006241,0.10893301657614102,0.20116144018583038,0.5858585858585859,13.790000000000001,5791800.0
573-F,2,90,93,0.5,1.4198,0.4297076593695799,0.2525535740913596,0.1873642755120435,0.3197218196321296,0.4545876887340302,0.35353535353535354,6.435,2702700.0
573-F,2,90,94,0.0,1.4573,0.546731209068837,0.22767567294193852,0.12449997457693707,0.08030308167309404,0.1533101045296167,0.7272727272727273,20.768333333333334,8722700.0
573-F,2,90,94,0.25,1.4573,0.5388233183754564,0.2706291297548396,0.16705540840994915,0.12218833462085621,0.22020905923344944,0.5858585858585859,12.088333333333333,5077100.0
573-F,2,90,94,0.5,1.4573,0.41210031375308676,0.2637452832054679,0.1721917915863529,0.2784319195013988,0.41742160278745644,0.42424242424242425,6.358333333333333,2670500.0
573-F,2,90,95,0.0,1.5069,0.5048506848391101,0.22321017685975583,0.08517742986701438,0.1682546251654971,0.22020905923344944,0.6767676767676768,17.66,7417200.0
573-F,2,90,95,0.25,1.5069,0.46013259764570336,0.28029609142395784,0.15063026084062514,0.2189289253564964,0.27293844367015097,0.5151515151515151,9.02,3788400.0
573-F,2,90,95,0.5,1.5069,0.3513734509277872,0.2268198834583364,0.1350463855338151,0.32704690712351353,0.3925667828106852,0.3939393939393939,5.515,2316300.0
573-F,2,90,96,0.0,1.5524,0.42983461293426706,0.29043744778724234,0.16537748625999005,0.2362680696610666,0.27044809982983553,0.6060606060606061,14.553333333333333,6112400.0
573-F,2,90,96,0.25,1.5524,0.38973523092782025,0.2740901757869658,0.1776249312421707,0.26932415003663435,0.3271317829457364,0.5050505050505051,8.473333333333333,3558799.9999999995
573-F,2,90,96,0.5,1.5524,0.32783737723315637,0.22767140848851694,0.14567507476691666,0.349838718393722,0.39999999999999997,0.3838383838383838,5.473333333333333,2298799.9999999995
573-F,2,90,97,0.0,1.6171,0.3799309641020142,0.2897634368067124,0.19678005352710315,0.3044447128510464,0.34937198067632846,0.5151515151515151,11.01,4624200.0
573-F,2,90,97,0.25,1.6171,0.3371776849204299,0.25356501011797344,0.1961144315172021,0.3216957926578905,0.371207729468599,0.45454545454545453,7.45,3129000.0
573-F,2,90,97,0.5,1.6171,0.26963140192494156,0.19879193915663812,0.15617711092313447,0.39102915451180253,0.44237726098191216,0.3434343434343434,4.85,2036999.9999999998
573-F,3,95,70,0.0,0.9945,-1.0408714969237214,-1.1804203753174989,-1.2644909297120916,0.0,0.0,0.9696969696969697,56.54,
573-F,3,95,70,0.25,0.9945,-1.670281958646889,-1.912750281510412,-1.979953481037609,0.2458447777778043,0.31629343629343626,0.7171717171717171,19.861666666666668,
573-F,3,95,70,0.5,0.9945,-0.610135638040437,-0.7402550322084898,-0.8244903030188655,0.5120551088689548,0.5683397683397683,0.41414141414141414,7.578333333333333,
573-F,3,95,71,0.0,1.0083,-0.9653886547673608,-1.1304989880160097,-1.187748288138574,0.0,0.0,0.9595959595959596,55.805,
573-F,3,95,71,0.25,1.0083,-1.4542197079468493,-1.6816646947516494,-1.7663180271593109,0.22846111397793556,0.288030888030888,0.696969696969697,18.915,
573-F,3,95,71,0.5,1.0083,-0.5140042395806832,-0.6576316860948705,-0.7109824680594079,0.4909717397246438,0.541003861003861,0.4444444444444444,7.205,
573-F,3,95,72,0.0,1.019,-0.9536102327366047,-1.132547768450281,-1.2300338430000175,0.0,0.0,0.9595959595959596,54.98833333333333,
573-F,3,95,72,0.25,1.019,-1.362943518177775,-1.5839042291635557,-1.6544314315346407,0.2423339216537992,0.288030888030888,0.7070707070707071,18.529999999999998,
573-F,3,95,72,0.5,1.019,-0.5900542323349434,-0.7447063517905044,-0.7905587323155114,0.43211620368543346,0.4864864864864865,0.48484848484848486,8.461666666666666,
573-F,3,95,73,0.0,1.0325,-0.8786039393700131,-1.0784836752913654,-1.177474087057782,0.0,0.0,0.9595959595959596,54.17166666666667,
573-F,3,95,73,0.25,1.0325,-1.2099073062851549,-1.4565078734766332,-1.543306000157691,0.2915057762641759,0.3452702702702703,0.6767676767676768,17.311666666666667,
573-F,3,95,73,0.5,1.0325,-0.46160091194943503,-0.6150659680192857,-0.6622720297915443,0.5312185137340396,0.57875,0.3939393939393939,6.885,
573-F,3,95,74,0.0,1.0439,-0.9010857835024669,-1.091536030291735,-1.193463085050249,0.0,0.0,0.9595959595959596,52.83666666666667,
573-F,3,95,74,0.25,1.0439,-1.1449945481652737,-1.3608839591544049,-1.4892785012039131,0.2804779188016835,0.3452702702702703,0.6868686868686869,16.778333333333332,
573-F,3,95,74,0.5,1.0439,-0.46618177691431617,-0.6068215304754551,-0.6677624197138505,0.4571754426481439,0.5135135135135135,0.47474747474747475,7.933333333333333,
573-F,3,95,75,0.0,1.0558,-0.7712111745078157,-0.9499113112245933,-1.0300705365753067,0.0,0.0,0.9494949494949495,51.89666666666666,
573-F,3,95,75,0.25,1.0558,-1.1079060707987134,-1.3292611548359263,-1.42853092267663,0.25878802662937234,0.31629343629343626,0.6767676767676768,15.921666666666667,
573-F,3,95,75,0.5,1.0558,-0.5210320555619772,-0.7068328699681672,-0.7413724610168668,0.440533000382433,0.4864864864864865,0.45454545454545453,7.861666666666667,
573-F,3,95,76,0.0,1.0698,-0.6729753402545233,-0.8613082361967728,-0.9115821299255817,0.0013157894736842105,0.0,0.9393939393939394,50.888333333333335,
573-F,3,95,76,0.25,1.0698,-1.2004832439657758,-1.4205093389630354,-1.501125067473723,0.29728344613352653,0.3452702702702703,0.6565656565656566,15.586666666666666,
573-F,3,95,76,0.5,1.0698,-0.6482128281192086,-0.837793162855516,-0.8700744182097178,0.4661315899375501,0.541003861003861,0.4444444444444444,8.29,
573-F,3,95,77,0.0,1.0849,-0.5934665956016876,-0.7853516249328681,-0.8191461617307239,0.0,0.0,0.9393939393939394,50.4,
573-F,3,95,77,0.25,1.0849,-0.8639641586880292,-1.0941572216392017,-1.1491336070694262,0.23818418291153076,0.2702702702702703,0.7070707070707071,14.9,
573-F,3,95,77,0.5,1.0849,-0.4133461383885356,-0.5796435244926763,-0.5928625019545852,0.4171834390816162,0.4864864864864865,0.4444444444444444,7.963333333333334,
573-F,3,95,78,0.0,1.097,-0.533735520872472,-0.7464615088994668,-0.7740950341882278,0.0,0.0,0.9393939393939394,49.318333333333335,
573-F,3,95,78,0.25,1.097,-0.7577535461040299,-0.9888622543796123,-1.0257264418149066,0.2742189134948942,0.31629343629343626,0.6363636363636364,14.421666666666667,
573-F,3,95,78,0.5,1.097,-0.4296148310809828,-0.6199179738235933,-0.6254450233201319,0.375651278382826,0.43243243243243246,0.46464646464646464,8.885,
573-F,3,95,79,0.0,1.1146,-0.5176211240661396,-0.7558042293311406,-0.7757977061966654,0.0,0.0,0.9494949494949495,47.65166666666667,
573-F,3,95,79,0.25,1.1146,-0.766446028911573,-0.9783532787078425,-1.0402461805323897,0.20656462423060581,0.24324324324324326,0.7070707070707071,14.961666666666668,
573-F,3,95,79,0.5,1.1146,-0.507741438523183,-0.7088063707653631,-0.7478757149182127,0.3617213611288091,0.40557432432432433,0.47474747474747475,9.67,
573-F,3,95,80,0.0,1.1318,-0.4843185091299251,-0.7426401418711603,-0.7711773926080727,0.0,0.0,0.9292929292929293,46.15333333333333,
573-F,3,95,80,0.25,1.1318,-0.7534662778894803,-0.9465368929523748,-1.00017358147355,0.21044044554063765,0.24324324324324326,0.6666666666666666,15.986666666666668,
573-F,3,95,80,0.5,1.1318,-0.2652046077151418,-0.4781201394708576,-0.5162686008329047,0.3950902363616821,0.43243243243243246,0.41414141414141414,8.26,
573-F,3,95,81,0.0,1.1489,-0.45071964533509107,-0.7244062284413677,-0.7776004634151878,0.0,0.0,0.9292929292929293,45.10333333333333,
573-F,3,95,81,0.25,1.1489,-0.7691656856794465,-0.9691150824600157,-0.9956633322765434,0.17752372503623512,0.21621621621621623,0.6868686868686869,16.220000000000002,
573-F,3,95,81,0.5,1.1489,-0.3255268419603888,-0.5522845882636152,-0.5780635946480084,0.33047030470238853,0.3634920634920635,0.46464646464646464,9.514999999999999,
573-F,3,95,82,0.0,1.1657,-0.4143906544430877,-0.6547784279832003,-0.7308500488403256,0.0,0.0,0.9292929292929293,43.93,
573-F,3,95,82,0.25,1.1657,-0.5150043772163508,-0.6856242415591418,-0.7343081896421011,0.12511689023562406,0.16216216216216217,0.7070707070707071,17.186666666666667,
573-F,3,95,82,0.5,1.1657,-0.17018401975677408,-0.3630580097149411,-0.3922843642806837,0.29301153130066987,0.3261261261261261,0.47474747474747475,9.57,
573-F,3,95,83,0.0,1.1825,-0.39037811164932207,-0.6460785487705492,-0.72240521569251,0.0,0.0,0.9090909090909091,42.666666666666664,
573-F,3,95,83,0.25,1.1825,-0.5887410321900634,-0.7294302794249645,-0.7410924730195578,0.10474278753699717,0.1358858858858859,0.696969696969697,17.64666666666667,
573-F,3,95,83,0.5,1.1825,-0.2223296132337686,-0.36927860328819695,-0.40970965988073105,0.30123691978921624,0.35250965250965255,0.46464646464646464,10.076666666666666,
573-F,3,95,84,0.0,1.1968,-0.2891242157804963,-0.522764178296297,-0.619085209331909,0.0,0.0,0.898989898989899,41.123333333333335,
573-F,3,95,84,0.25,1.1968,-0.504233537742336,-0.6464033435465694,-0.6734616879865847,0.12143585423006387,0.1891891891891892,0.6666666666666666,15.863333333333333,
573-F,3,95,84,0.5,1.1968,-0.1854035004420833,-0.3303448200371025,-0.37354756820608315,0.33380918073863297,0.39206349206349206,0.43434343434343436,9.338333333333333,
573-F,3,95,85,0.0,1.2131,-0.17877759323646591,-0.39726690512572815,-0.48832943367938,0.0013157894736842105,0.0,0.8787878787878788,39.37666666666667,
573-F,3,95,85,0.25,1.2131,-0.24252940383733942,-0.35138183343131585,-0.3644624156652503,0.0992014958114949,0.1683333333333333,0.6363636363636364,14.353333333333333,
573-F,3,95,85,0.5,1.2131,-0.05588773014864418,-0.16124950829811385,-0.18373049226505467,0.2900123493541195,0.3333333333333333,0.46464646464646464,8.959999999999999,
573-F,3,95,86,0.0,1.234,-0.08587349949869157,-0.31681974238992155,-0.3905124826787212,0.0027382645803698436,0.004999999999999983,0.8686868686868687,38.33,
573-F,3,95,86,0.25,1.234,-0.06860219728045092,-0.18908879204725682,-0.29556036688293363,0.07384915359515484,0.16216216216216217,0.6565656565656566,15.750000000000002,
573-F,3,95,86,0.5,1.234,0.17205389008457966,0.08699791676495532,0.043440337820735864,0.26825528474621496,0.3302702702702703,0.46464646464646464,8.4,
573-F,3,95,87,0.0,1.2531,-0.004771439682767924,-0.22980064796084698,-0.2970798028213806,0.0013157894736842105,0.0,0.8585858585858586,36.67,
573-F,3,95,87,0.25,1.2531,0.12151117939339241,-0.018218302570204823,-0.1644818424996406,0.073573125687548,0.1381081081081081,0.6363636363636364,14.003333333333334,
573-F,3,95,87,0.5,1.2531,0.2353057075759423,0.12521909660606179,0.08133045139274575,0.28074809855481825,0.35135135135135137,0.46464646464646464,7.966666666666667,
573-F,3,95,88,0.0,1.2776,0.09859743163227294,-0.12664376270618888,-0.1885108811703502,0.002631578947368421,0.0,0.8484848484848485,35.211666666666666,
573-F,3,95,88,0.25,1.2776,0.26950646942594353,0.03712187261381783,-0.10846973689242034,0.05177654788223549,0.1414414414414414,0.6363636363636364,13.386666666666667,
573-F,3,95,88,0.5,1.2776,0.28482278749123485,0.1722014297975018,0.08087703740392294,0.23727348708862872,0.33693693693693694,0.45454545454545453,7.191666666666666,
573-F,3,95,89,0.0,1.2987,0.13715092533499873,-0.08753856343565877,-0.13404965811771619,0.002631578947368421,0.0,0.8484848484848485,33.720000000000006,
573-F,3,95,89,0.25,1.2987,0.31218089893709094,0.018319596923926665,-0.11767094526801514,0.0619524354484367,0.1414414414414414,0.6060606060606061,13.368333333333332,
573-F,3,95,89,0.5,1.2987,0.3188547296563192,0.09401578890677927,-0.02619421778803166,0.2094110318704859,0.29222222222222216,0.4444444444444444,7.664999999999999,
573-F,3,95,90,0.0,1.3239,0.26419136157225614,0.020372271929471487,-0.04309253833533333,0.006938517464833254,0.027177177177177176,0.8282828282828283,31.37833333333333,
573-F,3,95,90,0.25,1.3239,0.3261213782632566,-0.046035090759911634,-0.22952034626989581,0.03367300116026771,0.11148648648648649,0.6464646464646465,14.261666666666667,
573-F,3,95,90,0.5,1.3239,0.3610590191142423,0.11378889454129025,-0.05873623141958628,0.20118553309677875,0.3011111111111111,0.4444444444444444,7.876666666666667,
573-F,3,95,91,0.0,1.3531,0.27591842117314713,0.0307843958982593,-0.11466093192052673,0.021237068987493436,0.08153153153153153,0.7676767676767676,28.87333333333333,
573-F,3,95,91,0.25,1.3531,0.23887546630228323,-0.20053396372499716,-0.3996015783905442,0.037873254044731124,0.1381081081081081,0.6363636363636364,15.353333333333333,
573-F,3,95,91,0.5,1.3531,0.3376019736769715,0.021449565358703467,-0.1616557440632811,0.18250760754558448,0.27555555555555555,0.45454545454545453,8.806666666666667,
573-F,3,95,92,0.0,1.3845,0.3277617750652209,0.016810533263182492,-0.14784573727117611,0.02522846639994348,0.08828828828828827,0.7474747474747475,26.496666666666666,
573-F,3,95,92,0.25,1.3845,0.32060503567516124,-0.10416913433936083,-0.2921515677380466,0.04443357376294558,0.16306306306306306,0.6060606060606061,15.016666666666666,
573-F,3,95,92,0.5,1.3845,0.39973240480499517,0.17302906901790552,0.014334437429780134,0.20240123237341986,0.3011111111111111,0.42424242424242425,7.4766666666666675,
573-F,3,95,93,0.0,1.4198,0.45327309343817884,0.047153667264268555,-0.18018562659446014,0.03898049199407433,0.1358858858858859,0.7272727272727273,23.59,
573-F,3,95,93,0.25,1.4198,0.3987729710143858,-0.08083276795555852,-0.3121673370759712,0.05561667705131203,0.19135135135135137,0.5858585858585859,13.790000000000001,
573-F,3,95,93,0.5,1.4198,0.42399760332205116,0.1887399545895646,0.02246857513288325,0.29005932010634455,0.39111111111111113,0.35353535353535354,6.435,
573-F,3,95,94,0.0,1.4573,0.5560952739717924,0.04785122386013026,-0.16749185584712856,0.03898049199407433,0.1358858858858859,0.7272727272727273,20.768333333333334,
573-F,3,95,94,0.25,1.4573,0.5782883219626269,0.14694292835105674,-0.05552591470354207,0.06857277854731166,0.19135135135135137,0.5858585858585859,12.088333333333333,
573-F,3,95,94,0.5,1.4573,0.49742995525747963,0.3079471108408395,0.16300870227089403,0.18657705612903985,0.3366666666666666,0.42424242424242425,6.358333333333333,
573-F,3,95,95,0.0,1.5069,0.6012893725721569,0.14805618789239036,-0.08692437819461096,0.08204873454516025,0.13968253968253969,0.6767676767676768,17.66,
573-F,3,95,95,0.25,1.5069,0.5955443947128883,0.29351923045638517,0.11856502666766233,0.10156938301317714,0.21797297297297297,0.5151515151515151,9.02,
573-F,3,95,95,0.5,1.5069,0.4839670624897714,0.3441970111364698,0.2050578421500201,0.19143760906896462,0.33693693693693694,0.3939393939393939,5.515,
573-F,3,95,96,0.0,1.5524,0.5764860241272602,0.14509635884929745,0.0023745053872503696,0.1218085238039889,0.1733333333333333,0.6060606060606061,14.553333333333333,
573-F,3,95,96,0.25,1.5524,0.5509145998989028,0.22688498804800902,0.09790828655035722,0.13932708154180765,0.20734580734580735,0.5050505050505051,8.473333333333333,
573-F,3,95,96,0.5,1.5524,0.48087397840294155,0.29279630759861164,0.1791950353899634,0.2196900571275069,0.3147147147147147,0.3838383838383838,5.473333333333333,
573-F,3,95,97,0.0,1.6171,0.5206968767956578,0.21290402500994193,0.07543060671890345,0.20603994714887397,0.255,0.5151515151515151,11.01,
573-F,3,95,97,0.25,1.6171,0.48236093453672985,0.23386054695983743,0.10593498881032537,0.21020068683592943,0.255,0.45454545454545453,7.45,
573-F,3,95,97,0.5,1.6171,0.39844806164793345,0.24378270283497655,0.12254195900336318,0.28268221700555723,0.32999999999999996,0.3434343434343434,4.85,
